Date,SPY_Return,SPY_V,RollingVol21,RollingSkew21,Drawdown,VolOfVol,VIX,C_t,State,Regime,Prob_Recovery,Prob_StableBull,Prob_Correction,Prob_Panic,Prob_BullRecovery
04-01-2016,-0.014078276,0.625878053,0.011695039,0.098234439,-0.043851596,0.000980718,20.70000076,0.828264587,2,Correction,2.26E-172,0,1,1.43E-259,1.95E-165
05-01-2016,0.001690105,1.047069148,0.011344243,-0.024521869,-0.042234238,0.000861804,19.34000015,0.801966959,2,Correction,8.85E-12,9.73E-36,0.999999943,2.05E-13,5.70E-08
06-01-2016,-0.012694578,0.768872084,0.010647839,-0.000368271,-0.054315823,0.000814577,20.59000015,0.758903795,2,Correction,2.10E-14,5.81E-47,0.999999986,2.24E-18,1.38E-08
07-01-2016,-0.024283884,1.088436774,0.011668522,-0.11522035,-0.077004113,0.000799791,24.98999977,0.811197588,2,Correction,1.14E-13,3.26E-89,1,2.84E-16,1.53E-14
08-01-2016,-0.011037153,2.182558748,0.011772665,-0.072949622,-0.087135348,0.000783562,27.01000023,0.791319842,2,Correction,9.83E-12,3.51E-128,1,9.05E-15,6.00E-21
11-01-2016,0.000989353,2.367679573,0.011760997,-0.177366392,-0.086231756,0.000742819,24.29999924,0.772648261,2,Correction,1.29E-08,4.97E-150,0.999999987,9.24E-14,2.49E-22
12-01-2016,0.008035871,1.881902116,0.011946678,-0.201839957,-0.078859249,0.000692154,22.46999931,0.778540406,2,Correction,5.67E-07,3.10E-146,0.999999433,2.70E-12,1.47E-19
13-01-2016,-0.025256745,1.473056011,0.012405403,-0.293576076,-0.101832925,0.000731897,25.21999931,0.777104349,2,Correction,3.50E-06,4.99E-180,0.999996502,5.81E-11,1.06E-23
14-01-2016,0.016283294,2.31284556,0.012993867,-0.229045659,-0.087088085,0.000784926,23.95000076,0.820052189,2,Correction,1.10E-05,1.23E-195,0.999988988,8.84E-11,1.38E-26
15-01-2016,-0.021699748,1.853934279,0.013299333,-0.061394317,-0.106684654,0.000833992,27.02000046,0.849948301,2,Correction,7.65E-05,2.88E-200,0.999923533,5.99E-09,5.17E-27
19-01-2016,0.001329991,2.34087944,0.012682921,-0.071743216,-0.105495762,0.000789839,26.04999924,0.841082165,2,Correction,0.001540782,3.09E-241,0.998459207,1.13E-08,3.95E-31
20-01-2016,-0.012897583,1.945417392,0.012588957,-0.084384344,-0.116958624,0.000773303,27.59000015,0.824926786,2,Correction,0.026109078,1.14E-269,0.973890544,3.78E-07,2.88E-34
21-01-2016,0.005586434,2.128401491,0.012367124,-0.274000677,-0.112011767,0.000733041,26.69000053,0.801273556,2,Correction,0.297693816,1.04E-293,0.702305092,1.09E-06,5.56E-38
22-01-2016,0.020307589,1.684205371,0.013183864,-0.100947137,-0.093794519,0.00075023,22.34000015,0.831635954,0,Recovery,0.913137051,3.35E-263,0.086861151,1.80E-06,1.34E-35
25-01-2016,-0.015231855,1.316304824,0.013166656,0.088737932,-0.107493117,0.000761161,24.14999962,0.837814904,0,Recovery,0.980945286,2.51E-241,0.019054575,1.39E-07,1.52E-32
26-01-2016,0.013550659,1.393804956,0.013245559,0.096620876,-0.095316748,0.000787182,22.5,0.830493467,0,Recovery,0.998655923,7.24E-259,0.001344044,3.31E-08,3.46E-37
27-01-2016,-0.010942663,1.044902727,0.013324983,0.18891753,-0.105162424,0.000805554,23.11000061,0.790292546,0,Recovery,0.999942637,1.41E-253,5.74E-05,2.85E-09,5.74E-37
28-01-2016,0.005195581,0.94104664,0.013479169,0.118680261,-0.100501125,0.000821556,22.42000008,0.79707593,0,Recovery,0.999999645,4.27E-280,3.54E-07,1.46E-09,9.72E-43
29-01-2016,0.024084816,0.654571225,0.014486777,0.276925198,-0.078573864,0.000928668,20.20000076,0.812270279,0,Recovery,0.999999951,1.67E-237,2.43E-09,4.68E-08,1.71E-40
01-02-2016,-0.000361454,0.429838952,0.014471653,0.210870479,-0.078906857,0.001005758,19.97999954,0.809795187,0,Recovery,0.999999983,1.06E-182,8.58E-11,1.73E-08,1.21E-29
02-02-2016,-0.018186414,0.192767649,0.014777471,0.227970809,-0.095506833,0.001083167,21.97999954,0.809661399,0,Recovery,0.999999974,1.72E-222,1.44E-12,2.57E-08,2.48E-36
03-02-2016,0.005977266,1.123273627,0.014694932,0.064840201,-0.090084247,0.001136488,21.64999962,0.793669791,0,Recovery,0.999999994,1.33E-235,6.93E-14,5.87E-09,4.96E-34
04-02-2016,0.001566876,0.812571263,0.014693258,0.065995068,-0.088657405,0.001146336,21.84000015,0.809302525,0,Recovery,0.999999989,4.75E-224,2.83E-15,1.10E-08,9.00E-34
05-02-2016,-0.019234094,0.580208391,0.01498942,0.069781121,-0.106018754,0.001084825,23.37999916,0.814847075,0,Recovery,0.999999985,1.00E-266,5.14E-17,1.52E-08,7.23E-40
08-02-2016,-0.01355253,1.126899694,0.014386795,0.121104801,-0.118052731,0.001049785,26,0.775743077,0,Recovery,0.999999995,5e-324,2.71E-18,4.57E-09,7.97E-45
09-02-2016,5.41E-05,1.670916823,0.014247768,0.023235504,-0.118005038,0.000999509,26.54000092,0.786554995,0,Recovery,0.999999997,0,3.12E-19,3.12E-09,2.79E-47
10-02-2016,-0.000863319,1.280133867,0.014236416,0.042027522,-0.118766152,0.000929489,26.29000092,0.783877198,0,Recovery,0.999999997,0,6.45E-21,2.72E-09,7.94E-51
11-02-2016,-0.013093083,1.046081029,0.014258598,0.216729687,-0.130229014,0.0008576,28.13999939,0.772316136,0,Recovery,0.99999999,0,3.11E-22,9.90E-09,8.81E-58
12-02-2016,0.020407114,1.322117886,0.014133223,0.177916837,-0.112297152,0.000807244,25.39999962,0.753457828,0,Recovery,0.999999995,0,8.66E-25,4.81E-09,1.72E-59
16-02-2016,0.016737211,1.001272611,0.014160588,0.179353533,-0.097314448,0.000789252,24.11000061,0.752715599,0,Recovery,0.999999984,1.9438549581486e-310,1.65E-26,1.62E-08,9.32E-46
17-02-2016,0.016202913,0.717752626,0.013737458,0.0701363,-0.082569177,0.000779666,22.30999947,0.742435411,0,Recovery,0.999999971,8.81E-241,6.83E-27,2.87E-08,5.07E-36
18-02-2016,-0.004104502,0.465536429,0.013787337,0.124052633,-0.086327056,0.000731184,21.63999939,0.744583503,0,Recovery,0.999999993,4.87E-217,7.37E-27,7.18E-09,1.56E-31
19-02-2016,-0.000468305,0.441975547,0.013422425,0.055723174,-0.086754833,0.000675561,20.53000069,0.761496549,0,Recovery,0.999999997,2.76E-232,2.10E-27,3.35E-09,4.53E-34
22-02-2016,0.014375265,0.192357841,0.013687294,-0.001095684,-0.073531878,0.000573161,19.37999916,0.766929726,0,Recovery,0.999999974,1.84E-217,1.26E-27,2.56E-08,4.98E-35
23-02-2016,-0.012710006,-0.012536546,0.013374357,0.162528047,-0.085232777,0.000560514,20.97999954,0.747780375,0,Recovery,0.999999988,3.29E-205,3.58E-27,1.16E-08,5.59E-32
24-02-2016,0.004565309,0.225134809,0.01290331,0.04956918,-0.081047034,0.000583421,20.71999931,0.745005866,0,Recovery,0.999999994,4.66E-218,1.73E-27,5.94E-09,4.42E-34
25-02-2016,0.012038803,-0.004899841,0.012836113,0.053282612,-0.069917079,0.000616625,19.11000061,0.749530191,0,Recovery,0.999999984,9.39E-195,1.11E-27,1.58E-08,2.27E-32
26-02-2016,-0.002304547,-0.188561603,0.012558967,0.002612312,-0.072058031,0.000678381,19.80999947,0.794233955,0,Recovery,0.999999975,4.10E-171,5.09E-27,2.53E-08,1.69E-28
29-02-2016,-0.007872752,-0.249112418,0.012701613,0.130083556,-0.079334806,0.000725936,20.54999924,0.794168905,0,Recovery,0.999999983,5.91E-187,3.14E-27,1.68E-08,5.87E-32
01-03-2016,0.023235118,0.006847493,0.012625885,0.109283024,-0.057692586,0.000767081,17.70000076,0.793739665,0,Recovery,0.999999875,7.03E-171,2.57E-27,1.25E-07,8.46E-30
02-03-2016,0.004482293,-0.166257044,0.012642716,0.053840642,-0.053459408,0.00079534,17.09000015,0.793969359,0,Recovery,0.999999937,1.10E-120,2.72E-26,6.31E-08,8.27E-20
03-03-2016,0.003911799,-0.351954913,0.011833664,0.020784461,-0.04974948,0.000862699,16.70000076,0.756878806,0,Recovery,0.999999954,5.79E-98,8.20E-20,4.60E-08,1.55E-18
04-03-2016,0.003248214,-0.518742688,0.011806793,0.053300921,-0.046657845,0.000910779,16.86000061,0.785730325,0,Recovery,0.99999991,1.21E-87,1.54E-18,8.99E-08,4.87E-18
07-03-2016,0.000798407,-0.674463386,0.011810109,0.062700445,-0.045896386,0.000935299,17.35000038,0.782421955,0,Recovery,0.999999853,1.37E-82,4.92E-18,1.47E-07,1.32E-18
08-03-2016,-0.010978104,-0.808302275,0.011182224,0.242190675,-0.056313351,0.000968018,18.67000008,0.693091609,0,Recovery,0.999999959,1.11E-92,1.40E-18,4.09E-08,2.24E-20
09-03-2016,0.004927207,-0.221245333,0.010559251,0.213989821,-0.051652138,0.001079185,18.34000015,0.713328897,0,Recovery,0.999999972,4.36E-94,6.74E-20,2.82E-08,9.88E-18
10-03-2016,0.000802338,-0.396202172,0.010548452,0.205166987,-0.050890937,0.001160179,18.04999924,0.70544398,0,Recovery,0.999999973,1.41E-85,9.79E-18,2.74E-08,3.82E-17
11-03-2016,0.016008105,-0.538719758,0.01083863,0.043039433,-0.035575239,0.001186517,16.5,0.72360277,0,Recovery,0.999999723,6.79E-72,3.65E-17,2.77E-07,1.17E-16
14-03-2016,-0.001283291,-0.661749264,0.010177506,0.129032088,-0.036812083,0.001240872,16.92000008,0.734834012,0,Recovery,0.999999841,2.14E-51,1.20E-16,1.59E-07,2.06E-12
15-03-2016,-0.001630716,-0.735981215,0.009614665,0.257516487,-0.038381489,0.001322429,16.84000015,0.731505736,0,Recovery,0.999999887,5.53E-50,2.00E-12,1.13E-07,6.23E-14
16-03-2016,0.005770503,-0.776673074,0.00916463,0.329379044,-0.032816425,0.00140441,14.98999977,0.713546487,0,Recovery,0.999999951,1.11E-50,6.96E-14,4.87E-08,1.14E-14
17-03-2016,0.006323985,-0.895298937,0.008710774,0.384906421,-0.02668059,0.001515834,14.43999958,0.689058814,0,Recovery,0.999999945,5.85E-41,1.01E-14,5.53E-08,5.58E-13
18-03-2016,0.003922091,-0.997310791,0.008566839,0.294505242,-0.022855647,0.001591497,14.02000046,0.672528693,0,Recovery,0.99999993,1.45E-32,4.99E-13,7.01E-08,1.16E-11
21-03-2016,0.001417803,-1.096489088,0.00853631,0.268926081,-0.021469267,0.001652861,13.78999996,0.663194763,0,Recovery,0.99999992,2.86E-29,1.03E-11,8.05E-08,9.30E-12
22-03-2016,-0.000537778,-1.187022735,0.00818074,0.440309509,-0.021995358,0.001686721,14.17000008,0.65625375,0,Recovery,0.999999932,7.22E-29,6.98E-12,6.82E-08,7.62E-13
23-03-2016,-0.006621308,-1.19365866,0.007705942,0.723993878,-0.028449637,0.001741802,14.93999958,0.576459141,0,Recovery,0.999999991,2.00E-32,4.97E-13,8.67E-09,4.75E-13
24-03-2016,-0.000442971,-0.951411025,0.007728247,0.808068496,-0.028879911,0.001785717,14.73999977,0.574299716,0,Recovery,0.999999995,8.14E-35,1.60E-13,4.95E-09,2.01E-10
28-03-2016,0.000590851,-0.97862949,0.007429306,1.030432889,-0.028305954,0.001820273,15.23999977,0.575579193,0,Recovery,0.99999985,1.37E-30,8.48E-14,1.13E-08,1.39E-07
29-03-2016,0.009207628,-1.077713566,0.007513534,0.825330695,-0.01931764,0.00183106,13.81999969,0.60205469,0,Recovery,0.99993847,1.53E-24,2.62E-12,8.63E-07,6.07E-05
30-03-2016,0.004377897,-1.152386838,0.007122524,0.881623865,-0.015014902,0.001823316,13.56000042,0.585764943,0,Recovery,0.933196645,2.10E-15,1.55E-11,8.81E-06,0.066794545
31-03-2016,-0.002429915,-1.227311491,0.00554228,0.091815185,-0.017405427,0.001913504,13.94999981,0.393575964,4,Bull Recovery,0.023921366,1.64E-13,7.54E-11,2.03E-09,0.976078632
01-04-2016,0.00678873,-1.197895754,0.005616422,0.055532237,-0.010712164,0.001930746,13.10000038,0.402646624,4,Bull Recovery,0.001060795,1.53E-11,1.70E-09,2.62E-10,0.998939203
04-04-2016,-0.003242708,-1.263377095,0.005717329,0.192543073,-0.01391494,0.001952089,14.11999989,0.405151106,4,Bull Recovery,8.66E-06,3.39E-10,4.75E-10,2.27E-11,0.99999134
05-04-2016,-0.010038408,-1.23562458,0.00625464,0.114318502,-0.023764147,0.001894709,15.42000008,0.501734439,4,Bull Recovery,2.00E-06,1.59E-13,2.18E-07,5.55E-08,0.999997724
06-04-2016,0.010862218,-0.684378332,0.006603761,0.037633212,-0.013102258,0.00177703,14.09000015,0.510488199,4,Bull Recovery,1.72E-07,2.65E-12,1.52E-07,5.27E-09,0.999999671
07-04-2016,-0.012038237,-0.793676978,0.006708026,-0.0338978,-0.024911543,0.001673476,16.15999985,0.627913846,4,Bull Recovery,1.17E-08,1.61E-11,3.53E-06,2.82E-07,0.999996179
08-04-2016,0.002693233,-0.358433009,0.006669539,0.008200086,-0.022281863,0.001594074,15.35999966,0.655452478,4,Bull Recovery,2.30E-09,1.92E-13,2.70E-06,1.37E-07,0.99999716
11-04-2016,-0.002350291,-0.518733835,0.006720192,0.067464731,-0.024577087,0.001485848,16.26000023,0.670635467,4,Bull Recovery,7.29E-10,6.22E-13,2.28E-06,1.70E-07,0.999997545
12-04-2016,0.00926992,-0.584512601,0.006116696,-0.347882478,-0.015492955,0.001332085,14.85000038,0.662263236,4,Bull Recovery,6.83E-10,7.43E-09,1.42E-05,5.35E-07,0.999985256
13-04-2016,0.010050414,-0.70853659,0.006400316,-0.415487301,-0.005548362,0.001192772,13.84000015,0.682956584,4,Bull Recovery,6.48E-11,0.040140343,9.67E-05,3.04E-08,0.959762885
14-04-2016,4.81E-05,-0.818786162,0.006369389,-0.454580994,-0.005500497,0.001078231,13.72000027,0.7196053,1,Stable Bull,2.09E-12,0.819688766,1.78E-05,1.55E-09,0.180293465
15-04-2016,-0.001106398,-0.931842691,0.006320902,-0.324442992,-0.0066002,0.000981988,13.61999989,0.652301409,1,Stable Bull,4.79E-13,0.978101906,1.46E-06,5.58E-11,0.021896629
18-04-2016,0.007002089,-0.873056849,0.006349659,-0.323846757,0,0.000905866,13.35000038,0.550697682,1,Stable Bull,1.00E-14,0.99819649,7.86E-08,1.75E-13,0.001803432
19-04-2016,0.003149264,-0.966543298,0.006335963,-0.310441309,0,0.000823411,13.23999977,0.623332171,1,Stable Bull,2.63E-16,0.999903157,4.04E-08,4.21E-14,9.68E-05
20-04-2016,0.000952456,-1.061651523,0.00633623,-0.299658166,0,0.000719378,13.27999973,0.592571558,1,Stable Bull,1.25E-16,0.999982289,2.41E-08,9.58E-16,1.77E-05
21-04-2016,-0.005393057,-1.147356526,0.006491293,-0.222923947,-0.00537854,0.000628925,13.94999981,0.588061051,1,Stable Bull,1.59E-16,0.99998341,3.69E-08,2.79E-16,1.66E-05
22-04-2016,0,-0.909901475,0.006258426,-0.310877387,-0.00537854,0.000575726,13.22000027,0.427031243,1,Stable Bull,6.93E-17,0.999982072,1.60E-09,1.59E-19,1.79E-05
25-04-2016,-0.001724236,-0.99526891,0.006282782,-0.282160498,-0.007092025,0.000504119,14.07999992,0.423425271,1,Stable Bull,2.19E-17,0.999961251,2.02E-09,1.72E-18,3.87E-05
26-04-2016,0.00148492,-0.992120581,0.006280979,-0.303174336,-0.005616541,0.000450425,13.96000004,0.421963902,1,Stable Bull,5.89E-16,0.999700476,2.98E-09,5.96E-17,0.000299521
27-04-2016,0.002056148,-1.086597221,0.006019964,-0.285724952,-0.003569838,0.000374202,13.77000046,0.27812391,1,Stable Bull,4.59E-16,0.994205232,2.28E-10,6.52E-20,0.005794768
28-04-2016,-0.009117086,-1.170817115,0.006349476,-0.144724832,-0.012613091,0.000325114,15.22000027,0.312758425,1,Stable Bull,4.36E-16,0.721764452,6.46E-08,4.23E-17,0.278235483
29-04-2016,-0.005413526,-0.779109404,0.006446939,-0.102701162,-0.017943894,0.00028021,15.69999981,0.311701161,4,Bull Recovery,4.86E-14,0.003257633,7.68E-08,1.72E-16,0.99674229
02-05-2016,0.007916973,-0.579539846,0.006509104,-0.092807279,-0.010138124,0.000232291,14.68000031,0.308736703,4,Bull Recovery,8.92E-14,7.35E-05,6.37E-09,5.19E-16,0.99992645
03-05-2016,-0.008741317,-0.703212659,0.006761935,-0.076770896,-0.018753113,0.000197177,15.60000038,0.272852058,4,Bull Recovery,1.79E-15,2.93E-06,2.79E-09,3.17E-17,0.999997069
04-05-2016,-0.005593811,-0.436432915,0.006497078,-0.031258145,-0.024226699,0.000194778,16.04999924,0.256118532,4,Bull Recovery,4.52E-16,2.40E-10,1.49E-09,1.94E-18,0.999999998
05-05-2016,-0.000195006,-0.248374674,0.006019507,-0.055160992,-0.024416963,0.000208522,15.90999985,0.212556688,4,Bull Recovery,7.24E-17,4.34E-12,3.65E-10,1.71E-20,1
06-05-2016,0.003652506,-0.390576012,0.005440227,0.030451168,-0.020847125,0.000282894,14.72000027,0.192100435,4,Bull Recovery,2.60E-17,5.06E-11,6.80E-11,3.17E-21,1
09-05-2016,0.000825407,-0.538884528,0.005416273,0.077535575,-0.020038591,0.000335482,14.56999969,0.186496015,4,Bull Recovery,3.17E-18,2.53E-09,2.44E-11,1.77E-21,0.999999997
10-05-2016,0.012357579,-0.677253012,0.005975438,0.118882771,-0.007853507,0.000324994,13.63000011,0.248888978,4,Bull Recovery,3.58E-17,8.15E-06,6.40E-10,9.69E-18,0.999991845
11-05-2016,-0.009398664,-0.781637566,0.006075021,0.179512718,-0.017134675,0.000325892,14.68999958,0.19810352,4,Bull Recovery,3.87E-17,7.35E-05,7.04E-11,3.03E-20,0.999926547
12-05-2016,0.000290328,-0.445183382,0.00563591,0.199845414,-0.01684928,0.000348425,14.40999985,0.118636472,4,Bull Recovery,9.73E-20,3.05E-06,1.26E-12,7.70E-25,0.999996953
13-05-2016,-0.008752531,-0.557603943,0.005926057,0.242614682,-0.025416788,0.000350987,15.03999996,0.095087037,4,Bull Recovery,9.20E-22,1.74E-10,5.25E-13,1.02E-25,1
16-05-2016,0.009816957,-0.250037837,0.006356935,0.179750169,-0.015802231,0.00035181,14.68000031,0.216339927,4,Bull Recovery,7.96E-20,4.04E-09,3.03E-10,6.40E-20,0.999999996
17-05-2016,-0.009377357,-0.405351864,0.006429683,0.32810472,-0.024988267,0.000354173,15.56999969,0.238665837,4,Bull Recovery,8.97E-17,7.73E-09,8.43E-10,7.42E-19,0.999999991
18-05-2016,0.000292754,-0.093608961,0.006367209,0.389700722,-0.024702786,0.000354912,15.94999981,0.247932355,4,Bull Recovery,2.19E-16,5.57E-11,1.56E-09,5.75E-19,0.999999998
19-05-2016,-0.003470927,-0.282124596,0.006367493,0.487050637,-0.028082104,0.000355645,16.32999992,0.25359964,4,Bull Recovery,4.91E-16,4.24E-13,1.01E-09,1.23E-18,0.999999999
20-05-2016,0.006297645,-0.214615898,0.00650646,0.288449998,-0.021941996,0.00035631,15.19999981,0.282632799,4,Bull Recovery,1.92E-15,1.17E-12,3.91E-09,2.34E-17,0.999999996
23-05-2016,-0.001363528,-0.380888014,0.006504885,0.319216849,-0.023274697,0.000362787,15.81999969,0.427292504,4,Bull Recovery,1.35E-13,6.91E-10,1.51E-07,1.02E-12,0.999999848
24-05-2016,0.0128788,-0.389087585,0.007156319,0.303021904,-0.010614297,0.0004187,14.42000008,0.488778852,4,Bull Recovery,2.21E-12,0.000475295,3.16E-05,1.04E-11,0.999493098
25-05-2016,0.006760251,-0.524650626,0.007308264,0.221882979,-0.003903142,0.000479331,13.89999962,0.519374629,1,Stable Bull,1.49E-13,0.946326452,1.80E-06,3.31E-13,0.053671744
26-05-2016,0.000286558,-0.660993048,0.007294552,0.257635381,-0.003617661,0.000522323,13.43000031,0.578040461,1,Stable Bull,8.71E-15,0.99921301,9.56E-08,8.69E-14,0.000786894
27-05-2016,0.004290435,-0.789690248,0.007039167,0.129938765,0,0.000543556,13.11999989,0.496641402,1,Stable Bull,2.04E-16,0.999978849,4.12E-09,6.36E-17,2.11E-05
31-05-2016,-0.001904292,-0.903422619,0.006929164,0.093647615,-0.00190248,0.000556444,14.18999958,0.467337611,1,Stable Bull,3.01E-18,0.999988782,2.23E-09,4.73E-19,1.12E-05
01-06-2016,0.00204697,-0.985525128,0.006743766,0.169264733,0,0.000560965,14.19999981,0.473850303,1,Stable Bull,1.05E-18,0.999988589,1.19E-09,2.49E-19,1.14E-05
02-06-2016,0.003038673,-1.083352353,0.006416552,0.084367037,0,0.000555373,13.63000011,0.531916865,1,Stable Bull,1.23E-18,0.999990969,2.99E-09,2.94E-18,9.03E-06
03-06-2016,-0.002991318,-1.166728703,0.006305282,0.075525962,-0.002986848,0.000555279,13.47000027,0.525020185,1,Stable Bull,7.79E-18,0.99999375,2.85E-09,3.39E-18,6.25E-06
06-06-2016,0.005075626,-1.093539128,0.006351348,-0.035532231,0,0.000548858,13.64999962,0.528125987,1,Stable Bull,1.23E-17,0.999988228,4.64E-09,8.49E-18,1.18E-05
07-06-2016,0.001560194,-1.172339345,0.006331608,0.01038396,0,0.000502901,14.05000019,0.541405078,1,Stable Bull,3.79E-16,0.99997737,6.59E-09,5.84E-16,2.26E-05
08-06-2016,0.003254795,-1.243754326,0.006343535,-0.044346094,0,0.000445034,14.07999992,0.539063513,1,Stable Bull,3.37E-14,0.999566638,1.96E-08,5.72E-14,0.000433343
09-06-2016,-0.00136687,-1.309101894,0.005854499,-0.046628349,-0.001365936,0.000452789,14.64000034,0.524042061,1,Stable Bull,9.41E-13,0.975902869,3.35E-07,1.08E-12,0.024096795
10-06-2016,-0.009522786,-1.332618186,0.005865386,-0.053268573,-0.010830578,0.000464504,17.03000069,0.533555073,4,Bull Recovery,3.56E-12,0.305428871,1.61E-05,1.70E-10,0.694555048
13-06-2016,-0.007741715,-0.842965067,0.006156072,0.007565837,-0.01845888,0.000429948,20.96999931,0.658266002,4,Bull Recovery,5.87E-14,3.31E-09,4.74E-06,4.11E-08,0.999995217
14-06-2016,-0.001968696,-0.530736992,0.005818665,0.036112414,-0.020389335,0.000437717,20.5,0.672688665,4,Bull Recovery,9.60E-14,4.32E-13,6.23E-07,5.17E-08,0.999999325
15-06-2016,-0.001394993,-0.557125017,0.005448368,0.107481897,-0.021754932,0.000493633,20.13999939,0.631990471,4,Bull Recovery,4.48E-14,2.88E-13,4.55E-07,2.96E-08,0.999999515
16-06-2016,0.002979904,-0.597758299,0.00500929,0.144625643,-0.018835508,0.000585857,19.37000084,0.614170777,4,Bull Recovery,8.11E-14,1.48E-12,1.96E-07,2.67E-08,0.999999777
17-06-2016,-0.003731387,-0.725738791,0.005106152,0.215949852,-0.022489791,0.000649151,19.40999985,0.61252658,4,Bull Recovery,7.83E-14,5.18E-12,2.22E-07,2.57E-08,0.999999752
20-06-2016,0.00641945,-0.65514479,0.005165762,0.025425314,-0.016194528,0.000696593,18.37000084,0.586415601,4,Bull Recovery,2.61E-13,4.71E-11,2.18E-07,1.71E-08,0.999999764
21-06-2016,0.002834959,-0.772701403,0.0050451,0.073592521,-0.013401523,0.000743153,18.47999954,0.575963226,4,Bull Recovery,3.15E-14,2.26E-09,4.85E-08,3.76E-09,0.999999945
22-06-2016,-0.001632814,-0.883916343,0.005051548,0.079226048,-0.015011141,0.000780066,21.17000008,0.628726838,4,Bull Recovery,5.57E-18,1.12E-14,4.34E-08,4.08E-08,0.999999916
23-06-2016,0.012938588,-0.913340794,0.005058641,0.087378553,-0.002183972,0.000776437,17.25,0.558288536,4,Bull Recovery,1.67E-22,4.39E-07,0.000139686,8.51E-17,0.999859876
24-06-2016,-0.036569534,-0.995322176,0.009469385,-2.495981825,-0.038014493,0.001049464,25.76000023,0.714090259,2,Correction,7.30E-37,1.03E-26,0.999999993,4.68E-15,6.99E-09
27-06-2016,-0.018072275,1.437217174,0.010153141,-1.996991565,-0.055243606,0.001349958,23.85000038,0.752489612,2,Correction,6.46E-25,2.35E-41,1,2.23E-20,8.00E-15
28-06-2016,0.017875265,2.122800569,0.010974939,-1.467009817,-0.038203995,0.001692007,18.75,0.785661536,2,Correction,3.04E-21,4.38E-42,1,1.26E-21,4.71E-18
29-06-2016,0.016884081,1.698905289,0.011673228,-1.259192724,-0.021827087,0.00203926,16.63999939,0.816472381,2,Correction,1.92E-21,4.01E-21,1,1.57E-21,8.77E-16
30-06-2016,0.013553349,1.333513877,0.012061372,-1.201018442,-0.008479319,0.002353175,15.63000011,0.842872886,2,Correction,1.70E-22,7.75E-13,1,6.69E-22,2.00E-15
01-07-2016,0.002098599,1.004465987,0.012051534,-1.193065573,-0.00639633,0.002599359,14.77000046,0.849537983,2,Correction,2.13E-21,2.91E-13,1,2.71E-20,9.35E-16
05-07-2016,-0.007219306,0.703584075,0.012139405,-1.12645085,-0.013543628,0.002802294,15.57999992,0.854286452,2,Correction,8.37E-22,5.78E-16,1,5.08E-20,4.89E-14
06-07-2016,0.005979489,0.848053723,0.012160549,-1.128945302,-0.007627453,0.002966957,14.96000004,0.853958835,2,Correction,1.30E-21,2.07E-17,1,1.55E-19,4.49E-14
07-07-2016,-0.0006204,0.568150522,0.012154655,-1.104467812,-0.00824293,0.003096182,14.76000023,0.85274284,2,Correction,1.66E-20,7.37E-19,1,7.39E-18,2.64E-13
08-07-2016,0.014781018,0.365599775,0.012573354,-1.04580158,0,0.003221791,13.19999981,0.858943171,2,Correction,2.23E-21,4.10E-23,1,1.14E-17,8.67E-12
11-07-2016,0.003521026,0.155291429,0.012586001,-1.098536776,0,0.003296872,13.53999996,0.877342127,2,Correction,7.60E-21,1.69E-22,1,6.71E-17,6.88E-12
12-07-2016,0.00723653,-0.047796288,0.012446434,-1.298234287,0,0.003331203,13.55000019,0.881171193,2,Correction,1.06E-22,3.92E-23,1,1.71E-17,8.90E-11
13-07-2016,-0.000139433,-0.22545607,0.012278489,-1.422255233,-0.000139423,0.003340808,13.03999996,0.878181946,2,Correction,8.58E-23,6.86E-24,1,5.45E-17,2.27E-11
14-07-2016,0.005568083,-0.379235095,0.012275963,-1.510062765,0,0.003305363,12.81999969,0.85297105,2,Correction,3.21E-23,5.06E-24,1,1.36E-16,1.33E-10
15-07-2016,-0.00134299,-0.524703904,0.012275236,-1.510900326,-0.001342089,0.003214623,12.67000008,0.85190758,2,Correction,1.60E-22,2.64E-23,1,5.02E-16,1.16E-10
18-07-2016,0.002683931,-0.57322815,0.012274301,-1.507730286,0,0.00304969,12.43999958,0.848430599,2,Correction,4.72E-22,1.63E-21,0.999999999,7.88E-16,5.08E-10
19-07-2016,-0.001016992,-0.703785284,0.012224569,-1.554101912,-0.001016475,0.002839237,11.97000027,0.864698222,2,Correction,2.59E-21,3.68E-20,0.999999999,3.70E-15,5.69E-10
20-07-2016,0.004154364,-0.72564205,0.012195241,-1.540087349,0,0.002571237,11.77000046,0.775190115,2,Correction,4.07E-19,3.70E-18,0.999999997,5.09E-12,2.96E-09
21-07-2016,-0.00378455,-0.838041232,0.012259891,-1.442390868,-0.003777397,0.002204117,12.73999977,0.78046571,2,Correction,1.23E-15,1.35E-14,0.999999978,3.17E-09,1.87E-08
22-07-2016,0.004475379,-0.724135043,0.012247924,-1.517995389,0,0.001691321,12.02000046,0.757577878,2,Correction,1.53E-11,7.60E-12,0.999997152,1.17E-06,1.68E-06
25-07-2016,-0.002719716,-0.835737855,0.012026321,-1.453863623,-0.00271602,0.00078535,12.86999989,0.74281445,2,Correction,2.15E-07,4.81E-06,0.995310868,0.000166453,0.004517656
26-07-2016,0.000461513,-0.784571206,0.008348228,-0.22309047,-0.002255654,0.000975887,13.05000019,0.610065911,4,Bull Recovery,0.000157865,0.421255732,0.023438564,1.24E-06,0.555146604
27-07-2016,-0.001061725,-0.892974181,0.006893249,0.706878939,-0.003314422,0.001421195,12.82999992,0.229668586,4,Bull Recovery,4.79E-08,0.34635517,5.61E-10,1.27E-17,0.653644782
28-07-2016,0.001153705,-0.896903148,0.006117225,0.795234563,-0.002163878,0.001872279,12.72000027,0.181310116,4,Bull Recovery,8.59E-13,0.001720057,4.41E-13,4.18E-20,0.998279943
29-07-2016,0.001613597,-0.992799235,0.005238573,0.756941414,-0.000552472,0.002314814,11.86999989,0.154685656,4,Bull Recovery,5.30E-18,8.23E-11,1.48E-15,1.40E-20,1
01-08-2016,-0.000829511,-1.08074882,0.004602343,0.821555253,-0.001381181,0.002711467,12.43999958,0.126711614,4,Bull Recovery,5.53E-24,6.21E-17,1.48E-17,2.34E-21,1
02-08-2016,-0.006428086,-1.137985307,0.004926975,0.696346063,-0.007779801,0.002982754,13.36999989,0.163744409,4,Bull Recovery,3.23E-26,1.50E-20,6.71E-17,3.67E-19,1
03-08-2016,0.002918709,-0.860149779,0.004535716,0.901330146,-0.004879568,0.003224001,12.85999966,0.143739461,4,Bull Recovery,1.32E-25,2.11E-24,5.17E-18,1.09E-19,1
04-08-2016,0.001063311,-0.957259438,0.004431806,1.083831504,-0.003820883,0.003415554,12.42000008,0.149307247,4,Bull Recovery,1.78E-26,2.24E-27,1.20E-18,9.81E-19,1
05-08-2016,0.008145552,-1.047329997,0.00462963,0.82869801,0,0.003543839,11.39000034,0.16042024,4,Bull Recovery,8.94E-27,1.49E-30,2.67E-18,7.08E-18,1
08-08-2016,-0.000596001,-1.115940162,0.003595345,0.045163866,-0.000595824,0.003680698,11.5,0.160517463,4,Bull Recovery,3.99E-27,4.47E-35,3.22E-16,5.95E-17,1
09-08-2016,0.000596001,-1.166737585,0.003557147,0.152485777,0,0.003763817,11.65999985,0.165370357,4,Bull Recovery,1.49E-25,6.61E-37,5.51E-17,1.06E-16,1
10-08-2016,-0.002477991,-1.230694893,0.003337961,0.227270158,-0.002474923,0.003815834,12.05000019,0.19514127,4,Bull Recovery,7.45E-26,2.86E-38,5.35E-17,2.73E-15,1
11-08-2016,0.004629819,-1.155684759,0.003446181,0.08651858,0,0.003819949,11.68000031,0.180297089,4,Bull Recovery,6.33E-25,2.80E-38,6.62E-17,8.16E-16,1
12-08-2016,-0.000869294,-1.215920792,0.003285201,0.225885945,-0.000868916,0.003783643,11.55000019,0.176528157,4,Bull Recovery,3.16E-25,8.94E-38,2.97E-17,3.90E-16,1
15-08-2016,0.002879641,-1.213367965,0.003295146,0.06415319,0,0.003694842,11.81000042,0.172125333,4,Bull Recovery,6.65E-26,3.51E-36,4.38E-17,1.58E-16,1
16-08-2016,-0.005170831,-1.270430602,0.00349979,0.130693749,-0.005157485,0.003541563,12.64000034,0.184755587,4,Bull Recovery,5.88E-26,9.67E-33,1.23E-16,1.89E-16,1
17-08-2016,0.001879311,-1.051494758,0.003500715,0.016753697,-0.003286109,0.003331322,12.18999958,0.169644633,4,Bull Recovery,2.10E-25,7.69E-29,4.36E-16,1.03E-17,1
18-08-2016,0.002241141,-1.126132319,0.00342431,0.043291417,-0.001049828,0.003053846,11.43000031,0.178417446,4,Bull Recovery,1.95E-24,2.58E-24,1.05E-15,6.45E-18,1
19-08-2016,-0.001463043,-1.191360787,0.003318763,0.037970728,-0.002510267,0.00267602,11.34000015,0.158472459,4,Bull Recovery,6.01E-24,6.52E-19,1.16E-15,1.62E-19,1
22-08-2016,-4.57E-05,-1.207427466,0.003192016,0.150912514,-0.00255589,0.0021548,12.27000046,0.185140618,4,Bull Recovery,1.98E-23,2.64E-12,3.97E-15,2.09E-19,1
23-08-2016,0.002011777,-1.195361892,0.003136047,-0.008594634,-0.000547235,0.001383765,12.38000011,0.183201005,4,Bull Recovery,2.01E-22,0.000875928,8.84E-13,4.39E-20,0.999124072
24-08-2016,-0.005128114,-1.268525554,0.003368702,-0.003358437,-0.005659424,0.00103924,13.44999981,0.186878583,4,Bull Recovery,4.29E-21,0.153075337,9.56E-12,2.36E-20,0.846924663
25-08-2016,-0.000689059,-1.055182351,0.003362472,-0.017705815,-0.006344347,0.000821295,13.63000011,0.514910682,1,Stable Bull,6.52E-18,0.529981587,1.90E-07,8.49E-11,0.470018224
26-08-2016,-0.0018851,-1.085738297,0.00338733,0.100153624,-0.008215723,0.000650266,13.64999962,0.550735072,1,Stable Bull,2.79E-14,0.881821845,1.11E-07,3.27E-11,0.118178043
29-08-2016,0.004912117,-1.059063138,0.003533656,0.075822031,-0.003331978,0.000556856,12.93999958,0.546860494,1,Stable Bull,5.93E-15,0.990487329,1.74E-08,2.34E-12,0.009512654
30-08-2016,-0.001649949,-1.134433505,0.003550927,0.101957096,-0.004975074,0.000515936,13.11999989,0.642096575,1,Stable Bull,6.30E-16,0.999441757,4.41E-09,2.43E-12,0.000558239
31-08-2016,-0.002847912,-1.131498332,0.003291653,0.351064259,-0.007804786,0.000426741,13.42000008,0.618522702,1,Stable Bull,2.91E-16,0.99992816,1.34E-09,1.16E-13,7.18E-05
01-09-2016,4.61E-05,-1.046722888,0.003241164,0.473508081,-0.007758999,0.000367572,13.47999954,0.587770358,1,Stable Bull,9.17E-18,0.999952985,9.21E-10,6.63E-16,4.70E-05
02-09-2016,0.004497736,-1.100878827,0.003367599,0.373735488,-0.003286109,0.000298828,11.97999954,0.591382716,1,Stable Bull,6.01E-18,0.999994835,2.86E-10,2.34E-16,5.17E-06
06-09-2016,0.003017825,-1.177644028,0.002938731,-0.074009714,-0.000273658,0.000157962,12.02000046,0.430057415,1,Stable Bull,3.13E-18,0.99999091,4.36E-10,1.41E-19,9.09E-06
07-09-2016,-9.16E-05,-1.255459238,0.002934084,-0.098603613,-0.000365232,0.000174456,11.93999958,0.436557619,1,Stable Bull,1.94E-16,0.999983435,5.66E-10,1.55E-17,1.66E-05
08-09-2016,-0.002285676,-1.323652436,0.002982082,0.01752908,-0.002647464,0.000182286,12.51000023,0.463249698,1,Stable Bull,3.37E-20,0.999331395,4.55E-06,1.08E-18,0.000664054
09-09-2016,-0.024225614,-1.221597306,0.006079491,-2.735965292,-0.026518627,0.000632697,17.5,0.692268557,2,Correction,1.60E-23,4.01E-09,0.999999994,1.21E-11,2.35E-09
12-09-2016,0.014245242,0.57890591,0.006836757,-1.59403534,-0.012551906,0.000975453,15.15999985,0.773886945,2,Correction,2.66E-13,6.38E-09,0.999999836,3.95E-12,1.58E-07
13-09-2016,-0.014479516,0.349479183,0.007487115,-1.279965963,-0.026746662,0.001288979,17.85000038,0.604978556,2,Correction,2.49E-13,3.19E-10,0.999999918,4.94E-14,8.14E-08
14-09-2016,-0.000375256,0.792234308,0.007432934,-1.25217655,-0.027111812,0.001506412,18.13999939,0.524793441,2,Correction,7.47E-13,5.30E-14,0.999999975,4.64E-15,2.46E-08
15-09-2016,0.009943025,0.651251878,0.007764608,-1.222047871,-0.017390109,0.001710201,16.29999924,0.602110902,2,Correction,1.41E-12,3.97E-12,0.999999936,1.89E-13,6.43E-08
16-09-2016,-0.003873064,0.404572598,0.007774632,-1.114472497,-0.021188459,0.001870066,15.36999989,0.602663707,2,Correction,4.39E-11,9.87E-11,0.999999833,3.53E-12,1.66E-07
19-09-2016,0.000187429,0.248366063,0.007746497,-1.091017534,-0.021004985,0.00199121,15.52999973,0.601010376,2,Correction,3.96E-11,9.74E-13,0.999997118,8.43E-12,2.88E-06
20-09-2016,4.67E-05,0.227299048,0.007748609,-1.118521439,-0.02095928,0.002080653,15.92000008,0.600383518,2,Correction,1.33E-10,2.86E-13,0.99999723,6.77E-11,2.77E-06
21-09-2016,0.011183054,0.016091918,0.008184857,-0.985827374,-0.009949166,0.002169068,13.30000019,0.576906769,2,Correction,1.74E-10,2.79E-12,0.99998239,6.34E-11,1.76E-05
22-09-2016,0.006281797,-0.162994059,0.008298822,-0.996094974,-0.003710292,0.002232379,12.02000046,0.577258121,2,Correction,2.91E-11,6.91E-10,0.99998976,2.30E-11,1.02E-05
23-09-2016,-0.005494421,-0.322162873,0.008310184,-0.988175982,-0.009169317,0.002278518,12.28999996,0.595531384,2,Correction,2.17E-11,8.51E-11,0.999994369,4.16E-11,5.63E-06
26-09-2016,-0.008135291,-0.104472619,0.008490416,-0.84042985,-0.017197314,0.002308527,14.5,0.599221801,2,Correction,2.36E-11,7.82E-12,0.999994486,1.30E-11,5.51E-06
27-09-2016,0.006188756,0.194860845,0.008607644,-0.919468346,-0.011096128,0.002319029,13.10000038,0.57017007,2,Correction,3.01E-11,2.60E-12,0.99999863,5.24E-12,1.37E-06
28-09-2016,0.004951071,-0.002939662,0.008608791,-0.919522033,-0.006187854,0.002310445,12.39000034,0.576605204,2,Correction,3.90E-11,1.08E-10,0.999997296,1.60E-11,2.70E-06
29-09-2016,-0.009088064,-0.186168484,0.00882448,-0.783493939,-0.015178766,0.002286558,14.02000046,0.599035946,2,Correction,2.79E-10,2.95E-11,0.999994547,1.22E-10,5.45E-06
30-09-2016,0.007517669,0.087878503,0.008974667,-0.876731871,-0.007747307,0.002220533,13.28999996,0.601194701,2,Correction,9.42E-09,2.28E-10,0.999989218,2.92E-09,1.08E-05
03-10-2016,-0.00240677,-0.106609853,0.008990024,-0.833289923,-0.010132559,0.00211262,13.56999969,0.603504846,2,Correction,5.69E-07,5.19E-08,0.99931479,1.39E-07,0.00068445
04-10-2016,-0.0051109,-0.271867157,0.008988087,-0.692919677,-0.015178766,0.001972014,13.63000011,0.59886234,2,Correction,1.17E-05,1.70E-08,0.972636129,9.84E-07,0.02735115
05-10-2016,0.004415172,-0.034241896,0.0090211,-0.7025881,-0.010820998,0.001725531,12.98999977,0.597288534,2,Correction,6.21E-05,2.59E-06,0.883462708,1.68E-06,0.116470947
06-10-2016,0.000695728,-0.21820268,0.00902454,-0.714440459,-0.010132559,0.001374036,12.84000015,0.597916242,2,Correction,0.00012096,0.000419008,0.514531322,2.36E-06,0.484926352
07-10-2016,-0.003435498,-0.389842077,0.009039598,-0.693652438,-0.013527412,0.000805156,13.47999954,0.604858686,4,Bull Recovery,0.000102444,0.000383563,0.107675052,1.27E-06,0.891837672
10-10-2016,0.005194801,-0.287144034,0.007293521,-0.135403737,-0.00838955,0.000678843,13.38000011,0.503598595,4,Bull Recovery,2.38E-05,0.006685556,0.000747145,1.41E-09,0.992543499
11-10-2016,-0.012710003,-0.444244156,0.007194773,-0.260222138,-0.020913166,0.000644979,15.35999966,0.452608886,4,Bull Recovery,1.06E-06,8.14E-05,1.09E-05,4.90E-11,0.999906654
12-10-2016,0.001311313,0.208316112,0.006435344,-0.187597312,-0.019628434,0.000742763,15.90999985,0.557080458,4,Bull Recovery,2.11E-07,3.32E-06,5.76E-05,5.40E-09,0.999938855
13-10-2016,-0.003280717,-0.010414418,0.006482707,-0.126804817,-0.022839486,0.00081859,16.69000053,0.651593934,4,Bull Recovery,2.33E-08,4.21E-08,2.05E-05,4.16E-08,0.99997936
14-10-2016,0.000515964,-0.002418119,0.006089394,-0.135237341,-0.022335176,0.000934614,16.12000084,0.561895212,4,Bull Recovery,6.20E-09,3.99E-09,6.42E-06,2.57E-09,0.999993569
17-10-2016,-0.003478369,-0.198773373,0.00607822,-0.142298242,-0.025729947,0.001032458,16.20999908,0.56702089,4,Bull Recovery,1.76E-09,3.05E-11,3.17E-06,3.24E-09,0.999996828
18-10-2016,0.006243122,-0.116193971,0.006240082,-0.216723946,-0.019628434,0.001102415,15.27999973,0.55983526,4,Bull Recovery,9.91E-10,2.02E-10,3.71E-06,3.27E-09,0.999996282
19-10-2016,0.002663477,-0.290167699,0.006265733,-0.271570907,-0.017013757,0.001161776,14.40999985,0.551758155,4,Bull Recovery,6.17E-10,1.06E-07,1.70E-06,1.32E-09,0.999998193
20-10-2016,-0.00186833,-0.45635598,0.005746764,-0.379018529,-0.018848585,0.00124821,13.75,0.585702174,4,Bull Recovery,3.84E-10,2.70E-08,2.06E-06,8.12E-09,0.999997906
21-10-2016,0.000467306,-0.548905289,0.005543704,-0.359248634,-0.018389981,0.001331025,13.34000015,0.398155179,4,Bull Recovery,7.47E-11,5.65E-10,3.33E-08,9.51E-13,0.999999966
24-10-2016,0.004243397,-0.614075458,0.00553047,-0.55023776,-0.014215769,0.001396696,13.02000046,0.400105869,4,Bull Recovery,1.29E-12,7.05E-09,6.24E-08,2.66E-12,0.999999931
25-10-2016,-0.003355876,-0.740748684,0.005282222,-0.60365722,-0.017518394,0.001456941,13.46000004,0.388197647,4,Bull Recovery,8.91E-13,5.17E-09,4.28E-08,1.69E-12,0.999999952
26-10-2016,-0.002009705,-0.627412453,0.005100587,-0.529968876,-0.01949091,0.001505268,14.23999977,0.386600918,4,Bull Recovery,5.46E-13,1.44E-10,2.75E-08,1.27E-12,0.999999972
27-10-2016,-0.002670633,-0.634416925,0.004969831,-0.41701018,-0.022105996,0.001541439,15.35999966,0.404306577,4,Bull Recovery,3.32E-13,2.29E-12,2.32E-08,5.02E-12,0.999999977
28-10-2016,-0.002959844,-0.58733503,0.004624867,-0.418943791,-0.024996131,0.001565882,16.19000053,0.342196297,4,Bull Recovery,6.46E-14,5.32E-15,4.24E-09,1.18E-13,0.999999996
31-10-2016,4.70E-05,-0.538740838,0.004251405,-0.622083301,-0.024950262,0.001577907,17.05999947,0.334173344,4,Bull Recovery,4.83E-15,6.57E-17,1.03E-08,3.54E-13,0.99999999
01-11-2016,-0.007271571,-0.648332857,0.004468457,-0.527289425,-0.03201469,0.001540751,18.55999947,0.364295342,4,Bull Recovery,1.72E-14,1.57E-20,5.30E-08,1.13E-11,0.999999947
02-11-2016,-0.006036675,-0.352649779,0.004514701,-0.512786698,-0.0378405,0.0014675,19.31999969,0.37396521,4,Bull Recovery,7.38E-13,8.30E-27,6.81E-07,5.88E-11,0.999999319
03-11-2016,-0.004587673,-0.124656068,0.004389666,-0.384233814,-0.042244464,0.001358794,22.07999992,0.389577444,4,Bull Recovery,5.32E-13,1.81E-34,4.87E-06,1.13E-09,0.999995131
04-11-2016,-0.001102119,-0.02270334,0.004361379,-0.338233201,-0.043299443,0.001199824,22.51000023,0.387031145,4,Bull Recovery,7.68E-12,5.25E-38,1.54E-05,2.17E-09,0.999984562
07-11-2016,0.021817191,-0.138019704,0.006694093,1.548732008,-0.02219757,0.000959436,18.70999908,0.51459778,4,Bull Recovery,1.07E-08,1.59E-18,1.71E-05,2.86E-06,0.999980049
08-11-2016,0.004493745,-0.285679625,0.00666638,1.57342531,-0.017793688,0.000912641,18.73999977,0.513548905,4,Bull Recovery,8.29E-15,0.012135915,1.90E-06,1.36E-12,0.98786218
09-11-2016,0.01054609,-0.444480847,0.006456931,1.802596765,-0.007380439,0.000859545,14.38000011,0.507384103,1,Stable Bull,2.59E-19,0.999371097,4.29E-09,1.60E-16,0.000628899
10-11-2016,0.002492463,-0.582310134,0.006468081,1.767681708,-0.004903286,0.000861291,14.73999977,0.496691848,1,Stable Bull,5.10E-24,0.999999987,8.01E-13,7.58E-22,1.33E-08
11-11-2016,-0.002307641,-0.717352669,0.006441493,1.774461838,-0.007196965,0.000859066,14.17000008,0.483096608,1,Stable Bull,2.39E-27,0.999999996,4.11E-13,1.27E-26,3.79E-09
14-11-2016,0.000785358,-0.705723792,0.006441259,1.768535782,-0.006416952,0.000873775,14.47999954,0.478640498,1,Stable Bull,1.09E-26,0.999999994,2.74E-13,3.22E-26,6.39E-09
15-11-2016,0.007772244,-0.78264452,0.006537478,1.516112661,0,0.000893205,13.36999989,0.522959598,1,Stable Bull,3.86E-26,0.999999906,6.54E-12,3.45E-25,9.43E-08
16-11-2016,-0.001879709,-0.881374745,0.006470645,1.718687607,-0.001877944,0.000903199,13.72000027,0.470027569,1,Stable Bull,3.18E-25,0.999999991,6.88E-13,6.53E-25,9.31E-09
17-11-2016,0.005127251,-0.812059176,0.006525975,1.632838353,0,0.000914758,13.35000038,0.476594657,1,Stable Bull,4.03E-26,0.999999978,8.36E-13,5.49E-26,2.17E-08
18-11-2016,-0.00224004,-0.913960297,0.006534742,1.632644881,-0.002237533,0.000937198,12.85000038,0.474361679,1,Stable Bull,3.24E-24,0.999999982,1.71E-12,5.60E-24,1.84E-08
21-11-2016,0.007523232,-0.837580559,0.006684707,1.417814619,0,0.000964493,12.42000008,0.574667068,1,Stable Bull,4.65E-23,0.999999658,5.98E-11,4.12E-22,3.42E-07
22-11-2016,0.001951247,-0.933206005,0.006653805,1.483933248,0,0.000986314,12.40999985,0.574738784,1,Stable Bull,1.51E-21,0.999999863,3.23E-11,8.11E-21,1.37E-07
23-11-2016,0.000543972,-1.03109791,0.00657292,1.470019471,0,0.000996527,12.43000031,0.582033356,1,Stable Bull,2.12E-21,0.999999821,3.48E-11,9.28E-21,1.79E-07
25-11-2016,0.003708303,-1.120670148,0.006541656,1.372778675,0,0.000995472,12.34000015,0.580890795,1,Stable Bull,3.11E-21,0.999999692,3.14E-11,9.61E-21,3.08E-07
28-11-2016,-0.004705756,-1.197941152,0.006624234,1.335409652,-0.004694702,0.000986089,13.14999962,0.563744401,1,Stable Bull,2.81E-21,0.99999972,4.09E-11,1.17E-20,2.80E-07
29-11-2016,0.00194841,-1.054495003,0.006541165,1.294471251,-0.002753548,0.000945268,12.89999962,0.554894108,1,Stable Bull,8.15E-22,0.999999701,1.94E-11,1.49E-21,2.99E-07
30-11-2016,-0.002402017,-1.140954046,0.006596316,1.304036483,-0.005146077,0.000857874,13.32999992,0.563788436,1,Stable Bull,2.18E-22,0.999999828,2.48E-11,1.26E-21,1.72E-07
01-12-2016,-0.003682062,-1.118821289,0.006395033,1.460509963,-0.008802455,0.000767074,14.06999969,0.569871184,1,Stable Bull,6.63E-23,0.999999893,1.61E-11,4.11E-22,1.07E-07
02-12-2016,0.000500634,-0.936797969,0.006143878,1.600727529,-0.008306103,0.00065814,14.11999989,0.57542198,1,Stable Bull,4.62E-24,0.99999994,7.64E-12,7.11E-23,5.98E-08
05-12-2016,0.005990721,-1.009778633,0.005990865,1.555028972,-0.002347311,0.000495968,12.14000034,0.54133169,1,Stable Bull,6.22E-24,0.999999968,8.97E-12,1.39E-23,3.16E-08
06-12-2016,0.003162536,-1.083367822,0.005927172,1.513971081,0,0.000209646,11.78999996,0.520912696,1,Stable Bull,5.05E-21,0.999999978,2.75E-11,3.58E-21,2.21E-08
07-12-2016,0.012995876,-1.1562659,0.004707416,0.482074703,0,0.000433296,12.22000027,0.469978556,1,Stable Bull,2.85E-19,0.999986871,9.97E-10,1.95E-21,1.31E-05
08-12-2016,0.002445762,-1.200125183,0.004685026,0.549020578,0,0.000563382,12.64000034,0.455842419,1,Stable Bull,1.32E-19,0.999998382,1.48E-11,8.52E-21,1.62E-06
09-12-2016,0.006022426,-1.259868469,0.004385915,0.520317988,0,0.000696849,11.75,0.524260967,1,Stable Bull,3.39E-20,0.999997795,4.26E-11,1.84E-19,2.21E-06
12-12-2016,-0.001148616,-1.306071387,0.004444471,0.59849421,-0.001147957,0.00078941,12.64000034,0.540167289,1,Stable Bull,2.92E-19,0.999995492,5.52E-11,2.19E-18,4.51E-06
13-12-2016,0.006651884,-1.264696973,0.004439778,0.409733553,0,0.000862087,12.72000027,0.579647393,1,Stable Bull,2.73E-18,0.999980311,3.95E-10,2.08E-16,1.97E-05
14-12-2016,-0.00828871,-1.308064593,0.005012651,0.050970392,-0.008254453,0.00088107,13.18999958,0.564869233,1,Stable Bull,5.85E-17,0.999964742,7.05E-09,1.62E-15,3.53E-05
15-12-2016,0.004108938,-0.817692421,0.004863242,0.084635402,-0.004171049,0.000898414,12.78999996,0.528104826,1,Stable Bull,1.51E-16,0.999939544,2.02E-09,7.81E-17,6.05E-05
16-12-2016,-0.001957831,-0.907335241,0.004866247,0.085367878,-0.006118807,0.000910669,12.19999981,0.609955405,1,Stable Bull,4.55E-17,0.999966201,3.55E-09,1.53E-15,3.38E-05
19-12-2016,0.00217493,-0.854243502,0.004808276,0.161775398,-0.003954832,0.00091635,11.71000004,0.614751951,1,Stable Bull,6.46E-17,0.999972007,2.27E-09,7.56E-16,2.80E-05
20-12-2016,0.003850058,-0.943257205,0.004743168,0.014175033,-0.000112608,0.000916841,11.44999981,0.606957253,1,Stable Bull,2.86E-17,0.999975095,3.44E-09,5.18E-16,2.49E-05
21-12-2016,-0.002786221,-1.023141708,0.004672785,0.199028897,-0.002894638,0.000902987,11.27000046,0.587671599,1,Stable Bull,5.25E-17,0.999982543,1.72E-09,2.06E-16,1.75E-05
22-12-2016,-0.001728957,-1.015178342,0.004722977,0.290746916,-0.004617101,0.00087818,11.43000031,0.589796118,1,Stable Bull,1.74E-17,0.999985858,8.35E-10,7.93E-17,1.41E-05
23-12-2016,0.00146326,-0.870373086,0.004719831,0.263033037,-0.00315953,0.000848461,11.43999958,0.583488503,1,Stable Bull,4.76E-18,0.99998823,8.10E-10,3.26E-17,1.18E-05
27-12-2016,0.002477534,-0.954912852,0.00469665,0.299524065,-0.000686763,0.000810908,11.98999977,0.581119988,1,Stable Bull,1.16E-17,0.999988732,6.16E-10,7.46E-17,1.13E-05
28-12-2016,-0.008298536,-1.032748989,0.004982709,0.080584702,-0.008945285,0.000747159,12.94999981,0.592439947,1,Stable Bull,8.15E-17,0.999967152,9.15E-09,1.05E-15,3.28E-05
29-12-2016,-0.000223011,-0.629716913,0.004987166,0.14288065,-0.009166276,0.000677128,13.36999989,0.603117456,1,Stable Bull,2.11E-15,0.999924274,9.42E-09,5.79E-15,7.57E-05
30-12-2016,-0.003661586,-0.653357979,0.005037643,0.150223171,-0.012787665,0.000581958,14.03999996,0.607924347,1,Stable Bull,2.63E-15,0.999724538,5.45E-08,1.55E-14,0.000275408
03-01-2017,0.007620909,-0.547419724,0.005120499,-0.030265367,-0.005235469,0.000489532,12.85000038,0.558811124,1,Stable Bull,6.55E-16,0.99989957,3.08E-08,7.16E-16,0.000100399
04-01-2017,0.005931682,-0.650170333,0.005204291,-0.149598912,0,0.000411756,11.85000038,0.534838576,1,Stable Bull,5.87E-17,0.999992277,7.28E-09,2.36E-17,7.72E-06
05-01-2017,-0.000795075,-0.746510538,0.00513823,0.003150557,-0.000794759,0.000334115,11.67000008,0.614143717,1,Stable Bull,3.77E-17,0.999993619,1.62E-08,4.83E-17,6.36E-06
06-01-2017,0.003571661,-0.841688779,0.0051459,-0.006762738,0,0.000240246,11.31999969,0.638299647,1,Stable Bull,6.41E-17,0.999992681,1.20E-08,6.09E-17,7.31E-06
09-01-2017,-0.003306462,-0.932608152,0.004506829,-0.396948128,-0.003301002,0.000249098,11.56000042,0.556942166,1,Stable Bull,3.49E-17,0.999993367,1.46E-08,9.57E-18,6.62E-06
10-01-2017,0,-0.911271265,0.004490287,-0.324927147,-0.003301002,0.000257781,11.48999977,0.590368315,1,Stable Bull,2.69E-17,0.999994088,8.23E-09,1.28E-17,5.90E-06
11-01-2017,0.002821983,-0.881227267,0.004347524,-0.344778894,-0.000484361,0.000261048,11.26000023,0.536244914,1,Stable Bull,1.44E-17,0.999994955,5.64E-09,2.15E-18,5.04E-06
12-01-2017,-0.002512894,-0.965460652,0.004381938,-0.303970041,-0.002992885,0.000265707,11.53999996,0.57778646,1,Stable Bull,1.25E-17,0.999994315,8.65E-09,8.03E-18,5.68E-06
13-01-2017,0.00229277,-0.873748149,0.004165844,-0.37348934,-0.000704355,0.000290098,11.22999954,0.48827072,1,Stable Bull,1.38E-17,0.999995226,2.93E-09,3.26E-19,4.77E-06
17-01-2017,-0.003529621,-0.968511986,0.003798116,-0.16415692,-0.004225273,0.000357072,11.86999989,0.444365456,1,Stable Bull,1.05E-17,0.999992537,7.27E-10,6.23E-20,7.46E-06
18-01-2017,0.002207619,-0.870731515,0.003726207,-0.145138239,-0.002024553,0.000417486,12.47999954,0.443346179,1,Stable Bull,2.62E-18,0.999984906,8.15E-10,1.27E-19,1.51E-05
19-01-2017,-0.003711777,-0.973396595,0.003797549,-0.118120425,-0.005721949,0.000456827,12.77999973,0.453896116,1,Stable Bull,1.75E-18,0.999983187,8.66E-10,2.27E-19,1.68E-05
20-01-2017,0.003667704,-0.866684031,0.003850289,-0.139221336,-0.002068536,0.000484925,11.53999996,0.48429154,1,Stable Bull,1.49E-18,0.999992178,7.02E-10,5.55E-19,7.82E-06
23-01-2017,-0.002605733,-0.969263662,0.003806356,0.039825794,-0.004665495,0.000511771,11.77000046,0.472437481,1,Stable Bull,1.36E-18,0.999993167,2.82E-10,1.29E-19,6.83E-06
24-01-2017,0.006391377,-0.903235043,0.003998802,-0.072248315,0,0.00052389,11.06999969,0.452848204,1,Stable Bull,8.57E-19,0.999992211,3.88E-10,9.77E-20,7.79E-06
25-01-2017,0.008618128,-0.995536033,0.00434763,-0.052273093,0,0.000522518,10.81000042,0.496683506,1,Stable Bull,2.03E-18,0.999988537,1.52E-09,1.13E-18,1.15E-05
26-01-2017,-0.00104591,-1.072500499,0.00436516,0.028016237,-0.001045363,0.000520381,10.63000011,0.468556523,1,Stable Bull,3.12E-18,0.999995312,3.95E-10,1.73E-19,4.69E-06
27-01-2017,-0.001570764,-1.15104475,0.004374789,0.1525463,-0.002613253,0.000518145,10.57999992,0.355802584,1,Stable Bull,4.50E-19,0.99999341,2.45E-11,1.72E-22,6.59E-06
30-01-2017,-0.00622094,-0.985724507,0.004183642,0.370283895,-0.008798676,0.000506738,11.88000011,0.361726379,1,Stable Bull,6.71E-20,0.999988435,2.64E-11,5.69E-22,1.16E-05
31-01-2017,-8.82E-05,-0.695416005,0.004182316,0.366106643,-0.008886047,0.00049174,11.98999977,0.367436071,1,Stable Bull,2.15E-19,0.999975477,5.80E-11,3.12E-21,2.45E-05
01-02-2017,0.000395292,-0.675166788,0.00406425,0.314732402,-0.00849419,0.000472086,11.81000042,0.017049166,1,Stable Bull,2.67E-24,0.999919516,1.93E-16,3.70E-36,8.05E-05
02-02-2017,0.000658965,-0.797937489,0.003757876,0.372169419,-0.007840607,0.000451661,11.93000031,0.020348568,1,Stable Bull,1.45E-30,0.99994808,6.24E-17,2.48E-36,5.19E-05
03-02-2017,0.00686925,-0.898582031,0.003830112,0.404191591,-0.001001755,0.000406564,10.97000027,0.058282202,1,Stable Bull,7.35E-31,0.999989805,1.65E-16,6.91E-35,1.02E-05
06-02-2017,-0.001789244,-0.987213485,0.003853983,0.424949179,-0.002787608,0.000351717,11.36999989,0.054431047,1,Stable Bull,3.57E-31,0.999996801,8.60E-17,3.05E-36,3.20E-06
07-02-2017,4.37E-05,-1.003500731,0.003791109,0.556175156,-0.002744077,0.000273967,11.28999996,0.030057353,1,Stable Bull,3.87E-32,0.999997851,1.14E-17,2.52E-38,2.15E-06
08-02-2017,0.001309519,-1.004342484,0.003700562,0.465929351,-0.001437297,0.000267154,11.44999981,0.032920921,1,Stable Bull,1.74E-32,0.999997832,1.66E-17,7.64E-38,2.17E-06
09-02-2017,0.005915235,-1.107924837,0.003875134,0.315697001,0,0.000248226,10.88000011,0.056886564,1,Stable Bull,3.67E-31,0.999993492,1.76E-16,7.19E-36,6.51E-06
10-02-2017,0.003938248,-1.193349399,0.003910845,0.283818732,0,0.000236506,10.85000038,0.040007505,1,Stable Bull,2.37E-30,0.99999463,6.33E-17,4.58E-36,5.37E-06
13-02-2017,0.005427714,-1.281735419,0.003946469,0.090878654,0,0.000218725,11.06999969,0.026377587,1,Stable Bull,8.89E-31,0.999991686,7.53E-17,2.26E-36,8.31E-06
14-02-2017,0.003987361,-1.357089257,0.00398505,0.041019089,0,0.000214055,10.73999977,0.03753262,1,Stable Bull,1.34E-30,0.99999145,2.03E-16,1.27E-35,8.55E-06
15-02-2017,0.00520707,-1.42692387,0.003902646,-0.135143956,0,0.000211316,11.97000027,0.028139713,1,Stable Bull,4.09E-31,0.99999619,8.58E-17,2.49E-36,3.81E-06
16-02-2017,-0.000851986,-1.482755194,0.003943204,-0.032862483,-0.000851623,0.000204279,11.76000023,0.036466973,1,Stable Bull,2.43E-31,0.999997464,7.56E-17,2.30E-36,2.54E-06
17-02-2017,0.001575502,-1.426608821,0.003748038,-0.095520234,0,0.000206696,11.48999977,0.010223493,1,Stable Bull,1.04E-31,0.999996199,2.72E-17,7.94E-38,3.80E-06
21-02-2017,0.005937206,-1.489726208,0.003833402,-0.121028227,0,0.000207227,11.56999969,0.001050615,1,Stable Bull,4.83E-32,0.999995475,2.94E-17,9.26E-38,4.52E-06
22-02-2017,-0.000888397,-1.534789142,0.003747481,-0.124802837,-0.000888002,0.000209953,11.73999977,0.011810856,1,Stable Bull,1.28E-32,0.999997395,2.68E-17,8.19E-38,2.60E-06
23-02-2017,0.000677013,-1.563815861,0.003624731,0.004481986,-0.000211361,0.000222749,11.71000004,0.016687673,1,Stable Bull,2.33E-32,0.999998514,1.23E-17,8.62E-38,1.49E-06
24-02-2017,0.001268081,-1.560817319,0.003272693,-0.124399866,0,0.000248982,11.47000027,-0.001755927,1,Stable Bull,6.74E-33,0.999997622,8.86E-18,7.16E-39,2.38E-06
27-02-2017,0.001561696,-1.606104039,0.003221753,-0.224695261,0,0.000266507,12.09000015,0.018318389,1,Stable Bull,7.91E-33,0.999998201,3.03E-17,2.34E-37,1.80E-06
28-02-2017,-0.002702837,-1.647080885,0.00328609,-0.229902013,-0.002699187,0.000264227,12.92000008,0.112278872,1,Stable Bull,1.04E-31,0.999998189,5.08E-15,1.30E-33,1.81E-06
01-03-2017,0.013900496,-1.432844577,0.003804262,1.254099589,0,0.000248726,12.53999996,0.194390786,1,Stable Bull,4.34E-27,0.999999863,1.63E-15,1.16E-29,1.37E-07
02-03-2017,-0.006317497,-1.452969072,0.004234159,0.675332217,-0.006297583,0.000253184,11.81000042,0.257384506,1,Stable Bull,2.46E-26,0.999999292,1.46E-13,2.41E-28,7.08E-07
03-03-2017,0.000629446,-1.011038894,0.004229485,0.670820518,-0.005671904,0.000264831,10.96000004,0.700376878,1,Stable Bull,2.02E-22,0.99999776,3.05E-10,1.04E-17,2.24E-06
06-03-2017,-0.002982578,-1.063625773,0.004368512,0.647248972,-0.008633147,0.000293589,11.23999977,0.691574233,1,Stable Bull,8.27E-18,0.999994391,1.01E-09,3.73E-16,5.61E-06
07-03-2017,-0.002991276,-0.855022802,0.004352715,0.838212749,-0.011594168,0.000316232,11.44999981,0.685387925,1,Stable Bull,2.52E-16,0.999973088,2.47E-09,1.41E-14,2.69E-05
08-03-2017,-0.001858091,-0.75386892,0.004355393,0.837511425,-0.013429011,0.000335699,11.85999966,0.650214816,1,Stable Bull,1.78E-15,0.999845498,1.27E-08,6.49E-14,0.000154489
09-03-2017,0.001267214,-0.556833447,0.004342241,0.806064731,-0.012178022,0.000350953,12.30000019,0.681456541,1,Stable Bull,6.03E-16,0.999895352,9.16E-09,9.91E-14,0.000104639
10-03-2017,0.003498144,-0.682504992,0.004360655,0.726525621,-0.008716428,0.00036253,11.65999985,0.684764384,1,Stable Bull,2.12E-17,0.999972585,2.22E-09,2.74E-15,2.74E-05
13-03-2017,0.000504996,-0.798911436,0.004259277,0.91579919,-0.008215707,0.000369711,11.35000038,0.671286538,1,Stable Bull,2.41E-18,0.999997013,2.17E-10,3.05E-16,2.99E-06
14-03-2017,-0.003834239,-0.904023238,0.004369975,1.0082728,-0.012011165,0.000381326,12.30000019,0.699734539,1,Stable Bull,2.66E-19,0.999993451,5.44E-10,6.67E-17,6.55E-06
15-03-2017,0.008616134,-0.56002786,0.004578419,0.958400599,-0.003461742,0.000404335,11.63000011,0.694801723,1,Stable Bull,1.21E-20,0.999997462,5.14E-10,5.45E-18,2.54E-06
16-03-2017,-0.001968694,-0.668108628,0.004584701,1.116268938,-0.005421691,0.000424531,11.21000004,0.697739246,1,Stable Bull,1.47E-21,0.999999796,7.97E-11,3.57E-19,2.04E-07
17-03-2017,-0.001757676,-0.651975062,0.00451379,1.342220339,-0.007168302,0.000436853,11.27999973,0.679722953,1,Stable Bull,2.63E-19,0.999999879,2.76E-11,2.91E-17,1.21E-07
20-03-2017,-0.001097697,-0.557538022,0.004518146,1.345242109,-0.008257532,0.000447765,11.34000015,0.648051454,1,Stable Bull,1.03E-15,0.999801899,2.51E-09,4.19E-14,0.000198099
21-03-2017,-0.012922586,-0.579713873,0.005388765,0.375353684,-0.020990959,0.00052421,12.47000027,0.710408861,4,Bull Recovery,2.17E-11,0.016699451,0.000343375,2.51E-10,0.982957173
22-03-2017,0.002350269,0.505008526,0.005243745,0.435557186,-0.018687318,0.000569397,12.81000042,0.734319585,4,Bull Recovery,1.30E-06,0.01051524,0.001704971,5.94E-05,0.987719073
23-03-2017,-0.001067619,0.270150779,0.005244998,0.440142703,-0.019734427,0.000599981,13.11999989,0.736682435,4,Bull Recovery,4.02E-06,0.00212479,0.00040253,1.09E-05,0.99745774
24-03-2017,-0.000726663,0.101174793,0.005241551,0.479894205,-0.020446491,0.000613514,12.96000004,0.751396416,4,Bull Recovery,6.22E-07,1.79E-05,1.76E-05,1.37E-06,0.999962434
27-03-2017,-0.001026644,0.033937137,0.00523079,0.545539556,-0.021451628,0.000586602,12.5,0.752087308,4,Bull Recovery,4.79E-08,2.65E-07,4.24E-06,8.71E-07,0.999994578
28-03-2017,0.007250464,-0.032558202,0.005480184,0.460636315,-0.014330914,0.000553704,11.52999973,0.746115131,4,Bull Recovery,3.34E-09,2.60E-05,3.86E-06,4.97E-07,0.999969682
29-03-2017,0.000934447,-0.19666842,0.005453015,0.375518151,-0.013409429,0.000501785,11.42000008,0.744713635,4,Bull Recovery,8.11E-10,0.004733457,2.77E-06,2.91E-07,0.995263482
30-03-2017,0.003179115,-0.364224886,0.004508468,-0.463725815,-0.010267953,0.000462766,11.53999996,0.64674894,4,Bull Recovery,7.33E-10,0.01128121,4.76E-06,6.26E-08,0.988713969
31-03-2017,-0.002330253,-0.507896936,0.004331323,-0.537062292,-0.012571593,0.00045826,12.36999989,0.612560847,4,Bull Recovery,1.60E-09,0.011353771,3.87E-06,2.68E-08,0.988642327
03-04-2017,-0.001740877,-0.384340465,0.004336728,-0.457407877,-0.014289089,0.000453181,12.38000011,0.606677133,4,Bull Recovery,1.70E-09,0.00474752,4.12E-06,2.03E-08,0.995248341
04-04-2017,0.00063717,-0.417105804,0.004301344,-0.580394552,-0.013660824,0.000455994,11.78999996,0.606156867,4,Bull Recovery,1.56E-09,0.000888641,4.23E-06,2.50E-08,0.999107098
05-04-2017,-0.002976865,-0.495891318,0.004300884,-0.580861741,-0.016592656,0.000458183,12.89000034,0.62300634,4,Bull Recovery,1.70E-09,6.33E-05,3.94E-06,4.09E-08,0.999932727
06-04-2017,0.002807082,-0.448746715,0.004333564,-0.705055351,-0.013828272,0.000459056,12.39000034,0.669873488,4,Bull Recovery,1.17E-09,3.75E-05,6.49E-06,1.97E-07,0.999955795
07-04-2017,-0.0010199,-0.585062007,0.004328352,-0.632216212,-0.014833557,0.000459623,12.86999989,0.6843283,4,Bull Recovery,1.52E-09,6.66E-05,3.93E-06,1.90E-07,0.999929284
10-04-2017,0.000595093,-0.671226519,0.004252436,-0.598233634,-0.014247116,0.000464317,14.05000019,0.678353812,4,Bull Recovery,7.02E-10,2.31E-05,3.20E-06,2.31E-07,0.999973446
11-04-2017,-0.001190541,-0.754565516,0.004253153,-0.540397966,-0.015419997,0.000464613,15.06999969,0.671948989,4,Bull Recovery,3.34E-10,4.27E-06,2.70E-06,2.39E-07,0.999992786
12-04-2017,-0.00439163,-0.746186689,0.004277671,-0.527634126,-0.019734427,0.000468357,15.77000046,0.662415424,4,Bull Recovery,4.10E-10,7.80E-08,4.65E-06,3.17E-07,0.999994956
13-04-2017,-0.006516032,-0.490332299,0.003949534,-0.899906584,-0.026101103,0.000495827,15.96000004,0.654440973,4,Bull Recovery,2.81E-09,2.90E-11,5.03E-05,2.17E-06,0.999947547
17-04-2017,0.008820874,0.025066746,0.004494322,-0.41324089,-0.017472464,0.000496996,14.65999985,0.669509152,4,Bull Recovery,3.58E-08,3.80E-09,2.54E-05,5.10E-07,0.999974051
18-04-2017,-0.002988581,-0.136449556,0.004518405,-0.373637629,-0.020404444,0.000496927,14.42000008,0.691012324,4,Bull Recovery,1.25E-08,7.38E-07,9.50E-06,2.16E-07,0.999989531
19-04-2017,-0.001840356,-0.061735652,0.004525075,-0.348867606,-0.022205591,0.000496826,14.93000031,0.710880354,4,Bull Recovery,3.76E-09,3.79E-07,1.31E-05,3.57E-07,0.999986158
20-04-2017,0.008106266,-0.065486337,0.003972113,0.747588872,-0.014247116,0.000489967,14.14999962,0.686263129,4,Bull Recovery,7.74E-10,0.00945333,1.59E-05,2.53E-07,0.990530486
21-04-2017,-0.003192044,-0.225038353,0.004014846,0.885297778,-0.017388666,0.000482433,14.63000011,0.546579213,1,Stable Bull,1.42E-11,0.586706279,6.14E-06,2.47E-10,0.413287578
24-04-2017,0.010937858,-0.233066655,0.004650275,0.845780542,-0.00658201,0.00045572,10.84000015,0.621837642,1,Stable Bull,1.83E-14,0.965840497,1.72E-06,7.84E-12,0.034157778
25-04-2017,0.005801893,-0.370275812,0.004771365,0.648678027,-0.000801552,0.000428848,10.76000023,0.631594099,1,Stable Bull,1.85E-16,0.999962044,7.77E-09,1.83E-14,3.79E-05
26-04-2017,-0.000629263,-0.498563031,0.004763935,0.641291694,-0.001430113,0.000399614,10.85000038,0.63771213,1,Stable Bull,1.34E-18,0.999999288,3.18E-09,3.17E-17,7.09E-07
27-04-2017,0.000838683,-0.521736657,0.004541178,0.811489737,-0.000592278,0.000326473,10.35999966,0.676993372,1,Stable Bull,2.43E-19,0.999999522,1.50E-09,1.87E-18,4.76E-07
28-04-2017,-0.002181612,-0.655244896,0.004582454,0.877119224,-0.002770221,0.000230183,10.81999969,0.673112438,1,Stable Bull,1.20E-19,0.999999413,1.07E-09,8.89E-19,5.86E-07
01-05-2017,0.002517169,-0.636978202,0.004565427,0.902314272,-0.000256863,0.000232084,10.10999966,0.664543131,1,Stable Bull,8.19E-20,0.999999451,8.02E-10,1.12E-18,5.48E-07
02-05-2017,0.000376601,-0.754861346,0.004520126,0.854331288,0,0.000233593,10.59000015,0.647755727,1,Stable Bull,1.32E-19,0.999999267,8.43E-10,7.56E-19,7.32E-07
03-05-2017,-0.001215077,-0.860578284,0.004507903,0.848084633,-0.001214339,0.000234515,10.68000031,0.655838984,1,Stable Bull,1.31E-19,0.999999244,5.30E-10,8.84E-19,7.56E-07
04-05-2017,0.001173256,-0.748815803,0.004509445,0.829900762,-4.18E-05,0.000234483,10.46000004,0.656370947,1,Stable Bull,1.18E-19,0.999999233,7.36E-10,1.78E-18,7.66E-07
05-05-2017,0.003929522,-0.852796791,0.004482808,0.666062308,0,0.000233568,10.56999969,0.621517838,1,Stable Bull,2.36E-19,0.999998715,5.08E-10,4.86E-19,1.28E-06
08-05-2017,-0.000167014,-0.941563978,0.004469411,0.765173566,-0.000167,0.000232942,9.770000458,0.521963792,1,Stable Bull,3.03E-19,0.999998618,4.35E-10,7.37E-20,1.38E-06
09-05-2017,-0.000918523,-1.003187637,0.004467349,0.76348761,-0.001084948,0.000231996,9.960000038,0.511756147,1,Stable Bull,1.91E-19,0.999998742,2.64E-10,3.09E-20,1.26E-06
10-05-2017,0.001794134,-0.980784403,0.004471578,0.722559126,0,0.000228377,10.21000004,0.499785795,1,Stable Bull,6.75E-20,0.999998982,1.52E-10,8.37E-21,1.02E-06
11-05-2017,-0.002044458,-1.063512341,0.004495433,0.729622427,-0.002042369,0.000224378,10.60000038,0.447348036,1,Stable Bull,3.92E-20,0.999999018,6.36E-11,6.68E-22,9.82E-07
12-05-2017,-0.001672746,-0.995919335,0.004373913,0.780133451,-0.003710303,0.000221544,10.39999962,0.412679796,1,Stable Bull,3.71E-21,0.999998639,3.10E-11,3.42E-23,1.36E-06
15-05-2017,0.005508344,-0.851115205,0.00412099,0.880408622,0,0.000204304,10.42000008,0.34493509,1,Stable Bull,1.42E-21,0.999999466,2.54E-12,1.60E-24,5.34E-07
16-05-2017,-0.000915855,-0.929936743,0.00379952,1.129879264,-0.000915436,0.000250734,10.64999962,0.269856823,1,Stable Bull,1.31E-20,0.999995624,1.49E-10,1.87E-24,4.38E-06
17-05-2017,-0.017903469,-0.926311845,0.005579952,-1.255163444,-0.018643346,0.000354175,15.59000015,0.609093881,1,Stable Bull,1.72E-22,0.668384754,0.322686032,1.05E-16,0.008929214
18-05-2017,0.004020366,0.976963903,0.005609026,-1.371758015,-0.014689992,0.000430968,14.65999985,0.603798149,1,Stable Bull,1.22E-12,0.670895047,0.329104816,1.86E-14,1.38E-07
19-05-2017,0.00648327,0.715482758,0.005511845,-1.468115847,-0.008281209,0.000460118,12.03999996,0.581087585,1,Stable Bull,1.88E-14,0.933988635,0.066011353,4.32E-16,1.15E-08
22-05-2017,0.005064647,0.495654303,0.005522509,-1.635201869,-0.003245762,0.000479821,10.93000031,0.62067106,1,Stable Bull,6.48E-18,0.997959663,0.002040336,3.07E-18,5.22E-10
23-05-2017,0.002210329,0.29014153,0.005044159,-2.284270422,-0.001040171,0.000486186,10.72000027,0.605956839,1,Stable Bull,6.35E-21,0.999937414,6.26E-05,1.61E-19,6.51E-12
24-05-2017,0.002329963,0.095728092,0.004919627,-2.417944053,0,0.000488339,10.02000046,0.599158804,1,Stable Bull,9.55E-23,0.999997808,2.19E-06,1.62E-20,1.01E-11
25-05-2017,0.004768057,-0.07742916,0.00500293,-2.422895257,0,0.000492486,9.989999771,0.594130861,1,Stable Bull,2.53E-24,0.999999496,5.04E-07,7.05E-22,5.53E-11
26-05-2017,-0.000206682,-0.232827009,0.00500633,-2.387668194,-0.000206661,0.000494547,9.81000042,0.593514264,1,Stable Bull,9.35E-25,0.999999284,7.16E-07,2.85E-22,1.42E-10
30-05-2017,-0.000869161,-0.381567717,0.004977761,-2.459874544,-0.001075265,0.000495729,10.38000011,0.589546516,1,Stable Bull,6.51E-25,0.999999635,3.64E-07,3.42E-22,1.58E-10
31-05-2017,-0.0002487,-0.329527319,0.004963267,-2.402827711,-0.001323667,0.000495527,10.40999985,0.579558028,1,Stable Bull,4.16E-23,0.999999649,3.51E-07,8.05E-21,2.09E-10
01-06-2017,0.007921076,-0.466858914,0.005216852,-2.136565906,0,0.000500636,9.890000343,0.569699458,1,Stable Bull,1.32E-22,0.999999281,7.05E-07,5.80E-21,1.43E-08
02-06-2017,0.003322735,-0.5778472,0.005218551,-2.253318734,0,0.000503063,9.75,0.570536837,1,Stable Bull,6.14E-23,0.999999677,3.20E-07,9.44E-21,3.19E-09
05-06-2017,-0.000737472,-0.688294852,0.005234261,-2.181948099,-0.0007372,0.000503692,10.06999969,0.554451849,1,Stable Bull,4.38E-22,0.999999684,3.10E-07,2.18E-20,5.92E-09
06-06-2017,-0.003201867,-0.713244407,0.00526809,-1.976852981,-0.003931591,0.000501846,10.44999981,0.549783102,1,Stable Bull,8.88E-22,0.999999571,3.81E-07,5.44E-21,4.78E-08
07-06-2017,0.001848457,-0.490204576,0.005270012,-2.029917841,-0.002088698,0.000496462,10.39000034,0.610688429,1,Stable Bull,2.71E-22,0.999999752,2.38E-07,1.03E-20,1.03E-08
08-06-2017,0.000492302,-0.613967107,0.005256141,-2.083580299,-0.001597304,0.000487408,10.15999985,0.616292289,1,Stable Bull,2.48E-22,0.999999741,2.51E-07,2.47E-20,8.58E-09
09-06-2017,-0.001518656,-0.696413166,0.005276233,-1.972884436,-0.003112383,0.00047582,10.69999981,0.61626613,1,Stable Bull,4.07E-22,0.999999739,2.38E-07,1.42E-20,2.26E-08
12-06-2017,-0.000205499,-0.705522835,0.005243607,-2.054218438,-0.003317221,0.000461445,11.46000004,0.642229122,1,Stable Bull,6.48E-23,0.999999805,1.84E-07,7.55E-21,1.17E-08
13-06-2017,0.004877933,-0.695298539,0.005284759,-2.159321776,0,0.000435054,10.42000008,0.684575431,1,Stable Bull,1.70E-23,0.999999809,1.87E-07,2.19E-20,4.38E-09
14-06-2017,-0.001268538,-0.786423145,0.005208284,-2.101044405,-0.001267734,0.000371413,10.64000034,0.696651254,1,Stable Bull,8.50E-23,0.999999829,1.65E-07,6.59E-20,6.16E-09
15-06-2017,-0.00192613,-0.743459109,0.005229302,-2.052857701,-0.00318957,0.000201022,10.89999962,0.735708738,1,Stable Bull,2.76E-20,0.999999801,1.79E-07,1.92E-17,1.94E-08
16-06-2017,0.000218467,-0.659190019,0.003036956,0.448237787,-0.002971777,0.000509436,10.38000011,0.595341364,1,Stable Bull,2.78E-16,0.999997504,2.96E-10,1.46E-18,2.50E-06
19-06-2017,0.00829075,-0.725358302,0.003336114,0.545984406,0,0.000626102,10.36999989,0.645581725,1,Stable Bull,1.96E-18,0.999993189,2.67E-10,1.02E-16,6.81E-06
20-06-2017,-0.00676708,-0.804137095,0.003643482,0.183418878,-0.006744235,0.000680328,10.85999966,0.673047926,1,Stable Bull,8.38E-19,0.99998756,2.83E-09,2.95E-16,1.24E-05
21-06-2017,-0.000246967,-0.346790496,0.003541939,0.347789789,-0.006989506,0.000727181,10.75,0.651909304,1,Stable Bull,5.01E-18,0.999995706,2.62E-09,3.82E-16,4.29E-06
22-06-2017,-0.00045269,-0.364299157,0.00354068,0.452851797,-0.00743893,0.000776166,10.47999954,0.650295049,1,Stable Bull,8.26E-18,0.999994526,2.00E-09,2.84E-16,5.47E-06
23-06-2017,0.001193408,-0.441427612,0.003524483,0.50207315,-0.006253693,0.000819121,10.02000046,0.647267393,1,Stable Bull,1.34E-17,0.999990666,1.27E-09,7.42E-16,9.33E-06
26-06-2017,0.000657763,-0.566006272,0.003400855,0.650061319,-0.005599828,0.000861072,9.899999619,0.627456482,1,Stable Bull,2.52E-16,0.999980917,4.26E-10,2.11E-14,1.91E-05
27-06-2017,-0.008088801,-0.660134822,0.003886718,0.174592084,-0.01361089,0.000869516,11.06000042,0.660234463,1,Stable Bull,1.96E-16,0.999464866,8.57E-08,5.22E-14,0.000535049
28-06-2017,0.008910758,-0.088504981,0.004319476,0.221575736,-0.004782139,0.000865194,10.02999973,0.684622892,1,Stable Bull,3.97E-15,0.999957281,1.03E-07,1.62E-12,4.26E-05
29-06-2017,-0.008827682,-0.233117148,0.004786432,0.031885467,-0.013528942,0.000861507,11.43999958,0.706095834,1,Stable Bull,1.14E-15,0.999966486,5.29E-07,1.93E-14,3.30E-05
30-06-2017,0.001862661,0.320394463,0.004470844,-0.022119978,-0.011689768,0.000846175,11.18000031,0.720042355,1,Stable Bull,2.25E-15,0.999997105,1.19E-06,2.46E-14,1.71E-06
03-07-2017,0.001694092,0.158309959,0.004422833,0.011117783,-0.01001406,0.000828858,11.22000027,0.698665672,1,Stable Bull,7.03E-15,0.999997938,2.54E-07,1.58E-15,1.81E-06
05-07-2017,0.002309442,-0.038660479,0.004452548,-0.080539364,-0.007725104,0.000808578,11.06999969,0.716766025,1,Stable Bull,2.61E-14,0.999995298,6.54E-08,1.78E-14,4.64E-06
06-07-2017,-0.009186443,-0.224998342,0.00484176,-0.215899077,-0.016798839,0.00079085,12.53999996,0.718313945,1,Stable Bull,7.52E-18,0.999705666,4.92E-06,1.41E-17,0.000289412
07-07-2017,0.006463972,0.854614795,0.005044304,-0.205775918,-0.010422869,0.000779598,11.18999958,0.738464322,1,Stable Bull,5.02E-17,0.999970313,2.97E-05,1.81E-15,5.86E-09
10-07-2017,0.001073363,0.605954442,0.005049147,-0.221503879,-0.009360124,0.000769058,11.10999966,0.741636741,1,Stable Bull,1.16E-15,0.999997607,2.39E-06,8.97E-16,2.84E-09
11-07-2017,-0.000742824,0.376540772,0.005040653,-0.244011607,-0.010095722,0.000756628,10.89000034,0.774508434,1,Stable Bull,2.48E-16,0.999999443,4.96E-07,3.05E-16,6.11E-08
12-07-2017,0.007486486,0.128736783,0.005298437,-0.27799641,-0.002657007,0.000759961,10.30000019,0.797424067,1,Stable Bull,1.25E-17,0.999999395,1.22E-07,1.73E-17,4.83E-07
13-07-2017,0.001678834,-0.082833017,0.005207208,-0.235563216,-0.000981228,0.000755368,9.899999619,0.785901295,1,Stable Bull,2.75E-17,0.999999379,1.09E-07,7.40E-17,5.12E-07
14-07-2017,0.00465338,-0.283358604,0.005283141,-0.358128119,0,0.000759801,9.510000229,0.792661544,1,Stable Bull,1.46E-17,0.999996994,5.69E-08,5.59E-17,2.95E-06
17-07-2017,-0.000122051,-0.47250341,0.005256517,-0.408957641,-0.000122043,0.000761397,9.819999695,0.785406133,1,Stable Bull,2.18E-17,0.999995307,7.28E-08,3.77E-16,4.62E-06
18-07-2017,0.00052935,-0.651138017,0.005255903,-0.41774379,0,0.000722818,9.890000343,0.812636291,1,Stable Bull,1.10E-17,0.999993246,2.21E-08,2.66E-16,6.73E-06
19-07-2017,0.005399202,-0.743881403,0.005078944,-0.514713941,0,0.000686805,9.789999962,0.830556631,1,Stable Bull,6.73E-19,0.99999265,1.01E-08,1.45E-16,7.34E-06
20-07-2017,0.000445441,-0.881687705,0.004802763,-0.654992048,0,0.000657063,9.579999924,0.800679799,1,Stable Bull,3.54E-19,0.999996217,1.32E-08,2.03E-16,3.77E-06
21-07-2017,-0.000890725,-1.022493904,0.004811791,-0.633409724,-0.000890328,0.000612153,9.359999657,0.805369802,1,Stable Bull,7.26E-19,0.999995843,1.42E-08,1.65E-16,4.14E-06
24-07-2017,-0.000243024,-0.86506701,0.004809357,-0.640394421,-0.001133106,0.00055667,9.430000305,0.767672417,1,Stable Bull,9.22E-19,0.999995474,2.11E-08,1.25E-16,4.50E-06
25-07-2017,0.002427869,-1.008968224,0.004822265,-0.670708229,0,0.00048518,9.430000305,0.777226487,1,Stable Bull,1.03E-18,0.99999686,1.73E-08,1.18E-16,3.12E-06
26-07-2017,4.04E-05,-1.136017034,0.004825267,-0.650951573,0,0.000368549,9.600000381,0.780804122,1,Stable Bull,6.23E-19,0.999997599,1.99E-08,4.59E-17,2.38E-06
27-07-2017,-0.000930089,-1.253079012,0.00439975,-0.677504372,-0.000929656,0.000314875,10.10999966,0.711019752,1,Stable Bull,1.57E-18,0.999998933,1.58E-08,2.09E-17,1.05E-06
28-07-2017,-0.00117389,-1.135582663,0.004045808,-0.876694427,-0.002101767,0.000343207,10.28999996,0.702384831,1,Stable Bull,9.96E-19,0.999999183,1.34E-08,1.54E-17,8.04E-07
31-07-2017,-0.000566937,-1.080623133,0.003431778,-0.708777595,-0.002667351,0.000463456,10.26000023,0.619914656,1,Stable Bull,3.07E-18,0.999998208,5.66E-09,3.13E-18,1.79E-06
01-08-2017,0.00222621,-1.085512278,0.003436955,-0.719707788,-0.000444606,0.0005468,10.09000015,0.602917816,1,Stable Bull,3.10E-18,0.999998134,5.60E-09,1.23E-17,1.86E-06
02-08-2017,0.000485148,-1.201694472,0.003436189,-0.669240755,0,0.000614005,10.27999973,0.42011224,1,Stable Bull,4.08E-18,0.999995628,9.78E-10,1.29E-20,4.37E-06
03-08-2017,-0.001942008,-1.307568181,0.0034812,-0.49872377,-0.001940123,0.000667567,10.43999958,0.445501099,1,Stable Bull,8.67E-19,0.999994689,7.80E-10,6.12E-20,5.31E-06
04-08-2017,0.001820813,-1.07079385,0.002622898,1.054427091,-0.000121187,0.000798523,10.02999973,0.408917739,1,Stable Bull,5.55E-19,0.999997419,3.36E-13,3.64E-21,2.58E-06
07-08-2017,0.001857524,-1.183918319,0.002351434,1.221139927,0,0.000921105,9.930000305,0.364598206,1,Stable Bull,1.50E-20,0.999994292,3.71E-14,6.52E-21,5.71E-06
08-08-2017,-0.002464069,-1.287600927,0.002478203,1.097520378,-0.002461036,0.001000272,10.96000004,0.333070292,1,Stable Bull,3.03E-20,0.999848583,5.15E-14,7.26E-20,0.000151417
09-08-2017,-4.04E-05,-1.082736654,0.002458861,1.09519893,-0.002501338,0.001060762,11.10999966,0.329950794,1,Stable Bull,4.84E-23,0.995581219,9.24E-10,4.60E-22,0.00441878
10-08-2017,-0.014215754,-1.096715441,0.00378992,-2.405054861,-0.016581218,0.001031276,16.04000092,0.543285371,2,Correction,1.00E-31,9.21E-05,0.99990236,1.87E-18,5.53E-06
11-08-2017,0.001475682,0.895523413,0.003785547,-2.407068557,-0.015128933,0.001001136,15.51000023,0.535369931,2,Correction,1.62E-16,1.55E-10,1,2.23E-16,4.49E-15
14-08-2017,0.009864349,0.630079853,0.004251912,-1.296856284,-0.005365747,0.000961174,12.32999992,0.56016494,2,Correction,6.05E-13,0.000101657,0.999898342,2.74E-15,9.21E-10
15-08-2017,-0.000121708,0.393107594,0.00425191,-1.296869167,-0.005486794,0.000918656,12.03999996,0.567536931,2,Correction,2.11E-11,0.001289947,0.99871005,3.46E-13,2.33E-09
16-08-2017,0.001742732,0.140936845,0.004264981,-1.32418318,-0.003752113,0.000871645,11.73999977,0.554898884,2,Correction,5.89E-11,0.002396167,0.997603633,1.06E-12,2.00E-07
17-08-2017,-0.015713548,-0.086947365,0.005342231,-1.500455971,-0.019284349,0.000891311,15.55000019,0.617088786,2,Correction,4.68E-24,1.31E-05,0.999986217,6.43E-24,6.91E-07
18-08-2017,-0.00156447,1.668163154,0.005337597,-1.450002908,-0.02081745,0.000925385,14.26000023,0.625215533,2,Correction,3.70E-22,8.74E-10,0.999999999,3.82E-25,1.37E-19
21-08-2017,0.000782288,1.747838403,0.005349488,-1.484674532,-0.020051147,0.000957998,13.18999958,0.621768761,2,Correction,5.23E-20,9.50E-10,0.999999999,1.75E-21,2.72E-20
22-08-2017,0.010402969,1.359702848,0.005880412,-1.031685031,-0.009803559,0.001031653,11.35000038,0.6526708,2,Correction,2.39E-18,5.67E-07,0.999999433,1.91E-19,4.43E-15
23-08-2017,-0.003591842,1.046285865,0.005889192,-0.891453039,-0.013353809,0.001098188,12.25,0.65429975,2,Correction,4.17E-16,8.05E-06,0.999991948,7.95E-19,1.04E-13
24-08-2017,-0.002333389,1.122082611,0.005899991,-0.829122349,-0.015653354,0.00115932,12.22999954,0.654219322,2,Correction,1.90E-14,2.23E-06,0.999997766,4.31E-17,1.48E-13
25-08-2017,0.002333389,1.062166395,0.005935579,-0.888182428,-0.013353809,0.00122546,11.27999973,0.658340315,2,Correction,1.03E-12,2.73E-05,0.999972726,3.60E-14,2.16E-12
28-08-2017,4.10E-05,0.74493842,0.005934718,-0.918423385,-0.013313365,0.001283288,11.31999969,0.658235072,2,Correction,1.53E-10,0.002113068,0.997886928,2.36E-11,3.87E-09
29-08-2017,0.001144245,0.463736472,0.00594482,-0.954893069,-0.012183708,0.001318188,11.69999981,0.660593755,2,Correction,1.32E-09,0.051136727,0.948859653,1.78E-10,3.62E-06
30-08-2017,0.004726441,0.336630686,0.006023966,-0.951562776,-0.007503801,0.001345576,11.22000027,0.650822278,2,Correction,2.04E-09,0.354873629,0.645107163,3.07E-10,1.92E-05
31-08-2017,0.005997606,0.111452297,0.006175922,-0.960754431,-0.001533313,0.001368868,10.59000015,0.789812166,1,Stable Bull,2.22E-10,0.822957354,0.177007145,1.16E-09,3.55E-05
01-09-2017,0.001413294,-0.097079478,0.006166302,-1.042701188,-0.000121189,0.00138052,10.13000011,0.765551258,1,Stable Bull,5.22E-10,0.926453163,0.073525315,3.50E-09,2.15E-05
05-09-2017,-0.007207817,-0.296251245,0.0063572,-0.824292187,-0.007302221,0.001329923,12.22999954,0.77185008,1,Stable Bull,5.07E-13,0.987510802,0.012395507,5.54E-13,9.37E-05
06-09-2017,0.003407731,0.465129181,0.00639193,-0.83861277,-0.003913604,0.001223803,11.63000011,0.789123219,1,Stable Bull,1.33E-13,0.998400762,0.001599222,1.36E-13,1.55E-08
07-09-2017,-0.000121175,0.211936378,0.006370605,-0.898563492,-0.004034297,0.001087945,11.55000019,0.770327051,1,Stable Bull,4.87E-14,0.99994354,5.64E-05,3.73E-14,3.89E-08
08-09-2017,-0.001175602,-0.02585957,0.00637511,-0.870856353,-0.005204469,0.000889896,12.11999989,0.773471946,1,Stable Bull,2.78E-15,0.999999003,7.31E-07,1.33E-15,2.66E-07
11-09-2017,0.010609477,0.006634108,0.005917695,-0.714248716,0,0.000800886,10.72999954,0.735595347,1,Stable Bull,5.96E-17,0.999997642,1.04E-06,3.06E-17,1.32E-06
12-09-2017,0.00336494,-0.161216041,0.005938767,-0.750240531,0,0.000684815,10.57999992,0.737348064,1,Stable Bull,4.78E-17,0.999999144,3.23E-07,2.94E-17,5.33E-07
13-09-2017,0.000479783,-0.346080594,0.005592679,-0.846517104,0,0.00059875,10.5,0.681223904,1,Stable Bull,5.62E-17,0.999998755,3.57E-07,1.70E-17,8.88E-07
14-09-2017,-0.000319713,-0.509788841,0.005594294,-0.840750018,-0.000319662,0.000489317,10.43999958,0.703189902,1,Stable Bull,9.42E-17,0.999997766,2.15E-07,5.62E-17,2.02E-06
15-09-2017,0.001345331,-0.606877727,0.005591214,-0.831997217,0,0.000337682,10.17000008,0.708250346,1,Stable Bull,3.01E-17,0.999995658,1.95E-07,5.57E-17,4.15E-06
18-09-2017,0.002124624,-0.782664291,0.004146442,0.482487688,0,0.000499442,10.14999962,0.605900941,1,Stable Bull,1.47E-16,0.999998059,4.69E-10,4.95E-18,1.94E-06
19-09-2017,0.00100045,-0.943634118,0.004088504,0.433262793,0,0.000622518,10.18000031,0.606492027,1,Stable Bull,1.20E-18,0.999996828,3.32E-10,3.80E-18,3.17E-06
20-09-2017,0.000360135,-1.097534888,0.004093962,0.445534183,0,0.000719548,9.779999733,0.610932812,1,Stable Bull,4.15E-18,0.99999514,3.08E-10,4.54E-17,4.86E-06
21-09-2017,-0.002683165,-1.187655456,0.0036634,0.360767507,-0.002679569,0.00084749,9.670000076,0.573405127,1,Stable Bull,3.99E-17,0.999982323,3.60E-10,2.71E-16,1.77E-05
22-09-2017,0.000200533,-0.952360345,0.003516459,0.363080646,-0.002479553,0.000960871,9.590000153,0.583953311,1,Stable Bull,1.41E-16,0.999941571,6.64E-10,6.69E-15,5.84E-05
25-09-2017,-0.002046793,-1.007197983,0.003502685,0.367028962,-0.004519183,0.001050504,10.21000004,0.598854387,1,Stable Bull,1.45E-15,0.999809892,9.45E-10,1.52E-13,0.000190107
26-09-2017,0.00060252,-0.869684502,0.003494796,0.439997633,-0.003919206,0.001120544,10.17000008,0.555106779,1,Stable Bull,6.21E-15,0.999417823,1.06E-09,2.75E-13,0.000582176
27-09-2017,0.003886734,-1.013376243,0.003536609,0.291507903,-4.02E-05,0.001171529,9.869999886,0.591657436,1,Stable Bull,1.50E-14,0.998685619,2.89E-09,5.27E-12,0.001314378
28-09-2017,0.001199144,-1.153192727,0.003536515,0.289261372,0,0.001208749,9.550000191,0.59965206,1,Stable Bull,5.83E-14,0.998040424,3.89E-09,1.98E-11,0.001959572
29-09-2017,0.003508795,-1.289993852,0.003487053,0.317118534,0,0.001233192,9.510000229,0.599376844,1,Stable Bull,1.19E-13,0.997956477,2.64E-09,4.07E-11,0.002043521
02-10-2017,0.004329443,-1.41537884,0.003390821,0.313925097,0,0.001242272,9.449999809,0.573960756,1,Stable Bull,9.25E-14,0.998428743,2.30E-09,2.13E-11,0.001571255
03-10-2017,0.002137677,-1.517975165,0.003397246,0.282146423,0,0.001236694,9.510000229,0.588517806,1,Stable Bull,2.27E-15,0.999388746,1.96E-09,6.95E-13,0.000611252
04-10-2017,0.001185895,-1.622334634,0.002801222,1.442281667,0,0.001236985,9.630000114,0.581554143,1,Stable Bull,1.61E-16,0.999989653,4.44E-13,3.09E-14,1.03E-05
05-10-2017,0.005907786,-1.727159862,0.002932378,1.283737629,0,0.001201812,9.18999958,0.643757973,1,Stable Bull,1.37E-17,0.999996668,3.59E-12,2.85E-15,3.33E-06
06-10-2017,-0.001139758,-1.796069975,0.002972322,1.24968652,-0.001139109,0.001140806,9.649999619,0.67861177,1,Stable Bull,9.37E-19,0.999999277,1.23E-12,1.20E-16,7.23E-07
09-10-2017,-0.00165226,-1.721796062,0.002996785,1.216827192,-0.002788124,0.001048792,10.32999992,0.633809414,1,Stable Bull,1.17E-18,0.999999515,6.80E-13,4.01E-16,4.85E-07
10-10-2017,0.002634637,-1.481456669,0.002203345,0.143203914,-0.000157369,0.001023733,10.07999992,0.575578705,1,Stable Bull,2.83E-19,0.999931997,2.90E-10,2.62E-16,6.80E-05
11-10-2017,0.001569757,-1.582392723,0.00215175,0.22803269,0,0.000966033,9.850000381,0.593551946,1,Stable Bull,1.78E-17,0.999981844,9.58E-11,8.53E-15,1.82E-05
12-10-2017,-0.001491269,-1.694797889,0.002225231,0.249543078,-0.001490157,0.000905355,9.909999847,0.567569092,1,Stable Bull,1.15E-17,0.999995368,4.73E-11,9.85E-16,4.63E-06
13-10-2017,0.001216669,-1.459587137,0.002202079,0.168469595,-0.000274562,0.000808912,9.609999657,0.552530337,1,Stable Bull,2.88E-19,0.99999187,6.06E-11,9.80E-18,8.13E-06
16-10-2017,0.001332762,-1.581231657,0.002202025,0.169311127,0,0.000659519,9.909999847,0.522792721,1,Stable Bull,9.14E-20,0.999998661,2.14E-11,1.10E-18,1.34E-06
17-10-2017,0.000704934,-1.689526548,0.002192432,0.261453634,0,0.000652472,10.31000042,0.531430529,1,Stable Bull,1.07E-20,0.999999401,1.21E-11,7.36E-20,5.99E-07
18-10-2017,0.000978012,-1.793075477,0.00219248,0.262931557,0,0.000636284,10.06999969,0.532212381,1,Stable Bull,3.88E-21,0.999999821,8.83E-12,1.83E-20,1.79E-07
19-10-2017,0.000273841,-1.88348442,0.002193983,0.267411589,0,0.000605076,10.05000019,0.47017397,1,Stable Bull,1.89E-21,0.999999913,3.48E-12,2.19E-22,8.72E-08
20-10-2017,0.005147003,-1.956493769,0.002188021,0.330143972,0,0.000596976,9.970000267,0.384126799,1,Stable Bull,6.57E-21,0.999999949,1.03E-12,8.12E-24,5.05E-08
23-10-2017,-0.003896783,-2.00212169,0.00246972,-0.040758741,-0.0038892,0.00057977,11.06999969,0.365980398,1,Stable Bull,1.96E-20,0.999999913,5.75E-12,1.14E-22,8.66E-08
24-10-2017,0.001755462,-1.465360519,0.002352002,-0.141888709,-0.00213903,0.000561623,11.15999985,0.270937672,1,Stable Bull,2.97E-21,0.999992896,1.12E-12,2.87E-26,7.10E-06
25-10-2017,-0.00496247,-1.569664285,0.002733385,-0.447629516,-0.007078618,0.000532944,11.22999954,0.355170161,1,Stable Bull,6.15E-20,0.999994055,1.59E-10,6.56E-20,5.95E-06
26-10-2017,0.00129176,-0.854696511,0.002662285,-0.395946259,-0.005795173,0.000495841,11.30000019,0.324409937,1,Stable Bull,2.33E-19,0.999952497,1.89E-10,1.01E-22,4.75E-05
27-10-2017,0.008143144,-1.012286597,0.003080276,0.03888081,0,0.000463639,9.800000191,0.611435206,1,Stable Bull,7.19E-19,0.999992981,7.84E-10,5.02E-16,7.02E-06
30-10-2017,-0.003732136,-1.121171087,0.003231594,0.145530453,-0.00372518,0.000442637,10.5,0.520143663,1,Stable Bull,1.61E-18,0.999996083,2.23E-10,8.34E-19,3.92E-06
31-10-2017,0.001556812,-0.845699061,0.003145764,0.22825525,-0.00217296,0.000423801,10.18000031,0.514396463,1,Stable Bull,1.77E-19,0.99999648,1.84E-10,1.85E-19,3.52E-06
01-11-2017,0.001321163,-0.930489651,0.003134767,0.265787726,-0.000853796,0.000402331,10.19999981,0.51397874,1,Stable Bull,1.32E-19,0.999997116,1.46E-10,1.38E-19,2.88E-06
02-11-2017,0.000388413,-1.075153798,0.003135503,0.302599636,-0.000465639,0.000417676,9.930000305,0.519438411,1,Stable Bull,1.81E-19,0.999997625,9.29E-11,2.16E-19,2.38E-06
03-11-2017,0.003332882,-1.119537402,0.002972979,0.256693288,0,0.000419382,9.140000343,0.486782508,1,Stable Bull,1.08E-19,0.999996627,7.00E-11,5.25E-20,3.37E-06
06-11-2017,0.00154658,-1.254771749,0.002947388,0.143660403,0,0.000418315,9.399999619,0.481041564,1,Stable Bull,5.12E-20,0.999997741,6.48E-11,3.22E-20,2.26E-06
07-11-2017,-0.000695591,-1.387397042,0.002914288,0.124896233,-0.000695349,0.000414781,9.890000343,0.486517419,1,Stable Bull,7.10E-20,0.999998748,5.05E-11,3.47E-20,1.25E-06
08-11-2017,0.001699472,-1.267608576,0.002893155,0.164661941,0,0.000409349,9.779999733,0.496348829,1,Stable Bull,3.26E-20,0.999998339,5.29E-11,1.78E-20,1.66E-06
09-11-2017,-0.003634316,-1.393513903,0.003045695,0.229504263,-0.00362772,0.000403615,10.5,0.512270966,1,Stable Bull,2.52E-19,0.999998778,5.86E-11,2.42E-19,1.22E-06
10-11-2017,-0.000309966,-0.786465214,0.003016204,0.194328857,-0.003936514,0.000396671,11.28999996,0.52617584,1,Stable Bull,1.73E-19,0.999994002,4.40E-10,3.49E-19,6.00E-06
13-11-2017,0.00092934,-0.847699034,0.003014112,0.20837609,-0.003010402,0.000384081,11.5,0.522818814,1,Stable Bull,9.89E-19,0.999993052,3.59E-10,1.10E-18,6.95E-06
14-11-2017,-0.002325242,-1.014104014,0.003076354,0.324334008,-0.005325951,0.000368975,11.59000015,0.534920346,1,Stable Bull,7.89E-18,0.999994997,1.44E-10,1.54E-17,5.00E-06
15-11-2017,-0.005017613,-0.798412897,0.003298359,0.283949248,-0.010304341,0.000358169,13.13000011,0.563645524,1,Stable Bull,1.25E-19,0.999944973,4.12E-09,1.78E-18,5.50E-05
16-11-2017,0.008464814,0.051510351,0.003761041,0.446255964,-0.001891193,0.000378739,11.76000023,0.5351661,1,Stable Bull,1.27E-18,0.999999503,4.70E-08,6.94E-18,4.50E-07
17-11-2017,-0.002942817,-0.14888922,0.003837028,0.504852069,-0.004824127,0.00039131,11.43000031,0.588389612,1,Stable Bull,1.66E-18,0.999999767,2.23E-08,5.75E-20,2.10E-07
20-11-2017,0.001704874,0.045065937,0.003694243,0.594693585,-0.003126031,0.000373498,10.64999962,0.596290181,1,Stable Bull,4.02E-18,0.999999945,2.17E-08,5.49E-19,3.31E-08
21-11-2017,0.006521433,-0.19512312,0.003811446,0.435101108,0,0.000380827,9.729999542,0.619400376,1,Stable Bull,2.96E-18,0.999999545,7.69E-09,1.60E-19,4.47E-07
22-11-2017,-0.000884866,-0.384919106,0.003818984,0.528967377,-0.000884475,0.00036494,9.880000114,0.610489162,1,Stable Bull,4.24E-18,0.999999405,7.96E-09,2.11E-18,5.87E-07
24-11-2017,0.002307091,-0.519740227,0.00361449,0.519811952,0,0.000359071,9.670000076,0.601559804,1,Stable Bull,2.31E-18,0.999999036,1.36E-09,7.87E-19,9.62E-07
27-11-2017,-0.000499203,-0.711805969,0.003626795,0.583613997,-0.000499079,0.000342355,9.869999886,0.593301052,1,Stable Bull,1.48E-18,0.999998699,6.81E-10,2.21E-18,1.30E-06
28-11-2017,0.010093344,-0.891538895,0.003841463,0.77987838,0,0.000359033,10.02999973,0.367240657,1,Stable Bull,4.38E-20,0.999996345,9.56E-12,4.72E-24,3.65E-06
29-11-2017,-0.000608673,-1.004997363,0.003709559,0.841608519,-0.000608488,0.000367837,10.69999981,0.476901354,1,Stable Bull,9.02E-22,0.999999532,1.25E-11,3.90E-21,4.68E-07
30-11-2017,0.008716733,-1.156099988,0.004066233,0.718231116,0,0.000396267,11.27999973,0.557957604,1,Stable Bull,3.02E-21,0.999998911,6.61E-11,1.87E-20,1.09E-06
01-12-2017,-0.002077619,-1.251508446,0.004137945,0.770529113,-0.002075462,0.000423265,11.43000031,0.565271619,1,Stable Bull,5.93E-21,0.999999612,2.48E-11,1.76E-20,3.88E-07
04-12-2017,-0.001210854,-1.072544104,0.004169612,0.798930477,-0.003283072,0.00044567,11.68000031,0.517542301,1,Stable Bull,1.39E-21,0.999999495,1.32E-11,8.65E-22,5.05E-07
05-12-2017,-0.003602819,-0.98338932,0.004265448,0.905415398,-0.006867602,0.000459874,11.32999992,0.510472222,1,Stable Bull,1.72E-22,0.999999233,2.13E-11,2.27E-22,7.67E-07
06-12-2017,0.000189688,-0.288133408,0.004264891,0.951934307,-0.0066792,0.000463342,11.02000046,0.487150463,1,Stable Bull,3.79E-22,0.999999887,1.36E-10,1.03E-21,1.13E-07
07-12-2017,0.003148345,-0.49493594,0.004279918,0.821029722,-0.003546955,0.000456121,10.15999985,0.489288776,1,Stable Bull,1.68E-20,0.999999363,1.34E-10,6.56E-22,6.37E-07
08-12-2017,0.005438344,-0.682583238,0.004387588,0.690635589,0,0.000443926,9.579999924,0.49683468,1,Stable Bull,7.86E-20,0.999998108,2.67E-10,1.66E-20,1.89E-06
11-12-2017,0.003008644,-0.823865861,0.004262182,0.60199051,0,0.000426537,9.340000153,0.507131676,1,Stable Bull,1.65E-19,0.999997234,3.17E-10,6.72E-20,2.77E-06
12-12-2017,0.001763133,-0.982689251,0.004242657,0.542649782,0,0.000395644,9.920000076,0.500655986,1,Stable Bull,1.22E-19,0.999998179,1.37E-10,2.53E-20,1.82E-06
13-12-2017,-0.000112311,-1.12108597,0.004256673,0.570108825,-0.000112305,0.000352472,10.18000031,0.495123686,1,Stable Bull,1.38E-19,0.999998722,9.70E-11,2.78E-20,1.28E-06
14-12-2017,-0.004094693,-1.066704875,0.004353166,0.517690665,-0.004198167,0.000305817,10.48999977,0.49657972,1,Stable Bull,3.98E-19,0.999997201,3.02E-10,8.86E-20,2.80E-06
15-12-2017,0.008292628,-0.534246832,0.004334399,0.443421318,0,0.000270973,9.420000076,0.509540792,1,Stable Bull,8.99E-19,0.999993414,3.82E-09,8.44E-19,6.58E-06
18-12-2017,0.006321464,-0.680027354,0.004199598,0.434821449,0,0.000265648,9.529999733,0.486588925,1,Stable Bull,7.51E-18,0.999995197,1.00E-09,3.50E-19,4.80E-06
19-12-2017,-0.003847788,-0.816224569,0.004256836,0.396510939,-0.003840394,0.000264143,10.02999973,0.491310152,1,Stable Bull,1.17E-18,0.999995016,1.47E-09,1.51E-19,4.98E-06
20-12-2017,-0.000524356,-0.376000998,0.00429044,0.45373798,-0.0043626,0.000252869,9.720000267,0.494352121,1,Stable Bull,1.65E-19,0.99999831,4.80E-09,5.18E-20,1.69E-06
21-12-2017,0.002057584,-0.254428405,0.004154585,0.583174928,-0.002311884,0.000243928,9.619999886,0.455149056,1,Stable Bull,5.04E-19,0.999999637,2.65E-09,4.86E-21,3.61E-07
22-12-2017,-0.000261352,-0.450468189,0.004138036,0.57465016,-0.002572598,0.000233931,9.899999619,0.485989564,1,Stable Bull,2.85E-19,0.99999925,1.63E-09,2.25E-21,7.48E-07
26-12-2017,-0.001196999,-0.433417834,0.00418034,0.663886859,-0.003765803,0.000201173,10.25,0.469999148,1,Stable Bull,1.34E-19,0.999999482,1.03E-09,1.81E-21,5.17E-07
27-12-2017,0.000486397,-0.445510107,0.004162552,0.642557127,-0.00328112,0.000159446,10.47000027,0.476326436,1,Stable Bull,1.00E-19,0.999999411,8.43E-10,1.52E-21,5.89E-07
28-12-2017,0.002055223,-0.567007288,0.003676203,0.605034347,-0.001230533,0.000180154,10.18000031,0.521251439,1,Stable Bull,2.39E-19,0.999999176,5.94E-10,2.93E-20,8.23E-07
29-12-2017,-0.003777699,-0.736011096,0.003814035,0.558589657,-0.004996466,0.000167499,11.03999996,0.504754265,1,Stable Bull,1.04E-19,0.999998276,5.07E-10,6.66E-21,1.72E-06
02-01-2018,0.007131978,-0.243815055,0.003666308,0.453388866,0,0.000201091,9.770000458,0.489316196,1,Stable Bull,4.54E-19,0.999999353,4.60E-09,1.39E-19,6.42E-07
03-01-2018,0.006305168,-0.416397307,0.003778959,0.262250339,0,0.000218161,9.149999619,0.477903573,1,Stable Bull,8.12E-18,0.999996832,4.62E-09,5.29E-20,3.16E-06
04-01-2018,0.004205827,-0.57111582,0.003782947,0.089603279,0,0.000232221,9.220000267,0.490345635,1,Stable Bull,1.93E-17,0.999995256,4.07E-09,7.30E-19,4.74E-06
05-01-2018,0.006642299,-0.729298462,0.003742791,-0.047779676,0,0.000244744,9.220000267,0.543061203,1,Stable Bull,1.30E-17,0.999990065,5.47E-09,5.67E-18,9.93E-06
08-01-2018,0.001826881,-0.860232867,0.003718889,-0.106670162,0,0.000255769,9.520000458,0.579394064,1,Stable Bull,7.18E-18,0.999995489,3.53E-09,1.45E-17,4.51E-06
09-01-2018,0.002260795,-1.00304649,0.003711853,-0.073309506,0,0.000263487,10.07999992,0.588406027,1,Stable Bull,3.74E-18,0.999996898,1.59E-09,4.47E-18,3.10E-06
10-01-2018,-0.00153123,-1.136382474,0.003709491,0.116986943,-0.001530059,0.000261967,9.819999695,0.614997592,1,Stable Bull,4.80E-18,0.999997421,1.02E-09,1.54E-17,2.58E-06
11-01-2018,0.007269485,-1.042345714,0.003893047,0.084186262,0,0.00025729,9.880000114,0.596865972,1,Stable Bull,4.45E-18,0.999994775,2.25E-09,1.08E-17,5.22E-06
12-01-2018,0.006498327,-1.144125492,0.00401594,-0.022414254,0,0.000251423,10.15999985,0.631973048,1,Stable Bull,8.43E-18,0.999996782,2.98E-09,5.15E-17,3.22E-06
16-01-2018,-0.00342438,-1.232409865,0.004172885,-0.01995972,-0.003418524,0.000247653,11.65999985,0.654288882,1,Stable Bull,6.70E-17,0.999996966,3.02E-09,2.77E-16,3.03E-06
17-01-2018,0.009486291,-0.785221483,0.004227741,-0.05655954,0,0.0002398,11.90999985,0.707215561,1,Stable Bull,6.52E-17,0.999965273,2.50E-08,2.06E-15,3.47E-05
18-01-2018,-0.001681946,-0.895821647,0.004124681,0.10504576,-0.001680532,0.000228504,12.22000027,0.691315912,1,Stable Bull,1.28E-16,0.99998141,1.12E-08,2.37E-15,1.86E-05
19-01-2018,0.004539209,-0.944562683,0.004053464,0.13117279,0,0.000223404,11.27000046,0.733569971,1,Stable Bull,1.31E-17,0.999993942,1.87E-09,7.38E-16,6.06E-06
22-01-2018,0.008097935,-1.068118608,0.004012092,0.034443326,0,0.000213606,11.02999973,0.628717006,1,Stable Bull,7.80E-18,0.999994421,4.07E-09,6.29E-17,5.58E-06
23-01-2018,0.002120365,-1.151757827,0.003947171,-0.034460814,0,0.000199195,11.10000038,0.627679509,1,Stable Bull,5.51E-18,0.999997346,2.08E-09,1.72E-17,2.65E-06
24-01-2018,-0.0003882,-1.259284494,0.00400627,0.030598651,-0.000388124,0.000193659,11.47000027,0.64186216,1,Stable Bull,1.38E-17,0.99999755,2.33E-09,3.14E-17,2.45E-06
25-01-2018,0.000423232,-1.129049886,0.003983705,0.017432243,0,0.000188233,11.57999992,0.62326418,1,Stable Bull,1.91E-15,0.99999446,3.47E-09,3.45E-16,5.54E-06
26-01-2018,0.011511715,-1.246254748,0.004309184,0.051369065,0,0.000198844,11.07999992,0.608539457,1,Stable Bull,7.47E-13,0.999913395,7.17E-08,1.11E-12,8.65E-05
29-01-2018,-0.006652523,-1.303213192,0.004798989,-0.195925083,-0.006630444,0.000271454,13.84000015,0.637436888,1,Stable Bull,9.60E-12,0.995330556,6.18E-05,1.97E-11,0.004607663
30-01-2018,-0.010309657,-0.538699808,0.005610188,-0.482038927,-0.016819131,0.000443885,14.78999996,0.640402115,1,Stable Bull,8.66E-21,0.745562772,0.117011619,6.95E-23,0.137425609
31-01-2018,0.000496889,1.56543322,0.005449813,-0.568046581,-0.016330479,0.000534429,13.53999996,0.580182815,2,Correction,9.45E-18,0.001723845,0.998276155,7.85E-19,9.49E-15
01-02-2018,-0.001135862,1.243054325,0.00540533,-0.404907365,-0.017447157,0.000590846,13.47000027,0.575477723,2,Correction,4.09E-16,4.45E-05,0.999955496,6.53E-19,3.10E-13
02-02-2018,-0.022010511,1.057575365,0.007471415,-1.347608877,-0.038837379,0.000915636,17.30999947,0.747705639,2,Correction,8.33E-24,2.40E-17,1,4.54E-22,7.61E-13
05-02-2018,-0.042722377,3,0.012042897,-2.175369092,-0.079035732,0.001894074,37.31999969,0.759845762,2,Correction,1.12E-40,2.16E-91,1,5.55E-20,1.22E-42
06-02-2018,0.019510525,3,0.012775827,-1.758679782,-0.060890803,0.002556348,29.97999954,0.797415252,2,Correction,1.00E-34,3.29E-98,1,9.76E-22,2.90E-30
07-02-2018,-0.00543939,3,0.012800831,-1.668211786,-0.065985116,0.003017791,27.72999954,0.797675994,2,Correction,8.26E-32,1.57E-77,1,3.97E-25,2.16E-34
08-02-2018,-0.038230389,3,0.015110585,-1.380484426,-0.101018923,0.003618276,33.45999908,0.815512152,2,Correction,4.52E-35,2.40E-145,1,1.89E-22,4.94E-46
09-02-2018,0.014909846,3,0.015609653,-1.328886354,-0.087514832,0.004109437,29.05999947,0.824751621,2,Correction,1.45E-33,5.05E-199,1,2.86E-23,1.70E-42
12-02-2018,0.014577685,3,0.015910924,-1.272471999,-0.074115482,0.004508603,25.61000061,0.807818907,2,Correction,2.76E-33,6.86E-157,1,1.78E-24,6.03E-41
13-02-2018,0.002484309,3,0.015828933,-1.261781073,-0.071812439,0.004802372,24.96999931,0.804480936,2,Correction,5.52E-34,6.19E-133,1,5.46E-25,4.00E-42
14-02-2018,0.013405834,3,0.016180033,-1.288795112,-0.059285532,0.005046488,19.26000023,0.813720802,2,Correction,2.93E-35,1.16E-131,1,5.05E-26,9.14E-44
15-02-2018,0.012679517,3,0.016300886,-1.271586608,-0.047281787,0.005224785,19.12999916,0.812549181,2,Correction,8.30E-36,1.36E-101,1,5.14E-26,6.44E-45
16-02-2018,0.000293045,3,0.016303264,-1.288727447,-0.047002557,0.005327399,19.45999908,0.810745776,2,Correction,7.73E-36,4.12E-89,1,6.73E-26,3.24E-48
20-02-2018,-0.006280788,2.697399695,0.016289096,-1.198588152,-0.052969374,0.005357759,20.60000038,0.810309081,2,Correction,1.36E-35,4.00E-95,1,5.59E-25,8.38E-44
21-02-2018,-0.004986726,2.655878938,0.016151057,-1.122359114,-0.057680201,0.005311689,20.02000046,0.821253935,2,Correction,2.13E-35,8.21E-108,1,4.90E-25,2.50E-42
22-02-2018,0.001295088,2.590809605,0.016141076,-1.117415245,-0.056459024,0.005193086,18.71999931,0.821038641,2,Correction,2.04E-35,9.95E-114,1,2.57E-25,5.15E-40
23-02-2018,0.015813529,2.193230833,0.016613188,-1.102264048,-0.041419712,0.005026974,16.48999977,0.83462599,2,Correction,6.40E-36,8.12E-102,1,4.54E-25,9.44E-34
26-02-2018,0.011545562,1.875626468,0.016851346,-1.129430829,-0.030288228,0.004784968,15.80000019,0.851902126,2,Correction,1.08E-35,6.03E-73,1,3.23E-25,9.55E-30
27-02-2018,-0.012565363,1.594690957,0.016782419,-0.97098969,-0.042396775,0.004472312,18.59000015,0.85820691,2,Correction,2.99E-33,1.29E-63,1,3.75E-24,1.65E-27
28-02-2018,-0.010181529,2.076308158,0.016848214,-0.933692676,-0.052097174,0.004103271,19.85000038,0.868024065,2,Correction,2.15E-31,1.73E-71,1,1.21E-24,1.88E-29
01-03-2018,-0.014647679,2.385647035,0.016978308,-0.889510354,-0.065880556,0.003708394,22.46999931,0.867246062,2,Correction,2.56E-26,2.28E-86,1,1.97E-24,3.51E-31
02-03-2018,0.005141759,2.844943735,0.017048558,-0.914203969,-0.06106517,0.003149355,19.59000015,0.879512214,2,Correction,6.26E-22,8.18E-96,1,2.05E-23,4.19E-31
05-03-2018,0.011491955,2.410151343,0.017309281,-0.954913926,-0.050212734,0.002333749,18.72999954,0.875327663,2,Correction,2.72E-18,3.17E-75,1,2.04E-19,3.43E-22
06-03-2018,0.002531487,2.05278821,0.016680471,-1.188331973,-0.047805314,0.001478381,18.36000061,0.874003901,2,Correction,4.42E-16,6.30E-57,1,1.03E-16,1.34E-15
07-03-2018,-0.000366501,1.727107746,0.013586904,-1.11531762,-0.04815423,0.001308995,17.76000023,0.850700246,2,Correction,2.10E-15,1.28E-49,1,1.19E-16,4.29E-13
08-03-2018,0.004827438,1.518533356,0.012981868,-1.247308261,-0.043548145,0.001284882,16.54000092,0.830938958,2,Correction,1.03E-14,6.61E-48,1,2.25E-15,1.02E-11
09-03-2018,0.017252613,1.263249467,0.013368952,-1.29146261,-0.026903684,0.001220295,14.64000034,0.838738554,2,Correction,2.30E-15,7.12E-35,1,8.32E-15,2.62E-10
12-03-2018,-0.001255915,1.057958998,0.009759989,-0.306461671,-0.028125043,0.001816487,15.77999973,0.761547833,2,Correction,2.45E-13,4.92E-16,1,9.40E-15,3.02E-10
13-03-2018,-0.006483281,0.84546367,0.00964866,-0.13189043,-0.0344056,0.002245121,16.35000038,0.794567301,2,Correction,3.56E-15,2.44E-23,0.999999999,6.98E-16,1.44E-09
14-03-2018,-0.005144957,1.089779198,0.00939051,0.031813716,-0.039360784,0.002595584,17.22999954,0.821179016,2,Correction,3.38E-16,9.25E-32,1,3.98E-16,2.31E-11
15-03-2018,-0.001090043,1.167128057,0.009409,0.085802645,-0.040407351,0.002868796,16.59000015,0.820559828,2,Correction,1.67E-15,1.59E-39,1,5.09E-15,3.94E-12
16-03-2018,0.00108354,1.017672921,0.009010724,0.182475973,-0.039367031,0.003111613,15.80000019,0.801218574,2,Correction,6.25E-16,1.13E-43,1,7.52E-15,3.51E-11
19-03-2018,-0.013622942,0.811009716,0.009132962,0.282187742,-0.052364941,0.003286668,19.02000046,0.815296936,2,Correction,1.22E-18,3.25E-55,1,1.04E-15,7.96E-12
20-03-2018,0.001699506,1.346580105,0.009142332,0.259290002,-0.05075306,0.003416524,18.20000076,0.81815012,2,Correction,2.90E-18,3.66E-66,1,1.13E-15,1.36E-14
21-03-2018,-0.001921294,1.148288249,0.009046049,0.212394191,-0.052575092,0.003513498,17.86000061,0.80367683,2,Correction,4.46E-24,1.38E-69,1,2.77E-20,8.33E-14
22-03-2018,-0.025314853,0.968519307,0.010568166,-0.284794652,-0.076257985,0.003507964,23.34000015,0.817906459,2,Correction,4.24E-29,5.12E-103,1,1.67E-20,7.62E-20
23-03-2018,-0.021544829,2.396202997,0.011463139,-0.228156016,-0.095946989,0.003457163,24.87000084,0.847785418,2,Correction,3.95E-29,5.03E-159,1,1.76E-22,1.14E-33
26-03-2018,0.026991391,3,0.01254213,0.182719966,-0.071213041,0.003353135,21.03000069,0.874306972,2,Correction,3.22E-29,9.97E-159,1,2.42E-24,1.39E-35
27-03-2018,-0.0171581,2.802657241,0.0126128,0.359473005,-0.087013321,0.003218165,22.5,0.878169074,2,Correction,1.16E-28,3.62E-130,1,3.15E-24,7.24E-35
28-03-2018,-0.002959303,3,0.01241627,0.287898488,-0.089711131,0.003067811,22.87000084,0.880077805,2,Correction,8.80E-29,5.00E-160,1,3.56E-25,1.93E-35
29-03-2018,0.012696709,2.838034139,0.012700986,0.102591319,-0.078079774,0.002890845,19.96999931,0.888791219,2,Correction,3.01E-26,1.37E-154,1,1.83E-25,1.17E-31
02-04-2018,-0.021821153,2.410909741,0.01316524,0.031639342,-0.097979232,0.002683633,23.62000084,0.875713961,2,Correction,7.18E-23,1.44E-164,1,1.77E-24,1.17E-31
03-04-2018,0.012735674,2.922481468,0.013462491,0.003084408,-0.086417925,0.002446728,21.10000038,0.878454063,2,Correction,9.68E-21,1.17E-185,1,4.28E-25,3.73E-33
04-04-2018,0.010642342,2.473447947,0.013423335,0.004111069,-0.076643352,0.002134773,20.05999947,0.888652954,2,Correction,3.87E-18,5.24E-146,1,1.07E-22,9.17E-26
05-04-2018,0.007860853,2.103795832,0.013550046,-0.038722204,-0.069356378,0.00185262,18.94000053,0.886622667,2,Correction,4.44E-16,9.00E-120,1,1.07E-20,1.36E-20
06-04-2018,-0.022537795,1.770138495,0.014332036,0.022450145,-0.090096438,0.001902132,21.48999977,0.896544017,2,Correction,1.92E-14,1.08E-146,1,8.45E-19,8.59E-24
09-04-2018,0.004916221,2.47294258,0.014334209,0.021761448,-0.085612136,0.001976864,21.77000046,0.896914337,2,Correction,1.18E-13,9.85E-169,1,7.77E-19,2.77E-27
10-04-2018,0.015775577,2.082425483,0.014237585,0.010002027,-0.071072758,0.002025391,20.46999931,0.898246149,2,Correction,3.14E-12,6.32E-141,1,8.16E-17,2.91E-23
11-04-2018,-0.005256169,1.765102907,0.014250907,0.050552244,-0.075942547,0.002059526,20.23999977,0.902130234,2,Correction,8.27E-11,8.50E-124,1,1.67E-15,1.76E-20
12-04-2018,0.008193613,1.565624558,0.014399887,-0.078744499,-0.068340075,0.002072091,18.48999977,0.907520259,2,Correction,1.21E-09,6.52E-130,0.999999999,4.23E-14,6.28E-20
13-04-2018,-0.002937444,1.296681969,0.014381555,-0.100846327,-0.071072758,0.002040424,17.40999985,0.90499699,2,Correction,2.24E-08,4.02E-128,0.999999978,1.93E-12,1.03E-18
16-04-2018,0.008188005,1.056929503,0.014539601,-0.175413356,-0.063435473,0.001987737,16.55999947,0.905462228,2,Correction,4.69E-07,1.87E-127,0.999999531,8.15E-11,1.71E-18
17-04-2018,0.010641616,0.850023929,0.01476115,-0.236468725,-0.053415694,0.001874416,15.25,0.909817023,2,Correction,9.05E-06,6.83E-105,0.999990943,6.18E-09,6.65E-16
18-04-2018,0.000739821,0.679782987,0.014462232,-0.360336222,-0.052715132,0.001708848,15.60000038,0.90603338,2,Correction,0.000464294,1.37E-85,0.999535499,2.07E-07,3.38E-13
19-04-2018,-0.00556285,0.511756034,0.014505883,-0.286738081,-0.057970106,0.001483489,15.96000004,0.883553076,2,Correction,0.01706225,1.77E-94,0.982932757,4.99E-06,7.95E-14
20-04-2018,-0.00851574,0.644194682,0.014612281,-0.223281629,-0.065958127,0.001145467,16.87999916,0.866163891,2,Correction,0.145312256,5.51E-113,0.85467116,1.66E-05,3.72E-15
23-04-2018,-0.00014981,0.827910369,0.013478679,-0.245644923,-0.066098045,0.000919364,16.34000015,0.8725429,2,Correction,0.343205505,5.35E-122,0.656782651,1.18E-05,2.61E-15
24-04-2018,-0.013558595,0.757792927,0.012926319,-0.180318892,-0.078674988,0.000787626,18.02000046,0.867383528,0,Recovery,0.685895347,5.03E-140,0.314098222,6.43E-06,1.62E-17
25-04-2018,0.002468549,1.101688269,0.011478057,-0.545251671,-0.076397843,0.000896967,17.84000015,0.81517255,0,Recovery,0.806102623,3.41E-150,0.193896669,7.08E-07,1.21E-18
26-04-2018,0.010114336,0.923323261,0.011004401,-0.754981052,-0.067008819,0.001051257,16.23999977,0.798223764,0,Recovery,0.851356244,2.11E-134,0.148642363,1.39E-06,9.16E-18
27-04-2018,0.000938238,0.739884516,0.010966519,-0.812392712,-0.06613304,0.001175806,15.40999985,0.775352284,0,Recovery,0.889162333,1.60E-119,0.110835382,2.29E-06,5.20E-16
30-04-2018,-0.007720317,0.559429343,0.010801763,-0.663176536,-0.07331503,0.001311244,15.93000031,0.692006147,0,Recovery,0.969462229,4.90E-133,0.030537219,5.52E-07,7.93E-18
01-05-2018,0.001775331,0.771967596,0.009545816,-0.691388775,-0.071668397,0.001567484,15.48999977,0.698190105,0,Recovery,0.992590408,1.85E-139,0.007409374,2.18E-07,3.12E-20
02-05-2018,-0.006740134,0.588532221,0.009329928,-0.560158808,-0.077904437,0.00179057,15.97000027,0.568942803,0,Recovery,0.999825767,8.01E-152,0.000174231,1.85E-09,3.40E-22
03-05-2018,-0.002206174,0.756113818,0.009044468,-0.481390099,-0.079936498,0.001995561,15.89999962,0.539808369,0,Recovery,0.999997986,6.24E-169,2.01E-06,2.23E-10,3.31E-24
04-05-2018,0.012863298,0.663504581,0.009327995,-0.41027553,-0.068025001,0.002134836,14.77000046,0.575586273,0,Recovery,0.999999968,2.44E-160,2.82E-08,3.35E-09,2.25E-25
07-05-2018,0.003377541,0.504903141,0.00777231,0.062921722,-0.064871895,0.002353012,14.75,0.516314267,0,Recovery,1,2.75E-128,4.21E-11,4.23E-10,1.96E-20
08-05-2018,0,0.353938345,0.007731944,0.151541557,-0.064871895,0.002515524,14.71000004,0.513388108,0,Recovery,0.999999999,1.95E-128,2.76E-14,7.76E-10,3.88E-20
09-05-2018,0.009619462,0.294067543,0.007247998,-0.035568856,-0.055833061,0.002672485,13.42000008,0.485479773,0,Recovery,0.999999998,1.27E-121,1.71E-17,1.83E-09,3.06E-18
10-05-2018,0.009307191,0.171112167,0.007338244,-0.216716033,-0.047004498,0.002771808,13.22999954,0.481552955,0,Recovery,0.999999992,1.64E-95,3.10E-18,7.68E-09,1.00E-14
11-05-2018,0.003046617,0.058646356,0.007186783,-0.167270005,-0.044096659,0.002829393,12.64999962,0.47131914,0,Recovery,0.999999989,2.46E-78,9.89E-15,1.07E-08,2.72E-12
14-05-2018,0.000476376,-0.0523923,0.007126318,-0.231563458,-0.043641181,0.002847551,12.93000031,0.470895362,0,Recovery,0.999999985,7.74E-73,2.68E-12,1.52E-08,1.19E-12
15-05-2018,-0.0069106,-0.156761888,0.007167267,-0.041418306,-0.050227411,0.0028077,14.63000011,0.482766047,0,Recovery,0.999999991,9.27E-77,1.14E-12,8.95E-09,7.62E-14
16-05-2018,0.00419603,0.098030355,0.006849727,-0.060813507,-0.046233764,0.002718714,13.42000008,0.462535862,0,Recovery,0.999999998,1.77E-80,7.72E-14,1.87E-09,7.10E-14
17-05-2018,-0.000845016,-0.016802858,0.006854062,-0.027135855,-0.047039371,0.002597963,13.43000031,0.467809494,0,Recovery,0.999999999,3.31E-76,7.05E-14,1.38E-09,1.35E-13
18-05-2018,-0.002503163,-0.072153361,0.006755358,-0.065028725,-0.049421804,0.002415226,13.42000008,0.451669876,0,Recovery,1,4.54E-79,1.35E-13,2.86E-10,3.63E-14
21-05-2018,0.007490263,-0.055482251,0.006596641,-0.236090995,-0.042274991,0.00214615,13.07999992,0.376007831,0,Recovery,1,1.23E-71,3.63E-14,3.99E-12,6.30E-13
22-05-2018,-0.002783846,-0.148075188,0.006648277,-0.183167064,-0.044937442,0.001920458,13.22000027,0.383072616,0,Recovery,1,4.40E-65,6.30E-13,2.67E-12,3.03E-13
23-05-2018,0.002747369,-0.168701347,0.005745645,0.144474651,-0.042309925,0.001733822,12.57999992,0.268798354,0,Recovery,1,2.62E-62,2.66E-13,1.11E-15,5.35E-12
24-05-2018,-0.002050792,-0.259185743,0.005805386,0.238543924,-0.044271936,0.001639384,12.52999973,0.286732136,0,Recovery,1,2.87E-61,5.10E-12,2.84E-15,2.02E-12
25-05-2018,-0.002385345,-0.278855638,0.005525866,0.403881884,-0.04654896,0.0015623,13.22000027,0.29382159,0,Recovery,1,1.37E-62,1.43E-12,1.89E-15,5.43E-12
29-05-2018,-0.011567806,-0.215055221,0.006172628,0.151454931,-0.057514749,0.001400581,17.02000046,0.351618479,0,Recovery,1,2.78E-72,5.43E-12,5.99E-14,1.47E-13
30-05-2018,0.013256574,0.298620194,0.006476318,0.152773493,-0.044937442,0.001185466,14.93999958,0.375218834,0,Recovery,1,3.01E-72,1.52E-13,7.96E-14,7.09E-13
31-05-2018,-0.006144607,0.178376783,0.0066829,0.237918174,-0.050787934,0.001066932,15.43000031,0.372341403,0,Recovery,0.999999998,2.78E-60,4.89E-13,7.04E-14,2.11E-09
01-06-2018,0.009769647,0.305570145,0.006690611,0.068344837,-0.04146902,0.000940799,13.46000004,0.702763678,0,Recovery,0.999999926,1.35E-56,2.07E-09,7.03E-08,1.12E-09
04-06-2018,0.004739945,0.17864891,0.006651884,-0.067648281,-0.036914851,0.000815877,12.73999977,0.713374765,0,Recovery,0.999998712,2.56E-43,6.47E-10,1.37E-07,1.15E-06
05-06-2018,0.000727591,0.056271962,0.006187978,-0.060665467,-0.036213864,0.000603829,12.39999962,0.733882091,0,Recovery,0.999983768,3.61E-36,2.42E-08,3.11E-07,1.59E-05
06-06-2018,0.008325842,-0.057208261,0.006351181,-0.110445614,-0.028156035,0.000558454,11.64000034,0.722398009,0,Recovery,0.999954451,4.58E-30,1.84E-07,3.46E-07,4.50E-05
07-06-2018,-0.000108219,-0.154152669,0.006352787,-0.10809954,-0.028261201,0.000504151,12.13000011,0.704946634,0,Recovery,0.99991305,1.74E-23,2.96E-07,1.43E-07,8.65E-05
08-06-2018,0.002951848,-0.246575876,0.006105764,-0.067865726,-0.025388539,0.00049119,12.18000031,0.643237076,0,Recovery,0.999900031,2.25E-21,5.52E-07,2.36E-08,9.94E-05
11-06-2018,0.001329269,-0.325364185,0.005838803,0.000747565,-0.024092156,0.000477651,12.35000038,0.609852512,0,Recovery,0.999893672,1.85E-18,6.26E-07,8.20E-09,0.000105694
12-06-2018,0.001291259,-0.40167649,0.005822555,0.043066016,-0.022831193,0.000467284,12.34000015,0.615437691,0,Recovery,0.999891806,4.45E-17,1.41E-06,1.18E-08,0.000106773
13-06-2018,-0.003195817,-0.463711114,0.005895261,0.113641606,-0.025949061,0.000448502,12.93999958,0.631316463,0,Recovery,0.999892302,9.05E-18,3.12E-06,2.32E-08,0.000104552
14-06-2018,0.002514778,-0.387617426,0.005625678,0.021939165,-0.023496457,0.000432505,12.11999989,0.597018168,0,Recovery,0.999894846,1.90E-18,4.88E-06,1.58E-08,0.000100259
15-06-2018,-0.00127684,-0.459930508,0.005612617,0.15297459,-0.024742501,0.000433608,11.97999954,0.612454586,0,Recovery,0.999899423,5.41E-18,7.89E-06,4.52E-08,9.26E-05
18-06-2018,-0.002058992,-0.430955586,0.005639419,0.175618305,-0.026748482,0.000424231,12.31000042,0.595137391,0,Recovery,0.999907162,1.50E-19,1.37E-05,4.18E-08,7.91E-05
19-06-2018,-0.003840131,-0.434038574,0.005688318,0.185908717,-0.030478728,0.000412027,13.35000038,0.58285297,0,Recovery,0.999920689,2.91E-22,1.45E-05,2.61E-08,6.48E-05
20-06-2018,0.001704701,-0.244300131,0.005491902,0.274118535,-0.028824574,0.000416058,12.78999996,0.556810573,0,Recovery,0.999934944,4.80E-23,9.77E-06,8.11E-09,5.53E-05
21-06-2018,-0.006288669,-0.328889742,0.005652821,0.258450229,-0.034912812,0.000400692,14.64000034,0.573233303,0,Recovery,0.999944555,5.81E-25,1.25E-05,1.24E-08,4.29E-05
22-06-2018,0.001821682,-0.051176077,0.005637986,0.281937899,-0.033153128,0.000404787,13.77000046,0.552547176,0,Recovery,0.999956714,3.80E-27,8.96E-06,2.83E-09,3.43E-05
25-06-2018,-0.01370642,-0.155582033,0.006416744,-0.089634383,-0.046314731,0.000412333,17.32999992,0.640999316,0,Recovery,0.999964522,1.11E-36,3.43E-05,5.26E-08,1.15E-06
26-06-2018,0.002211481,0.473608392,0.006413358,-0.190024671,-0.044203341,0.000404041,15.92000008,0.644604083,0,Recovery,0.99999119,4.31E-46,8.79E-06,8.56E-09,1.41E-08
27-06-2018,-0.008318919,0.314055901,0.006151222,-0.07366242,-0.052121555,0.000403788,17.90999985,0.652058573,0,Recovery,0.999997877,2.30E-52,2.10E-06,1.69E-08,1.51E-09
28-06-2018,0.005701621,0.551858371,0.005544863,-0.510675118,-0.046701675,0.000407603,16.85000038,0.709256888,0,Recovery,0.999999196,8.45E-56,6.36E-07,1.67E-07,3.08E-10
29-06-2018,0.001438637,0.390004734,0.005375037,-0.693002226,-0.045329238,0.000401386,16.09000015,0.715851396,0,Recovery,0.999999598,5.32E-50,1.87E-07,2.13E-07,2.22E-09
02-07-2018,0.002135349,0.23967926,0.004941296,-1.026347763,-0.043288504,0.000422981,15.60000038,0.658061943,0,Recovery,0.999999797,9.24E-48,6.86E-08,1.31E-07,3.35E-09
03-07-2018,-0.003537278,0.107331434,0.004866277,-0.893303665,-0.04666668,0.000438419,16.13999939,0.646175621,0,Recovery,0.999999461,1.57E-48,4.22E-08,1.13E-07,3.84E-07
05-07-2018,0.00812481,0.216146216,0.005213734,-0.704313877,-0.038889477,0.0004458,14.97000027,0.665795584,0,Recovery,0.999675555,6.57E-43,5.46E-08,7.45E-06,0.000316942
06-07-2018,0.008422764,0.094666356,0.005221633,-0.696267551,-0.030760081,0.000437016,13.36999989,0.712027659,0,Recovery,0.877356002,2.30E-28,2.42E-07,0.000202425,0.122441331
09-07-2018,0.008964077,-0.015787207,0.005585923,-0.586061846,-0.022032682,0.000410154,12.68999958,0.747632615,4,Bull Recovery,0.158740093,1.27E-15,6.08E-06,0.000100958,0.841152873
10-07-2018,0.003591455,-0.110701371,0.0056028,-0.592552209,-0.018514042,0.000396948,12.64000034,0.774925532,4,Bull Recovery,0.004666974,1.25E-08,9.52E-06,4.76E-06,0.995318739
11-07-2018,-0.007340884,-0.209091956,0.005840262,-0.422035954,-0.025692635,0.000396986,13.63000011,0.773717607,4,Bull Recovery,0.000338958,1.58E-10,1.33E-05,5.35E-07,0.999647216
12-07-2018,0.009024822,-0.004962804,0.006165688,-0.378194392,-0.016859888,0.000412063,12.57999992,0.803395596,4,Bull Recovery,1.05E-05,8.53E-10,1.40E-05,4.34E-07,0.999975082
13-07-2018,0.000787404,-0.10733464,0.00611414,-0.473716417,-0.016085455,0.000421326,12.18000031,0.791452726,4,Bull Recovery,1.85E-07,3.94E-06,1.03E-05,2.04E-07,0.99998536
16-07-2018,-0.000894503,-0.207710394,0.006102656,-0.397081713,-0.016965175,0.000432256,12.82999992,0.791106692,4,Bull Recovery,4.28E-09,3.92E-06,6.19E-06,1.36E-07,0.99998975
17-07-2018,0.004037195,-0.219063638,0.006143283,-0.503687017,-0.01298845,0.000443489,12.06000042,0.796311435,4,Bull Recovery,3.43E-10,5.04E-05,7.57E-06,1.60E-07,0.999941917
18-07-2018,0.002101019,-0.307794905,0.006121285,-0.603794005,-0.010912539,0.000452293,12.10000038,0.791508238,4,Bull Recovery,3.13E-10,0.001414662,9.25E-06,1.58E-07,0.998575934
19-07-2018,-0.003778224,-0.388917555,0.006118969,-0.605090513,-0.014642482,0.000460092,12.86999989,0.780427087,4,Bull Recovery,6.46E-10,0.001653136,1.20E-05,1.68E-07,0.998334646
20-07-2018,-0.001143589,-0.221631923,0.00612881,-0.535882241,-0.015768682,0.000463302,12.85999966,0.739073705,4,Bull Recovery,1.47E-09,0.003046344,4.48E-05,1.33E-07,0.996908713
23-07-2018,0.001857569,-0.285699818,0.00592296,-0.713035169,-0.013938706,0.000463374,12.61999989,0.715799761,4,Bull Recovery,6.65E-10,0.040742679,0.000356347,5.16E-08,0.958900922
24-07-2018,0.005019254,-0.373738313,0.00598527,-0.754099917,-0.008976972,0.000463805,12.40999985,0.706718732,1,Stable Bull,1.79E-11,0.647957199,0.000230204,1.39E-09,0.351812595
25-07-2018,0.008486198,-0.445783076,0.005123306,-0.441195032,-0.000531168,0.000464859,12.28999996,0.643191773,1,Stable Bull,6.59E-13,0.991357896,3.45E-06,7.76E-12,0.00863865
26-07-2018,-0.002360998,-0.508592678,0.005220502,-0.32362712,-0.002888128,0.00045204,12.14000034,0.665128545,1,Stable Bull,5.55E-14,0.999914803,1.31E-07,8.87E-13,8.51E-05
27-07-2018,-0.006799962,-0.499790266,0.005078761,-0.231548394,-0.00964545,0.000457871,13.02999973,0.719828184,1,Stable Bull,2.56E-14,0.999968282,1.04E-07,3.49E-13,3.16E-05
30-07-2018,-0.005237232,-0.191234801,0.005247701,-0.05976651,-0.014818608,0.000465452,14.26000023,0.7261515,1,Stable Bull,4.82E-14,0.999768005,1.32E-06,2.72E-13,0.000230678
31-07-2018,0.004917017,-0.014762229,0.005298114,-0.141257974,-0.009962526,0.000467813,12.82999992,0.724633562,1,Stable Bull,3.61E-14,0.999920764,6.76E-07,1.59E-13,7.86E-05
01-08-2018,-0.001671583,-0.124033311,0.00534852,-0.046294238,-0.011616073,0.000446163,13.14999962,0.490746513,1,Stable Bull,4.67E-15,0.999988777,5.74E-08,6.86E-18,1.12E-05
02-08-2018,0.005433018,-0.140073995,0.005279596,-0.231185537,-0.006231552,0.000418565,12.18999958,0.47656489,1,Stable Bull,3.23E-17,0.999993649,3.54E-08,6.05E-20,6.32E-06
03-08-2018,0.00427514,-0.237438149,0.005119917,-0.227410363,-0.001973959,0.000424033,11.64000034,0.478123834,1,Stable Bull,8.89E-18,0.999998895,1.34E-08,2.27E-20,1.09E-06
06-08-2018,0.003660787,-0.327760235,0.004912957,-0.238378818,0,0.00044468,11.27000046,0.460559825,1,Stable Bull,5.87E-18,0.999998754,1.24E-08,3.91E-21,1.23E-06
07-08-2018,0.003296874,-0.409496615,0.004634115,-0.310449114,0,0.000496109,10.93000031,0.443858828,1,Stable Bull,5.60E-18,0.999998245,7.34E-09,2.68E-21,1.75E-06
08-08-2018,-0.000419809,-0.487298652,0.004617501,-0.195485572,-0.000419721,0.00054005,10.85000038,0.447674064,1,Stable Bull,1.10E-17,0.999997593,9.19E-09,1.33E-20,2.40E-06
09-08-2018,-0.001367185,-0.560817233,0.004239578,-0.063955912,-0.001785398,0.00060581,11.27000046,0.426026636,1,Stable Bull,5.45E-17,0.999996296,2.04E-09,2.03E-20,3.70E-06
10-08-2018,-0.006723194,-0.503800167,0.004214582,-0.182156956,-0.008474079,0.000642685,13.15999985,0.394770948,1,Stable Bull,1.13E-16,0.99998028,5.53E-09,8.79E-20,1.97E-05
13-08-2018,-0.00375015,-0.265282026,0.004321693,-0.068886545,-0.012185486,0.000659078,14.77999973,0.39836563,1,Stable Bull,9.16E-17,0.999865176,3.71E-08,1.75E-19,0.000134787
14-08-2018,0.006360478,-0.124919943,0.0044973,-0.178720801,-0.00588249,0.000653708,13.31000042,0.391878041,1,Stable Bull,4.28E-16,0.99998288,1.25E-08,4.23E-19,1.71E-05
15-08-2018,-0.007495732,-0.220898959,0.004774165,-0.076543904,-0.013306271,0.000624413,14.64000034,0.401771243,1,Stable Bull,5.22E-17,0.999971411,4.65E-08,4.10E-20,2.85E-05
16-08-2018,0.008059221,0.012152999,0.005059917,-0.049093214,-0.005322158,0.000583718,13.44999981,0.400531653,1,Stable Bull,7.35E-18,0.999995911,1.56E-08,1.56E-21,4.07E-06
17-08-2018,0.003514191,-0.097714986,0.005001116,-0.22130298,-0.001820521,0.000535314,12.64000034,0.402082024,1,Stable Bull,3.41E-18,0.999999489,1.20E-08,4.03E-22,4.99E-07
20-08-2018,0.002137328,-0.196845353,0.004986855,-0.31538563,0,0.000474695,12.48999977,0.434952902,1,Stable Bull,3.22E-17,0.999998698,6.84E-08,3.87E-21,1.23E-06
21-08-2018,0.002342667,-0.290903443,0.004992103,-0.327891771,0,0.000424465,12.85999966,0.451312895,1,Stable Bull,1.36E-16,0.999996222,7.34E-08,1.84E-20,3.70E-06
22-08-2018,-0.000593508,-0.375784351,0.004917662,-0.204915745,-0.000593332,0.000352048,12.25,0.44213164,1,Stable Bull,1.91E-16,0.999997289,3.51E-08,3.52E-20,2.68E-06
23-08-2018,-0.001329055,-0.444381247,0.004603517,-0.183126514,-0.001920717,0.000353782,12.40999985,0.428940351,1,Stable Bull,4.76E-17,0.999996409,1.22E-08,6.95E-21,3.58E-06
24-08-2018,0.005999915,-0.389611419,0.004722117,-0.330137201,0,0.000346048,11.98999977,0.412784829,1,Stable Bull,1.10E-17,0.999996629,5.96E-09,3.56E-21,3.37E-06
27-08-2018,0.007864744,-0.457505503,0.004641864,-0.409208661,0,0.000344791,12.15999985,0.334898324,1,Stable Bull,1.16E-18,0.999993337,1.05E-09,2.04E-23,6.66E-06
28-08-2018,0.000482808,-0.518586897,0.004394525,-0.497477524,0,0.00034338,12.5,0.269202922,1,Stable Bull,9.01E-20,0.999993781,6.37E-10,7.08E-25,6.22E-06
29-08-2018,0.005366628,-0.583354314,0.004412214,-0.496703817,0,0.000331989,12.25,0.297861818,1,Stable Bull,1.55E-19,0.999992992,2.87E-10,9.12E-24,7.01E-06
30-08-2018,-0.004056849,-0.637832331,0.004532092,-0.464737274,-0.004048631,0.000304739,13.52999973,0.423974174,1,Stable Bull,7.58E-19,0.999973185,3.33E-08,8.30E-20,2.68E-05
31-08-2018,3.47E-05,-0.533458417,0.004454712,-0.347194606,-0.004014101,0.000279547,12.85999966,0.351897597,1,Stable Bull,1.07E-17,0.999992716,1.04E-09,5.36E-22,7.28E-06
04-09-2018,-0.001723896,-0.547950455,0.004447885,-0.182519595,-0.005729598,0.000263352,13.15999985,0.362533349,1,Stable Bull,1.83E-18,0.99999025,9.68E-10,1.03E-21,9.75E-06
05-09-2018,-0.00269464,-0.517803339,0.004476164,-0.010844724,-0.008405193,0.000257661,13.90999985,0.410414244,1,Stable Bull,4.36E-17,0.999963333,3.82E-09,3.44E-19,3.67E-05
06-09-2018,-0.003014726,-0.459604131,0.004506902,0.155856333,-0.011390078,0.000258714,14.64999962,0.439054767,1,Stable Bull,1.62E-15,0.999743521,1.76E-08,3.97E-17,0.000256462
07-09-2018,-0.001945404,-0.329131544,0.004533473,0.195378616,-0.013311454,0.000259244,14.88000011,0.456549137,1,Stable Bull,1.72E-14,0.999240152,1.05E-07,9.01E-16,0.000759743
10-09-2018,0.001736773,-0.345292489,0.004525087,0.100301732,-0.011596311,0.000246215,14.15999985,0.400761803,1,Stable Bull,7.51E-15,0.999371022,2.30E-08,1.22E-17,0.000628955
11-09-2018,0.003292106,-0.427362024,0.004244433,0.042012711,-0.00833702,0.000243833,13.22000027,0.431996418,1,Stable Bull,3.98E-16,0.999875137,7.85E-09,1.34E-17,0.000124855
12-09-2018,0.000241983,-0.496181136,0.004109214,-0.018154794,-0.008097025,0.000260708,13.14000034,0.426598704,1,Stable Bull,2.78E-17,0.999969232,3.33E-09,4.99E-19,3.08E-05
13-09-2018,0.00589724,-0.53088317,0.004081107,-0.027688816,-0.002230253,0.000284524,12.36999989,0.460950992,1,Stable Bull,5.21E-18,0.999988107,3.50E-09,3.12E-19,1.19E-05
14-09-2018,0.000171954,-0.587980744,0.00358149,0.363795753,-0.002058668,0.000356202,12.06999969,0.447952717,1,Stable Bull,8.21E-17,0.999995809,7.18E-10,1.06E-18,4.19E-06
17-09-2018,-0.005308155,-0.648022423,0.003547688,0.246014529,-0.007341861,0.000395375,13.68000031,0.539786656,1,Stable Bull,6.22E-17,0.999924788,2.31E-08,9.78E-17,7.52E-05
18-09-2018,0.005411598,-0.424666668,0.003641141,0.230752414,-0.001955433,0.000413693,12.78999996,0.552886979,1,Stable Bull,2.36E-16,0.999971547,1.86E-08,3.21E-16,2.84E-05
19-09-2018,0.00106473,-0.494153262,0.003631419,0.274138511,-0.00089222,0.000422819,11.75,0.543234064,1,Stable Bull,2.21E-16,0.999994887,7.53E-09,7.41E-17,5.11E-06
20-09-2018,0.008071241,-0.562806664,0.003945506,0.303975041,0,0.000402459,11.80000019,0.571478353,1,Stable Bull,2.63E-17,0.999991442,3.17E-09,9.72E-18,8.56E-06
21-09-2018,-0.000914081,-0.616064958,0.00395336,0.31102016,-0.000913663,0.000380901,11.68000031,0.5735316,1,Stable Bull,1.56E-17,0.999995109,6.45E-09,2.18E-17,4.88E-06
24-09-2018,-0.003327197,-0.640483941,0.004039713,0.305237029,-0.004232296,0.000373607,12.19999981,0.540360468,1,Stable Bull,9.02E-18,0.999995883,2.61E-09,9.61E-19,4.11E-06
25-09-2018,-0.000928235,-0.523965027,0.003898132,0.490456975,-0.005156173,0.000360226,12.42000008,0.53774553,1,Stable Bull,2.72E-18,0.999997558,1.04E-09,7.04E-19,2.44E-06
26-09-2018,-0.002996893,-0.497835795,0.0036172,0.609572004,-0.008133151,0.000362694,12.89000034,0.543609427,1,Stable Bull,1.47E-18,0.999995835,1.27E-09,1.09E-18,4.16E-06
27-09-2018,0.002790226,-0.452767344,0.003660008,0.513605752,-0.005361753,0.000370487,12.40999985,0.544646309,1,Stable Bull,5.11E-19,0.999995822,1.06E-09,4.36E-19,4.18E-06
28-09-2018,0.000102926,-0.526089898,0.003474173,0.667632982,-0.005259374,0.000385628,12.11999989,0.509295712,1,Stable Bull,6.34E-19,0.999998526,2.16E-10,1.94E-19,1.47E-06
01-10-2018,0.003468486,-0.593702156,0.003412533,0.522082984,-0.00180314,0.000391953,12,0.549515011,1,Stable Bull,2.52E-18,0.999995191,7.64E-10,4.44E-18,4.81E-06
02-10-2018,-0.000582974,-0.65360277,0.003418939,0.54428148,-0.002384893,0.000395648,12.05000019,0.542817419,1,Stable Bull,1.26E-15,0.999977577,1.05E-09,1.52E-15,2.24E-05
03-10-2018,0.000548628,-0.694755393,0.00338348,0.47624971,-0.001837423,0.000395546,11.60999966,0.541421053,1,Stable Bull,1.45E-13,0.997685486,1.15E-08,1.28E-13,0.002314503
04-10-2018,-0.007846066,-0.741541474,0.003790999,0.017061818,-0.009638429,0.000372318,14.22000027,0.627657912,1,Stable Bull,3.27E-12,0.623612013,8.13E-06,1.51E-10,0.376379855
05-10-2018,-0.005613115,-0.365949757,0.003943342,-0.029624387,-0.01518187,0.000342222,14.81999969,0.652286864,4,Bull Recovery,1.96E-09,0.086229243,3.72E-05,3.96E-08,0.913733558
08-10-2018,0,-0.164367889,0.00391418,-0.095104239,-0.01518187,0.000303019,15.68999958,0.632810256,4,Bull Recovery,3.95E-09,0.000508724,0.000306578,7.47E-08,0.99918462
09-10-2018,-0.001460523,-0.208178509,0.0039157,0.017519566,-0.01661917,0.000255649,15.94999981,0.650393546,4,Bull Recovery,1.80E-18,2.87E-05,0.008491665,1.57E-16,0.991479645
10-10-2018,-0.032175011,-0.269004007,0.007994328,-2.712836666,-0.047755861,0.000955126,22.95999908,0.809714882,2,Correction,4.70E-36,1.61E-30,0.999999998,7.21E-20,1.56E-09
11-10-2018,-0.022272475,1.981701891,0.009160979,-2.031319864,-0.068730251,0.001485888,24.97999954,0.76509712,2,Correction,9.30E-30,2.46E-64,1,1.72E-22,5.35E-22
12-10-2018,0.013792309,2.743245138,0.009677249,-1.62634258,-0.055796906,0.001907299,21.30999947,0.799530372,2,Correction,9.18E-29,4.32E-72,1,1.35E-25,3.24E-26
15-10-2018,-0.005632573,2.304341437,0.00968643,-1.536927558,-0.061100249,0.002208606,21.29999924,0.809249089,2,Correction,6.10E-26,2.86E-64,1,2.13E-25,1.56E-23
16-10-2018,0.021630514,2.051555069,0.010999389,-0.863909452,-0.040570127,0.00257444,17.62000084,0.836319079,2,Correction,2.60E-24,3.20E-59,1,4.82E-24,8.26E-20
17-10-2018,0.000178096,1.720685095,0.010899039,-0.829420303,-0.040399241,0.002841714,17.39999962,0.837280614,2,Correction,5.21E-24,2.51E-39,1,9.75E-24,3.48E-18
18-10-2018,-0.014546204,1.409026708,0.011240345,-0.632732528,-0.054256758,0.003074046,20.05999947,0.856627429,2,Correction,3.64E-26,1.72E-54,1,3.90E-24,1.12E-17
19-10-2018,-0.000543086,1.810290878,0.010998589,-0.603085002,-0.054770238,0.003240844,19.88999939,0.851520709,2,Correction,1.02E-25,1.41E-68,1,2.97E-24,6.05E-20
22-10-2018,-0.00449869,1.602681025,0.010997591,-0.555975436,-0.059012983,0.003364674,19.63999939,0.858177638,2,Correction,2.86E-25,6.08E-78,1,1.31E-23,2.72E-19
23-10-2018,-0.005104006,1.397158795,0.011008252,-0.531167654,-0.06380355,0.003454202,20.70999908,0.850360966,2,Correction,1.59E-28,2.12E-91,1,2.71E-23,6.55E-19
24-10-2018,-0.030766732,1.464154175,0.012553209,-0.56711068,-0.092168668,0.003602095,25.22999954,0.876540568,2,Correction,5.73E-30,2.04E-145,1,2.16E-22,9.38E-29
25-10-2018,0.017781424,2.501048077,0.013452549,-0.458999188,-0.075881761,0.003745944,24.21999931,0.873329702,2,Correction,2.43E-28,8.12E-163,1,3.88E-23,8.39E-33
26-10-2018,-0.017744049,2.090496386,0.013725977,-0.276209874,-0.092134737,0.003846568,24.15999985,0.876733324,2,Correction,1.25E-25,1.38E-164,1,2.63E-21,1.73E-32
29-10-2018,-0.005555701,2.283013733,0.013689751,-0.219687086,-0.09716458,0.003868423,24.70000076,0.86874675,2,Correction,3.55E-23,2.03E-206,1,2.98E-19,5.81E-36
30-10-2018,0.014709976,2.218918895,0.014230791,-0.19233059,-0.083785733,0.003854969,23.35000038,0.850978272,2,Correction,7.56E-21,1.30E-198,1,3.47E-17,2.22E-34
31-10-2018,0.010624027,1.847419523,0.014574513,-0.239741408,-0.073999957,0.003790156,21.22999954,0.862449758,2,Correction,8.27E-18,2.46E-159,1,1.32E-15,2.13E-28
01-11-2018,0.010585548,1.527263601,0.014876982,-0.281354337,-0.064145675,0.003659018,19.34000015,0.850408601,2,Correction,1.62E-14,1.89E-131,1,1.28E-13,4.49E-24
02-11-2018,-0.005940447,1.236946004,0.014852181,-0.300214152,-0.069688588,0.003473608,19.51000023,0.746748033,2,Correction,3.16E-11,1.07E-123,1,1.52E-11,7.90E-22
05-11-2018,0.005501636,1.026506892,0.014951315,-0.393522753,-0.064556248,0.003210894,19.95999908,0.717611349,2,Correction,7.94E-09,1.19E-123,0.999999991,9.48E-10,1.73E-20
06-11-2018,0.006308321,0.786722267,0.01506592,-0.436069369,-0.058636517,0.002826669,19.90999985,0.720834187,2,Correction,5.37E-07,1.47E-104,0.99999944,2.38E-08,1.23E-17
07-11-2018,0.021182868,0.586677355,0.015904594,-0.417658014,-0.038483038,0.002310678,16.36000061,0.747742052,2,Correction,2.26E-05,4.89E-82,0.999976983,4.43E-07,1.81E-15
08-11-2018,-0.001816636,0.421232133,0.014227284,-0.361591019,-0.040228179,0.0021069,16.71999931,0.697277844,2,Correction,0.000779634,1.96E-48,0.99921986,5.05E-07,5.96E-10
09-11-2018,-0.009816364,0.251087813,0.013475683,-0.339890891,-0.049603557,0.001948603,17.36000061,0.728013606,2,Correction,0.011782892,1.69E-59,0.988214173,2.93E-06,7.06E-11
12-11-2018,-0.018861937,0.532374852,0.013801947,-0.161533113,-0.06736187,0.001809484,20.45000076,0.728409521,2,Correction,0.079706929,8.02E-88,0.920285957,7.11E-06,1.28E-14
13-11-2018,-0.001873067,1.306091711,0.013757538,-0.200621539,-0.069107129,0.001634499,20.02000046,0.724697562,2,Correction,0.21516216,1.37E-109,0.784837277,5.62E-07,2.31E-16
14-11-2018,-0.00685986,1.071623114,0.012850456,-0.18527972,-0.07547107,0.001552108,21.25,0.707044274,0,Recovery,0.426511631,8.67E-121,0.573487762,6.06E-07,3.40E-17
15-11-2018,0.010382387,1.204732963,0.013117735,-0.247597124,-0.06582225,0.001446156,19.97999954,0.72212736,0,Recovery,0.620637548,8.39E-120,0.379361669,7.83E-07,1.68E-17
16-11-2018,0.002597253,0.953983196,0.012779862,-0.405649592,-0.063392801,0.001362875,18.13999939,0.716114973,0,Recovery,0.795188288,1.29E-105,0.204810945,7.68E-07,1.98E-15
19-11-2018,-0.017059104,0.715982227,0.013283368,-0.278949921,-0.07923497,0.001232615,20.10000038,0.743926866,0,Recovery,0.948200523,2.64E-131,0.05179828,1.20E-06,2.13E-19
20-11-2018,-0.018679623,1.13151189,0.013806982,-0.200350585,-0.096274868,0.001069093,22.47999954,0.7668207,0,Recovery,0.99065081,1.51E-189,0.009349062,1.28E-07,2.25E-26
21-11-2018,0.003401742,1.844769058,0.013833765,-0.285675884,-0.093195394,0.000855453,20.79999924,0.78334204,0,Recovery,0.997487599,2.38E-220,0.002512392,8.79E-09,1.01E-28
23-11-2018,-0.006701233,1.49868591,0.012188738,-0.003619916,-0.099251787,0.000888142,21.52000046,0.775595624,0,Recovery,0.999536647,6.01E-222,0.000463351,2.43E-09,1.86E-29
26-11-2018,0.016015615,1.478603712,0.012062674,-0.028473137,-0.08470961,0.000972934,18.89999962,0.775947931,0,Recovery,0.9998966,6.93E-217,0.000103394,6.12E-09,1.33E-29
27-11-2018,0.003358831,1.19384864,0.011412006,-0.125049814,-0.081630136,0.00111021,19.02000046,0.791688293,0,Recovery,0.99995149,1.76E-171,4.85E-05,6.07E-09,4.03E-23
28-11-2018,0.022764348,0.928611679,0.012293915,-0.130024468,-0.060484272,0.001154866,18.48999977,0.827969771,0,Recovery,0.999961844,3.09E-135,3.80E-05,1.50E-07,4.39E-21
29-11-2018,-0.002187541,0.718005469,0.011961816,0.000940087,-0.062537255,0.001206082,18.79000092,0.84325327,0,Recovery,0.999966043,1.05E-94,3.39E-05,4.53E-08,3.39E-14
30-11-2018,0.006076898,0.538050822,0.011820964,0.034267296,-0.056823045,0.001241177,18.06999969,0.83481783,0,Recovery,0.999969817,3.34E-93,3.01E-05,5.76E-08,2.40E-14
03-12-2018,0.013154351,0.346468051,0.011939171,0.0299356,-0.044334203,0.001237153,16.44000053,0.856361262,0,Recovery,0.999971685,7.55E-74,2.81E-05,2.49E-07,2.21E-12
04-12-2018,-0.032938915,0.184500264,0.013999488,-0.421893918,-0.075300008,0.001197153,20.73999977,0.905070868,0,Recovery,0.999969968,1.30E-106,2.62E-05,3.87E-06,9.83E-19
06-12-2018,-0.001518419,1.53455779,0.013938004,-0.357465806,-0.076703024,0.001145011,21.19000053,0.929000076,0,Recovery,0.999978313,5.65E-137,2.16E-05,4.61E-08,9.31E-20
07-12-2018,-0.023510122,1.508955919,0.014694954,-0.205971514,-0.098156671,0.001117565,23.22999954,0.932868723,0,Recovery,0.999987915,6.88E-185,1.20E-05,6.07E-08,1.28E-26
10-12-2018,0.001895141,2.002917039,0.013742658,-0.292152049,-0.096445931,0.000941436,22.63999939,0.916023619,0,Recovery,0.999993751,5.40E-223,6.24E-06,8.02E-09,8.31E-30
11-12-2018,0.000227043,1.713388977,0.013758392,-0.312287525,-0.096240761,0.000918512,21.76000023,0.91594911,0,Recovery,0.999998389,3.48E-228,1.60E-06,6.80E-09,1.75E-30
12-12-2018,0.005023059,1.370754392,0.013764511,-0.453592966,-0.091689705,0.000926977,21.45999908,0.916667806,0,Recovery,0.999999793,1.48E-226,1.96E-07,1.06E-08,1.01E-31
13-12-2018,-0.000339168,1.076965179,0.013223351,-0.613531937,-0.091997723,0.000913133,20.64999962,0.906764452,0,Recovery,0.999999975,1.84E-223,1.27E-08,1.20E-08,4.88E-32
14-12-2018,-0.018637166,0.926183255,0.013756547,-0.469324073,-0.108763593,0.000913095,21.62999916,0.911965091,0,Recovery,0.999999992,5.01E-273,1.85E-10,7.78E-09,4.09E-39
17-12-2018,-0.019813804,1.298714159,0.014263032,-0.384700211,-0.126248582,0.000948349,24.52000046,0.896092177,0,Recovery,0.999999998,0,8.69E-13,1.69E-09,1.75E-49
18-12-2018,-0.001097005,2.07430564,0.013953599,-0.332422956,-0.127206566,0.000965381,25.57999992,0.887368483,0,Recovery,0.999999999,0,1.69E-14,5.54E-10,1.02E-53
19-12-2018,-0.015088922,1.678549612,0.014116671,-0.171346985,-0.14027722,0.000982595,25.57999992,0.877395839,0,Recovery,1,0,2.21E-17,1.61E-10,4.66E-62
20-12-2018,-0.016411899,2.030223858,0.014087593,-0.173434326,-0.154271751,0.001000321,28.37999916,0.874758089,0,Recovery,1,0,5.43E-20,1.56E-10,2.62E-72
21-12-2018,-0.020702529,2.238231227,0.014199119,-0.175139469,-0.171600471,0.001014454,30.11000061,0.879954101,0,Recovery,1,0,6.46E-23,6.02E-11,1.48E-84
24-12-2018,-0.026778163,2.686588098,0.01490684,-0.040019147,-0.193489112,0.001068973,36.06999969,0.87926607,0,Recovery,0.999999945,0,3.23E-23,5.54E-08,5.42E-103
26-12-2018,0.049289803,3,0.019110976,0.761909685,-0.152740349,0.001621542,30.40999985,0.924511434,0,Recovery,0.999998607,0,1.73E-25,1.39E-06,2.34E-121
27-12-2018,0.007648171,2.695932883,0.018780926,0.82466268,-0.146235519,0.001923766,29.95999908,0.920625882,0,Recovery,0.999999986,0,1.45E-24,1.41E-08,6.85E-77
28-12-2018,-0.001290812,2.219535342,0.018725657,0.866082578,-0.147336858,0.002089215,28.34000015,0.919280156,0,Recovery,0.999999998,0,7.37E-26,2.22E-09,3.24E-79
31-12-2018,0.008720491,1.896352089,0.017975195,0.949348835,-0.139868701,0.002177644,25.42000008,0.91093689,0,Recovery,0.999999999,0,7.32E-28,7.96E-10,1.10E-82
02-01-2019,0.001040061,1.528220538,0.018007067,0.919271288,-0.138973647,0.002209997,23.21999931,0.910590438,0,Recovery,0.999999999,0,1.56E-28,7.42E-10,3.19E-82
03-01-2019,-0.024152059,1.204755936,0.018361793,1.032707125,-0.159520089,0.002216216,25.45000076,0.870903835,0,Recovery,0.999999999,0,1.35E-29,1.00E-09,3.56E-93
04-01-2019,0.032946906,2.020140903,0.019816939,1.00636445,-0.131367655,0.00230088,21.37999916,0.886804041,0,Recovery,0.99999992,0,2.41E-28,7.97E-08,8.40E-95
07-01-2019,0.007853562,1.665512006,0.018871486,1.036735448,-0.124518939,0.002377867,21.39999962,0.880913165,0,Recovery,0.999999971,0,5.54E-27,2.86E-08,8.59E-69
08-01-2019,0.009351601,1.325849933,0.019050989,0.936815436,-0.116293388,0.002437393,20.46999931,0.883157355,0,Recovery,0.99999993,0,2.28E-27,7.05E-08,2.98E-66
09-01-2019,0.00466245,1.032895298,0.018449404,0.890256851,-0.11216353,0.002470073,19.97999954,0.879172804,0,Recovery,0.99999993,0,1.85E-27,7.02E-08,5.16E-62
10-01-2019,0.003521353,0.763940425,0.018464448,0.875672333,-0.109031633,0.002446709,19.5,0.884954485,0,Recovery,0.999999902,0,1.03E-27,9.77E-08,1.22E-61
11-01-2019,0.000386421,0.530714985,0.018464867,0.874352918,-0.108687278,0.002402089,18.19000053,0.886899339,0,Recovery,0.99999968,0,1.27E-27,3.20E-07,5.10E-63
14-01-2019,-0.006119878,0.417839945,0.018453481,0.961567545,-0.114125346,0.002334171,19.06999969,0.88671437,0,Recovery,0.999999882,0,5.43E-28,1.18E-07,2.23E-66
15-01-2019,0.011396034,0.347306718,0.018657128,0.854046319,-0.103972145,0.002202934,18.60000038,0.889170678,0,Recovery,0.999999902,0,9.38E-29,9.80E-08,7.77E-70
16-01-2019,0.002416757,0.159813121,0.018201341,0.800154498,-0.101804044,0.002068458,19.04000092,0.883920195,0,Recovery,0.999999946,0,1.53E-28,5.39E-08,7.71E-63
17-01-2019,0.00755797,-0.012409001,0.017655535,0.729312558,-0.094989787,0.001941682,18.05999947,0.895849244,0,Recovery,0.999999944,0,1.23E-28,5.61E-08,5.00E-61
18-01-2019,0.013222395,-0.165772561,0.017818931,0.60587722,-0.082943923,0.001759508,17.79999924,0.900145436,0,Recovery,0.999999777,6.62E-308,3.41E-28,2.23E-07,1.29E-55
22-01-2019,-0.013602771,-0.29474301,0.017748998,0.612213211,-0.095333967,0.001553808,20.79999924,0.908789567,0,Recovery,0.999999893,5.98E-288,1.50E-27,1.07E-07,8.40E-52
23-01-2019,0.002090381,0.042917265,0.0172184,0.580227049,-0.093440892,0.001299558,19.52000046,0.905535974,0,Recovery,0.999999981,4.49614944e-315,4.45E-28,1.87E-08,2.08E-53
24-01-2019,0.000531233,-0.066369345,0.016338942,0.650890989,-0.092959171,0.001041151,18.88999939,0.897630357,0,Recovery,0.999999991,0.00E+00,2.51E-28,9.23E-09,1.20E-52
25-01-2019,0.008426078,-0.22300988,0.014714046,1.024139607,-0.085284084,0.001071554,17.42000008,0.899888503,0,Recovery,0.999999995,3.50E-288,1.15E-28,5.16E-09,1.98E-50
28-01-2019,-0.007629564,-0.35998129,0.011151191,0.023518212,-0.092236412,0.001841299,18.87000084,0.868348171,0,Recovery,0.999999499,8.95E-258,3.79E-29,5.01E-07,1.00E-41
29-01-2019,-0.001327747,-0.247631464,0.011147595,0.134767293,-0.093440892,0.002320457,19.12999916,0.864416018,0,Recovery,0.999615572,6.26E-278,2.27E-28,0.000384428,6.80E-43
30-01-2019,0.015706556,-0.291499106,0.011444476,-0.018289424,-0.079089561,0.002634415,17.65999985,0.873398195,0,Recovery,0.921661399,2.16E-258,3.26E-27,0.078338601,9.83E-42
31-01-2019,0.008744152,-0.412657505,0.011444999,-0.018527301,-0.07100167,0.002892307,16.56999969,0.844978529,0,Recovery,0.574731189,2.63E-208,5.42E-25,0.425268811,1.96E-31
01-02-2019,0.000481899,-0.523769142,0.011452053,-0.011842519,-0.070553879,0.003095024,16.13999939,0.839186357,3,Panic,0.173384065,7.65E-195,4.29E-24,0.826615935,3.00E-28
04-02-2019,0.007010296,-0.572950886,0.009527953,0.770556277,-0.064015294,0.003403581,15.72999954,0.803710241,3,Panic,0.022444822,2.90E-179,3.62E-27,0.977555178,2.24E-26
05-02-2019,0.004183221,-0.6724149,0.007081919,-0.627767125,-0.060091662,0.003801582,15.56999969,0.766175282,3,Panic,5.19E-08,7.56E-169,2.91E-28,0.999999948,1.25E-26
06-02-2019,-0.001319332,-0.763815602,0.007099373,-0.462326174,-0.061330895,0.004118517,15.38000011,0.782016603,3,Panic,2.44E-12,5.21E-172,4.39E-29,1,3.28E-27
07-02-2019,-0.0095782,-0.826540503,0.007486276,-0.311016737,-0.070278735,0.00429628,16.37000084,0.780399772,3,Panic,1.34E-12,9.43E-194,7.66E-30,1,6.77E-31
08-02-2019,0.001220845,-0.444293731,0.007472323,-0.246929176,-0.069142996,0.004430185,15.72000027,0.777590181,3,Panic,1.42E-12,6.08E-212,3.55E-30,1,1.87E-31
11-02-2019,0.000554369,-0.559564693,0.007475196,-0.189387102,-0.068626816,0.00449575,15.97000027,0.781412955,3,Panic,5.59E-13,1.10E-211,8.31E-31,1,4.21E-32
12-02-2019,0.012777407,-0.666483282,0.007813559,-0.267583333,-0.056649928,0.004477695,15.43000031,0.773080932,3,Panic,1.28E-13,9.50E-194,4.64E-31,1,1.17E-31
13-02-2019,0.00324178,-0.747186539,0.007547604,-0.396836881,-0.053586832,0.004413088,15.64999962,0.764815933,3,Panic,1.16E-13,1.28E-163,1.75E-29,1,3.89E-25
14-02-2019,-0.002220939,-0.831275328,0.007386768,-0.243751639,-0.055686425,0.004273469,16.21999931,0.752709407,3,Panic,9.67E-13,7.72E-151,2.15E-29,1,8.86E-24
15-02-2019,0.010838641,-0.798765961,0.007607384,-0.317879159,-0.045395682,0.004086023,14.90999985,0.733128469,3,Panic,5.63E-12,7.05E-137,7.97E-29,1,1.07E-22
19-02-2019,0.001728735,-0.867932014,0.007534944,-0.226127542,-0.043743997,0.003874577,14.88000011,0.734822899,3,Panic,1.36E-10,1.53E-111,3.01E-27,1,2.36E-17
20-02-2019,0.002013373,-0.9397693,0.00713283,-0.204238675,-0.041816757,0.003582348,14.02000046,0.743885696,3,Panic,3.10E-06,1.86E-97,3.47E-23,0.999996905,4.23E-16
21-02-2019,-0.003561882,-1.007450183,0.006318401,0.221229157,-0.045223621,0.0032258,14.46000004,0.657841822,3,Panic,0.023074573,1.77E-88,5.14E-21,0.976925427,5.60E-14
22-02-2019,0.006180798,-0.937435564,0.006365838,0.131621831,-0.039304066,0.002790609,13.51000023,0.665074605,3,Panic,0.425607185,3.45E-78,2.02E-17,0.574392815,4.63E-14
25-02-2019,0.001360195,-0.997422593,0.006353872,0.114935383,-0.037996443,0.00230828,14.85000038,0.660564641,0,Recovery,0.921472365,1.57E-61,5.69E-16,0.078527635,5.17E-13
26-02-2019,-0.000715742,-1.056336368,0.006261744,0.287947054,-0.038684743,0.001897612,15.17000008,0.651585065,0,Recovery,0.998939584,2.92E-56,2.63E-14,0.001060416,1.09E-14
27-02-2019,-0.00042963,-1.075117836,0.005872063,0.416645885,-0.039097664,0.001841969,14.69999981,0.62510678,0,Recovery,0.999996504,8.69E-59,3.56E-16,3.50E-06,6.68E-17
28-02-2019,-0.001864499,-1.058073181,0.005891648,0.418354448,-0.040887596,0.001746322,14.77999973,0.615917065,0,Recovery,0.999999981,4.07E-63,4.58E-18,1.92E-08,4.46E-19
01-03-2019,0.006224658,-1.059769582,0.005161819,0.085427753,-0.03489883,0.001613316,13.56999969,0.475452848,0,Recovery,1,3.46E-60,2.66E-19,1.27E-10,1.26E-17
04-03-2019,-0.003644171,-1.105216776,0.005087723,0.260953679,-0.038409423,0.00140808,14.63000011,0.559043002,0,Recovery,0.999999998,3.57E-53,5.08E-18,1.72E-09,1.36E-16
05-03-2019,-0.001361146,-1.054539938,0.005124499,0.298311608,-0.039717398,0.001077275,14.73999977,0.585723142,0,Recovery,0.999999999,9.35E-56,7.23E-17,1.41E-09,5.49E-18
06-03-2019,-0.006075091,-0.97366464,0.005222518,0.43228491,-0.045533518,0.000940851,15.73999977,0.509483524,0,Recovery,1,8.29E-62,5.27E-18,6.03E-11,1.59E-17
07-03-2019,-0.008400669,-0.78165111,0.005542829,0.440446782,-0.05351809,0.000963819,16.59000015,0.543152078,0,Recovery,1,1.98E-76,1.51E-17,1.64E-10,4.35E-19
08-03-2019,-0.002001995,-0.454471659,0.005554986,0.453097109,-0.055411047,0.000979397,16.04999924,0.553555231,0,Recovery,1,2.07E-89,4.21E-19,1.12E-10,3.76E-19
11-03-2019,0.014397363,-0.427829047,0.005877804,0.727580077,-0.041713087,0.000959997,14.32999992,0.62866127,0,Recovery,0.999999996,8.08E-78,2.01E-19,4.00E-09,2.05E-18
12-03-2019,0.003763701,-0.5187086,0.005899194,0.659715172,-0.038099586,0.000933967,13.77000046,0.631511462,0,Recovery,0.999999996,7.03E-56,1.81E-18,3.56E-09,5.95E-14
13-03-2019,0.006597432,-0.616474349,0.005994202,0.511756153,-0.031732533,0.000898813,13.40999985,0.628070169,0,Recovery,0.999999996,1.97E-43,5.41E-14,3.81E-09,4.64E-13
14-03-2019,-0.000639825,-0.700177038,0.005462717,0.622435999,-0.032351856,0.00084074,13.5,0.600641545,0,Recovery,0.999999998,2.17E-35,1.81E-13,1.89E-09,5.15E-10
15-03-2019,0.004928376,-0.726083645,0.005506291,0.576128821,-0.027571151,0.000787703,12.88000011,0.625703489,0,Recovery,0.999999934,6.61E-30,3.56E-12,4.62E-09,6.17E-08
18-03-2019,0.003619267,-0.799425963,0.005467376,0.449547537,-0.024045294,0.000735075,13.10000038,0.631125383,0,Recovery,0.999990931,2.39E-22,6.43E-12,7.32E-09,9.06E-06
19-03-2019,0.000248028,-0.869074332,0.005041482,0.562604667,-0.023803201,0.00065737,13.56000042,0.681353902,0,Recovery,0.999785965,4.25E-17,7.18E-11,6.75E-08,0.000213968
20-03-2019,-0.003014477,-0.934446807,0.005115965,0.648108278,-0.026741493,0.000548793,13.90999985,0.670178521,0,Recovery,0.998487727,5.39E-17,3.07E-09,6.58E-07,0.001511612
21-03-2019,0.011230854,-0.806736171,0.005594744,0.58168788,-0.015749358,0.000444427,13.63000011,0.751983263,0,Recovery,0.968233034,9.88E-13,6.57E-07,0.000104867,0.031661443
22-03-2019,-0.019434047,-0.861219906,0.007140016,-0.628178855,-0.034692663,0.00053321,16.47999954,0.889217676,0,Recovery,0.805752249,1.16E-17,0.000453239,0.002035547,0.191758964
25-03-2019,-0.00075224,0.075955706,0.00702465,-0.542136321,-0.035418533,0.000591059,16.32999992,0.865459125,4,Bull Recovery,0.32145684,2.36E-24,0.000473546,0.000247066,0.677822548
26-03-2019,0.007426808,0.031089936,0.007197697,-0.575609668,-0.028228103,0.00066063,14.68000031,0.820702212,4,Bull Recovery,0.171922054,4.27E-21,0.000960752,7.49E-05,0.827042326
27-03-2019,-0.00524283,-0.107929474,0.007302369,-0.484881035,-0.033309605,0.000734714,15.14999962,0.800986674,4,Bull Recovery,0.088336499,9.26E-20,0.001170015,1.59E-05,0.910477616
28-03-2019,0.003783254,-0.070998517,0.007340089,-0.555801539,-0.029645443,0.000806866,14.43000031,0.796940266,4,Bull Recovery,0.043976262,3.81E-21,0.001592506,1.77E-05,0.954413505
29-03-2019,0.006285813,-0.208609408,0.00742567,-0.671381216,-0.023526765,0.000874278,13.71000004,0.797635247,4,Bull Recovery,0.008569564,4.02E-16,0.001421498,9.83E-06,0.989999109
01-04-2019,0.011789348,-0.323461516,0.007720338,-0.574616148,-0.011946655,0.000934226,13.39999962,0.786006906,4,Bull Recovery,0.000374392,2.42E-06,0.001202014,1.29E-06,0.99841988
02-04-2019,0.000489684,-0.424261541,0.007645145,-0.658545347,-0.011462703,0.000964836,13.35999966,0.781304412,4,Bull Recovery,2.40E-06,0.111448261,0.000637997,7.62E-08,0.88791127
03-04-2019,0.001572448,-0.526873983,0.007620542,-0.719079585,-0.009907057,0.000979351,13.73999977,0.779482135,4,Bull Recovery,2.79E-09,0.444290049,0.000486035,1.39E-08,0.555223899
04-04-2019,0.002649759,-0.622050644,0.007424756,-0.896007776,-0.00728007,0.000973975,13.57999992,0.77216034,1,Stable Bull,9.96E-13,0.89516559,0.000173272,4.14E-10,0.104661137
05-04-2019,0.004828922,-0.704992625,0.007062016,-1.154857008,-0.00247471,0.000961613,12.81999969,0.748250862,1,Stable Bull,8.48E-15,0.998162493,1.29E-05,1.08E-11,0.001824624
08-04-2019,0.00076169,-0.775812245,0.006999374,-1.231091053,-0.001714615,0.000942397,13.18000031,0.734952708,1,Stable Bull,3.39E-16,0.999980645,9.57E-07,1.53E-13,1.84E-05
09-04-2019,-0.005137984,-0.831560423,0.006646928,-1.370250657,-0.006830635,0.000929213,14.27999973,0.692237361,1,Stable Bull,1.92E-17,0.999990356,2.30E-06,2.42E-15,7.35E-06
10-04-2019,0.003405163,-0.704568024,0.006641828,-1.366175775,-0.003442967,0.000915174,13.30000019,0.688474475,1,Stable Bull,2.46E-17,0.999995499,8.86E-07,4.21E-16,3.62E-06
11-04-2019,-0.000277488,-0.779784436,0.006556497,-1.289503847,-0.003719461,0.000903583,13.02000046,0.687922721,1,Stable Bull,8.06E-18,0.999996869,5.00E-07,8.22E-17,2.63E-06
12-04-2019,0.006743315,-0.848120729,0.006641407,-1.374858817,0,0.000860853,12.01000023,0.684264115,1,Stable Bull,5.13E-18,0.999996755,1.09E-06,1.53E-16,2.15E-06
15-04-2019,-0.000654895,-0.903413852,0.006617827,-1.274268537,-0.000654681,0.000815488,12.31999969,0.677804979,1,Stable Bull,9.39E-18,0.999997775,4.91E-07,5.13E-17,1.73E-06
16-04-2019,0.000654895,-0.958601731,0.006600698,-1.220384592,0,0.000760426,12.18000031,0.680738648,1,Stable Bull,7.93E-18,0.999997834,3.85E-07,4.84E-17,1.78E-06
17-04-2019,-0.002450003,-1.001879939,0.006648338,-1.143933153,-0.002447005,0.000643697,12.60000038,0.655883495,1,Stable Bull,9.24E-18,0.999997089,3.67E-07,2.24E-17,2.54E-06
18-04-2019,0.001966807,-0.914191219,0.00657993,-1.277547315,-0.00048308,0.000504737,12.09000015,0.65050259,1,Stable Bull,2.33E-18,0.999998131,3.46E-07,1.16E-17,1.52E-06
22-04-2019,0.000862027,-0.967187595,0.006183324,-1.498689924,0,0.000436051,12.42000008,0.556479135,1,Stable Bull,1.04E-16,0.999999145,1.86E-07,1.78E-16,6.69E-07
23-04-2019,0.008951506,-0.996628349,0.004339661,0.284275765,0,0.000724305,12.27999973,0.282143493,1,Stable Bull,8.24E-15,0.999864345,1.58E-12,4.38E-23,0.000135655
24-04-2019,-0.002221833,-1.028570459,0.004402221,0.283363391,-0.002219367,0.000900505,13.14000034,0.31664423,1,Stable Bull,1.19E-17,0.996706959,2.33E-11,2.74E-19,0.00329304
25-04-2019,-0.000616063,-0.937819544,0.004272651,0.477774446,-0.002833873,0.00104175,13.25,0.146256946,1,Stable Bull,2.26E-19,0.955201814,8.99E-14,6.68E-25,0.044798186
26-04-2019,0.004645686,-0.966567182,0.003991413,0.523303778,0,0.001172963,12.72999954,0.135791204,1,Stable Bull,1.05E-21,0.608747107,1.25E-13,3.79E-24,0.391252893
29-04-2019,0.001566701,-1.00855179,0.003979163,0.60668733,0,0.001270101,13.10999966,0.144791043,4,Bull Recovery,1.43E-21,0.173138858,1.45E-13,1.15E-22,0.826861142
30-04-2019,0.000510253,-1.047595013,0.003879666,0.808125788,0,0.001344504,13.11999989,0.130581247,4,Bull Recovery,1.07E-21,0.02788333,1.10E-14,7.52E-23,0.97211667
01-05-2019,-0.007544958,-1.048154916,0.003707433,-0.1134128,-0.007516567,0.001389623,14.80000019,-0.097031223,4,Bull Recovery,2.48E-29,2.37E-05,1.78E-19,1.37E-35,0.999976254
02-05-2019,-0.002161284,-0.753999295,0.003769784,-0.034594149,-0.009659289,0.001407086,14.42000008,-0.042660872,4,Bull Recovery,3.56E-32,7.63E-07,4.59E-18,9.57E-33,0.999999237
03-05-2019,0.009740319,-0.666276531,0.004239135,0.163583374,0,0.001374367,12.86999989,0.039690479,4,Bull Recovery,7.82E-28,1.62E-05,1.24E-15,1.92E-27,0.999983792
06-05-2019,-0.004123754,-0.724535695,0.004382469,0.278668839,-0.004115263,0.001329832,15.43999958,0.106104998,4,Bull Recovery,3.39E-25,5.59E-06,6.78E-14,6.84E-24,0.99999441
07-05-2019,-0.016840827,-0.648058341,0.0057541,-0.843632132,-0.020746352,0.001279513,19.31999969,0.304904571,4,Bull Recovery,1.30E-22,1.40E-09,9.08E-08,3.65E-14,0.999999908
08-05-2019,-0.001390065,0.235381302,0.005757039,-0.788365988,-0.022106632,0.001228253,19.39999962,0.307513364,4,Bull Recovery,2.58E-14,4.09E-10,3.40E-06,3.44E-14,0.999996597
09-05-2019,-0.003030103,0.169293528,0.005684711,-0.845981093,-0.025065265,0.001193493,19.10000038,0.3079426,4,Bull Recovery,1.29E-12,2.84E-11,9.46E-06,2.24E-14,0.999990541
10-05-2019,0.005010502,0.145709602,0.00574479,-0.836105375,-0.020168094,0.001157373,16.04000092,0.277512025,4,Bull Recovery,9.89E-16,3.93E-08,0.001181536,9.29E-20,0.998818424
13-05-2019,-0.025451354,-0.002930577,0.007987455,-1.49751794,-0.044791465,0.001275735,20.54999924,0.536699863,2,Correction,4.60E-19,3.10E-24,0.999863738,7.03E-14,0.000136262
14-05-2019,0.009002706,1.126929667,0.008114434,-1.414933361,-0.036153177,0.00138902,18.05999947,0.557061157,2,Correction,2.05E-13,3.57E-31,0.999999999,9.70E-16,6.49E-10
15-05-2019,0.005840789,0.869119819,0.008255729,-1.428020603,-0.030507079,0.001504178,16.44000053,0.569918768,2,Correction,1.66E-12,5.00E-22,0.999999991,1.86E-14,8.70E-09
16-05-2019,0.009218851,0.641336215,0.008538548,-1.354870162,-0.021528144,0.001632784,15.28999996,0.5610327,2,Correction,1.65E-12,2.69E-15,0.999999895,4.14E-14,1.05E-07
17-05-2019,-0.006486122,0.444337807,0.008631787,-1.260208126,-0.027854093,0.001753386,15.96000004,0.571206086,2,Correction,5.65E-13,1.41E-14,0.999999838,2.00E-14,1.62E-07
20-05-2019,-0.006634199,0.578798519,0.008707744,-1.101192377,-0.034282156,0.001868807,16.30999947,0.588794446,2,Correction,3.22E-12,4.67E-22,0.999999954,6.51E-14,4.57E-08
21-05-2019,0.008974877,0.592584094,0.008970813,-1.06947418,-0.025575947,0.001997222,14.94999981,0.593031511,2,Correction,9.24E-12,7.24E-23,0.999999903,4.20E-13,9.68E-08
22-05-2019,-0.003075747,0.393652448,0.00870924,-1.035473405,-0.028568425,0.002057357,14.75,0.569400782,2,Correction,8.94E-12,4.75E-20,0.999999598,2.54E-13,4.02E-07
23-05-2019,-0.012294218,0.208441572,0.00903978,-0.857517791,-0.040438302,0.002117354,16.92000008,0.579183367,2,Correction,1.41E-12,1.26E-30,0.999999694,2.86E-14,3.06E-07
24-05-2019,0.002266069,0.735028453,0.009078429,-0.888984013,-0.038261403,0.002147753,15.85000038,0.626864709,2,Correction,2.89E-11,5.87E-37,0.999999994,2.49E-14,5.77E-09
28-05-2019,-0.009344118,0.5141254,0.009115348,-0.701322983,-0.047206147,0.002137135,17.5,0.618318663,2,Correction,1.64E-09,9.58E-43,0.999999987,6.66E-14,1.13E-08
29-05-2019,-0.006733395,0.722880361,0.009123701,-0.576028056,-0.053600134,0.002096399,17.89999962,0.615427511,2,Correction,2.39E-08,3.95E-57,0.999999975,1.88E-13,6.24E-10
30-05-2019,0.002727139,0.81673059,0.009174142,-0.593928643,-0.051015647,0.002018123,17.29999924,0.635040654,2,Correction,1.19E-07,6.07E-62,0.999999881,8.48E-13,2.69E-10
31-05-2019,-0.013566371,0.585573997,0.009430488,-0.528392687,-0.063802986,0.001897005,18.70999908,0.82817231,2,Correction,4.45E-07,1.89E-75,0.999999555,8.72E-11,5.20E-12
03-06-2019,-0.002546395,0.953045875,0.009429602,-0.522576794,-0.06618388,0.001730223,18.86000061,0.784971862,2,Correction,2.67E-06,2.00E-93,0.999997333,8.50E-11,1.18E-13
04-06-2019,0.021474673,0.86067589,0.01049695,0.003464905,-0.045913615,0.001621127,16.96999931,0.815518219,2,Correction,8.16E-06,9.95E-77,0.999991836,1.25E-09,1.46E-12
05-06-2019,0.008624719,0.649447465,0.010748084,-0.117425372,-0.0376493,0.001479987,16.09000015,0.826107136,2,Correction,1.71E-05,6.43E-41,0.999982723,1.98E-08,1.91E-07
06-06-2019,0.006481327,0.447098213,0.010293201,-0.276334903,-0.031391734,0.001403021,15.93000031,0.82008077,2,Correction,5.76E-05,1.83E-26,0.999456922,1.34E-06,0.000484169
07-06-2019,0.009957379,0.259293091,0.010540156,-0.364744096,-0.021698756,0.001299325,16.29999924,0.833119479,2,Correction,0.000112743,4.49E-15,0.951660137,1.33E-05,0.048213849
10-06-2019,0.004578253,0.099040444,0.010560819,-0.462757063,-0.017209577,0.001130414,15.93999958,0.833849889,2,Correction,9.79E-05,7.04E-08,0.609432191,1.37E-05,0.390456226
11-06-2019,-0.000241683,-0.053429145,0.010507787,-0.401004743,-0.017447072,0.000877106,15.98999977,0.842305895,4,Bull Recovery,7.77E-05,7.68E-07,0.187088644,8.55E-06,0.812824378
12-06-2019,-0.001767255,-0.167060958,0.008748306,0.187333604,-0.019181961,0.00083454,15.90999985,0.796004075,4,Bull Recovery,5.06E-05,2.13E-06,0.01095684,2.04E-06,0.988988344
13-06-2019,0.004117771,-0.219861233,0.008595746,0.245133999,-0.01513485,0.000805188,15.81999969,0.78996126,4,Bull Recovery,3.04E-06,1.33E-06,0.000301604,1.84E-07,0.999693844
14-06-2019,-0.001105699,-0.343390364,0.00853469,0.359648511,-0.016223213,0.000788066,15.27999973,0.784683387,4,Bull Recovery,3.24E-07,6.34E-06,1.96E-05,1.51E-07,0.999973624
17-06-2019,0.000380596,-0.429487901,0.008308332,0.49041339,-0.01584872,0.000801834,15.35000038,0.813548118,4,Bull Recovery,1.76E-08,1.18E-05,5.33E-06,1.35E-07,0.999982723
18-06-2019,0.01041665,-0.505544799,0.008438254,0.289242078,-0.005543581,0.000811779,15.14999962,0.823512101,4,Bull Recovery,4.96E-10,0.001077222,5.04E-06,1.31E-07,0.998917609
19-06-2019,0.002254616,-0.591134477,0.008252825,0.19336812,-0.003298934,0.00083576,14.32999992,0.819706036,4,Bull Recovery,2.69E-10,0.01232417,4.53E-06,7.78E-08,0.987671222
20-06-2019,0.009508821,-0.679655077,0.008277778,0.190849528,0,0.000864181,14.75,0.823198145,4,Bull Recovery,1.22E-10,0.0090671,2.94E-06,9.56E-08,0.990929868
21-06-2019,-0.001454865,-0.750047992,0.008240164,0.171188105,-0.001453808,0.000886132,15.39999962,0.859301884,4,Bull Recovery,3.03E-11,0.006143634,2.49E-06,4.33E-08,0.993853836
24-06-2019,-0.001224903,-0.791925662,0.007638589,0.308572448,-0.002676181,0.000955377,15.26000023,0.844703707,4,Bull Recovery,2.32E-11,0.004547467,8.55E-07,4.06E-08,0.995451637
25-06-2019,-0.00985641,-0.770464225,0.008073733,0.313707833,-0.012457928,0.000987229,16.28000069,0.861592314,4,Bull Recovery,2.08E-11,0.001529578,3.59E-06,1.17E-07,0.998466712
26-06-2019,-0.00099801,-0.372124655,0.00770744,0.344995269,-0.013443013,0.001037512,16.20999908,0.846237471,4,Bull Recovery,3.60E-11,0.000241783,1.10E-06,4.21E-08,0.999757078
27-06-2019,0.003539881,-0.409269528,0.007450229,0.261533574,-0.009944531,0.001098174,15.81999969,0.838541158,4,Bull Recovery,6.16E-12,0.000148615,5.98E-07,3.25E-08,0.999850755
28-06-2019,0.005132273,-0.51190269,0.007473268,0.214391953,-0.004850235,0.001147934,15.07999992,0.819175441,4,Bull Recovery,5.55E-12,0.000663495,7.40E-07,4.01E-08,0.999335724
01-07-2019,0.009037594,-0.598464025,0.006613174,0.595177644,0,0.001248045,14.06000042,0.80574968,4,Bull Recovery,1.60E-11,0.000777793,1.71E-07,1.21E-07,0.999221915
02-07-2019,0.002600827,-0.674123749,0.006466422,0.564564674,0,0.00133828,12.93000031,0.815701698,4,Bull Recovery,1.28E-11,0.001131307,2.98E-07,1.57E-07,0.998868238
03-07-2019,0.007963737,-0.748102797,0.005170463,-0.505075334,0,0.00147182,12.56999969,0.767573222,4,Bull Recovery,2.56E-12,6.40E-05,1.46E-06,3.58E-07,0.999934196
05-07-2019,-0.001138849,-0.811704734,0.005100126,-0.337987486,-0.001138201,0.001538027,13.27999973,0.761086291,4,Bull Recovery,1.03E-11,3.13E-06,8.33E-07,2.06E-07,0.999995832
08-07-2019,-0.005509698,-0.869007603,0.005329972,-0.174857803,-0.006626494,0.00157197,13.96000004,0.745101146,4,Bull Recovery,8.47E-12,3.41E-06,4.28E-07,1.61E-07,0.999996001
09-07-2019,0.001246022,-0.639690304,0.005026351,-0.142912382,-0.005387958,0.001570492,14.09000015,0.691688291,4,Bull Recovery,5.59E-12,1.63E-06,2.46E-07,8.44E-08,0.999998043
10-07-2019,0.004766369,-0.721951707,0.005031743,-0.146033067,-0.000635953,0.001519608,13.02999973,0.690791561,4,Bull Recovery,5.92E-12,7.05E-06,2.83E-07,9.35E-08,0.999992576
11-07-2019,0.002341323,-0.789726062,0.005011028,-0.219823445,0,0.00142438,12.93000031,0.702860623,4,Bull Recovery,6.96E-12,2.24E-05,4.86E-07,1.06E-07,0.999976991
12-07-2019,0.004467072,-0.856789393,0.004966337,-0.381950129,0,0.001446922,12.39000034,0.698225246,4,Bull Recovery,1.09E-11,4.48E-05,7.11E-07,1.47E-07,0.999954339
15-07-2019,0.000332716,-0.911266635,0.004962457,-0.276826172,0,0.001456034,12.68000031,0.691809632,4,Bull Recovery,1.80E-11,2.09E-05,5.32E-07,1.11E-07,0.999978501
16-07-2019,-0.003230445,-0.944028112,0.005050537,-0.246702928,-0.003225233,0.001442792,12.85999966,0.69893845,4,Bull Recovery,1.67E-11,4.65E-05,5.51E-07,1.18E-07,0.999952854
17-07-2019,-0.006828561,-0.868698695,0.005394564,-0.224768078,-0.010008583,0.001409972,13.97000027,0.705972915,4,Bull Recovery,1.77E-11,4.81E-05,7.71E-07,1.22E-07,0.99995103
18-07-2019,0.003654608,-0.574846448,0.005030838,-0.353362518,-0.006383933,0.00136641,13.52999973,0.651733384,4,Bull Recovery,2.80E-11,0.000266952,9.14E-07,4.83E-08,0.999732086
19-07-2019,-0.005570869,-0.659337746,0.00523951,-0.207999385,-0.011903848,0.001307882,14.44999981,0.643011812,4,Bull Recovery,3.67E-11,0.003362632,1.88E-06,3.07E-08,0.996635458
22-07-2019,0.00245364,-0.502883289,0.004872882,-0.327676423,-0.009476439,0.001240899,13.52999973,0.642164297,4,Bull Recovery,1.84E-11,0.054442299,1.57E-05,1.40E-08,0.945541946
23-07-2019,0.007124612,-0.596533421,0.005052023,-0.427465318,-0.002394143,0.001143401,12.60999966,0.64510877,1,Stable Bull,3.46E-12,0.606002454,2.17E-05,2.77E-09,0.393975795
24-07-2019,0.004688395,-0.673601839,0.00508842,-0.564516787,0,0.001076402,12.06999969,0.642901624,1,Stable Bull,1.71E-12,0.952192354,7.07E-06,6.58E-10,0.047800578
25-07-2019,-0.004788776,-0.746431236,0.004635451,-0.315672944,-0.004777328,0.000955074,12.73999977,0.593239216,1,Stable Bull,5.39E-12,0.991389212,4.18E-07,7.17E-11,0.00861037
26-07-2019,0.006678141,-0.584417892,0.004731138,-0.459884398,0,0.000832839,12.15999985,0.637768341,1,Stable Bull,2.01E-12,0.996090096,1.67E-07,2.44E-10,0.003909737
29-07-2019,-0.0018231,-0.664927921,0.004780146,-0.307074431,-0.001821439,0.000699614,12.82999992,0.618401234,1,Stable Bull,1.77E-11,0.989714916,7.58E-07,1.60E-10,0.010284326
30-07-2019,-0.00245745,-0.66388743,0.004786631,-0.125049677,-0.004271401,0.000495784,13.93999958,0.662224766,1,Stable Bull,1.02E-10,0.866328915,5.28E-06,6.34E-10,0.133665807
31-07-2019,-0.011000736,-0.631834562,0.005138515,-0.394804248,-0.01516512,0.000367319,16.12000084,0.38346844,4,Bull Recovery,2.88E-11,0.155265257,4.18E-06,6.90E-14,0.844730566
01-08-2019,-0.008746353,-0.161356855,0.005468731,-0.257340439,-0.023741273,0.000211854,17.87000084,0.304110293,4,Bull Recovery,1.46E-12,7.05E-06,3.52E-06,3.82E-16,0.999989427
02-08-2019,-0.007557801,0.09387476,0.005349846,-0.163432391,-0.031091831,0.00022075,17.61000061,0.344941556,4,Bull Recovery,1.85E-19,3.21E-12,0.002965007,6.90E-22,0.997034993
05-08-2019,-0.030534488,0.315429691,0.008377997,-1.769573461,-0.060229825,0.000759503,24.59000015,0.636791875,2,Correction,9.64E-24,5.39E-47,0.999999956,8.08E-16,4.45E-08
06-08-2019,0.013925334,1.609272828,0.009062237,-1.411990929,-0.047051669,0.001134219,20.17000008,0.676862132,2,Correction,5.51E-16,1.45E-55,1,5.32E-17,1.52E-13
07-08-2019,0.00059056,1.287597141,0.00905354,-1.406244414,-0.046488729,0.00138378,19.48999977,0.682448172,2,Correction,2.90E-14,5.89E-41,1,1.76E-15,1.51E-11
08-08-2019,0.019430065,0.996737664,0.010069546,-0.787822897,-0.027780784,0.00168804,16.90999985,0.710976239,2,Correction,4.60E-13,2.19E-31,0.999999998,6.62E-14,1.59E-09
09-08-2019,-0.006834504,0.760407491,0.010125234,-0.654516056,-0.034402765,0.001919274,17.96999931,0.721587447,2,Correction,7.63E-14,7.34E-21,0.999999992,8.11E-15,8.09E-09
12-08-2019,-0.012248432,0.762669072,0.01030955,-0.453272278,-0.046157681,0.00211172,21.09000015,0.715579953,2,Correction,3.82E-15,5.36E-34,0.999999999,5.16E-15,1.48E-09
13-08-2019,0.01543222,1.019982368,0.010987241,-0.370580607,-0.03132361,0.002318183,17.52000046,0.7519808,2,Correction,4.25E-20,3.14E-36,1,1.47E-20,2.57E-10
14-08-2019,-0.030013756,0.770129448,0.01264932,-0.529882951,-0.059965254,0.002635526,22.10000038,0.785820532,2,Correction,1.50E-23,9.17E-55,1,1.10E-21,8.32E-16
15-08-2019,0.002638241,1.630822931,0.012659465,-0.632592785,-0.057481941,0.002884528,21.18000031,0.780307576,2,Correction,1.92E-22,6.27E-77,1,2.85E-22,5.56E-18
16-08-2019,0.01464731,1.47165379,0.013129631,-0.586964318,-0.043574986,0.003098325,18.46999931,0.794415434,2,Correction,7.80E-21,4.09E-67,1,4.03E-20,6.29E-17
19-08-2019,0.011975786,1.174573521,0.013420566,-0.686714539,-0.032052185,0.003283136,16.87999916,0.807419723,2,Correction,1.07E-21,2.82E-47,1,4.66E-20,5.30E-15
20-08-2019,-0.007691566,0.903114297,0.013480735,-0.574953226,-0.039468661,0.00339763,17.5,0.806485185,2,Correction,3.73E-21,1.42E-45,1,2.89E-19,7.38E-15
21-08-2019,0.008102288,0.951476271,0.013512808,-0.576654472,-0.031654546,0.003470049,15.80000019,0.808672961,2,Correction,3.74E-20,4.11E-49,1,4.95E-18,1.72E-14
22-08-2019,-0.000307823,0.702331162,0.013447432,-0.535038795,-0.03195258,0.003490808,16.68000031,0.811361196,2,Correction,7.88E-25,3.12E-42,1,1.93E-22,4.26E-13
23-08-2019,-0.026023408,0.558238585,0.014470019,-0.464355819,-0.056819508,0.003494256,19.87000084,0.84023801,2,Correction,1.23E-24,1.32E-68,1,3.77E-21,6.98E-18
26-08-2019,0.010998036,1.364931486,0.014636289,-0.464520422,-0.046389124,0.00344939,19.31999969,0.847425398,2,Correction,2.33E-22,7.20E-75,1,2.03E-20,5.89E-18
27-08-2019,-0.003931437,1.058046963,0.014640359,-0.443129431,-0.050130825,0.003339208,20.30999947,0.845103688,2,Correction,1.42E-20,1.11E-64,1,2.58E-18,5.42E-16
28-08-2019,0.007016778,0.783167888,0.014782567,-0.511227338,-0.043442365,0.003161294,19.35000038,0.841605837,2,Correction,2.12E-18,8.34E-65,1,3.26E-16,2.49E-14
29-08-2019,0.012692025,0.541846478,0.014957249,-0.666684467,-0.03122434,0.002941603,17.87999916,0.91310899,2,Correction,9.16E-17,1.41E-48,1,1.26E-14,2.79E-12
30-08-2019,-0.000444171,0.343302268,0.014845541,-0.755823153,-0.031654546,0.002654528,18.97999954,0.946399319,2,Correction,1.27E-16,2.31E-33,0.999999999,8.85E-15,7.01E-10
03-09-2019,-0.005864325,0.145769721,0.0148092,-0.77491704,-0.037316621,0.002219958,19.65999985,0.947754558,2,Correction,1.10E-14,1.95E-36,0.999999998,3.52E-13,1.56E-09
04-09-2019,0.011286242,0.302853149,0.013273392,-0.90184064,-0.026389999,0.002007466,17.32999992,0.936660194,2,Correction,1.16E-12,1.05E-30,0.99999997,1.14E-11,2.96E-08
05-09-2019,0.012773496,0.126009997,0.013222563,-0.909958104,-0.013873828,0.001818946,16.27000046,0.937023987,2,Correction,2.93E-12,7.70E-17,0.999998465,3.65E-11,1.54E-06
06-09-2019,0.000772008,-0.035462791,0.013221909,-0.912091075,-0.013112237,0.00158152,15,0.936512553,2,Correction,4.11E-11,5.54E-12,0.999995042,1.36E-10,4.96E-06
09-09-2019,0.000503158,-0.190430262,0.012577882,-0.983867741,-0.012615552,0.001422024,15.27000046,0.927090666,2,Correction,5.29E-11,3.79E-10,0.999974415,2.43E-10,2.56E-05
10-09-2019,-0.000234995,-0.231256005,0.012461149,-1.077852192,-0.012847555,0.001241755,15.19999981,0.911814723,2,Correction,6.92E-11,6.67E-10,0.999963008,4.81E-10,3.70E-05
11-09-2019,0.007085703,-0.369379014,0.01213947,-1.325771746,-0.005828046,0.001065392,14.60999966,0.896847243,2,Correction,1.72E-11,2.09E-08,0.999959149,1.25E-09,4.08E-05
12-09-2019,0.003458094,-0.488706664,0.011750613,-1.389407697,-0.002384155,0.000985712,14.22000027,0.880023964,2,Correction,2.19E-11,7.96E-06,0.99993939,2.31E-09,5.26E-05
13-09-2019,-0.000663788,-0.598303457,0.009321609,-1.287034965,-0.003046141,0.001338412,13.73999977,0.847464014,2,Correction,2.76E-11,0.000299262,0.999604356,1.07E-09,9.64E-05
16-09-2019,-0.003093794,-0.661710183,0.009410066,-1.174468702,-0.006125744,0.001588984,14.67000008,0.843286171,2,Correction,1.23E-11,6.25E-05,0.99981773,7.74E-10,0.00011979
17-09-2019,0.0025292,-0.587402758,0.008991883,-1.273997343,-0.003608856,0.001837226,14.43999958,0.827078753,2,Correction,1.35E-12,2.74E-06,0.999923618,4.42E-10,7.36E-05
18-09-2019,0.000597373,-0.691289848,0.00869544,-1.295714161,-0.003013461,0.002061131,13.94999981,0.811865304,2,Correction,6.18E-13,5.90E-08,0.999968547,8.79E-10,3.14E-05
19-09-2019,-6.61E-05,-0.756013779,0.008452284,-1.479288632,-0.00307938,0.002259731,14.05000019,0.770770209,2,Correction,3.30E-12,1.12E-09,0.999966601,6.90E-08,3.33E-05
20-09-2019,-0.004735972,-0.846259602,0.008435701,-1.310012847,-0.007789605,0.002417998,15.31999969,0.774867179,2,Correction,1.03E-10,9.08E-11,0.998379093,4.54E-06,0.001616368
23-09-2019,-0.000235318,-0.662000645,0.008435086,-1.311519981,-0.008023063,0.002544354,14.90999985,0.774512501,2,Correction,4.10E-09,1.20E-10,0.965588136,8.73E-05,0.034324525
24-09-2019,-0.00787712,-0.757740976,0.006123574,0.45372876,-0.015806289,0.002791104,17.04999924,0.640247729,4,Bull Recovery,4.66E-07,3.41E-17,1.99E-05,0.000101728,0.999877941
25-09-2019,0.00589706,-0.463362195,0.005844746,0.479249659,-0.009985293,0.002977875,15.96000004,0.624651927,4,Bull Recovery,2.18E-10,3.13E-21,4.09E-09,6.21E-06,0.999993785
26-09-2019,-0.002085143,-0.577880675,0.005767854,0.486196398,-0.012047465,0.003100691,16.06999969,0.630898476,4,Bull Recovery,2.34E-12,3.24E-22,4.12E-09,6.53E-06,0.999993467
27-09-2019,-0.005401989,-0.603930614,0.005850039,0.644516551,-0.017369985,0.003144358,17.21999931,0.656973403,4,Bull Recovery,7.92E-13,3.09E-24,2.27E-09,2.38E-05,0.999976158
30-09-2019,0.004627186,-0.464236495,0.005302547,0.590746099,-0.012812637,0.003151894,16.23999977,0.637292993,4,Bull Recovery,5.51E-12,3.00E-25,1.76E-09,2.04E-05,0.999979636
01-10-2019,-0.011966208,-0.582815801,0.005998627,0.1854697,-0.02455513,0.003054456,18.55999947,0.610682595,4,Bull Recovery,5.37E-14,2.68E-24,0.000303994,1.33E-05,0.999682697
02-10-2019,-0.017822395,-0.203868161,0.007086705,-0.469037825,-0.04178589,0.00284448,20.55999947,0.651709986,2,Correction,4.82E-14,1.40E-33,0.983099492,3.97E-05,0.016860758
03-10-2019,0.008159685,0.596240458,0.006862135,-0.598191419,-0.033935179,0.002722371,19.12000084,0.637936295,2,Correction,6.06E-10,2.45E-37,0.999951906,3.95E-05,8.62E-06
04-10-2019,0.013440743,0.367241978,0.006927274,-0.539521869,-0.020862896,0.002559077,17.04000092,0.644068016,2,Correction,8.95E-09,3.61E-24,0.999948109,2.62E-05,2.57E-05
07-10-2019,-0.004323741,0.172307496,0.006975503,-0.431185382,-0.025087292,0.002343451,17.86000061,0.649624374,2,Correction,4.21E-10,9.40E-17,0.999894989,2.52E-07,0.000104759
08-10-2019,-0.015646481,0.14991829,0.007702322,-0.395790291,-0.04022253,0.002125407,20.28000069,0.673058742,2,Correction,3.93E-09,5.21E-26,0.999995034,1.86E-07,4.78E-06
09-10-2019,0.009451635,0.698708763,0.00805446,-0.398915999,-0.031108059,0.001867456,18.63999939,0.708611903,2,Correction,5.85E-07,4.92E-26,0.999989565,4.82E-07,9.37E-06
10-10-2019,0.006740554,0.456066669,0.008037708,-0.401349699,-0.02455513,0.00158588,17.56999969,0.742897091,2,Correction,7.08E-06,1.03E-14,0.996532464,2.36E-06,0.003458095
11-10-2019,0.010313738,0.240105195,0.008356698,-0.360589552,-0.014442588,0.00128908,15.57999992,0.748301912,2,Correction,2.31E-05,1.76E-05,0.964507823,2.22E-06,0.035449249
14-10-2019,-0.001114496,0.058816724,0.008357505,-0.352604155,-0.015540375,0.001235469,14.56999969,0.775093608,2,Correction,1.86E-05,0.082889428,0.846838712,1.09E-06,0.070252182
15-10-2019,0.009851518,-0.072471762,0.00863715,-0.447217396,-0.005794024,0.001183409,13.53999996,0.750309907,2,Correction,4.80E-07,0.498813638,0.434244022,4.40E-08,0.066941816
16-10-2019,-0.001607082,-0.220180384,0.008624123,-0.380635052,-0.007390511,0.001160806,13.68000031,0.751097002,1,Stable Bull,5.89E-08,0.976408348,0.018836344,3.75E-09,0.004755246
17-10-2019,0.002944741,-0.286963329,0.008649891,-0.414590575,-0.004463226,0.001158223,13.78999996,0.744233038,1,Stable Bull,4.05E-09,0.998799436,0.000559045,3.41E-10,0.000641515
18-10-2019,-0.004386721,-0.423378073,0.008701044,-0.340877296,-0.008820803,0.001171192,14.25,0.785441999,1,Stable Bull,2.21E-10,0.999587849,4.44E-05,3.31E-11,0.000367756
21-10-2019,0.006756047,-0.301735367,0.008767585,-0.492137151,-0.002101678,0.00118843,14,0.788974889,1,Stable Bull,3.04E-12,0.999756533,9.95E-06,3.23E-12,0.000233518
22-10-2019,-0.003271889,-0.429443381,0.008801349,-0.439321103,-0.005361355,0.001207168,14.46000004,0.786470838,1,Stable Bull,4.72E-13,0.999868132,7.21E-06,1.13E-12,0.000124657
23-10-2019,0.002905421,-0.358094938,0.008623744,-0.607597116,-0.002467309,0.0011981,14.01000023,0.78032595,1,Stable Bull,1.08E-13,0.999923095,4.69E-06,3.38E-13,7.22E-05
24-10-2019,0.001632312,-0.486152281,0.008543623,-0.563614764,-0.000837694,0.001153278,13.71000004,0.736855521,1,Stable Bull,1.80E-13,0.999926605,4.39E-06,2.97E-13,6.90E-05
25-10-2019,0.004086732,-0.602319356,0.008558631,-0.660978315,0,0.001084416,12.64999962,0.745714465,1,Stable Bull,1.36E-13,0.999894575,7.13E-06,3.62E-13,9.83E-05
28-10-2019,0.005620856,-0.702762855,0.008501457,-0.835469779,0,0.000999259,13.10999966,0.72092016,1,Stable Bull,5.20E-14,0.999919528,5.66E-06,2.92E-13,7.48E-05
29-10-2019,-0.000296888,-0.795099982,0.008471703,-0.762738708,-0.000296844,0.000806872,13.19999981,0.699492699,1,Stable Bull,2.97E-14,0.999951378,3.53E-06,6.57E-14,4.51E-05
30-10-2019,0.003062713,-0.884158364,0.007937574,-0.979911188,0,0.000656178,12.32999992,0.701709145,1,Stable Bull,4.17E-15,0.999976459,2.84E-06,2.43E-14,2.07E-05
31-10-2019,-0.002666882,-0.96417728,0.006655672,-0.711195316,-0.002663329,0.000696639,13.22000027,0.568179764,1,Stable Bull,6.86E-15,0.999989927,7.84E-08,3.49E-16,9.99E-06
01-11-2019,0.009221376,-0.942939217,0.006704984,-0.697729625,0,0.000711632,12.30000019,0.559520142,1,Stable Bull,2.43E-15,0.999963347,3.50E-07,1.35E-15,3.63E-05
04-11-2019,0.004009531,-1.004770404,0.006235671,-0.920863213,0,0.000782251,12.82999992,0.519584524,1,Stable Bull,2.46E-14,0.999955571,4.64E-08,1.25E-14,4.44E-05
05-11-2019,-0.001106698,-1.065918493,0.006109206,-1.005000823,-0.001106086,0.000862691,13.10000038,0.513203529,1,Stable Bull,1.54E-13,0.996404825,1.07E-06,2.10E-13,0.003594102
06-11-2019,0.000227682,-1.080095551,0.004579235,0.137221955,-0.00087863,0.001147612,12.61999989,0.482784416,1,Stable Bull,7.66E-11,0.672819251,6.57E-08,4.00E-13,0.327180683
07-11-2019,0.003510455,-1.07943434,0.004335839,0.191491882,0,0.001384998,12.72999954,0.462744972,4,Bull Recovery,2.52E-12,0.04000259,1.91E-08,1.48E-11,0.959997391
08-11-2019,0.00246326,-1.131674802,0.004235209,0.308508813,0,0.001577088,12.06999969,0.444079355,4,Bull Recovery,7.36E-13,0.000308118,6.46E-10,2.32E-11,0.999691881
11-11-2019,-0.001911332,-1.18391964,0.003934639,0.367864278,-0.001909506,0.001748782,12.68999958,0.413807271,4,Bull Recovery,9.34E-15,1.15E-07,5.53E-11,5.52E-12,0.999999885
12-11-2019,0.002105378,-1.182092449,0.003873497,0.288001763,0,0.00188566,12.68000031,0.400104094,4,Bull Recovery,2.65E-16,2.64E-09,2.06E-11,3.00E-12,0.999999997
13-11-2019,0.00032398,-1.228342402,0.003449375,0.216468379,0,0.002012282,13,0.44873906,4,Bull Recovery,7.47E-17,1.54E-11,3.67E-11,9.71E-11,1
14-11-2019,0.001454548,-1.268698659,0.003370804,0.143082513,0,0.002107735,13.05000019,0.410299488,4,Bull Recovery,1.06E-16,1.39E-12,1.02E-11,1.65E-11,1
15-11-2019,0.007210311,-1.304640962,0.003569273,0.127187059,0,0.002154278,12.05000019,0.436922485,4,Bull Recovery,2.37E-16,4.51E-12,3.10E-11,2.80E-10,1
18-11-2019,0.000737276,-1.326851171,0.003277655,0.302589538,0,0.002186832,12.46000004,0.427626839,4,Bull Recovery,5.77E-16,5.44E-13,5.12E-12,5.96E-11,1
19-11-2019,-0.000288374,-1.354775317,0.003145214,0.490077508,-0.000288332,0.002190753,12.85999966,0.423265622,4,Bull Recovery,7.74E-17,1.93E-13,1.10E-12,4.10E-11,1
20-11-2019,-0.003725808,-1.31424427,0.003183562,0.431352267,-0.004006136,0.002155446,12.77999973,0.418391866,4,Bull Recovery,8.82E-17,1.66E-12,2.73E-12,3.05E-11,1
21-11-2019,-0.001610065,-1.180686031,0.003259376,0.542647933,-0.005608461,0.002094387,13.13000011,0.43110805,4,Bull Recovery,7.36E-17,9.19E-12,2.50E-12,3.30E-11,1
22-11-2019,0.002221449,-1.096816874,0.003262004,0.515216746,-0.003397015,0.002004384,12.34000015,0.462066512,4,Bull Recovery,2.61E-16,1.38E-10,1.09E-11,1.56E-10,1
25-11-2019,0.007720173,-1.142017097,0.003486361,0.522258327,0,0.001864814,11.86999989,0.4921261,4,Bull Recovery,4.38E-15,3.83E-09,4.16E-11,9.91E-10,0.999999995
26-11-2019,0.002263344,-1.174279306,0.003378814,0.646663117,0,0.00168819,11.53999996,0.466538402,4,Bull Recovery,3.53E-14,3.05E-07,3.70E-11,1.51E-10,0.999999695
27-11-2019,0.004447392,-1.210468602,0.003399753,0.468154934,0,0.001451818,11.75,0.392178366,4,Bull Recovery,4.58E-15,1.77E-05,2.50E-11,1.53E-12,0.999982337
29-11-2019,-0.003715382,-1.239333117,0.003598685,0.475924783,-0.003708489,0.001203469,12.61999989,0.454493964,4,Bull Recovery,2.54E-15,0.000358259,4.86E-10,4.53E-11,0.99964174
02-12-2019,-0.008531173,-1.079160447,0.004131657,-0.170178126,-0.012171872,0.001057356,14.90999985,0.672141539,4,Bull Recovery,1.62E-14,2.77E-05,2.35E-07,1.74E-07,0.999971924
03-12-2019,-0.006729143,-0.677777868,0.004065718,-0.370768426,-0.018796794,0.000861587,15.96000004,0.718060509,4,Bull Recovery,6.15E-12,1.04E-07,9.01E-07,4.16E-07,0.999998579
04-12-2019,0.006151285,-0.374364447,0.004182615,-0.320535894,-0.012742532,0.000680692,14.80000019,0.708473256,4,Bull Recovery,5.66E-11,1.34E-06,1.20E-06,2.70E-07,0.999997184
05-12-2019,0.001796303,-0.478437758,0.00417032,-0.42049951,-0.010967525,0.000441463,14.52000046,0.684159842,4,Bull Recovery,8.61E-11,0.000179731,1.93E-06,1.21E-07,0.999818217
06-12-2019,0.009092758,-0.576303025,0.0045448,-0.296291723,-0.001933482,0.00043812,13.61999989,0.729904748,4,Bull Recovery,1.10E-10,0.000680966,1.63E-06,2.79E-07,0.999317129
09-12-2019,-0.003149075,-0.653098582,0.004606697,-0.121899106,-0.005071524,0.000460939,15.85999966,0.750877374,4,Bull Recovery,1.21E-11,1.27E-05,9.94E-07,1.89E-07,0.999986153
10-12-2019,-0.001116139,-0.590339909,0.004611122,-0.014076139,-0.006181384,0.000488416,15.68000031,0.759000399,4,Bull Recovery,6.60E-12,0.000451831,7.52E-07,1.29E-07,0.999547288
11-12-2019,0.002835046,-0.606574799,0.004592896,-0.151077976,-0.003359865,0.000521647,14.98999977,0.775600594,4,Bull Recovery,2.25E-12,0.018793779,4.85E-06,9.45E-08,0.981201275
12-12-2019,0.008581999,-0.692078678,0.004884108,-0.123574171,0,0.000575549,13.93999958,0.766305465,4,Bull Recovery,5.58E-13,0.326172434,1.03E-05,1.02E-08,0.673817208
13-12-2019,0.000599126,-0.757711887,0.004881905,-0.131771134,0,0.000613368,12.63000011,0.762954436,1,Stable Bull,1.17E-13,0.940208956,2.17E-06,4.40E-10,0.059788875
16-12-2019,0.006846321,-0.823635585,0.005032667,-0.206799764,0,0.000649721,12.14000034,0.786679565,1,Stable Bull,8.14E-15,0.997346935,6.89E-08,2.58E-11,0.002652996
17-12-2019,0.000218797,-0.880180351,0.004864938,-0.101736131,0,0.000671419,12.28999996,0.765950971,1,Stable Bull,8.41E-16,0.999811451,1.81E-08,1.86E-12,0.00018853
18-12-2019,6.30E-05,-0.928528164,0.004870185,-0.081709903,0,0.00067252,12.57999992,0.767686221,1,Stable Bull,1.15E-16,0.999934907,1.82E-08,8.09E-14,6.51E-05
19-12-2019,0.004090569,-0.989090037,0.004899558,-0.198716795,0,0.000656424,12.5,0.753669987,1,Stable Bull,4.06E-17,0.99997526,1.03E-08,1.17E-14,2.47E-05
20-12-2019,0.004375001,-1.042840325,0.004797784,-0.38584538,0,0.000627013,12.51000023,0.715333442,1,Stable Bull,2.32E-17,0.99998428,1.76E-08,4.08E-15,1.57E-05
23-12-2019,0.00152601,-1.09229571,0.004736853,-0.479825168,0,0.000590609,12.60999966,0.68497359,1,Stable Bull,4.30E-17,0.999986491,2.62E-08,1.95E-15,1.35E-05
24-12-2019,3.13E-05,-1.154593449,0.004753161,-0.410498,0,0.000543097,12.67000008,0.688417061,1,Stable Bull,4.30E-17,0.99998632,2.67E-08,9.38E-16,1.37E-05
26-12-2019,0.005309023,-1.231183287,0.004630045,-0.453353339,0,0.000502251,12.64999962,0.677024882,1,Stable Bull,2.75E-16,0.999993381,2.22E-08,7.87E-15,6.60E-06
27-12-2019,-0.000247496,-1.291242533,0.00464624,-0.373191927,-0.000247466,0.000438032,13.43000031,0.702439942,1,Stable Bull,1.12E-15,0.999968681,6.66E-08,3.43E-14,3.13E-05
30-12-2019,-0.005528456,-1.344576017,0.004840717,-0.198287302,-0.005759303,0.000359791,14.81999969,0.679565344,1,Stable Bull,7.08E-15,0.99989606,2.35E-07,2.63E-13,0.000103704
31-12-2019,0.002426297,-1.012904268,0.004721106,-0.349816955,-0.003344051,0.000280048,13.77999973,0.667419326,1,Stable Bull,6.13E-15,0.999928814,8.86E-08,7.37E-14,7.11E-05
02-01-2020,0.009308363,-1.083077363,0.004448737,-0.157025552,0,0.000258956,12.47000027,0.659186347,1,Stable Bull,4.98E-14,0.99996824,4.06E-08,5.00E-13,3.17E-05
03-01-2020,-0.00760098,-1.128643509,0.004539504,-0.245765227,-0.007572165,0.000223084,14.02000046,0.696877765,1,Stable Bull,5.58E-14,0.999814714,2.56E-07,1.37E-12,0.00018503
06-01-2020,0.003808022,-0.698030292,0.004464984,-0.215186735,-0.003785774,0.000198875,13.85000038,0.70091886,1,Stable Bull,1.35E-13,0.999504469,2.71E-07,3.01E-12,0.00049526
07-01-2020,-0.002816194,-0.797489611,0.004590309,-0.112244514,-0.006587359,0.000161332,13.78999996,0.731930251,1,Stable Bull,1.21E-13,0.999634804,1.25E-07,8.36E-12,0.000365072
08-01-2020,0.005315577,-0.723660781,0.004360168,-0.213899147,-0.001292738,0.00017534,13.44999981,0.717037546,1,Stable Bull,1.87E-14,0.999568647,2.83E-07,2.83E-12,0.00043107
09-01-2020,0.006758018,-0.815085255,0.004349684,-0.398509476,0,0.000190729,12.53999996,0.732794696,1,Stable Bull,7.16E-15,0.999903128,1.01E-07,1.12E-12,9.68E-05
10-01-2020,-0.002881995,-0.894641894,0.004431919,-0.372435711,-0.002877846,0.000198351,12.56000042,0.739019804,1,Stable Bull,1.98E-15,0.999963305,6.55E-08,1.23E-13,3.66E-05
13-01-2020,0.006853659,-0.854301244,0.004552694,-0.412889565,0,0.000199453,12.31999969,0.755304277,1,Stable Bull,1.04E-15,0.999963067,6.11E-08,8.10E-14,3.69E-05
14-01-2020,-0.001525752,-0.932182985,0.004379677,-0.312658976,-0.001524589,0.000204068,12.39000034,0.798952232,1,Stable Bull,4.37E-16,0.999960016,3.26E-08,4.43E-14,4.00E-05
15-01-2020,0.002257458,-1.009998263,0.004372672,-0.36865553,0,0.000206226,12.42000008,0.787404178,1,Stable Bull,1.71E-16,0.999969476,3.07E-08,4.27E-14,3.05E-05
16-01-2020,0.008283392,-1.082241959,0.004465245,-0.311502563,0,0.000187504,12.31999969,0.786792593,1,Stable Bull,2.19E-16,0.999975478,4.80E-08,5.15E-14,2.45E-05
17-01-2020,0.003108234,-1.12877602,0.004455166,-0.404803211,0,0.000180343,12.10000038,0.789060973,1,Stable Bull,8.31E-16,0.999989074,1.84E-08,8.58E-14,1.09E-05
21-01-2020,-0.001960083,-1.182394235,0.004521511,-0.352999032,-0.001958163,0.000168537,12.85000038,0.794559398,1,Stable Bull,1.20E-14,0.99989026,5.12E-08,1.23E-12,0.000109689
22-01-2020,0.000120452,-1.049609094,0.004510395,-0.23558795,-0.00183794,0.000150893,12.90999985,0.805480444,1,Stable Bull,3.35E-13,0.997948817,7.83E-08,3.49E-11,0.002051104
23-01-2020,0.001146394,-1.115304797,0.004471592,-0.146437322,-0.000692997,0.000140648,12.97999954,0.835299902,1,Stable Bull,1.95E-12,0.974863319,1.40E-06,8.18E-10,0.02513528
24-01-2020,-0.008932967,-1.167725215,0.005028531,-0.268899905,-0.009580021,0.000172367,14.56000042,0.846368748,1,Stable Bull,1.43E-11,0.781129496,0.004132834,1.53E-08,0.214737655
27-01-2020,-0.016159216,-0.618688711,0.006285627,-0.820215104,-0.025455816,0.000415682,18.22999954,0.876371799,2,Correction,6.77E-12,3.31E-06,0.59582566,5.93E-08,0.404170966
28-01-2020,0.010424427,0.694913188,0.00658023,-0.666214834,-0.015243616,0.000596175,16.28000069,0.891371614,2,Correction,5.87E-09,3.66E-06,0.945344818,3.16E-07,0.054651202
29-01-2020,-0.000826047,0.480768722,0.006585072,-0.652281369,-0.016056735,0.000721859,16.38999939,0.867030277,2,Correction,2.62E-08,0.000398039,0.990712205,9.05E-08,0.00888964
30-01-2020,0.003240026,0.276278156,0.006457039,-0.84446628,-0.012863562,0.000806765,15.48999977,0.810844286,2,Correction,1.37E-09,0.000436993,0.996802857,1.52E-09,0.002760147
31-01-2020,-0.018324884,0.089196189,0.007692491,-0.911001112,-0.03078799,0.001011331,18.84000015,0.834517661,2,Correction,6.86E-15,1.26E-11,0.999913357,4.98E-14,8.66E-05
03-02-2020,0.007401122,1.235779065,0.007587399,-0.95984958,-0.023588123,0.001144881,17.96999931,0.790778781,2,Correction,1.35E-13,1.52E-13,1,6.98E-14,4.41E-10
04-02-2020,0.015126166,0.951110886,0.008070951,-0.826611641,-0.008706488,0.001296178,16.04999924,0.817429852,2,Correction,3.88E-14,4.50E-08,0.99999995,3.30E-14,5.01E-09
05-02-2020,0.011481986,0.718119894,0.008373813,-0.775063733,0,0.001436751,15.14999962,0.787754099,2,Correction,5.09E-14,8.58E-07,0.999999141,2.04E-14,1.49E-09
06-02-2020,0.00335924,0.505770285,0.008328961,-0.889147967,0,0.001542294,14.96000004,0.784765764,2,Correction,4.28E-13,3.28E-07,0.999999671,2.17E-13,1.46E-09
07-02-2020,-0.00534369,0.290462186,0.008417559,-0.709210686,-0.005329437,0.001617363,15.47000027,0.783159698,2,Correction,1.25E-11,5.44E-07,0.999999434,6.32E-12,2.18E-08
10-02-2020,0.007437423,0.316638636,0.008441567,-0.708757077,0,0.001666868,15.03999996,0.774087308,2,Correction,1.16E-11,1.11E-06,0.999998556,9.46E-12,3.36E-07
11-02-2020,0.001731616,0.128549384,0.008391094,-0.796400797,0,0.001692971,15.18000031,0.74286943,2,Correction,1.73E-10,3.78E-07,0.999999153,1.84E-10,4.69E-07
12-02-2020,0.006421963,-0.042172279,0.008377522,-0.795860632,0,0.001703084,13.73999977,0.721650897,2,Correction,7.77E-10,1.28E-05,0.999975122,5.95E-10,1.21E-05
13-02-2020,-0.001067716,-0.195123603,0.008370238,-0.805103943,-0.001067146,0.001681099,14.14999962,0.720232358,2,Correction,1.40E-08,2.48E-05,0.99994119,1.28E-08,3.40E-05
14-02-2020,0.001600799,-0.317014171,0.008368012,-0.794317939,0,0.001635173,13.68000031,0.721875615,2,Correction,8.26E-08,0.000331339,0.9989276,8.34E-08,0.000740895
18-02-2020,-0.002579969,-0.451091104,0.008252701,-0.671073008,-0.002576644,0.00156682,14.82999992,0.69805315,2,Correction,1.44E-07,0.001438686,0.994215532,1.16E-07,0.004345522
19-02-2020,0.004769929,-0.353888697,0.008283558,-0.688517245,0,0.001472498,14.38000011,0.693043446,2,Correction,1.00E-07,0.003218775,0.990022625,5.30E-08,0.006758446
20-02-2020,-0.00411681,-0.476159299,0.00833411,-0.647320898,-0.004108348,0.001354873,15.56000042,0.696061352,2,Correction,1.82E-08,0.003180924,0.989809894,1.40E-08,0.007009149
21-02-2020,-0.01035173,-0.244536257,0.008683129,-0.504270671,-0.014364374,0.001209488,17.07999992,0.727820393,2,Correction,3.61E-11,0.001237476,0.995058851,3.93E-09,0.00370367
24-02-2020,-0.033727491,0.241842178,0.011418479,-1.128071433,-0.047053039,0.001262889,25.03000069,0.794464037,2,Correction,2.92E-14,5.47E-28,0.999999657,3.39E-07,4.18E-09
25-02-2020,-0.03077112,3,0.01302468,-1.094282173,-0.075929722,0.001525518,27.85000038,0.793820843,2,Correction,2.35E-08,1.89E-67,0.999998142,1.83E-06,5.90E-34
26-02-2020,-0.003684912,3,0.012644409,-1.274489724,-0.079328573,0.001723661,27.55999947,0.774587581,2,Correction,1.45E-06,2.24E-108,0.999910935,8.76E-05,4.93E-27
27-02-2020,-0.045951426,3,0.015566294,-1.341303534,-0.120677443,0.00223555,39.15999985,0.845788415,3,Panic,5.08E-17,3.38E-199,0.080039649,0.919960351,5.52E-44
28-02-2020,-0.004210409,3,0.015544027,-1.315870682,-0.124371967,0.002574424,40.11000061,0.841761733,3,Panic,3.82E-21,2.74922189241315e-310,0.004778283,0.995221717,4.68E-49
02-03-2020,0.042395046,3,0.0185876,-0.252447036,-0.086451537,0.003161315,33.41999817,0.887802328,3,Panic,9.57E-17,4.99E-263,3.70E-06,0.999996295,9.17E-50
03-03-2020,-0.029050261,3,0.019174146,-0.252533199,-0.112608584,0.003685184,36.81999969,0.895646054,3,Panic,8.70E-17,8.89E-210,5.69E-07,0.999999431,1.59E-46
04-03-2020,0.041173369,3,0.021402647,0.040024321,-0.075309086,0.004304751,31.98999977,0.903011366,3,Panic,6.41E-18,8.63E-235,2.66E-11,1,4.31E-50
05-03-2020,-0.033806537,3,0.022132273,0.18199906,-0.106047181,0.004846547,39.61999893,0.898054212,3,Panic,1.11E-26,4.78E-202,3.65E-17,1,8.21E-56
06-03-2020,-0.016669461,3,0.021998927,0.345236344,-0.120825378,0.00524506,41.93999863,0.900608018,3,Panic,3.85E-32,5e-324,5.65E-24,1,2.73E-62
09-03-2020,-0.081312277,3,0.027414718,-0.457479131,-0.189483855,0.006064903,54.45999908,0.910815198,3,Panic,1.06E-64,0,4.07E-42,1,2.10E-132
10-03-2020,0.05045035,3,0.03037037,-0.214410317,-0.147543986,0.006974582,47.29999924,0.929058579,3,Panic,6.12E-61,0,1.97E-52,1,1.19E-168
11-03-2020,-0.049976765,3,0.031591012,-0.059831207,-0.189099916,0.007752924,53.90000153,0.93121394,3,Panic,2.61E-70,0,5.99E-48,1,1.77E-153
12-03-2020,-0.100568928,3,0.037172808,-0.387105986,-0.266684584,0.008874748,75.47000122,0.949647704,3,Panic,1.30E-166,0,2.35E-81,1,1.75E-286
13-03-2020,0.082028273,3,0.042555359,0.070202091,-0.203996016,0.010245159,57.83000183,0.961480044,3,Panic,1.88E-126,0,2.87E-107,1,0
16-03-2020,-0.11588658,3,0.048246693,-0.132713481,-0.291097775,0.011825236,82.69000244,0.969928711,3,Panic,5.12E-237,0,2.12E-124,1,0
17-03-2020,0.052584901,3,0.050421131,-0.13657678,-0.252822695,0.013152063,75.91000366,0.968616237,3,Panic,8.84E-244,0,6.19E-160,1,0
18-03-2020,-0.051959887,3,0.051020834,-0.012055093,-0.290654563,0.014109549,76.44999695,0.968215238,3,Panic,5.25E-225,0,3.98E-136,1,0
19-03-2020,0.002122812,3,0.050969872,-0.005667633,-0.289147156,0.014710678,72,0.966923319,3,Panic,7.30E-213,0,4.78E-146,1,0
20-03-2020,-0.044050275,3,0.05123871,0.099700886,-0.319780757,0.015025281,66.04000092,0.965923829,3,Panic,2.61E-172,0,5.70E-130,1,0
23-03-2020,-0.025900852,3,0.05123268,0.143809112,-0.337172808,0.01507014,61.59000015,0.967818822,3,Panic,1.79E-149,0,4.29E-130,1,0
24-03-2020,0.086730959,3,0.056009538,0.138651343,-0.277118528,0.01536298,61.66999817,0.96954957,3,Panic,2.48E-197,0,6.85E-179,1,0
25-03-2020,0.01485954,3,0.056176935,0.026384555,-0.266296637,0.015474409,63.95000076,0.966416179,3,Panic,1.15E-196,0,2.67E-150,1,0
26-03-2020,0.056748566,2.697274966,0.058085102,-0.047425138,-0.223455946,0.015393574,61,0.967510686,3,Panic,1.67E-211,0,6.51E-165,1,0
27-03-2020,-0.030238312,2.261695533,0.057672967,-0.076753441,-0.24658586,0.015203843,65.54000092,0.967803459,3,Panic,4.63E-215,0,3.14E-149,1,0
30-03-2020,0.031959655,1.986574734,0.058308301,-0.149404109,-0.222118096,0.014762461,57.08000183,0.967043198,3,Panic,2.89E-191,0,4.88E-152,1,0
31-03-2020,-0.015017637,1.654223064,0.057280525,-0.041184918,-0.233712764,0.014225274,53.54000092,0.969456916,3,Panic,1.55E-164,0,5.02E-133,1,0
01-04-2020,-0.046049093,1.467238426,0.057705908,-0.009060504,-0.268199462,0.013480217,57.06000137,0.970116493,3,Panic,7.48E-161,0,2.49E-133,1,0
02-04-2020,0.022813132,2.050113064,0.057040112,0.011535903,-0.251312914,0.012614111,50.90999985,0.970353206,3,Panic,1.84E-130,0,5.74E-128,1,0
03-04-2020,-0.01455964,1.702207502,0.056793473,-0.034204172,-0.262134558,0.011496522,46.79999924,0.970325595,3,Panic,4.93E-110,0,1.27E-115,1,0
06-04-2020,0.065006736,1.40234125,0.059005497,-0.131675854,-0.21257493,0.010046514,45.24000168,0.972017216,3,Panic,9.32E-121,0,9.38E-136,1,0
07-04-2020,0.001018955,1.169738733,0.056375416,-0.239208111,-0.21177217,0.008716167,46.70000076,0.970144591,3,Panic,8.32E-103,0,4.12E-112,1,0
08-04-2020,0.033017039,0.954618972,0.055699133,-0.23135359,-0.18531282,0.00733169,43.34999847,0.966227523,3,Panic,7.11E-96,0,9.43E-113,1,0
09-04-2020,0.015102964,0.765982485,0.054707169,-0.382678312,-0.172915245,0.005574462,41.66999817,0.965680605,3,Panic,7.07E-87,0,4.90E-108,1,0
13-04-2020,-0.009172114,0.604074056,0.049627465,-0.344921271,-0.180466676,0.004255975,41.16999817,0.957238604,3,Panic,1.29E-66,0,4.82E-89,1,2.33E-281
14-04-2020,0.029066169,0.603087778,0.046797984,-0.464664994,-0.156296415,0.003751137,37.75999832,0.952260564,3,Panic,3.62E-59,0,1.37E-82,1,2.87E-270
15-04-2020,-0.021476784,0.459414409,0.038655444,0.285552833,-0.17422326,0.004925723,40.84000015,0.927022271,3,Panic,3.12E-42,0,1.10E-54,1,1.18E-200
16-04-2020,0.004812367,0.480763935,0.03723473,0.41517661,-0.170239742,0.006087909,40.11000061,0.925545285,3,Panic,9.67E-44,0,3.60E-55,1,4.46E-223
17-04-2020,0.026657282,0.497296208,0.035114125,0.396616366,-0.147823134,0.007253334,38.15000153,0.915761309,3,Panic,1.06E-49,0,4.15E-57,1,2.72E-210
20-04-2020,-0.017775227,0.374502912,0.035567038,0.442684066,-0.162836939,0.008136878,43.83000183,0.920699079,3,Panic,1.58E-65,0,1.51E-58,1,5.26E-193
21-04-2020,-0.030833655,0.677509774,0.034710506,0.520608979,-0.188255843,0.00894591,45.40999985,0.918559292,3,Panic,3.87E-68,0,2.94E-60,1,2.48E-221
22-04-2020,0.0219516,1.044113855,0.033906308,0.408000849,-0.170239742,0.009686204,41.97999954,0.919142906,3,Panic,3.60E-69,0,9.45E-67,1,5.01E-246
23-04-2020,-7.16E-05,0.837603996,0.029127856,0.168937403,-0.170299114,0.010601663,41.38000107,0.893999634,3,Panic,1.13E-76,0,2.75E-66,1,1.19E-217
24-04-2020,0.013842485,0.647809924,0.029114213,0.173903939,-0.158734133,0.011287563,35.93000031,0.900229452,3,Panic,4.66E-75,0,4.00E-69,1,6.51E-228
27-04-2020,0.014315445,0.488825149,0.026836909,0.119192692,-0.146604424,0.011873639,33.29000092,0.883070418,3,Panic,7.88E-80,0,1.39E-71,1,2.79E-212
28-04-2020,-0.004608936,0.347640501,0.02573874,0.112856774,-0.150528619,0.012347593,33.56999969,0.869053762,3,Panic,9.09E-86,0,4.72E-73,1,5.29E-204
29-04-2020,0.025841609,0.215840182,0.025459931,0.120972263,-0.128290819,0.012594411,31.22999954,0.884889766,3,Panic,9.69E-91,0,5.22E-79,1,3.06E-208
30-04-2020,-0.009354356,0.110583928,0.025261815,0.107909418,-0.136407077,0.012713664,34.15000153,0.872610556,3,Panic,1.99E-95,0,2.09E-75,1,1.88E-185
01-05-2020,-0.026830077,0.040838872,0.023586139,0.419812444,-0.159269273,0.012712728,37.18999863,0.858448432,3,Panic,9.05E-99,0,4.26E-81,1,4.27E-203
04-05-2020,0.002754368,0.629124286,0.023301496,0.544007742,-0.156950398,0.012559544,35.97000122,0.851933318,3,Panic,6.73E-91,0,7.84E-82,1,1.12E-212
05-05-2020,0.009197028,0.463024712,0.022843322,0.460717335,-0.149161083,0.012229942,33.61000061,0.848469257,3,Panic,2.85E-84,0,8.15E-79,1,2.54E-205
06-05-2020,-0.006801917,0.320811836,0.018688864,-0.15846974,-0.15492878,0.011689961,34.11999893,0.766812979,3,Panic,3.57E-83,0,1.44E-76,1,3.27E-188
07-05-2020,0.011994625,0.323322527,0.018773273,-0.236870643,-0.144731434,0.011064299,31.44000053,0.768792591,3,Panic,2.19E-72,0,3.59E-72,1,8.64E-185
08-05-2020,0.016410895,0.200422066,0.017809934,-0.347204752,-0.130579909,0.01021614,27.97999954,0.774438448,3,Panic,7.34E-60,0,2.37E-63,1,5.93E-159
11-05-2020,0.000205188,0.093532138,0.017603273,-0.25210462,-0.130401496,0.009071548,27.56999969,0.781099787,3,Panic,4.34E-46,0,5.21E-52,1,1.63E-130
12-05-2020,-0.020132788,-0.008701108,0.018118097,-0.227713719,-0.147733878,0.008098732,33.04000092,0.808739762,3,Panic,5.59E-44,0,9.86E-48,1,3.36E-131
13-05-2020,-0.017844264,0.3498325,0.017477221,-0.125172436,-0.162807055,0.007133526,35.27999878,0.784485938,3,Panic,1.93E-36,0,1.00E-44,1,7.10E-139
14-05-2020,0.011896135,0.526416523,0.016971913,-0.307520221,-0.15278822,0.00683791,32.61000061,0.778606586,3,Panic,1.16E-31,0,7.24E-46,1,1.31E-148
15-05-2020,0.004586554,0.376517493,0.016969595,-0.305784343,-0.148893513,0.006504988,31.88999939,0.778552245,3,Panic,1.87E-28,0,2.58E-42,1,4.84E-134
18-05-2020,0.03000508,0.243353714,0.017234275,-0.246310543,-0.122969006,0.006199266,29.29999924,0.835739244,3,Panic,4.50E-28,0,1.03E-42,1,1.26E-126
19-05-2020,-0.010324385,0.139257845,0.016893779,-0.268509795,-0.13197723,0.005713532,30.53000069,0.827962663,3,Panic,2.21E-23,0,3.04E-34,1,3.60E-94
20-05-2020,0.016845505,0.166750581,0.015440894,-0.278689594,-0.117231094,0.005211283,27.98999977,0.784382528,3,Panic,6.46E-20,0,1.32E-35,1,9.72E-95
21-05-2020,-0.006928059,0.063086623,0.0150425,-0.126338146,-0.123325832,0.004605171,29.53000069,0.771436693,3,Panic,5.01E-17,0,4.53E-31,1,1.28E-77
22-05-2020,0.001897298,0.076504939,0.015031023,-0.14551423,-0.121660941,0.00436247,28.15999985,0.773397578,3,Panic,3.01E-14,0,8.00E-31,1,1.39E-81
26-05-2020,0.012244962,-0.023714742,0.01497582,-0.139332042,-0.110839594,0.003993302,28.01000023,0.738454446,3,Panic,1.84E-14,0,4.33E-31,1,1.26E-77
27-05-2020,0.014769893,-0.109273323,0.014993858,-0.140328833,-0.097609325,0.003737349,27.62000084,0.745141493,3,Panic,5.41E-15,0,6.51E-30,1,6.98E-65
28-05-2020,-0.001847012,-0.178188671,0.014938938,-0.164453941,-0.099274513,0.003493397,28.59000015,0.746656976,3,Panic,9.54E-15,1.15E-300,2.23E-27,1,3.36E-53
29-05-2020,0.00444601,-0.145394863,0.013987488,-0.205261841,-0.095260963,0.003229138,27.51000023,0.686435924,3,Panic,1.12E-12,1.15E-289,4.42E-27,1,1.50E-50
01-06-2020,0.004033817,-0.217661602,0.013758286,-0.330928254,-0.091604041,0.00287446,28.22999954,0.725563935,3,Panic,5.77E-14,1.06E-264,1.45E-26,1,2.36E-47
02-06-2020,0.008245833,-0.285585714,0.012054876,-0.183901235,-0.084082592,0.002721821,26.84000015,0.650988165,3,Panic,4.17E-12,1.22E-234,1.74E-26,1,5.81E-41
03-06-2020,0.013220709,-0.34023346,0.012212708,-0.280833166,-0.071893115,0.002461702,25.65999985,0.675316239,3,Panic,7.38E-12,1.45E-191,1.02E-25,1,1.19E-34
04-06-2020,-0.002630324,-0.3886519,0.012261625,-0.149326896,-0.074331129,0.002108046,25.80999947,0.680517785,3,Panic,5.94E-10,1.83E-164,2.68E-23,0.999999999,2.11E-26
05-06-2020,0.025306618,-0.418050956,0.012834033,-0.23363574,-0.050606654,0.002090251,24.52000046,0.762140585,3,Panic,2.78E-13,1.10E-138,1.01E-25,1,1.66E-28
08-06-2020,0.012014961,-0.45123662,0.012834545,-0.233777993,-0.039130928,0.00202519,25.80999947,0.759397815,3,Panic,2.00E-15,3.40E-82,5.13E-24,1,1.32E-13
09-06-2020,-0.007484336,-0.487474154,0.012882093,-0.042679923,-0.04629555,0.001994334,27.56999969,0.668061629,3,Panic,4.63E-16,1.44E-59,6.58E-17,0.999999999,9.79E-10
10-06-2020,-0.005595881,-0.404011161,0.013037936,0.002557694,-0.051617463,0.001941873,27.56999969,0.583118177,3,Panic,1.91E-14,2.87E-74,1.18E-12,1,1.45E-10
11-06-2020,-0.059377172,-0.298770799,0.018399566,-1.674980231,-0.106290508,0.001967022,40.79000092,0.771483113,3,Panic,7.91E-44,2.28E-196,2.04E-21,1,1.25E-46
12-06-2020,0.011904344,1.375599209,0.017912996,-1.978415603,-0.095587905,0.001999015,36.09000015,0.760930777,3,Panic,2.42E-26,7.15E-267,1.66E-27,1,1.68E-43
15-06-2020,0.009292477,1.108623737,0.017862206,-1.977401012,-0.087144507,0.002056143,34.40000153,0.76289548,3,Panic,6.34E-25,5.23E-233,3.93E-27,1,2.43E-37
16-06-2020,0.019065015,0.884056369,0.018180651,-1.960129673,-0.069573944,0.002134465,33.66999817,0.792558281,3,Panic,1.88E-28,9.01E-187,1.48E-28,1,3.71E-33
17-06-2020,-0.004162686,0.690709883,0.017265728,-2.174059647,-0.073438965,0.002136199,33.47000122,0.792626623,3,Panic,7.82E-27,2.02E-154,5.72E-26,1,2.03E-25
18-06-2020,0.000384927,0.580070307,0.017020823,-2.338994231,-0.073082238,0.002142313,32.93999863,0.782051447,3,Panic,1.70E-27,2.27E-161,1.63E-26,1,2.09E-28
19-06-2020,-0.00573154,0.415368063,0.016822796,-2.261101068,-0.078379709,0.002180596,35.11999893,0.779086124,3,Panic,3.20E-32,1.11E-172,1.78E-27,1,8.09E-31
22-06-2020,0.006394805,0.436171826,0.016718139,-2.411709748,-0.072467243,0.002213894,31.77000046,0.767703696,3,Panic,6.21E-27,1.39E-176,5.85E-27,1,1.28E-32
23-06-2020,0.004593087,0.293096324,0.016722135,-2.433499291,-0.068197205,0.002243839,31.37000084,0.7619871,3,Panic,1.66E-27,2.14E-158,7.76E-27,1,3.40E-30
24-06-2020,-0.025839498,0.165548581,0.01768557,-1.966337381,-0.091966111,0.002311573,33.84000015,0.809233366,3,Panic,2.31E-26,5.09E-195,4.80E-26,1,1.32E-35
25-06-2020,0.010663404,0.435029388,0.017547874,-1.994931761,-0.08223157,0.002363663,32.22000122,0.822602739,3,Panic,2.62E-25,4.87E-228,1.30E-27,1,9.40E-43
26-06-2020,-0.024037971,0.28728,0.018364684,-1.689990352,-0.104029818,0.002448528,34.72999954,0.836320575,3,Panic,4.57E-25,9.71E-252,2.52E-26,1,1.34E-44
29-06-2020,0.014590321,0.495044722,0.018625999,-1.674496061,-0.090861494,0.002509806,31.78000069,0.842187618,3,Panic,2.74E-22,1.16E-286,5.10E-28,1,2.98E-53
30-06-2020,0.012728388,0.342180932,0.018810476,-1.67878303,-0.079215668,0.002549939,30.43000031,0.840414863,3,Panic,5.59E-22,5.38E-230,3.53E-27,1,2.72E-43
01-07-2020,0.006980137,0.210300022,0.018786918,-1.676672764,-0.072765983,0.002450018,28.62000084,0.836944697,3,Panic,1.92E-19,3.60E-191,9.55E-26,1,1.68E-35
02-07-2020,0.005491802,0.090472258,0.018601791,-1.681520262,-0.067659789,0.002306538,27.68000031,0.841508935,3,Panic,1.46E-18,4.67E-170,3.20E-25,1,9.73E-32
06-07-2020,0.015319522,-0.020566315,0.018874824,-1.722486767,-0.053266818,0.002124955,27.94000053,0.850939488,3,Panic,6.70E-22,1.30E-138,1.29E-26,1,9.16E-29
07-07-2020,-0.01036726,-0.107780814,0.018177018,-1.774605393,-0.063031145,0.001918257,29.43000031,0.845046634,3,Panic,2.08E-21,5.57E-123,5.55E-25,1,6.58E-23
08-07-2020,0.007619501,0.075130597,0.01804902,-1.789697319,-0.055864642,0.001643098,28.07999992,0.853164813,3,Panic,1.10E-19,2.84E-124,2.03E-25,1,1.74E-23
09-07-2020,-0.00570936,-0.029450188,0.018020466,-1.8110779,-0.061239692,0.001269785,29.26000023,0.883256621,3,Panic,5.82E-20,4.58E-121,3.49E-25,1,1.55E-21
10-07-2020,0.010158734,0.026914341,0.018136301,-1.891703723,-0.051654471,0.000691663,27.29000092,0.912497489,3,Panic,2.19E-18,5.23E-119,3.04E-26,1,3.82E-22
13-07-2020,-0.008696627,-0.072304698,0.012260442,-0.935610169,-0.05986612,0.001409421,32.18999863,0.815079372,3,Panic,4.74E-24,7.48E-102,6.70E-24,1,1.61E-14
14-07-2020,0.012875697,0.015919239,0.012299816,-0.930218941,-0.047682976,0.001825866,29.52000046,0.814497638,3,Panic,7.92E-22,1.57E-91,1.84E-19,1,4.83E-16
15-07-2020,0.009145087,-0.082411767,0.012295762,-0.92994164,-0.038934011,0.002130019,27.76000023,0.806143401,3,Panic,8.52E-20,2.04E-68,6.60E-20,1,3.66E-11
16-07-2020,-0.003298679,-0.172673133,0.011740786,-0.939710873,-0.042099035,0.002412682,28,0.786152109,3,Panic,3.50E-20,2.50E-58,1.55E-14,0.999999999,1.09E-09
17-07-2020,0.002894883,-0.221968523,0.011674846,-1.038630051,-0.039322007,0.002655156,25.68000031,0.785509588,3,Panic,1.15E-17,2.07E-58,7.71E-13,1,6.03E-11
20-07-2020,0.008049292,-0.301871986,0.011750515,-1.106131611,-0.031558023,0.002848951,24.45999908,0.776573624,3,Panic,7.26E-18,5.28E-54,4.07E-14,1,1.52E-10
21-07-2020,0.002125085,-0.367559696,0.011613413,-1.229205878,-0.029497813,0.003021286,24.84000015,0.761220966,3,Panic,1.52E-19,9.23E-49,8.89E-14,0.999999997,2.93E-09
22-07-2020,0.005676242,-0.431671509,0.011602296,-1.224583117,-0.023973344,0.003166306,24.31999969,0.759356866,3,Panic,3.01E-20,1.09E-45,7.52E-13,0.999999995,5.18E-09
23-07-2020,-0.012003732,-0.486545887,0.012005612,-0.991867392,-0.035619269,0.003262868,26.07999992,0.784433289,3,Panic,8.38E-21,7.54E-51,2.08E-12,0.999999999,9.89E-10
24-07-2020,-0.00646124,-0.311484774,0.010429426,-0.872881352,-0.041830278,0.003408352,25.84000015,0.785637893,3,Panic,3.89E-20,5.86E-67,4.11E-14,1,1.21E-11
27-07-2020,0.007266186,-0.238191612,0.010323242,-0.871848898,-0.034842683,0.003524516,24.73999977,0.779595392,3,Panic,4.55E-20,9.30E-73,7.15E-17,1,2.20E-12
28-07-2020,-0.006362539,-0.31355185,0.008644119,-0.373232523,-0.04096404,0.003678684,25.44000053,0.772815917,3,Panic,1.86E-20,1.08E-77,4.44E-19,1,2.52E-11
29-07-2020,0.012223435,-0.2810341,0.008502992,-0.412831381,-0.029169387,0.00376166,24.10000038,0.773255386,3,Panic,4.70E-21,1.76E-75,2.15E-19,1,5.39E-12
30-07-2020,-0.003574217,-0.349888768,0.008324848,-0.2576999,-0.032633152,0.003777795,24.76000023,0.755718373,3,Panic,1.21E-20,8.78E-65,3.41E-19,0.999999998,2.31E-09
31-07-2020,0.007871266,-0.377745554,0.008351856,-0.264754579,-0.024988704,0.003724408,24.45999908,0.619956006,3,Panic,1.37E-19,1.26E-56,2.51E-16,0.999983372,1.66E-05
03-08-2020,0.006928078,-0.437500292,0.008384323,-0.281245167,-0.018210297,0.003613118,24.28000069,0.603017811,3,Panic,2.62E-18,1.76E-46,2.86E-13,0.960829943,0.039170057
04-08-2020,0.003854687,-0.490089691,0.007862179,-0.351113739,-0.014418501,0.003428553,23.76000023,0.581549948,4,Bull Recovery,1.83E-17,4.33E-39,1.79E-10,0.312818181,0.687181819
05-08-2020,0.006192399,-0.536364459,0.007384653,-0.507614785,-0.008296452,0.003248885,22.98999977,0.578105138,4,Bull Recovery,8.58E-18,7.37E-36,3.36E-09,0.033567171,0.966432825
06-08-2020,0.006662005,-0.578177318,0.007355682,-0.501890006,-0.001667662,0.002983862,22.64999962,0.57843263,4,Bull Recovery,7.20E-19,6.37E-34,3.19E-09,0.000463975,0.999536022
07-08-2020,0.000717461,-0.613302233,0.007120071,-0.603485089,-0.00095114,0.002608289,22.20999908,0.60308031,4,Bull Recovery,2.82E-19,1.14E-29,4.34E-08,3.78E-06,0.999996177
10-08-2020,0.002984699,-0.628889922,0.006927096,-0.56101257,0,0.002023998,22.12999916,0.608027731,4,Bull Recovery,8.77E-21,7.32E-25,2.76E-08,7.00E-08,0.999999902
11-08-2020,-0.008289174,-0.661562074,0.0068943,-0.554093715,-0.008254913,0.002043136,24.03000069,0.628525834,4,Bull Recovery,6.65E-24,3.88E-28,7.61E-08,4.08E-07,0.999999516
12-08-2020,0.013846402,-0.50973111,0.006969193,-0.506129018,0,0.002021264,22.28000069,0.660189966,4,Bull Recovery,1.44E-21,9.06E-26,2.66E-08,1.20E-06,0.999998769
13-08-2020,-0.001809692,-0.547855888,0.006871002,-0.351172468,-0.001808055,0.001970751,22.12999916,0.664154606,4,Bull Recovery,5.71E-20,1.25E-24,9.79E-08,2.58E-07,0.999999644
14-08-2020,2.99E-05,-0.568545004,0.00677637,-0.412740883,-0.001778201,0.00193333,22.04999924,0.652938548,4,Bull Recovery,1.22E-20,5.77E-24,5.99E-08,1.47E-07,0.999999793
17-08-2020,0.003171364,-0.591087852,0.006777801,-0.418381483,0,0.00186935,21.35000038,0.650499996,4,Bull Recovery,3.51E-20,6.36E-22,5.06E-08,8.86E-08,0.999999861
18-08-2020,0.002158414,-0.625989103,0.00665031,-0.345611413,0,0.001769998,21.51000023,0.65185078,4,Bull Recovery,1.71E-20,2.92E-22,3.20E-08,6.56E-08,0.999999902
19-08-2020,-0.004172515,-0.657342646,0.006787681,-0.228756332,-0.004163822,0.001636052,22.54000092,0.653308078,4,Bull Recovery,2.54E-21,1.63E-22,3.13E-08,5.61E-08,0.999999913
20-08-2020,0.003109123,-0.585205734,0.006736502,-0.187890662,-0.001062827,0.00145586,22.71999931,0.658518964,4,Bull Recovery,4.52E-22,1.23E-23,1.08E-08,3.88E-08,0.99999995
21-08-2020,0.003540413,-0.619786386,0.005973727,-0.040942837,0,0.001175063,22.54000092,0.533522062,4,Bull Recovery,3.15E-22,2.69E-23,3.06E-09,1.07E-09,0.999999996
24-08-2020,0.010082517,-0.651503096,0.005839451,-0.165855994,0,0.001046462,22.37000084,0.512009729,4,Bull Recovery,3.06E-23,5.17E-22,2.13E-09,7.98E-10,0.999999997
25-08-2020,0.003493074,-0.673527932,0.005764465,-0.095028241,0,0.000867945,22.03000069,0.490973511,4,Bull Recovery,1.55E-22,1.53E-20,4.54E-09,1.35E-10,0.999999995
26-08-2020,0.009975557,-0.698223282,0.005538072,-0.192640703,0,0.000871623,23.27000046,0.463981073,4,Bull Recovery,5.55E-25,3.15E-25,7.97E-10,1.40E-10,0.999999999
27-08-2020,0.002184304,-0.716271657,0.00519371,-0.172769993,0,0.000892372,24.46999931,0.442204594,4,Bull Recovery,6.01E-28,4.16E-32,5.29E-10,5.39E-11,0.999999999
28-08-2020,0.006438794,-0.737712629,0.004988202,-0.343697956,0,0.000918933,22.95999908,0.441711123,4,Bull Recovery,1.23E-25,7.07E-26,1.18E-09,6.14E-11,0.999999999
31-08-2020,-0.003629318,-0.754586999,0.005143221,-0.163049503,-0.00362274,0.000900831,26.40999985,0.433894621,4,Bull Recovery,2.39E-31,3.00E-39,2.66E-10,8.00E-11,1
01-09-2020,0.009374703,-0.701536167,0.005258019,-0.156342494,0,0.000842155,26.12000084,0.439332092,4,Bull Recovery,3.21E-32,1.17E-38,7.15E-11,1.77E-10,1
02-09-2020,0.01436026,-0.719551299,0.005783969,-0.028662416,0,0.000784278,26.56999969,0.361321803,4,Bull Recovery,2.04E-32,1.93E-41,2.67E-10,2.46E-08,0.999999975
03-09-2020,-0.035020441,-0.732674091,0.010227278,-2.216716954,-0.034414321,0.0011412,33.59999847,0.694280862,3,Panic,1.25E-45,8.96E-55,3.02E-06,0.999996964,1.96E-08
04-09-2020,-0.008198606,0.36272695,0.010391713,-1.955062006,-0.042298414,0.001419299,30.75,0.683968798,3,Panic,1.70E-24,5.56E-51,1.89E-07,0.999999807,4.76E-09
08-09-2020,-0.027702689,0.446543767,0.012153428,-1.564552102,-0.068465204,0.001866093,31.45999908,0.766538971,3,Panic,7.88E-21,2.09E-82,2.63E-08,0.999999974,1.16E-15
09-09-2020,0.019554714,0.768533147,0.012885937,-1.317441294,-0.050070038,0.002285802,28.80999947,0.802148488,3,Panic,1.44E-19,1.76E-94,1.61E-10,1,6.87E-18
10-09-2020,-0.017516041,0.58618567,0.013352858,-1.195575476,-0.066564173,0.002657604,29.70999908,0.807509781,3,Panic,7.84E-18,2.87E-89,6.34E-11,1,4.67E-16
11-09-2020,0.000509119,0.68496239,0.012981133,-1.21082908,-0.066088822,0.002916504,26.87000084,0.795278051,3,Panic,2.43E-14,6.90E-116,2.02E-11,1,1.81E-19
14-09-2020,0.013085037,0.512880044,0.013307621,-1.233575132,-0.053788259,0.003151789,25.85000038,0.799786313,3,Panic,2.48E-16,2.37E-106,6.01E-13,1,8.34E-20
15-09-2020,0.005039689,0.357699545,0.013348698,-1.274769906,-0.04900761,0.003342228,25.59000015,0.796864565,3,Panic,4.48E-17,2.71E-86,6.41E-14,1,5.84E-16
16-09-2020,-0.003976471,0.22115988,0.013367448,-1.193427734,-0.052781695,0.003494367,26.04000092,0.799310363,3,Panic,1.12E-17,6.95E-88,6.27E-15,1,4.81E-16
17-09-2020,-0.008834234,0.259497586,0.013498555,-1.054887666,-0.061112789,0.003615751,26.45999908,0.799862696,3,Panic,3.69E-17,3.94E-105,4.00E-16,1,1.04E-18
18-09-2020,-0.011579561,0.198867583,0.013697493,-0.957228034,-0.071921987,0.003719452,25.82999992,0.803781035,3,Panic,1.99E-15,7.89E-140,1.40E-17,1,3.06E-24
21-09-2020,-0.01119178,0.373639974,0.013850776,-0.797598258,-0.082250925,0.003796875,27.78000069,0.771840618,3,Panic,2.02E-16,8.64E-177,4.33E-20,1,1.77E-29
22-09-2020,0.010132904,0.37449425,0.014042425,-0.807793401,-0.072904187,0.003814994,26.86000061,0.807359197,3,Panic,3.18E-17,3.62E-188,5.47E-24,1,5.54E-33
23-09-2020,-0.023464345,0.23146691,0.014601886,-0.587548186,-0.094404649,0.003813015,28.57999992,0.821455651,3,Panic,3.71E-16,4.11E-213,3.40E-24,1,9.75E-36
24-09-2020,0.002661996,0.490274357,0.014585343,-0.58259125,-0.091990747,0.003756892,28.51000023,0.826870037,3,Panic,7.55E-16,9.82E-256,1.88E-25,1,2.37E-42
25-09-2020,0.01603784,0.33346374,0.014906315,-0.534575914,-0.077310837,0.003647139,26.37999916,0.833636918,3,Panic,4.93E-15,4.51E-229,7.95E-26,1,4.78E-40
28-09-2020,0.016472619,0.199513672,0.015445417,-0.523022566,-0.061985855,0.003468903,26.19000053,0.848324842,3,Panic,4.73E-16,1.70E-165,5.71E-25,1,1.16E-29
29-09-2020,-0.005461077,0.083738529,0.015346664,-0.428206312,-0.067094461,0.003175823,26.27000046,0.850779841,3,Panic,2.03E-13,5.67E-137,1.21E-22,1,2.18E-22
30-09-2020,0.00755359,0.11037499,0.015493364,-0.508450542,-0.060020993,0.002790304,26.37000084,0.880616271,3,Panic,7.27E-14,2.60E-129,7.95E-23,1,3.31E-22
01-10-2020,0.00639938,-0.000760512,0.015399218,-0.501435155,-0.053986422,0.002246747,26.70000076,0.886991159,3,Panic,5.85E-14,6.07E-105,3.16E-22,1,9.67E-18
02-10-2020,-0.009539745,-0.101659062,0.015011111,-0.380235116,-0.06296824,0.001481487,27.62999916,0.916812903,3,Panic,2.45E-12,7.87E-102,2.52E-19,1,4.47E-16
05-10-2020,0.01757784,-0.083956251,0.013753683,-0.245962532,-0.046351632,0.001248632,27.95999908,0.894478671,3,Panic,1.72E-16,1.53E-93,8.91E-20,1,6.68E-17
06-10-2020,-0.014317832,-0.170125174,0.013985754,-0.210047879,-0.059908524,0.00095994,29.47999954,0.904106833,3,Panic,2.11E-15,1.29E-84,8.33E-19,1,1.09E-12
07-10-2020,0.01725683,-0.073361754,0.013087394,-0.186596401,-0.043544738,0.000886592,28.05999947,0.878021494,3,Panic,1.07E-16,2.59E-80,3.45E-15,1,1.40E-13
08-10-2020,0.008823704,-0.159890968,0.012535083,-0.23505903,-0.035067916,0.000913373,26.36000061,0.861576272,3,Panic,1.87E-12,4.70E-49,9.33E-15,0.99941733,0.00058267
09-10-2020,0.008890229,-0.238415944,0.011920947,-0.398276599,-0.026451204,0.001017571,25,0.844871465,3,Panic,2.05E-11,2.29E-28,1.39E-07,0.704246287,0.295753575
12-10-2020,0.015959893,-0.309226217,0.012295032,-0.472178772,-0.010788817,0.001062221,25.06999969,0.846619308,4,Bull Recovery,5.09E-15,8.67E-21,4.99E-07,0.0888501,0.9111494
13-10-2020,-0.006547805,-0.37036423,0.012215195,-0.299382726,-0.01724482,0.00112164,26.06999969,0.835827713,4,Bull Recovery,8.10E-17,3.25E-17,3.79E-07,0.000421095,0.999578526
14-10-2020,-0.006303196,-0.399881924,0.012315357,-0.172768182,-0.023419837,0.00116974,26.39999962,0.837409838,4,Bull Recovery,1.80E-18,1.20E-18,1.79E-06,0.000104601,0.999893605
15-10-2020,-0.00123647,-0.23720191,0.012271493,-0.203756647,-0.024626603,0.001216966,26.96999931,0.838892789,4,Bull Recovery,4.57E-20,8.72E-22,5.62E-06,0.001124195,0.99887018
16-10-2020,-0.000604743,-0.313521646,0.012058049,-0.283668539,-0.025216275,0.001275299,27.40999985,0.831594891,4,Bull Recovery,2.89E-20,1.05E-24,9.37E-05,0.047259835,0.952646451
19-10-2020,-0.015320017,-0.314885438,0.012290743,-0.2955543,-0.040036168,0.001314711,29.18000031,0.836658816,3,Panic,5.80E-20,1.02E-33,0.002294034,0.937965079,0.059740887
20-10-2020,0.003997506,-0.128876032,0.011941774,-0.445153017,-0.036191026,0.001367696,29.35000038,0.887792046,3,Panic,2.01E-20,1.25E-43,5.83E-05,0.999281814,0.00065988
21-10-2020,-0.001894524,-0.218232899,0.011836885,-0.32522678,-0.038015256,0.001415495,28.64999962,0.889444449,3,Panic,1.21E-18,1.48E-41,5.07E-06,0.999961847,3.31E-05
22-10-2020,0.005470191,-0.271208471,0.010343883,-0.154114787,-0.032738597,0.001547153,28.11000061,0.857604351,3,Panic,9.88E-20,1.20E-42,2.97E-08,0.999994044,5.93E-06
23-10-2020,0.003389693,-0.342716164,0.010343431,-0.164428019,-0.029454315,0.001643174,27.54999924,0.857754867,3,Panic,3.87E-19,1.06E-40,1.08E-09,0.999956983,4.30E-05
26-10-2020,-0.018652861,-0.40926445,0.010938904,-0.161327655,-0.047389973,0.001651422,32.45999908,0.804993174,3,Panic,3.02E-27,2.16E-59,8.39E-10,0.999999981,1.86E-08
27-10-2020,-0.003453624,-0.153892952,0.010429353,-0.062209529,-0.050674255,0.001626914,33.34999847,0.788888295,3,Panic,2.39E-29,8.89E-83,5.55E-14,1,4.16E-11
28-10-2020,-0.034776711,-0.09923705,0.01293748,-0.739287476,-0.083121212,0.001508455,40.27999878,0.836807331,3,Panic,1.28E-42,3.48E-143,2.00E-18,1,2.21E-24
29-10-2020,0.010112466,0.458347743,0.013032045,-0.735380894,-0.073802267,0.001355636,37.59000015,0.831944244,3,Panic,9.63E-36,4.06E-177,4.80E-25,1,3.03E-28
30-10-2020,-0.010479618,0.298680717,0.01309245,-0.565790463,-0.083457784,0.001185433,38.02000046,0.810625768,3,Panic,3.75E-33,7.61E-179,6.88E-26,1,2.46E-25
02-11-2020,0.011146162,0.281563126,0.013235274,-0.720682931,-0.073184709,0.001037697,37.13000107,0.796357836,3,Panic,1.23E-34,1.92E-187,4.39E-28,1,1.65E-29
03-11-2020,0.017501482,0.145210109,0.013230062,-0.722343468,-0.056821294,0.001005069,35.54999924,0.785948554,3,Panic,2.77E-34,6.00E-148,2.34E-28,1,4.02E-23
04-11-2020,0.02210352,0.028860143,0.01371018,-0.757596993,-0.035741615,0.000982216,29.56999969,0.798318347,3,Panic,8.54E-22,6.00E-83,7.06E-25,1,1.37E-11
05-11-2020,0.01931489,-0.068604268,0.013837396,-0.723804781,-0.016936041,0.001028876,27.57999992,0.812007227,3,Panic,3.60E-18,3.44E-39,2.18E-16,0.981470706,0.018529294
06-11-2020,-0.000228367,-0.161753017,0.013732114,-0.652527458,-0.017160515,0.001078631,24.86000061,0.817189001,4,Bull Recovery,4.51E-13,6.46E-16,5.46E-08,0.022757185,0.97724276
09-11-2020,0.012487189,-0.251206923,0.013858928,-0.652548723,-0.004810666,0.00112762,25.75,0.767468269,4,Bull Recovery,9.66E-19,5.51E-18,1.06E-07,0.001040982,0.998958912
10-11-2020,-0.001467534,-0.33038758,0.01343663,-0.596295604,-0.006270069,0.001150683,24.79999924,0.730933173,4,Bull Recovery,6.93E-18,1.03E-13,3.89E-07,1.20E-05,0.999987564
11-11-2020,0.00740109,-0.403472069,0.01343027,-0.734921701,0,0.00116959,23.45000076,0.754302897,4,Bull Recovery,3.54E-19,2.64E-13,5.27E-07,1.32E-06,0.999998154
12-11-2020,-0.009748139,-0.469006791,0.013542979,-0.696609472,-0.009700779,0.001190879,25.35000038,0.752322701,4,Bull Recovery,9.29E-21,1.54E-14,2.03E-06,4.91E-06,0.999993056
13-11-2020,0.013749509,-0.383632831,0.01382674,-0.770355163,0,0.001220739,23.10000038,0.745333527,4,Bull Recovery,1.29E-18,6.03E-13,1.49E-06,9.20E-06,0.999989313
16-11-2020,0.012405192,-0.446708312,0.01402107,-0.849963202,0,0.001250111,22.45000076,0.746865884,4,Bull Recovery,1.06E-17,1.68E-11,4.10E-06,1.46E-05,0.99998128
17-11-2020,-0.005392809,-0.503911251,0.013566108,-0.946450845,-0.005378294,0.001259333,22.70999908,0.732431433,4,Bull Recovery,6.15E-17,7.90E-10,1.60E-05,9.18E-06,0.999974837
18-11-2020,-0.012107711,-0.517560253,0.013928964,-0.764395766,-0.017348275,0.001268039,23.84000015,0.73692789,4,Bull Recovery,6.30E-16,1.40E-10,6.42E-05,3.98E-05,0.999895993
19-11-2020,0.004201521,-0.238452787,0.01391259,-0.830044824,-0.013210958,0.001264215,23.11000061,0.738323471,4,Bull Recovery,2.87E-15,3.61E-11,1.36E-05,9.14E-06,0.999977223
20-11-2020,-0.006871947,-0.322056372,0.014020994,-0.695935678,-0.019968874,0.001129671,23.70000076,0.746180426,4,Bull Recovery,3.88E-15,1.13E-11,3.55E-05,1.60E-05,0.999948451
23-11-2020,0.005976694,-0.220704681,0.014050143,-0.716996801,-0.014093989,0.000944264,22.65999985,0.724248564,4,Bull Recovery,2.87E-14,4.21E-12,1.32E-05,1.19E-05,0.999974963
24-11-2020,0.015985563,-0.306783393,0.013581263,-0.938560746,0,0.000770911,21.63999939,0.745263248,4,Bull Recovery,1.84E-15,1.26E-11,8.75E-06,2.54E-05,0.999965814
25-11-2020,-0.001543183,-0.379701642,0.013540583,-0.963780123,-0.001541993,0.000340588,21.25,0.756866131,4,Bull Recovery,3.95E-14,5.08E-11,9.14E-06,1.48E-05,0.999976081
27-11-2020,0.002781172,-0.453705844,0.010364678,-0.140194432,0,0.000775068,20.84000015,0.67313821,4,Bull Recovery,1.72E-14,6.00E-10,1.03E-06,5.78E-08,0.999998916
30-11-2020,-0.004436858,-0.520466319,0.01049903,0.024215019,-0.00442703,0.001009049,20.56999969,0.646548763,4,Bull Recovery,1.55E-14,1.11E-07,2.28E-06,6.77E-08,0.999997539
01-12-2020,0.010878,-0.513908611,0.010006658,-0.102749694,0,0.00124583,20.77000046,0.642667176,4,Bull Recovery,2.42E-16,1.75E-10,1.44E-07,2.18E-08,0.999999834
02-12-2020,0.002101507,-0.567785123,0.009942997,0.016870856,0,0.001434819,21.17000008,0.653440418,4,Bull Recovery,7.67E-18,8.03E-12,1.35E-07,2.13E-08,0.999999844
03-12-2020,-0.000272697,-0.620457515,0.009575719,0.168881888,-0.00027266,0.001621312,21.28000069,0.646438198,4,Bull Recovery,4.43E-18,2.32E-13,6.89E-08,2.44E-08,0.999999907
04-12-2020,0.008580669,-0.669153633,0.008725527,0.011466507,0,0.001842766,20.79000092,0.541136925,4,Bull Recovery,1.65E-19,4.84E-14,2.20E-09,8.50E-10,0.999999997
07-12-2020,-0.002057095,-0.709391667,0.008007229,-0.003193384,-0.00205498,0.002077312,21.29999924,0.416095469,4,Bull Recovery,1.71E-22,4.84E-17,1.64E-10,3.78E-12,1
08-12-2020,0.002922102,-0.749654654,0.007983105,-0.058954532,0,0.002258443,20.68000031,0.417206445,4,Bull Recovery,1.04E-23,9.22E-18,6.08E-11,4.33E-12,1
09-12-2020,-0.009009397,-0.781859096,0.008036189,0.085596211,-0.008968934,0.002383941,22.27000046,0.556169222,4,Bull Recovery,6.12E-24,1.23E-20,2.92E-09,1.34E-08,0.999999984
10-12-2020,-0.000327282,-0.677989564,0.008018097,0.067555242,-0.009293227,0.002489905,22.52000046,0.600616022,4,Bull Recovery,1.09E-22,2.86E-22,7.92E-10,2.85E-08,0.999999971
11-12-2020,-0.001173227,-0.671283228,0.007929863,0.206614249,-0.010454869,0.002570389,23.30999947,0.528308017,4,Bull Recovery,5.14E-24,1.86E-24,5.22E-11,3.01E-09,0.999999997
14-12-2020,-0.004487114,-0.699679643,0.007642302,0.26160943,-0.014885124,0.002633481,24.71999931,0.515755241,4,Bull Recovery,3.81E-27,8.20E-29,1.38E-11,4.77E-09,0.999999995
15-12-2020,0.013428803,-0.656941553,0.007616918,0.254145594,-0.001566987,0.002649805,22.88999939,0.522640687,4,Bull Recovery,1.28E-25,1.88E-29,5.72E-12,1.34E-08,0.999999987
16-12-2020,0.001568216,-0.69629092,0.007196953,0.344047881,0,0.002642245,22.5,0.473889228,4,Bull Recovery,1.19E-24,7.60E-30,5.37E-12,4.94E-10,0.999999999
17-12-2020,0.005576231,-0.736710286,0.007108211,0.181612298,0,0.002629625,21.93000031,0.451182707,4,Bull Recovery,6.41E-26,1.13E-27,2.60E-12,1.02E-10,1
18-12-2020,-0.004000768,-0.774170147,0.006528121,0.486705234,-0.003992775,0.002583576,21.56999969,0.422983647,4,Bull Recovery,5.47E-25,8.87E-26,2.42E-12,3.41E-11,1
21-12-2020,-0.003581995,-0.765475675,0.006611123,0.609813091,-0.007554086,0.002481554,25.15999985,0.383591789,4,Bull Recovery,1.91E-32,7.74E-34,1.13E-14,1.63E-12,1
22-12-2020,-0.00168672,-0.704023503,0.006374398,0.67175076,-0.009226654,0.002322465,24.22999954,0.324533337,4,Bull Recovery,3.62E-32,9.46E-28,4.16E-15,9.29E-15,1
23-12-2020,0.000898305,-0.708237958,0.006302856,0.797551067,-0.008336237,0.00208614,23.30999947,0.378419048,4,Bull Recovery,1.24E-31,3.10E-23,4.99E-14,1.97E-13,1
24-12-2020,0.003882525,-0.750849193,0.005404313,0.618166115,-0.004478594,0.001871197,21.53000069,0.352477412,4,Bull Recovery,3.53E-28,1.87E-20,1.16E-13,2.45E-14,1
28-12-2020,0.008554461,-0.788747223,0.005616052,0.418460117,0,0.001518371,21.70000076,0.393575489,4,Bull Recovery,2.64E-28,1.11E-20,1.82E-12,4.11E-13,1
29-12-2020,-0.001909925,-0.818628795,0.005653012,0.520540924,-0.001908102,0.00148058,23.07999992,0.408223663,4,Bull Recovery,1.19E-28,6.01E-25,4.57E-12,1.33E-12,1
30-12-2020,0.00142596,-0.794348289,0.005502875,0.463638208,-0.000483847,0.001400145,22.77000046,0.439198404,4,Bull Recovery,1.19E-27,7.66E-25,1.14E-11,7.51E-12,1
31-12-2020,0.00506783,-0.828438084,0.005141511,0.439469053,0,0.001352115,22.75,0.379240419,4,Bull Recovery,3.81E-28,6.08E-25,1.09E-12,1.85E-13,1
04-01-2021,-0.013707366,-0.858142392,0.006077298,-0.109585819,-0.013613848,0.001214189,26.96999931,0.497303284,4,Bull Recovery,1.49E-33,1.22E-33,1.18E-09,2.46E-09,0.999999996
05-01-2021,0.006863672,-0.610286506,0.006231751,-0.213809084,-0.00682033,0.001070629,25.34000015,0.494235957,4,Bull Recovery,2.99E-28,1.86E-28,3.41E-10,4.54E-10,0.999999999
06-01-2021,0.005960733,-0.660540716,0.006092902,-0.241338326,-0.000882572,0.000990324,25.06999969,0.456662985,4,Bull Recovery,2.05E-29,8.05E-31,2.09E-10,6.23E-11,1
07-01-2021,0.014748259,-0.703872299,0.006780708,-0.078399978,0,0.000945639,22.37000084,0.553792631,4,Bull Recovery,6.85E-24,1.12E-19,4.91E-09,7.70E-09,0.999999987
08-01-2021,0.005681521,-0.738587736,0.006836622,-0.124149011,0,0.000897257,21.55999947,0.556504169,4,Bull Recovery,3.24E-21,1.51E-16,8.54E-09,8.91E-10,0.999999991
11-01-2021,-0.006763629,-0.775676806,0.006677956,-0.077463333,-0.006740807,0.000835769,24.07999992,0.536246471,4,Bull Recovery,3.34E-24,1.77E-22,8.36E-09,8.70E-10,0.999999991
12-01-2021,0.000211222,-0.70006219,0.006670751,-0.088648297,-0.006530986,0.000765395,23.32999992,0.543946,4,Bull Recovery,3.39E-23,3.20E-19,5.48E-09,4.92E-10,0.999999994
13-01-2021,0.002689136,-0.699180034,0.006639562,-0.170600595,-0.003855818,0.000691028,22.20999908,0.56499785,4,Bull Recovery,1.07E-21,5.22E-17,1.78E-08,1.21E-09,0.999999981
14-01-2021,-0.003507979,-0.741596575,0.006595577,-0.177329361,-0.007344148,0.000633391,23.25,0.594250036,4,Bull Recovery,3.62E-22,2.01E-19,3.41E-08,4.59E-09,0.999999961
15-01-2021,-0.007319345,-0.680380889,0.006342623,-0.179516963,-0.014583214,0.000564751,24.34000015,0.612286922,4,Bull Recovery,2.05E-22,2.69E-21,8.70E-08,1.91E-08,0.999999894
19-01-2021,0.007821425,-0.600871513,0.006515875,-0.24698121,-0.006845631,0.000529358,23.23999977,0.649176397,4,Bull Recovery,2.86E-21,1.09E-20,5.80E-08,6.89E-08,0.999999873
20-01-2021,0.013743615,-0.653153375,0.007010071,-0.092982203,0,0.000521985,21.57999992,0.703905522,4,Bull Recovery,3.26E-19,1.15E-17,1.13E-07,2.45E-07,0.999999642
21-01-2021,0.000911282,-0.694653085,0.006892352,-0.173728236,0,0.000536934,21.31999969,0.668127726,4,Bull Recovery,2.36E-18,4.62E-17,1.89E-07,2.80E-08,0.999999784
22-01-2021,-0.003545821,-0.740947411,0.006890917,-0.17409724,-0.003539542,0.00054879,21.90999985,0.684939794,4,Bull Recovery,6.87E-19,2.00E-17,2.04E-07,3.84E-08,0.999999757
25-01-2021,0.003936214,-0.695089965,0.006853492,-0.288419209,0,0.000561942,23.19000053,0.712081693,4,Bull Recovery,8.94E-22,6.39E-24,4.69E-08,1.02E-07,0.999999851
26-01-2021,-0.00156223,-0.739068861,0.006897275,-0.238551258,-0.001561011,0.000575812,23.02000046,0.699441228,4,Bull Recovery,3.91E-21,1.45E-22,1.66E-07,1.17E-05,0.999988134
27-01-2021,-0.024743884,-0.737912394,0.009020361,-0.982506635,-0.025963123,0.000782757,37.20999908,0.618545164,4,Bull Recovery,1.03E-50,1.46E-73,6.38E-08,0.013330431,0.986669505
28-01-2021,0.008563408,-0.175834429,0.009020751,-0.98240846,-0.017586231,0.000925539,30.20999908,0.504645048,4,Bull Recovery,8.54E-29,3.75E-38,6.35E-09,8.41E-05,0.99991585
29-01-2021,-0.020222876,-0.273157804,0.010105017,-0.886409731,-0.037253924,0.001158392,33.09000015,0.583826689,4,Bull Recovery,2.25E-32,1.39E-42,3.80E-06,0.000466848,0.999529352
01-02-2021,0.016508396,-0.005574586,0.010740749,-0.752068306,-0.021228618,0.001385318,30.23999977,0.613365471,4,Bull Recovery,1.34E-27,2.09E-39,2.89E-07,0.000594268,0.999405443
02-02-2021,0.01404144,-0.116850612,0.011102325,-0.710661896,-0.007388317,0.001554715,25.55999947,0.602324186,4,Bull Recovery,5.88E-21,3.51E-20,6.33E-08,1.56E-06,0.999998378
03-02-2021,0.000785963,-0.214392257,0.010582828,-0.884718503,-0.006607854,0.001665859,22.90999985,0.55846376,4,Bull Recovery,1.90E-19,6.37E-12,1.10E-06,1.41E-08,0.999998886
04-02-2021,0.011301544,-0.309480413,0.010735207,-0.876794773,0,0.001762203,21.77000046,0.542462713,4,Bull Recovery,3.61E-19,2.97E-12,4.05E-07,1.47E-08,0.99999958
05-02-2021,0.003928228,-0.390854036,0.010705589,-0.858796191,0,0.001817874,20.87000084,0.57006565,4,Bull Recovery,4.62E-18,1.49E-10,2.36E-06,2.94E-08,0.999997613
08-02-2021,0.007195932,-0.463430463,0.010369446,-0.931466404,0,0.001858159,21.23999977,0.521175227,4,Bull Recovery,6.32E-19,8.87E-12,2.95E-07,4.56E-09,0.9999997
09-02-2021,-0.000666281,-0.531453686,0.010331216,-0.855907915,-0.000666059,0.001881785,21.62999916,0.519931191,4,Bull Recovery,5.94E-20,7.16E-13,4.11E-07,4.60E-09,0.999999584
10-02-2021,-0.000435503,-0.59287951,0.010181284,-0.961777886,-0.001101177,0.001875437,21.98999977,0.498278812,4,Bull Recovery,4.58E-21,1.61E-13,1.56E-07,1.74E-09,0.999999842
11-02-2021,0.001613778,-0.590537291,0.010177619,-0.982906299,0,0.001852823,21.25,0.502815131,4,Bull Recovery,1.59E-20,4.45E-12,2.74E-07,2.12E-09,0.999999724
12-02-2021,0.004927643,-0.64659747,0.01020263,-1.00591925,0,0.001812791,19.96999931,0.501879093,4,Bull Recovery,7.82E-19,2.95E-09,4.53E-07,2.28E-09,0.999999542
16-02-2021,-0.000866476,-0.695648585,0.010152869,-1.053125547,-0.000866101,0.001750065,21.45999908,0.493972623,4,Bull Recovery,1.23E-20,8.82E-12,2.19E-07,1.51E-09,0.99999978
17-02-2021,0.000229442,-0.710380913,0.009948768,-1.192264935,-0.000636831,0.001640809,21.5,0.47846247,4,Bull Recovery,2.00E-21,1.77E-11,2.06E-07,9.10E-10,0.999999793
18-02-2021,-0.004265121,-0.755581556,0.009949002,-1.037262559,-0.004890159,0.00152046,22.48999977,0.481772536,4,Bull Recovery,3.97E-22,5.37E-12,7.63E-08,5.30E-10,0.999999923
19-02-2021,-0.001767342,-0.679645722,0.009562391,-1.040015839,-0.006647305,0.001416443,22.04999924,0.394347639,4,Bull Recovery,1.55E-22,5.84E-10,6.99E-09,2.24E-12,0.999999992
22-02-2021,-0.007721502,-0.711864208,0.009739288,-0.888319267,-0.014287943,0.001279603,23.45000076,0.476570715,4,Bull Recovery,2.55E-23,1.01E-11,5.89E-08,2.62E-10,0.999999941
23-02-2021,0.001213518,-0.566471346,0.009699527,-0.967787467,-0.013091038,0.001108972,23.11000061,0.490383856,4,Bull Recovery,8.81E-22,8.34E-12,7.02E-08,3.81E-10,0.999999929
24-02-2021,0.010959087,-0.621204166,0.00993945,-0.946354879,-0.002215936,0.000877463,21.34000015,0.476077667,4,Bull Recovery,2.67E-20,1.07E-09,7.63E-08,5.28E-10,0.999999922
25-02-2021,-0.02439093,-0.663310329,0.011368509,-0.901504567,-0.026258416,0.000593671,28.88999939,0.562763473,4,Bull Recovery,1.12E-26,5.81E-24,6.27E-06,7.29E-06,0.999986438
26-02-2021,-0.005165755,-0.180703891,0.009970305,-0.86514105,-0.031275556,0.000534709,27.95000076,0.612700353,4,Bull Recovery,7.26E-22,4.43E-28,4.38E-06,1.96E-06,0.999993655
01-03-2021,0.023950983,-0.113314637,0.011077175,-0.381773087,-0.007793568,0.000490936,23.35000038,0.767180691,4,Bull Recovery,4.50E-16,1.55E-20,2.35E-05,0.000107546,0.999868975
02-03-2021,-0.007833759,-0.198607747,0.010154829,-0.213521362,-0.015535909,0.000489984,24.10000038,0.728294004,4,Bull Recovery,7.91E-16,2.29E-14,2.50E-06,4.36E-07,0.999997064
03-03-2021,-0.013334443,-0.185668341,0.010121857,-0.110369134,-0.028576054,0.000481869,26.67000008,0.734415644,4,Bull Recovery,2.66E-19,1.83E-21,9.23E-06,1.98E-06,0.999988794
04-03-2021,-0.01245194,0.044122337,0.010020163,0.038593306,-0.040597168,0.000447174,28.56999969,0.73624335,4,Bull Recovery,3.04E-19,1.12E-32,0.000160356,5.97E-05,0.999779934
05-03-2021,0.018229574,0.145111606,0.01083175,0.063758346,-0.022947277,0.0004599,24.65999985,0.771910986,4,Bull Recovery,1.43E-13,1.51E-27,0.000199418,0.000159661,0.999640921
08-03-2021,-0.004991317,0.025733626,0.010578989,0.229317408,-0.027811906,0.00045286,25.46999931,0.791685902,4,Bull Recovery,3.68E-15,8.03E-20,9.30E-06,2.01E-06,0.99998869
09-03-2021,0.014176586,-0.037721283,0.011023173,0.185339172,-0.013931442,0.000473927,24.03000069,0.816164839,4,Bull Recovery,1.66E-16,6.77E-19,1.78E-06,1.35E-06,0.999996867
10-03-2021,0.006205298,-0.133154367,0.010992617,0.194822517,-0.007793568,0.000500097,22.55999947,0.808407184,4,Bull Recovery,5.05E-16,2.09E-12,8.02E-07,1.48E-07,0.99999905
11-03-2021,0.01008811,-0.224175351,0.011213861,0.081609301,0,0.000539549,21.90999985,0.819992001,4,Bull Recovery,1.92E-16,3.40E-13,7.50E-07,2.37E-07,0.999999013
12-03-2021,0.001345876,-0.302956955,0.011213974,0.058404568,0,0.000571539,20.69000053,0.818985438,4,Bull Recovery,3.15E-14,1.66E-10,5.90E-06,5.23E-07,0.999993574
15-03-2021,0.00594575,-0.370834462,0.011275482,0.00698057,0,0.000601705,20.03000069,0.801758857,4,Bull Recovery,2.59E-13,4.98E-09,3.51E-06,2.62E-07,0.999996222
16-03-2021,-0.001262098,-0.445260581,0.011240006,0.084664312,-0.001261301,0.000624239,19.79000092,0.790459591,4,Bull Recovery,1.45E-12,2.86E-08,1.22E-05,7.08E-07,0.999987021
17-03-2021,0.003404172,-0.43787618,0.011254667,0.029832379,0,0.00064146,19.22999954,0.789572919,4,Bull Recovery,5.44E-12,1.23E-07,1.04E-05,4.36E-07,0.999989063
18-03-2021,-0.014656387,-0.524832093,0.011737479,0.099715495,-0.014549505,0.000677843,21.57999992,0.817727847,4,Bull Recovery,3.83E-12,5.17E-09,9.77E-05,7.25E-06,0.999895067
19-03-2021,-0.001852218,-0.117324108,0.011706545,0.072456178,-0.016373085,0.000699356,20.95000076,0.818916843,4,Bull Recovery,4.53E-11,7.89E-09,2.02E-05,3.99E-07,0.99997935
22-03-2021,0.007953277,-0.196826096,0.011824574,-0.034358294,-0.008518836,0.000689349,18.87999916,0.827387553,4,Bull Recovery,7.49E-11,6.79E-08,2.39E-05,4.59E-07,0.999975587
23-03-2021,-0.007901803,-0.315615382,0.011830881,-0.033219565,-0.016322453,0.000678109,20.29999924,0.811349035,4,Bull Recovery,6.64E-11,7.59E-08,5.60E-05,1.17E-06,0.999942784
24-03-2021,-0.00509643,-0.243812296,0.011890727,0.039740518,-0.021322943,0.000650834,21.20000076,0.815739208,4,Bull Recovery,4.91E-11,5.35E-11,4.31E-05,8.65E-07,0.999956059
25-03-2021,0.005609758,-0.130156404,0.0117036,0.0735038,-0.015817374,0.000618423,19.80999947,0.805882936,4,Bull Recovery,1.76E-10,1.67E-10,3.03E-05,5.96E-07,0.99996907
26-03-2021,0.015986327,-0.274245422,0.010794196,0.293634572,0,0.000618501,18.86000061,0.779336343,4,Bull Recovery,4.97E-11,2.94E-08,1.14E-05,1.22E-06,0.999987318
29-03-2021,-0.000505102,-0.399392076,0.010690666,0.252223134,-0.000504975,0.000572784,20.73999977,0.80089697,4,Bull Recovery,3.64E-13,1.22E-10,4.80E-06,5.21E-07,0.999994684
30-03-2021,-0.002656314,-0.528974409,0.009472303,0.136657539,-0.003156424,0.000674524,19.61000061,0.780764813,4,Bull Recovery,4.38E-13,2.51E-08,2.89E-06,1.18E-07,0.999996968
31-03-2021,0.004044897,-0.544272937,0.009284956,0.000726111,0,0.000752931,19.39999962,0.771796628,4,Bull Recovery,4.31E-14,6.84E-09,9.57E-07,4.81E-08,0.999998988
01-04-2021,0.010741127,-0.669282944,0.008858115,-0.104991801,0,0.00086726,17.32999992,0.741936624,4,Bull Recovery,6.66E-13,3.87E-06,2.26E-06,9.78E-08,0.999993771
05-04-2021,0.014251232,-0.783389784,0.008515465,-0.168952888,0,0.0009981,17.90999985,0.766268108,4,Bull Recovery,3.21E-13,6.52E-08,2.12E-06,4.15E-07,0.999997398
06-04-2021,-0.000590762,-0.886010688,0.00788396,-0.186927299,-0.000590588,0.001190188,18.12000084,0.769655078,4,Bull Recovery,3.13E-14,1.66E-08,5.10E-07,3.30E-08,0.999999441
07-04-2021,0.001156602,-0.996291234,0.007689244,-0.264435252,0,0.001361287,17.15999985,0.756029117,4,Bull Recovery,2.23E-14,1.63E-07,6.39E-07,4.92E-08,0.99999915
08-04-2021,0.004735374,-1.061118371,0.007278003,-0.298803148,0,0.001534131,16.95000076,0.722971727,4,Bull Recovery,2.40E-14,4.75E-08,3.73E-07,9.40E-08,0.999999486
09-04-2021,0.007243723,-1.145264884,0.007306399,-0.309512217,0,0.001667726,16.69000053,0.744734971,4,Bull Recovery,2.48E-14,2.22E-08,6.15E-07,3.99E-07,0.999998964
12-04-2021,0.000364947,-1.216551471,0.007124695,-0.191404781,0,0.00178102,16.90999985,0.728902316,4,Bull Recovery,1.52E-14,1.16E-09,1.77E-07,1.20E-07,0.999999702
13-04-2021,0.002959144,-1.289346012,0.007122611,-0.224566968,0,0.001866462,16.64999962,0.720645746,4,Bull Recovery,7.84E-15,1.72E-09,2.38E-07,3.23E-07,0.999999437
14-04-2021,-0.003421141,-1.350281936,0.007180873,-0.061182251,-0.003415295,0.001921262,16.98999977,0.762746995,4,Bull Recovery,1.42E-14,9.31E-10,2.13E-07,3.75E-07,0.999999411
15-04-2021,0.010685174,-1.214062024,0.007385764,-0.204009338,0,0.001944489,16.56999969,0.785784422,4,Bull Recovery,3.17E-14,2.56E-10,7.27E-07,3.14E-06,0.999996131
16-04-2021,0.00333703,-1.267623464,0.007385366,-0.202730984,0,0.001948657,16.25,0.788481678,4,Bull Recovery,9.57E-14,1.68E-09,4.13E-07,4.05E-07,0.99999918
19-04-2021,-0.004925307,-1.327259553,0.006508688,0.346135584,-0.004913198,0.00195164,17.29000092,0.704593256,4,Bull Recovery,2.75E-14,8.52E-11,9.25E-09,1.72E-07,0.999999819
20-04-2021,-0.007348502,-1.181056923,0.006815088,0.26044009,-0.012198793,0.001906449,18.68000031,0.707408188,4,Bull Recovery,1.39E-15,3.17E-11,2.85E-08,2.64E-07,0.999999707
21-04-2021,0.00941788,-0.806760585,0.006878772,0.247037477,-0.002851854,0.001815898,17.5,0.681062904,4,Bull Recovery,5.86E-15,8.58E-11,1.30E-08,6.08E-08,0.999999926
22-04-2021,-0.00917534,-0.905200133,0.006982358,0.189341469,-0.011959182,0.00168147,18.70999908,0.72791663,4,Bull Recovery,1.35E-15,5.97E-10,1.15E-07,1.08E-07,0.999999776
23-04-2021,0.010784075,-0.548908415,0.006955043,0.008569776,-0.001246415,0.001491891,17.32999992,0.721561074,4,Bull Recovery,1.80E-14,3.09E-09,1.66E-07,7.00E-08,0.999999761
26-04-2021,0.002085557,-0.669741349,0.006943128,0.081015277,0,0.00125816,17.63999939,0.757569137,4,Bull Recovery,1.23E-14,3.71E-09,1.88E-07,3.70E-08,0.999999771
27-04-2021,-0.000215508,-0.790592707,0.006335837,0.0622828,-0.000215485,0.001105092,17.55999947,0.790371326,4,Bull Recovery,6.88E-15,9.46E-10,1.12E-07,3.69E-08,0.99999985
28-04-2021,-0.000287364,-0.895781738,0.006330812,0.058520594,-0.000502745,0.000894208,17.28000069,0.753346163,4,Bull Recovery,1.54E-14,4.20E-08,1.77E-07,3.63E-08,0.999999745
29-04-2021,0.006352527,-0.906603732,0.006266515,-0.109756119,0,0.000798398,17.61000061,0.716696159,4,Bull Recovery,9.45E-15,2.83E-08,1.91E-07,5.05E-08,0.999999731
30-04-2021,-0.0065924,-0.99393733,0.006595844,-0.013495067,-0.006570718,0.000666765,18.61000061,0.718596304,4,Bull Recovery,1.20E-14,4.47E-08,5.50E-07,5.52E-08,0.99999935
03-05-2021,0.002154596,-0.694365634,0.006316744,0.06826531,-0.004427972,0.000566005,18.30999947,0.725203591,4,Bull Recovery,3.18E-14,2.59E-08,2.29E-07,2.89E-08,0.999999716
04-05-2021,-0.006188534,-0.810715854,0.00590331,0.003453706,-0.010570079,0.0005093,19.47999954,0.700041209,4,Bull Recovery,3.67E-15,7.50E-10,3.62E-07,4.50E-08,0.999999592
05-05-2021,0.000312863,-0.566473557,0.005893862,-0.017930811,-0.010260474,0.000504879,19.14999962,0.700030982,4,Bull Recovery,1.09E-14,1.52E-09,3.00E-07,2.84E-08,0.99999967
06-05-2021,0.007953798,-0.698186024,0.006079911,-0.107268728,-0.002356896,0.00048804,18.38999939,0.718608615,4,Bull Recovery,9.36E-15,1.25E-09,3.17E-07,7.09E-08,0.999999611
07-05-2021,0.007251459,-0.806000274,0.006172197,-0.127236248,0,0.000487012,16.69000053,0.71400773,4,Bull Recovery,2.98E-13,1.26E-06,7.02E-07,6.56E-08,0.999997974
10-05-2021,-0.00995143,-0.899721377,0.006511645,-0.036765039,-0.009902078,0.000467168,19.65999985,0.740558958,4,Bull Recovery,1.33E-14,4.77E-10,1.09E-05,1.26E-07,0.999988945
11-05-2021,-0.008964916,-0.438335957,0.006848146,0.022278385,-0.018738555,0.000456959,21.84000015,0.736663903,4,Bull Recovery,3.92E-16,2.77E-12,0.00279925,1.51E-07,0.997200598
12-05-2021,-0.021474129,-0.118437791,0.008295716,-0.481040731,-0.039585652,0.000575424,27.59000015,0.782132876,2,Correction,5.06E-20,1.89E-29,0.706170419,7.26E-05,0.293756952
13-05-2021,0.01194086,0.921566378,0.008725428,-0.508437793,-0.028048735,0.000720992,23.12999916,0.804380865,2,Correction,3.33E-10,1.85E-23,0.959023291,7.54E-05,0.040901291
14-05-2021,0.015238786,0.652585198,0.009058027,-0.364883067,-0.013123949,0.000869646,18.80999947,0.813446045,2,Correction,8.56E-07,1.42E-09,0.961167623,2.00E-05,0.038811562
17-05-2021,-0.002547876,0.419935853,0.009043285,-0.275028421,-0.015635187,0.000988084,19.71999931,0.815930606,2,Correction,3.08E-06,1.27E-05,0.939416874,1.56E-05,0.060551796
18-05-2021,-0.008652844,0.266871865,0.009176295,-0.236830812,-0.024115997,0.001097118,21.34000015,0.830168219,2,Correction,4.04E-07,3.74E-09,0.814149681,2.77E-05,0.185822248
19-05-2021,-0.002625327,0.557507287,0.009053933,-0.300334624,-0.026674652,0.001178529,22.18000031,0.833365528,2,Correction,3.73E-07,1.80E-12,0.678048904,9.36E-05,0.321857154
20-05-2021,0.010700514,0.409488037,0.009125758,-0.286792403,-0.016203647,0.001251436,20.67000008,0.845338846,4,Bull Recovery,2.47E-07,8.29E-11,0.171714666,5.84E-05,0.828226729
21-05-2021,-0.00081907,0.187502856,0.008888927,-0.393372181,-0.017009115,0.00129802,20.14999962,0.837044734,4,Bull Recovery,8.15E-08,8.35E-08,0.03060785,5.29E-06,0.969386697
24-05-2021,0.010142599,-0.02349968,0.008852151,-0.402353244,-0.006988301,0.001334081,18.39999962,0.832593946,4,Bull Recovery,8.75E-09,1.74E-07,0.001245781,5.19E-07,0.998753517
25-05-2021,-0.002221191,-0.199989795,0.008858039,-0.3319514,-0.009191522,0.001362946,18.84000015,0.82782095,4,Bull Recovery,2.98E-10,7.64E-07,6.29E-05,1.23E-07,0.99993621
26-05-2021,0.001982566,-0.315101462,0.008867456,-0.366668387,-0.00722523,0.001363106,17.36000061,0.82853209,4,Bull Recovery,3.74E-11,1.27E-05,9.77E-06,5.16E-08,0.999977503
27-05-2021,0.000524854,-0.473740762,0.008867103,-0.380110535,-0.006704032,0.001351744,16.73999977,0.86753601,4,Bull Recovery,4.09E-12,2.70E-05,5.49E-06,2.42E-08,0.999967512
28-05-2021,0.001787095,-0.601434565,0.008764477,-0.334648703,-0.004927331,0.001321379,16.76000023,0.884010398,4,Bull Recovery,7.68E-13,1.20E-05,2.18E-06,1.33E-08,0.999985769
01-06-2021,-0.000881049,-0.727431324,0.008637449,-0.423757893,-0.005803652,0.001295487,17.89999962,0.885383747,4,Bull Recovery,2.36E-14,7.00E-07,1.34E-06,1.24E-08,0.999997944
02-06-2021,0.001571177,-0.7125869,0.008632019,-0.415021953,-0.004240366,0.001242775,17.47999954,0.887877649,4,Bull Recovery,2.50E-14,1.72E-06,1.26E-06,1.10E-08,0.999997005
03-06-2021,-0.003718373,-0.827516809,0.008556512,-0.451701717,-0.007936097,0.001137944,18.04000092,0.909771192,4,Bull Recovery,1.33E-14,1.29E-06,1.54E-06,1.06E-08,0.999997155
04-06-2021,0.009104418,-0.662304198,0.008766607,-0.51606218,0,0.001007828,16.42000008,0.918243033,4,Bull Recovery,9.16E-14,6.76E-06,2.21E-06,1.31E-08,0.999991012
07-06-2021,-0.000970756,-0.771527154,0.008616393,-0.421796081,-0.000970285,0.000860857,16.42000008,0.903223276,4,Bull Recovery,4.26E-13,1.70E-05,2.72E-06,1.14E-08,0.99998025
08-06-2021,0.000213357,-0.809562346,0.0084703,-0.349974653,-0.000757112,0.000677944,17.06999969,0.891429328,4,Bull Recovery,2.47E-13,2.40E-06,1.51E-06,1.36E-08,0.999996075
09-06-2021,-0.001493213,-0.920711877,0.00816825,-0.449134853,-0.002248081,0.000494175,17.88999939,0.879426056,4,Bull Recovery,3.86E-14,2.16E-07,1.77E-06,2.79E-08,0.999997991
10-06-2021,0.004637699,-0.902054949,0.007922388,-0.651270739,0,0.000320024,16.10000038,0.853275575,4,Bull Recovery,1.23E-12,2.34E-05,8.04E-06,1.40E-07,0.999968383
11-06-2021,0.001651233,-0.992902063,0.006008264,0.642966959,0,0.000671639,15.64999962,0.797210611,4,Bull Recovery,3.31E-11,6.94E-05,9.69E-08,9.28E-08,0.999930374
14-06-2021,0.002236364,-1.103294599,0.005576875,0.783792488,0,0.000943693,16.38999939,0.743864219,4,Bull Recovery,1.19E-13,2.47E-06,1.26E-08,9.21E-08,0.99999743
15-06-2021,-0.001835751,-1.199974572,0.004677673,0.605824359,-0.001834067,0.001243992,17.02000046,0.712612371,4,Bull Recovery,3.46E-15,7.31E-10,1.77E-09,7.44E-08,0.999999923
16-06-2021,-0.00559911,-1.154549768,0.004834701,0.535454247,-0.007407291,0.001436212,18.14999962,0.681564873,4,Bull Recovery,4.05E-16,3.22E-11,1.41E-09,6.08E-08,0.999999938
17-06-2021,-0.000331516,-0.934498133,0.004341413,0.977727091,-0.007736297,0.001624055,17.75,0.6377078,4,Bull Recovery,4.89E-16,9.84E-12,6.86E-11,3.69E-08,0.999999963
18-06-2021,-0.013582281,-0.957802034,0.005356911,-0.226010066,-0.021122388,0.001684315,20.70000076,0.640943771,4,Bull Recovery,1.61E-17,2.75E-16,1.97E-07,7.50E-07,0.999999053
21-06-2021,0.014214247,-0.25520371,0.00572932,0.130552317,-0.007109021,0.001699196,17.88999939,0.618133373,4,Bull Recovery,2.09E-13,4.46E-13,1.10E-07,1.41E-07,0.999999749
22-06-2021,0.00533223,-0.403947498,0.005799695,-0.00385001,-0.001800558,0.001706186,16.65999985,0.629696301,4,Bull Recovery,2.22E-13,5.89E-10,3.29E-07,5.58E-08,0.999999615
23-06-2021,-0.0012063,-0.549152979,0.005430396,0.060633839,-0.003003959,0.001718681,16.31999969,0.596617459,4,Bull Recovery,9.65E-13,8.40E-10,2.03E-07,2.74E-08,0.999999769
24-06-2021,0.005898411,-0.607432354,0.005512143,-0.104589336,0,0.001710888,15.97000027,0.583455465,4,Bull Recovery,1.66E-13,7.83E-10,8.21E-08,9.75E-09,0.999999907
25-06-2021,0.003545717,-0.738270066,0.00553756,-0.13943351,0,0.001685766,15.61999989,0.568003722,4,Bull Recovery,7.05E-14,4.71E-09,5.84E-08,4.12E-09,0.999999933
28-06-2021,0.002013914,-0.85478051,0.005540641,-0.178201652,0,0.0016442,15.76000023,0.571092492,4,Bull Recovery,2.51E-14,4.84E-09,4.60E-08,3.77E-09,0.999999945
29-06-2021,0.000537983,-0.961989129,0.005539326,-0.145473059,0,0.001592372,16.02000046,0.574950761,4,Bull Recovery,1.07E-14,3.58E-09,3.04E-08,3.64E-09,0.999999962
30-06-2021,0.000841331,-1.065736306,0.005522557,-0.19038498,0,0.001532648,15.82999992,0.568231412,4,Bull Recovery,8.20E-15,2.39E-08,2.88E-08,3.24E-09,0.999999944
01-07-2021,0.005521217,-1.109371412,0.005606111,-0.260049713,0,0.00145315,15.47999954,0.562415435,4,Bull Recovery,1.93E-14,5.27E-07,4.34E-08,5.35E-09,0.999999424
02-07-2021,0.007614797,-1.188019349,0.005645609,-0.441569095,0,0.001359189,15.06999969,0.569770364,4,Bull Recovery,1.21E-13,6.78E-06,2.77E-07,3.28E-08,0.999992909
06-07-2021,-0.001823223,-1.255487352,0.005441099,-0.33641639,-0.001821562,0.001222783,16.44000053,0.491651102,4,Bull Recovery,2.71E-14,9.47E-07,2.65E-08,2.99E-10,0.999999026
07-07-2021,0.003527847,-1.231105531,0.005435552,-0.451400867,0,0.00106481,16.20000076,0.519447722,4,Bull Recovery,6.44E-15,4.73E-06,1.07E-07,2.08E-09,0.999995159
08-07-2021,-0.008181575,-1.301544078,0.005830771,-0.389992432,-0.008148197,0.000874349,19,0.589918192,4,Bull Recovery,8.81E-16,1.32E-08,5.54E-07,3.72E-08,0.999999396
09-07-2021,0.010618224,-0.844259223,0.006149634,-0.42889964,0,0.000676717,16.18000031,0.568932299,4,Bull Recovery,1.03E-12,1.87E-05,8.97E-07,8.79E-09,0.999980417
12-07-2021,0.003575486,-0.936503881,0.006128567,-0.412151404,0,0.000439546,16.17000008,0.62533424,4,Bull Recovery,2.03E-12,3.11E-05,1.84E-06,2.24E-08,0.999967017
13-07-2021,-0.003414908,-1.031346835,0.006227274,-0.301212983,-0.003409084,0.000454385,17.12000084,0.594147207,4,Bull Recovery,1.39E-12,1.04E-05,1.16E-06,8.13E-09,0.999988451
14-07-2021,0.00149135,-0.95520424,0.006224422,-0.284227885,-0.001921709,0.000479884,16.32999992,0.584900309,4,Bull Recovery,2.40E-12,9.97E-05,8.11E-07,4.56E-09,0.999899463
15-07-2021,-0.003421419,-1.016274247,0.006274663,-0.256436371,-0.005330718,0.000461215,17.01000023,0.590727913,4,Bull Recovery,1.03E-12,4.73E-05,9.73E-07,6.17E-09,0.999951738
16-07-2021,-0.007874466,-0.999460576,0.006417659,-0.273671814,-0.01313245,0.000455045,18.45000076,0.604789008,4,Bull Recovery,4.32E-13,1.36E-06,1.97E-06,1.66E-08,0.999996655
19-07-2021,-0.014878025,-0.461452186,0.007312278,-0.435602229,-0.027706406,0.000473136,22.5,0.704242441,4,Bull Recovery,1.23E-14,1.63E-15,3.90E-05,7.83E-07,0.999960193
20-07-2021,0.014228468,0.290851164,0.007152321,-0.288164832,-0.013773269,0.000538919,19.72999954,0.695688988,4,Bull Recovery,8.81E-11,2.08E-12,0.000113197,1.10E-06,0.999885699
21-07-2021,0.008063898,0.087464152,0.006732931,-0.490533903,-0.005788285,0.000564449,17.90999985,0.655699569,4,Bull Recovery,1.48E-09,1.78E-06,0.000153574,2.75E-07,0.999844373
22-07-2021,0.002091883,-0.099105172,0.006678208,-0.441117383,-0.003706334,0.000583105,17.69000053,0.634509424,4,Bull Recovery,2.44E-09,4.18E-06,0.000115014,1.50E-07,0.999880658
23-07-2021,0.010235307,-0.282435404,0.006919867,-0.528685254,0,0.00059867,17.20000076,0.641521982,4,Bull Recovery,2.45E-10,1.37E-06,1.61E-05,5.85E-08,0.999982482
26-07-2021,0.002451868,-0.430421842,0.006861287,-0.478798125,0,0.000606226,17.57999992,0.649615366,4,Bull Recovery,1.70E-11,2.35E-07,1.03E-05,4.78E-08,0.99998944
27-07-2021,-0.00456787,-0.571420736,0.006982526,-0.322845052,-0.004557453,0.000615016,19.36000061,0.686178396,4,Bull Recovery,3.09E-13,5.46E-10,3.10E-06,5.49E-08,0.999996844
28-07-2021,-0.000410047,-0.314516068,0.006991282,-0.271754114,-0.004965547,0.000616343,18.30999947,0.687592848,4,Bull Recovery,2.97E-12,3.35E-07,7.48E-06,6.63E-08,0.999992117
29-07-2021,0.004138572,-0.474613281,0.007017077,-0.340265533,-0.000838993,0.000610778,17.70000076,0.690452828,4,Bull Recovery,3.08E-12,2.61E-07,3.04E-06,4.07E-08,0.99999666
30-07-2021,-0.004868175,-0.614472145,0.007149986,-0.239519494,-0.005691263,0.00060245,18.23999977,0.692279779,4,Bull Recovery,1.27E-12,4.43E-07,3.20E-06,4.16E-08,0.999996319
02-08-2021,-0.00210015,-0.516543875,0.007110252,-0.103310145,-0.00777727,0.000587953,19.45999908,0.699027016,4,Bull Recovery,8.02E-14,8.35E-09,8.58E-07,2.34E-08,0.99999911
03-08-2021,0.008102444,-0.458854863,0.007134426,-0.101939323,0,0.0005681,18.04000092,0.695754079,4,Bull Recovery,1.80E-13,3.89E-08,1.25E-06,4.13E-08,0.999998672
04-08-2021,-0.004930923,-0.591025233,0.007223427,-0.058455946,-0.004918786,0.000520659,17.96999931,0.717604471,4,Bull Recovery,1.67E-12,6.64E-07,3.86E-06,7.46E-08,0.999995405
05-08-2021,0.006312729,-0.485640712,0.007303809,-0.091726945,0,0.000455737,17.28000069,0.707610373,4,Bull Recovery,5.14E-12,1.18E-06,2.39E-06,4.88E-08,0.999996385
06-08-2021,0.00165112,-0.62289633,0.007008898,-0.201810131,0,0.000406308,16.14999962,0.68892181,4,Bull Recovery,2.34E-11,2.99E-05,5.02E-06,5.08E-08,0.999965042
09-08-2021,-0.000813883,-0.750408596,0.006682188,-0.124050202,-0.000813552,0.000378744,16.71999931,0.697648168,4,Bull Recovery,1.61E-11,2.89E-06,2.64E-06,5.18E-08,0.99999442
10-08-2021,0.001243184,-0.765245704,0.00665162,-0.078474965,0,0.000345729,16.79000092,0.697164344,4,Bull Recovery,5.68E-12,1.57E-06,1.82E-06,4.67E-08,0.999996563
11-08-2021,0.002481888,-0.883578336,0.006597627,-0.198558651,0,0.000320365,16.17000008,0.740851264,4,Bull Recovery,5.53E-12,1.25E-05,2.09E-06,8.41E-08,0.999985309
12-08-2021,0.002992384,-0.983937115,0.006612615,-0.228827194,0,0.000290618,15.59000015,0.764210034,4,Bull Recovery,1.52E-11,9.18E-05,3.12E-06,1.49E-07,0.99990493
13-08-2021,0.001818264,-1.075717692,0.006537514,-0.338664808,0,0.000267242,15.44999981,0.749579951,4,Bull Recovery,3.54E-11,0.000163524,6.12E-06,2.52E-07,0.999830104
16-08-2021,0.002351821,-1.158001546,0.006199268,-0.47773197,0,0.000290531,16.12000084,0.744918819,4,Bull Recovery,1.91E-11,2.96E-05,7.23E-06,5.10E-07,0.999962631
17-08-2021,-0.006576968,-1.234628333,0.005287238,0.381382762,-0.006555387,0.000442498,17.90999985,0.666534241,4,Bull Recovery,4.27E-12,4.31E-07,2.46E-07,9.94E-08,0.999999223
18-08-2021,-0.011004981,-0.946889761,0.005257982,-0.31869166,-0.017428289,0.000547955,21.56999969,0.687205702,4,Bull Recovery,6.89E-17,4.74E-15,1.23E-06,5.77E-07,0.999998192
19-08-2021,0.001547093,-0.251931814,0.004999274,-0.331054968,-0.015906983,0.000663061,21.67000008,0.673323662,4,Bull Recovery,5.14E-16,1.59E-17,1.03E-06,3.13E-07,0.999998652
20-08-2021,0.007925517,-0.418667343,0.005243684,-0.310200678,-0.008076547,0.000728399,18.55999947,0.692762925,4,Bull Recovery,8.27E-14,1.06E-10,6.34E-07,1.38E-07,0.999999228
23-08-2021,0.008757976,-0.555439403,0.005120013,-0.417599917,0,0.000787501,17.14999962,0.650209889,4,Bull Recovery,2.44E-13,3.72E-09,1.08E-06,8.18E-08,0.999998834
24-08-2021,0.001586079,-0.678207568,0.005109401,-0.396981229,0,0.000835827,17.21999931,0.646244572,4,Bull Recovery,3.11E-13,1.52E-09,1.08E-06,4.88E-08,0.999998871
25-08-2021,0.002096199,-0.802888964,0.004967946,-0.564828399,0,0.000879085,16.79000092,0.607855529,4,Bull Recovery,2.93E-13,1.69E-08,9.57E-07,2.41E-08,0.999999002
26-08-2021,-0.005920472,-0.917304366,0.005190139,-0.463370985,-0.005902981,0.000895518,18.84000015,0.630252378,4,Bull Recovery,6.81E-15,4.01E-11,5.10E-07,3.78E-08,0.999999453
27-08-2021,0.008900975,-0.680343816,0.005441301,-0.373058499,0,0.000890491,16.38999939,0.620771054,4,Bull Recovery,4.45E-13,3.67E-07,5.60E-07,2.29E-08,0.99999905
30-08-2021,0.004388101,-0.795978408,0.005313343,-0.573365807,0,0.000875861,16.19000053,0.619339473,4,Bull Recovery,4.19E-13,1.03E-06,1.17E-06,2.53E-08,0.999997781
31-08-2021,-0.001482761,-0.907310788,0.005294292,-0.589838243,-0.001481662,0.00085506,16.47999954,0.626898099,4,Bull Recovery,6.49E-13,5.33E-07,1.59E-06,3.19E-08,0.999997841
01-09-2021,0.000531405,-0.925645617,0.005075202,-0.564148606,-0.000950903,0.000831485,16.11000061,0.613343736,4,Bull Recovery,1.46E-12,1.62E-06,1.07E-06,2.35E-08,0.999997281
02-09-2021,0.003071635,-0.989507309,0.004894098,-0.768223706,0,0.000795475,16.40999985,0.601293742,4,Bull Recovery,3.70E-13,4.09E-07,1.95E-06,5.55E-08,0.999997588
03-09-2021,-0.000242475,-1.08538507,0.004780662,-0.677469975,-0.000242446,0.000737792,16.40999985,0.606462863,4,Bull Recovery,8.89E-13,2.88E-07,1.64E-06,5.44E-08,0.999998013
07-09-2021,-0.003582073,-1.090827178,0.00489135,-0.523815228,-0.003817244,0.000682802,18.13999939,0.56845876,4,Bull Recovery,3.45E-14,2.13E-09,4.35E-07,1.05E-08,0.999999553
08-09-2021,-0.001219064,-0.99468407,0.004899472,-0.511175457,-0.005030915,0.000642103,17.95999908,0.564741324,4,Bull Recovery,1.85E-14,1.84E-08,3.61E-07,6.49E-09,0.999999614
09-09-2021,-0.00428941,-0.950122477,0.005029182,-0.36893497,-0.009289605,0.000584828,18.79999924,0.589819782,4,Bull Recovery,8.20E-15,2.85E-09,3.38E-07,1.05E-08,0.999999649
10-09-2021,-0.007915789,-0.813218212,0.005344149,-0.236466905,-0.017100902,0.000512634,20.95000076,0.611242962,4,Bull Recovery,3.96E-16,5.22E-13,4.80E-07,2.71E-08,0.999999493
13-09-2021,0.002556099,-0.353369939,0.005333498,-0.22889876,-0.0145853,0.000417076,19.37000084,0.602003314,4,Bull Recovery,4.28E-14,6.53E-11,8.46E-07,8.45E-09,0.999999145
14-09-2021,-0.005411212,-0.516267878,0.005452891,-0.075844765,-0.019903187,0.000300188,19.45999908,0.568794639,4,Bull Recovery,1.64E-13,1.80E-10,7.54E-07,2.15E-09,0.999999244
15-09-2021,0.008318012,-0.342593661,0.005739678,-0.055050798,-0.01171673,0.000232552,18.18000031,0.580988993,4,Bull Recovery,7.63E-13,2.90E-09,1.05E-06,4.19E-09,0.999998945
16-09-2021,-0.001586471,-0.497574493,0.005549711,-0.104948647,-0.01328337,0.000245601,18.69000053,0.574476385,4,Bull Recovery,2.61E-13,1.88E-08,7.39E-06,1.77E-09,0.999992585
17-09-2021,-0.009788887,-0.601737761,0.005430537,-0.010236542,-0.022895107,0.000250923,20.80999947,0.600961287,4,Bull Recovery,4.52E-15,5.10E-12,0.003427239,4.53E-09,0.996572757
20-09-2021,-0.016814773,0.00316417,0.006589814,-0.507769923,-0.039187543,0.000390208,25.70999908,0.679773685,2,Correction,3.21E-21,9.75E-28,0.756724445,6.00E-10,0.243275554
21-09-2021,-0.000944919,1.161736628,0.006301963,-0.495882234,-0.040095004,0.000450229,24.36000061,0.672801556,2,Correction,2.03E-14,1.57E-32,0.999994371,1.06E-09,5.63E-06
22-09-2021,0.009707519,0.958965169,0.006377707,-0.442361467,-0.030731333,0.000502698,20.87000084,0.711880622,2,Correction,6.07E-10,5.77E-25,0.99999926,5.73E-09,7.34E-07
23-09-2021,0.012076769,0.676916726,0.006962834,-0.234570377,-0.01895473,0.000604898,18.62999916,0.706973699,2,Correction,5.18E-08,1.24E-12,0.999947687,2.83E-08,5.22E-05
24-09-2021,0.001645934,0.442940327,0.006955583,-0.226855405,-0.017338665,0.000674045,17.75,0.714155153,2,Correction,3.90E-07,1.11E-06,0.999606189,6.06E-08,0.000392248
27-09-2021,-0.00286507,0.189902634,0.006865287,-0.27659646,-0.020150028,0.000724781,18.76000023,0.702619941,2,Correction,1.28E-09,7.90E-08,0.998643738,7.51E-10,0.00135618
28-09-2021,-0.020357487,0.121982088,0.00782079,-0.587674481,-0.039895644,0.000864123,23.25,0.758029379,2,Correction,2.37E-20,8.39E-23,0.999956371,6.81E-17,4.36E-05
29-09-2021,0.001681504,1.737694929,0.007738544,-0.575480343,-0.038279866,0.000958713,22.55999947,0.757135113,2,Correction,3.87E-17,7.05E-28,1,2.34E-16,1.54E-13
30-09-2021,-0.012297585,1.337684543,0.008072006,-0.42472102,-0.050034277,0.001061071,23.13999939,0.752315726,2,Correction,1.93E-19,3.52E-35,1,8.94E-19,1.75E-11
01-10-2021,0.011813953,1.878720613,0.008624541,-0.318486365,-0.038744872,0.00118142,21.10000038,0.762483214,2,Correction,1.20E-17,4.62E-34,1,5.30E-18,4.53E-14
04-10-2021,-0.012979825,1.473670379,0.008884577,-0.138157199,-0.051141171,0.001281907,22.95999908,0.787933614,2,Correction,1.43E-18,2.43E-35,1,1.31E-18,9.29E-13
05-10-2021,0.010351057,2.007682714,0.009309723,-0.152797824,-0.041268471,0.001379473,21.29999924,0.8086152,2,Correction,6.68E-16,3.34E-36,1,2.64E-16,2.52E-15
06-10-2021,0.004147743,1.580409578,0.009396257,-0.254539287,-0.03728364,0.001452153,21,0.846033678,2,Correction,1.78E-13,5.07E-26,1,1.45E-13,1.04E-11
07-10-2021,0.00860846,1.195959749,0.009658666,-0.322445227,-0.028960361,0.001511809,19.54000092,0.849318705,2,Correction,5.47E-12,1.27E-19,0.999999991,3.45E-12,9.24E-09
08-10-2021,-0.001825455,0.868658439,0.009633674,-0.360662821,-0.030731333,0.001542106,18.77000046,0.849674079,2,Correction,7.70E-12,4.98E-16,0.999999826,1.87E-12,1.74E-07
11-10-2021,-0.007266062,0.860507024,0.009611512,-0.368231101,-0.037748575,0.001560824,20,0.885825315,2,Correction,1.02E-11,2.12E-21,0.999999893,3.77E-12,1.07E-07
12-10-2021,-0.00246465,0.891929796,0.009580741,-0.297884561,-0.040117267,0.001548897,19.85000038,0.883861977,2,Correction,6.28E-10,1.49E-27,0.999999842,2.94E-11,1.57E-07
13-10-2021,0.00359112,1.029532288,0.009586644,-0.42410558,-0.036664016,0.001518681,18.63999939,0.895290654,2,Correction,4.98E-08,8.66E-27,0.999999838,5.46E-09,1.07E-07
14-10-2021,0.016680846,0.704255838,0.01014284,-0.25308748,-0.020459984,0.001517811,16.86000061,0.905301054,2,Correction,2.27E-06,3.01E-17,0.999762334,8.38E-07,0.00023456
15-10-2021,0.007587023,0.439099634,0.010286755,-0.348973085,-0.012999928,0.001478822,16.29999924,0.904961069,2,Correction,1.47E-05,0.000147486,0.976008524,3.21E-06,0.023826031
18-10-2021,0.002955999,0.189919604,0.010052807,-0.510943307,-0.01007804,0.001374152,16.30999947,0.896125016,2,Correction,1.61E-05,0.041132626,0.735497705,6.27E-06,0.223347256
19-10-2021,0.007685297,-0.053808588,0.009323395,-0.66990973,-0.002440886,0.001312466,15.69999981,0.873734907,4,Bull Recovery,3.05E-06,0.084959199,0.302294633,5.55E-06,0.61273757
20-10-2021,0.003920007,-0.255916927,0.009312547,-0.746833068,0,0.001205783,15.48999977,0.872086959,4,Bull Recovery,8.08E-07,0.092978498,0.091333075,1.96E-06,0.815685654
21-10-2021,0.002604899,-0.445177243,0.00914685,-0.704852118,0,0.001075286,15.01000023,0.865119504,4,Bull Recovery,2.54E-07,0.079293551,0.012976904,4.77E-07,0.907728814
22-10-2021,-0.001036907,-0.625755851,0.00884425,-0.64697419,-0.00103637,0.000979664,15.43000031,0.877215009,4,Bull Recovery,1.63E-08,0.043010401,0.000804587,7.12E-08,0.956184925
25-10-2021,0.005348665,-0.78996871,0.008893367,-0.691523402,0,0.000862432,15.23999977,0.870023007,4,Bull Recovery,6.99E-10,0.021024531,6.56E-05,6.79E-08,0.978909803
26-10-2021,0.000899615,-0.930247661,0.008844447,-0.760287846,0,0.000700709,15.97999954,0.871186962,4,Bull Recovery,2.31E-11,0.004651241,2.84E-05,8.14E-08,0.99532028
27-10-2021,-0.004440222,-1.058655119,0.007459102,-0.332079284,-0.004430379,0.00073916,16.97999954,0.641857415,4,Bull Recovery,3.44E-11,0.001014605,3.27E-06,2.96E-08,0.998982097
28-10-2021,0.009602776,-0.750039204,0.007631471,-0.414802169,0,0.000749764,16.53000069,0.609922241,4,Bull Recovery,3.80E-12,0.000164736,1.90E-06,1.41E-08,0.999833346
29-10-2021,0.002026994,-0.891493444,0.006837122,-0.360230083,0,0.000876779,16.26000023,0.505956683,4,Bull Recovery,8.19E-13,0.000158409,2.26E-07,1.77E-10,0.999841365
01-11-2021,0.001718786,-1.037876199,0.006552303,-0.299177947,0,0.00103507,16.40999985,0.491043683,4,Bull Recovery,3.38E-14,3.61E-05,6.01E-08,1.03E-10,0.999963877
02-11-2021,0.004034988,-1.182794642,0.005473327,0.244590234,0,0.001290229,16.03000069,0.317961178,4,Bull Recovery,5.16E-16,6.62E-06,1.07E-11,1.80E-15,0.999993384
03-11-2021,0.00608659,-1.302697501,0.00528457,0.286748066,0,0.001498648,15.10000038,0.26686598,4,Bull Recovery,1.44E-19,4.29E-06,7.17E-13,8.87E-17,0.999995712
04-11-2021,0.004701462,-1.404731162,0.005290099,0.27119929,0,0.001655445,15.43999958,0.255589851,4,Bull Recovery,2.09E-21,2.85E-07,1.90E-13,5.58E-17,0.999999715
05-11-2021,0.003463751,-1.497427828,0.005153312,0.386179585,0,0.00177833,16.47999954,0.253342744,4,Bull Recovery,3.04E-23,2.37E-09,2.41E-14,5.73E-17,0.999999998
08-11-2021,0.000853187,-1.581693241,0.005056585,0.374909964,0,0.00187617,17.21999931,0.246191593,4,Bull Recovery,2.20E-25,1.92E-11,6.62E-15,3.92E-17,1
09-11-2021,-0.003310709,-1.663772524,0.004706255,0.776173789,-0.003305235,0.00197074,17.78000069,0.241129089,4,Bull Recovery,2.93E-26,2.17E-12,3.92E-16,3.42E-17,1
10-11-2021,-0.008077337,-1.456636589,0.005193289,0.251072782,-0.011323448,0.00200301,18.72999954,0.348065019,4,Bull Recovery,1.88E-26,2.29E-13,1.36E-12,2.81E-13,1
11-11-2021,0.000323235,-0.713506935,0.005229363,0.328992585,-0.011003822,0.002009859,17.65999985,0.356857381,4,Bull Recovery,3.00E-21,1.67E-12,6.39E-12,3.93E-14,1
12-11-2021,0.007518626,-0.846359096,0.004340096,-0.651941325,-0.003539905,0.002008084,16.29000092,0.277991726,4,Bull Recovery,3.50E-21,1.78E-13,5.16E-11,4.12E-15,1
15-11-2021,0.000342436,-0.975536574,0.004209297,-0.55545728,-0.003198623,0.001961896,16.48999977,0.284587281,4,Bull Recovery,1.25E-20,2.29E-13,3.12E-11,2.54E-15,1
16-11-2021,0.003950029,-1.109739216,0.004223215,-0.581331211,0,0.001889978,16.37000084,0.287375378,4,Bull Recovery,4.36E-21,3.47E-13,2.16E-11,4.81E-15,1
17-11-2021,-0.002432245,-1.223956601,0.004154205,-0.439998295,-0.00242929,0.001843195,17.11000061,0.237477677,4,Bull Recovery,1.50E-22,1.32E-13,1.05E-12,3.14E-17,1
18-11-2021,0.003390713,-1.154082327,0.004142378,-0.428979421,0,0.001761043,17.59000015,0.236685143,4,Bull Recovery,1.63E-24,1.71E-14,6.22E-13,2.65E-17,1
19-11-2021,-0.001789845,-1.263438822,0.004209566,-0.287665363,-0.001788244,0.001650459,17.90999985,0.211679635,4,Bull Recovery,2.69E-25,1.70E-13,1.27E-13,1.16E-18,1
22-11-2021,-0.002819282,-1.20987866,0.004282301,-0.256168858,-0.004598521,0.001524693,19.17000008,0.206403441,4,Bull Recovery,2.82E-27,3.20E-14,8.26E-14,4.22E-19,1
23-11-2021,0.0013252,-1.065216669,0.004190276,-0.172619801,-0.003278541,0.001348832,19.37999916,0.22485288,4,Bull Recovery,3.41E-27,2.24E-14,2.06E-13,1.26E-18,1
24-11-2021,0.002666429,-1.186964164,0.004199493,-0.231283735,-0.000617307,0.001107291,18.57999992,0.22292068,4,Bull Recovery,2.54E-28,1.53E-10,2.18E-09,4.86E-21,0.999999998
26-11-2021,-0.022555764,-1.287323591,0.006619675,-2.045487702,-0.022906824,0.00103174,28.62000084,0.623695168,2,Correction,5.32E-49,2.09E-35,0.997033573,6.04E-14,0.002966427
29-11-2021,0.012191995,1.456538245,0.006818345,-1.791657337,-0.010921193,0.000943218,22.95999908,0.668458369,2,Correction,4.30E-22,4.14E-25,1,1.31E-14,5.46E-14
30-11-2021,-0.0196494,1.103438732,0.008116364,-1.470608071,-0.030166302,0.00109339,27.19000053,0.571155529,2,Correction,6.62E-35,1.29E-29,1,4.31E-22,3.92E-14
01-12-2021,-0.011169431,2.341597865,0.008430592,-1.196088696,-0.040938521,0.001277969,31.12000084,0.576558473,2,Correction,1.76E-37,4.57E-49,1,2.56E-24,1.18E-25
02-12-2021,0.015200115,2.858294604,0.009090122,-0.852993235,-0.02624932,0.001533905,27.95000076,0.517057936,2,Correction,9.94E-34,3.87E-40,1,2.17E-26,2.00E-30
03-12-2021,-0.008739298,2.329997268,0.009131387,-0.660347364,-0.03472214,0.001738265,30.67000008,0.536968673,2,Correction,1.18E-35,8.15E-44,1,1.34E-24,4.13E-26
06-12-2021,0.011773783,2.236439681,0.009482513,-0.580700598,-0.02329,0.001935163,27.18000031,0.581700566,2,Correction,1.11E-29,1.06E-33,1,4.87E-24,1.32E-21
07-12-2021,0.02047384,1.779810576,0.010536092,-0.239768708,-0.003086884,0.002190329,21.88999939,0.660087973,2,Correction,8.19E-25,3.24E-21,1,9.24E-23,4.49E-19
08-12-2021,0.002644289,1.424859188,0.010550799,-0.262817845,-0.000447269,0.002388975,19.89999962,0.664204555,2,Correction,4.49E-21,2.08E-20,1,6.19E-21,4.61E-21
09-12-2021,-0.006774375,1.054320299,0.010632879,-0.221061849,-0.00719573,0.002539252,21.57999992,0.667784343,2,Correction,5.33E-23,7.10E-21,1,8.95E-21,2.06E-16
10-12-2021,0.009369515,1.235940381,0.010660389,-0.402041428,0,0.002668955,18.69000053,0.660484055,2,Correction,6.93E-21,3.19E-18,1,1.87E-20,4.66E-17
13-12-2021,-0.008897968,0.905257135,0.010865731,-0.290969785,-0.008858498,0.002781867,20.30999947,0.679246833,2,Correction,8.30E-23,1.04E-19,1,5.24E-21,1.13E-15
14-12-2021,-0.006903819,1.259645552,0.010841536,-0.128068414,-0.015677594,0.002822035,21.88999939,0.667008452,2,Correction,4.55E-24,5.20E-20,1,7.50E-22,4.01E-17
15-12-2021,0.015504434,1.440363298,0.011384717,-0.166150409,-0.000297309,0.00285072,19.29000092,0.692688615,2,Correction,3.22E-23,3.70E-20,1,2.33E-21,4.26E-18
16-12-2021,-0.008857712,1.097090429,0.011522858,-0.024880952,-0.009113285,0.002845358,20.56999969,0.711385485,2,Correction,2.31E-21,2.24E-20,1,1.23E-19,4.18E-18
17-12-2021,-0.010699933,1.183506785,0.011738995,0.044170145,-0.019659186,0.002802021,21.56999969,0.71291826,2,Correction,1.56E-19,1.16E-17,1,4.37E-19,1.91E-16
20-12-2021,-0.010690403,1.931444689,0.011895853,0.183344219,-0.030083604,0.002715551,22.87000084,0.717759871,2,Correction,9.99E-17,6.18E-21,1,5.88E-18,4.65E-24
21-12-2021,0.017603184,2.194819919,0.012592528,0.103459584,-0.012858827,0.002618486,21.01000023,0.734001584,2,Correction,3.62E-14,4.51E-19,1,1.54E-16,5.35E-24
22-12-2021,0.009949164,1.762028603,0.012778222,-0.019592515,-0.002988579,0.002469837,18.62999916,0.739962078,2,Correction,6.68E-12,2.65E-14,1,2.30E-15,8.41E-23
23-12-2021,0.006202777,1.373746,0.012844252,-0.069639648,0,0.002228234,17.95999908,0.739678477,2,Correction,8.60E-11,2.26E-12,1,3.12E-14,6.92E-19
27-12-2021,0.014052845,1.020075291,0.013180144,-0.134440793,0,0.001888123,17.68000031,0.751655827,2,Correction,5.43E-10,8.56E-09,0.999999991,6.02E-13,7.28E-12
28-12-2021,-0.000817669,0.720582625,0.012046295,-0.060261255,-0.000817335,0.001697619,17.54000092,0.71460015,2,Correction,6.18E-09,1.72E-08,0.999999977,1.13E-11,5.97E-12
29-12-2021,0.001278524,0.426479158,0.011817346,0.03846012,0,0.00145636,16.95000076,0.702796454,2,Correction,2.67E-08,2.54E-06,0.99999742,3.16E-10,1.12E-08
30-12-2021,-0.00276839,0.302426408,0.010842939,0.196934367,-0.002764562,0.00130381,17.32999992,0.824396808,2,Correction,7.61E-08,1.00E-05,0.999989663,8.45E-09,2.54E-07
31-12-2021,-0.002523244,0.107923921,0.010464538,0.201735097,-0.005277658,0.001164576,17.21999931,0.83832753,2,Correction,9.00E-08,0.000274037,0.999694698,1.13E-08,3.12E-05
03-01-2022,0.005773257,0.208323446,0.010096544,0.26526001,0,0.001092504,16.60000038,0.856947135,2,Correction,1.55E-07,0.000233419,0.999714092,2.92E-08,5.23E-05
04-01-2022,-0.000335183,-0.022602243,0.009802033,0.235308986,-0.000335126,0.001036338,16.90999985,0.84655425,2,Correction,4.01E-08,5.38E-05,0.99980792,1.16E-08,0.000138215
05-01-2022,-0.019388676,-0.228043146,0.010669921,0.130055156,-0.019530615,0.00096406,19.72999954,0.866214076,2,Correction,8.94E-14,3.91E-08,0.999947483,1.57E-14,5.25E-05
06-01-2022,-0.000939843,1.352834375,0.00971122,0.092484706,-0.02045167,0.001013238,19.61000061,0.840389032,2,Correction,3.18E-12,2.31E-08,0.999999977,1.26E-13,8.34E-12
07-01-2022,-0.003961593,1.129160869,0.009732753,0.186569948,-0.024324565,0.001057545,18.76000023,0.848088482,2,Correction,5.72E-11,1.86E-08,0.99999998,2.61E-12,9.42E-10
10-01-2022,-0.00124506,1.099661004,0.009619631,0.125485681,-0.025538584,0.001108694,19.39999962,0.850866597,2,Correction,5.19E-10,3.25E-10,0.999999988,1.22E-10,1.14E-08
11-01-2022,0.009067002,0.841293327,0.009605242,0.126279923,-0.016662963,0.00115702,18.40999985,0.840962761,2,Correction,3.23E-09,2.49E-08,0.999998038,1.22E-09,1.93E-06
12-01-2022,0.002700008,0.543579669,0.009395148,-0.00034461,-0.014004357,0.001217704,17.62000084,0.839935096,2,Correction,7.92E-09,2.52E-05,0.999959945,1.79E-09,1.49E-05
13-01-2022,-0.01387435,0.269650208,0.009789094,-0.039055327,-0.027589942,0.001249063,20.30999947,0.855359733,2,Correction,2.73E-14,2.26E-10,0.999973753,7.77E-14,2.62E-05
14-01-2022,0.000408786,1.249396672,0.009149107,-0.041532514,-0.027192353,0.001310646,19.19000053,0.826684626,2,Correction,4.23E-13,1.93E-12,0.999999999,1.04E-13,5.75E-10
18-01-2022,-0.017868234,0.901264293,0.009755233,-0.158514937,-0.044420333,0.001326575,22.79000092,0.845770639,2,Correction,4.36E-22,5.74E-25,0.999999997,6.37E-21,3.48E-09
19-01-2022,-0.010437732,1.981992104,0.009742169,-0.158985185,-0.054342544,0.00133007,23.85000038,0.824770635,2,Correction,1.83E-26,4.68E-41,1,4.16E-24,6.78E-17
20-01-2022,-0.011129834,2.368630588,0.009764812,-0.158639457,-0.0648092,0.001318683,25.59000015,0.81923849,2,Correction,4.45E-29,2.35E-60,1,2.17E-24,3.88E-21
21-01-2022,-0.019825983,2.682933567,0.009639622,-0.339902579,-0.083167688,0.00125579,28.85000038,0.791769546,2,Correction,8.60E-31,1.08E-97,1,1.78E-24,2.69E-27
24-01-2022,0.004237808,3,0.009342317,-0.389048114,-0.079274085,0.001164267,29.89999962,0.765142552,2,Correction,9.65E-33,4.23E-120,1,6.57E-25,2.90E-28
25-01-2022,-0.012284124,2.845620288,0.009310299,-0.201824676,-0.090515211,0.001031044,31.15999985,0.765440035,2,Correction,1.93E-33,6.40E-131,1,7.44E-25,8.70E-29
26-01-2022,-0.002511962,2.93300535,0.008376673,-0.482860724,-0.092796936,0.000844823,31.95999908,0.682537735,2,Correction,1.28E-34,1.01E-157,1,1.39E-25,2.31E-30
27-01-2022,-0.004950195,2.690215347,0.008331977,-0.422823701,-0.097276671,0.00076626,30.48999977,0.676601728,2,Correction,1.47E-29,5.42E-171,1,1.54E-24,5.65E-29
28-01-2022,0.024532113,2.433992905,0.010453762,0.579594927,-0.074857084,0.00062861,27.65999985,0.738679959,2,Correction,5.50E-24,1.64E-148,1,3.71E-20,9.03E-25
31-01-2022,0.017850734,2.007463906,0.011463439,0.515105104,-0.058194325,0.000696214,24.82999992,0.743387495,2,Correction,1.77E-17,1.63E-84,1,3.56E-17,3.85E-16
01-02-2022,0.006734153,1.619349593,0.011647114,0.401939804,-0.051830658,0.000799261,21.95999908,0.73300706,2,Correction,1.70E-13,1.06E-55,1,1.03E-14,5.81E-12
02-02-2022,0.00966715,1.253335917,0.011811229,0.373787557,-0.042620115,0.000912664,22.09000015,0.750048254,2,Correction,6.94E-17,3.29E-41,0.999999997,3.21E-17,3.32E-09
03-02-2022,-0.023785523,0.925274291,0.012712751,0.315177221,-0.065123212,0.001103989,24.35000038,0.767664945,2,Correction,3.21E-19,1.02E-59,1,2.92E-20,1.68E-12
04-02-2022,0.004690937,2.056053943,0.012256462,0.195116487,-0.060727462,0.001201983,23.21999931,0.737199434,2,Correction,3.26E-17,4.64E-72,1,2.24E-20,2.59E-16
07-02-2022,-0.003214133,1.655375038,0.012256264,0.22220801,-0.063741562,0.001288485,22.86000061,0.741778956,2,Correction,3.78E-15,2.31E-73,1,4.56E-18,2.07E-14
08-02-2022,0.008194147,1.274465854,0.012452031,0.098430644,-0.056038205,0.001373258,21.44000053,0.750047356,2,Correction,1.36E-13,1.40E-74,1,2.68E-15,1.40E-12
09-02-2022,0.01453013,0.937545763,0.012939149,0.007814902,-0.042222186,0.001475002,19.95999908,0.750870599,2,Correction,2.57E-14,3.11E-54,1,1.62E-15,3.23E-10
10-02-2022,-0.018129029,0.658362978,0.013256949,0.173310615,-0.059429322,0.001577724,23.90999985,0.771779291,2,Correction,4.01E-22,8.26E-55,1,1.81E-21,3.93E-11
11-02-2022,-0.019915777,1.434029341,0.013755278,0.283149683,-0.077976217,0.001686207,27.36000061,0.782467504,2,Correction,6.34E-29,5.12E-93,1,1.97E-23,1.20E-17
14-02-2022,-0.003274729,2.734703469,0.013536519,0.207582281,-0.080990657,0.001762981,28.32999992,0.781398832,2,Correction,7.04E-27,3.00E-113,1,4.24E-25,3.45E-26
15-02-2022,0.015998331,2.28721873,0.014129423,0.138865435,-0.066169802,0.001828883,25.70000076,0.797925498,2,Correction,1.63E-22,1.26E-106,1,3.62E-22,2.70E-21
16-02-2022,0.001120123,1.836918409,0.013659379,0.031604026,-0.065123212,0.001863962,24.29000092,0.785283658,2,Correction,5.99E-25,1.58E-83,1,1.87E-24,4.74E-17
17-02-2022,-0.021592955,1.426714593,0.014247256,0.003466895,-0.085093578,0.001913927,28.11000061,0.815540446,2,Correction,3.44E-29,1.49E-115,1,2.89E-23,2.25E-20
18-02-2022,-0.006496014,2.570037725,0.01412724,-0.030774698,-0.091017561,0.001931982,27.75,0.81798991,2,Correction,1.89E-28,1.37E-149,1,3.94E-25,9.16E-28
22-02-2022,-0.010789617,2.515996299,0.013666562,-0.021160783,-0.100772413,0.001896906,28.80999947,0.807374723,2,Correction,7.68E-29,1.18E-180,1,3.99E-25,2.13E-30
23-02-2022,-0.017898028,2.579933782,0.014095516,0.119051824,-0.11672364,0.001836205,31.02000046,0.825346169,2,Correction,1.18E-29,3.95E-237,1,6.57E-25,5.45E-37
24-02-2022,0.014937105,3,0.01434966,-0.062752129,-0.103431019,0.001752107,30.31999969,0.814830937,2,Correction,1.24E-29,4.43E-249,1,6.70E-25,7.70E-39
25-02-2022,0.021823958,2.624608188,0.015154502,-0.120944011,-0.083649263,0.001558736,27.59000015,0.8277992,2,Correction,3.30E-27,1.64E-184,1,4.59E-24,9.30E-30
28-02-2022,-0.002561603,2.158936948,0.015120652,-0.142928864,-0.085993585,0.001241962,30.14999962,0.834483618,2,Correction,1.11E-29,1.05E-140,1,1.19E-23,5.60E-22
01-03-2022,-0.01534753,1.789873907,0.014453112,-0.058882201,-0.099914229,0.001099037,33.31999969,0.865894055,2,Correction,4.39E-33,5.85E-174,1,6.66E-23,4.18E-25
02-03-2022,0.018229159,2.345250915,0.014478407,-0.055226148,-0.083355959,0.001030203,30.73999977,0.882659793,2,Correction,1.19E-29,1.07E-172,1,7.71E-23,8.05E-26
03-03-2022,-0.004991013,1.916271352,0.014379257,0.053276463,-0.087919544,0.000950086,30.47999954,0.886976348,2,Correction,1.32E-30,1.35E-145,1,1.55E-23,3.67E-21
04-03-2022,-0.00815775,1.70602956,0.014190402,0.207659265,-0.095329801,0.000855926,31.97999954,0.883198526,2,Correction,7.65E-32,5.37E-171,1,3.19E-23,8.23E-24
07-03-2022,-0.02992237,1.837662833,0.014700436,0.073697308,-0.121998689,0.000842708,36.45000076,0.891588016,2,Correction,6.52E-36,8.60E-245,1,1.86E-22,4.62E-35
08-03-2022,-0.007610614,3,0.014624005,0.18902794,-0.128655456,0.000771881,35.13000107,0.89683632,2,Correction,7.97E-33,9.21741e-318,1,8.29E-25,7.55E-44
09-03-2022,0.026457505,3,0.01602671,0.208985235,-0.105294175,0.000789293,32.45000076,0.920024474,2,Correction,3.48E-31,2.08E-297,1,4.81E-23,1.88E-42
10-03-2022,-0.004525658,2.569898343,0.015855201,0.318891892,-0.109334158,0.000770402,30.22999954,0.904504423,2,Correction,1.01E-28,4.55E-240,1,1.41E-24,9.53E-33
11-03-2022,-0.012796477,2.107149998,0.015481544,0.516177291,-0.120658931,0.00074158,30.75,0.902398986,2,Correction,1.43E-28,2.44E-287,1,1.62E-24,5.58E-38
14-03-2022,-0.00733527,2.52434733,0.015167389,0.485007458,-0.127085535,0.000705187,31.77000046,0.888940987,2,Correction,2.09E-25,0,1,1.99E-24,4.38E-43
15-03-2022,0.021752047,2.330003942,0.0156382,0.326068772,-0.107889843,0.000720853,29.82999992,0.900337488,2,Correction,4.12E-21,4.33652e-317,1,6.62E-21,2.86E-43
16-03-2022,0.021931922,1.897554514,0.016447297,0.205062491,-0.088108018,0.000779012,26.67000008,0.907445351,2,Correction,4.14E-18,1.14E-228,1,4.06E-19,1.41E-31
17-03-2022,0.012433467,1.530896566,0.016287528,0.216082673,-0.076699261,0.000832001,25.67000008,0.901230493,2,Correction,9.39E-17,8.20E-158,1,7.06E-18,5.80E-22
18-03-2022,0.010893101,1.198168495,0.016475865,0.138969361,-0.066586674,0.000854754,23.87000084,0.902058411,2,Correction,2.39E-15,1.21E-124,1,1.77E-16,8.68E-18
21-03-2022,-0.00029223,0.899033414,0.015723366,0.09262014,-0.066859405,0.000850578,23.53000069,0.890845165,2,Correction,1.60E-14,6.71E-107,1,2.25E-15,2.57E-15
22-03-2022,0.011633452,0.620426058,0.015792244,-0.055555589,-0.055940369,0.000835906,22.94000053,0.890629543,2,Correction,9.40E-14,7.30E-97,1,5.26E-14,5.92E-15
23-03-2022,-0.012962257,0.386633547,0.015885706,-0.050179531,-0.068098544,0.000777492,23.56999969,0.876167261,2,Correction,9.64E-13,9.97E-100,1,2.58E-13,2.52E-15
24-03-2022,0.014961934,0.693637742,0.015471781,-0.22993572,-0.054050667,0.00073164,21.67000008,0.86695874,2,Correction,6.25E-12,1.55E-98,1,1.21E-12,8.51E-15
25-03-2022,0.004871742,0.455852912,0.015246353,-0.166545029,-0.049431001,0.000697601,20.80999947,0.890252533,2,Correction,2.30E-11,8.67E-72,1,4.28E-12,5.30E-11
28-03-2022,0.007087816,0.235845047,0.01465387,-0.151318058,-0.04266961,0.000713418,19.62999916,0.889983103,2,Correction,7.36E-11,7.22E-60,0.999999999,3.11E-11,5.85E-10
29-03-2022,0.012294836,0.038812485,0.014776515,-0.276375735,-0.030826736,0.000722555,18.89999962,0.894662337,2,Correction,1.43E-10,3.00E-43,0.999999981,2.59E-10,1.85E-08
30-03-2022,-0.006193758,-0.130005749,0.014343365,-0.304611863,-0.036811009,0.000729515,19.32999992,0.894762768,2,Correction,8.60E-13,7.23E-36,0.99999976,1.48E-13,2.40E-07
31-03-2022,-0.015511112,-0.139106727,0.014468,-0.122379651,-0.051635869,0.000730116,20.55999947,0.897162784,2,Correction,8.03E-12,7.39E-58,1,1.23E-12,8.72E-11
01-04-2022,0.002830207,0.820835298,0.014389766,-0.198970672,-0.048948001,0.000729445,19.62999916,0.898480142,2,Correction,3.23E-11,8.39E-63,0.999999998,1.37E-12,2.07E-09
04-04-2022,0.008530011,0.552390677,0.014261418,-0.35246059,-0.040800819,0.000724109,18.56999969,0.894722652,2,Correction,1.30E-11,1.10E-54,0.999999988,1.24E-12,1.21E-08
05-04-2022,-0.012711766,0.317115673,0.012696383,0.08463004,-0.052916764,0.000916359,21.03000069,0.893208861,2,Correction,1.43E-14,4.11E-51,0.999999993,1.22E-15,6.85E-09
06-04-2022,-0.010049703,0.650136577,0.012814734,0.08252646,-0.062387003,0.001050819,22.10000038,0.884367103,2,Correction,5.24E-15,9.32E-74,1,3.61E-16,1.77E-11
07-04-2022,0.005026561,1.04985425,0.011699043,-0.010193483,-0.057662169,0.001269476,21.54999924,0.865462286,2,Correction,3.67E-15,5.53E-75,1,2.76E-16,9.86E-12
08-04-2022,-0.002677673,0.752531548,0.011650642,-0.026868194,-0.060182067,0.001437115,21.15999985,0.875464831,2,Correction,2.38E-19,7.28E-75,1,1.36E-20,1.40E-11
11-04-2022,-0.017239923,0.590437074,0.011979162,-0.093803259,-0.076245591,0.001544957,24.37000084,0.883032708,2,Correction,4.88E-23,2.07E-102,1,1.05E-22,5.36E-16
12-04-2022,-0.003712148,1.339030877,0.011858231,-0.120380918,-0.079668347,0.001645923,24.26000023,0.877156577,2,Correction,1.12E-21,1.77E-127,1,5.37E-23,8.91E-19
13-04-2022,0.011388386,1.206773381,0.011216041,-0.239920759,-0.069127347,0.001759569,21.81999969,0.864259132,2,Correction,4.94E-20,5.61E-123,1,4.43E-22,2.75E-18
14-04-2022,-0.012529914,0.896319609,0.010665421,-0.265474532,-0.080718333,0.001840355,22.70000076,0.859058853,2,Correction,4.64E-19,3.38E-123,1,4.74E-21,5.04E-18
18-04-2022,0.000410776,1.147040001,0.010302816,-0.205449414,-0.080340637,0.001917441,22.17000008,0.866854144,2,Correction,4.42E-18,8.65E-143,1,3.00E-19,4.01E-20
19-04-2022,0.016013923,0.947675155,0.010633496,-0.134125683,-0.065494729,0.001908725,21.37000084,0.860001668,2,Correction,2.01E-17,2.20E-122,1,1.30E-17,1.73E-18
20-04-2022,-0.000741696,0.676974836,0.010634684,-0.127913713,-0.066187591,0.001916481,20.31999969,0.861761969,2,Correction,4.17E-21,1.19E-98,1,3.64E-22,1.63E-14
21-04-2022,-0.015066423,0.418498795,0.010773748,0.036507863,-0.080151347,0.001878621,22.68000031,0.844837406,2,Correction,7.18E-24,4.88E-123,1,4.25E-22,2.44E-18
22-04-2022,-0.027822692,1.051650344,0.012000563,-0.301357934,-0.105391264,0.00175475,28.20999908,0.877856929,2,Correction,1.04E-24,1.45E-188,1,3.24E-21,2.36E-28
25-04-2022,0.005780707,2.28767406,0.011511086,-0.371483863,-0.100204817,0.00165083,27.02000046,0.865467321,2,Correction,6.00E-22,2.36E-220,1,5.46E-20,7.78E-32
26-04-2022,-0.029388365,1.819324471,0.012788542,-0.368368516,-0.126263539,0.001529307,33.52000046,0.88722389,2,Correction,1.21E-24,1.91E-268,1,2.85E-17,3.76E-39
27-04-2022,0.002807991,2.797888999,0.012635977,-0.358969197,-0.123806647,0.001440541,31.60000038,0.835370715,2,Correction,5.09E-19,0,1,6.40E-16,1.53E-45
28-04-2022,0.024945582,2.306802058,0.013717796,-0.012741092,-0.101674593,0.001365771,29.98999977,0.832570441,2,Correction,4.86E-16,4.21E-283,1,7.91E-13,5.46E-41
29-04-2022,-0.037655991,1.873943765,0.0156022,-0.244420515,-0.134872946,0.001485114,33.40000153,0.849756038,2,Correction,2.54E-12,1.14E-304,1,1.08E-11,3.13E-44
02-05-2022,0.006001609,3,0.015591583,-0.413445314,-0.12966518,0.001584069,32.34000015,0.844368878,2,Correction,3.69E-08,0,0.999999963,4.94E-11,6.28E-52
03-05-2022,0.004573438,2.654773432,0.015634842,-0.422072025,-0.125675642,0.001684228,29.25,0.835397879,2,Correction,2.00E-05,0,0.999980012,8.84E-10,5.11E-49
04-05-2022,0.029998484,2.144984142,0.017126228,-0.123925451,-0.099049867,0.001938309,25.42000008,0.846170782,2,Correction,7.59E-05,4.23256e-319,0.999923299,7.87E-07,1.98E-46
05-05-2022,-0.036189741,1.736538669,0.01850396,-0.200936815,-0.131072086,0.002334226,31.20000076,0.863190186,2,Correction,9.39E-05,0.00E+00,0.99990164,4.44E-06,8.51E-47
06-05-2022,-0.005986987,2.936702083,0.018459844,-0.232939421,-0.136258804,0.002638158,30.19000053,0.864313022,2,Correction,0.001556734,0,0.998442492,7.74E-07,2.19E-57
09-05-2022,-0.032540883,2.764464012,0.019349601,-0.088262783,-0.163913314,0.002946085,34.75,0.872679528,2,Correction,0.007421175,0,0.992373335,0.00020549,1.98E-74
10-05-2022,0.002307857,3,0.019418955,-0.121508728,-0.161981517,0.003185652,32.99000168,0.876110161,0,Recovery,0.702145734,0,0.297783412,7.09E-05,1.64E-90
11-05-2022,-0.016013729,3,0.019383573,-0.12820495,-0.175294439,0.003374842,32.56000137,0.867500469,0,Recovery,0.97823173,0,0.021765415,2.86E-06,1.14E-97
12-05-2022,-0.001044433,3,0.019403925,-0.147381685,-0.176155339,0.003513955,31.77000046,0.865727664,0,Recovery,0.999949349,0,5.06E-05,5.19E-08,1.27E-111
13-05-2022,0.023626441,2.640171302,0.020100637,-0.098635689,-0.156459061,0.003626694,28.87000084,0.868331789,0,Recovery,0.999999786,0,6.30E-09,2.08E-07,5.45E-114
16-05-2022,-0.004065779,2.15019557,0.020020297,-0.158648094,-0.15988175,0.003646802,27.46999931,0.866620055,0,Recovery,0.999998876,0,3.44E-12,1.12E-06,6.30E-98
17-05-2022,0.020361742,1.716315507,0.020715726,-0.198564644,-0.142600134,0.003625623,26.10000038,0.871619153,0,Recovery,0.99980739,0,1.61E-16,0.00019261,4.23E-104
18-05-2022,-0.041146718,1.354301111,0.021774108,-0.088812117,-0.177163366,0.003630758,30.95999908,0.884547971,0,Recovery,0.999298698,0,3.78E-19,0.000701302,1.21E-112
19-05-2022,-0.00614324,2.495251105,0.02174002,-0.053607887,-0.182202754,0.003551487,29.35000038,0.879560661,0,Recovery,0.999999836,0,2.11E-24,1.64E-07,7.38E-130
20-05-2022,0.000436263,2.509741894,0.021691225,-0.153725559,-0.181845901,0.003395609,29.43000031,0.884193316,0,Recovery,0.999999999,0,2.56E-30,8.13E-10,2.57E-133
23-05-2022,0.018537358,2.019483014,0.021673318,-0.342393131,-0.166538041,0.003268211,28.47999954,0.889948091,0,Recovery,0.999999959,0,2.39E-32,4.10E-08,5.48E-138
24-05-2022,-0.007663205,1.624759836,0.021587852,-0.259592414,-0.172900621,0.00300554,29.45000076,0.89050357,0,Recovery,0.999999986,0,2.03E-31,1.45E-08,1.38E-126
25-05-2022,0.008796088,1.670641751,0.020941977,-0.449090082,-0.165593291,0.002757435,28.37000084,0.883455176,0,Recovery,0.999999994,0,1.66E-32,5.97E-09,3.65E-128
26-05-2022,0.01978438,1.31399735,0.021465796,-0.478496604,-0.148920687,0.002421131,27.5,0.924372916,0,Recovery,0.999999477,0,5.48E-32,5.23E-07,6.07E-121
27-05-2022,0.02425264,1.003795175,0.021423788,-0.483895633,-0.128027433,0.002106943,25.71999931,0.927110152,0,Recovery,0.999992168,0,3.23E-30,7.83E-06,3.25E-102
31-05-2022,-0.005626679,0.755673998,0.019792969,-0.537064517,-0.132919966,0.001897352,26.19000053,0.925535429,0,Recovery,0.999999597,0,1.30E-27,4.03E-07,4.91E-83
01-06-2022,-0.008121513,0.903996416,0.019822597,-0.435334415,-0.139933449,0.001634566,25.69000053,0.932355176,0,Recovery,0.999999987,0,1.10E-29,1.30E-08,4.85E-86
02-06-2022,0.018864611,0.791060081,0.020248571,-0.467361252,-0.123554623,0.001292592,24.71999931,0.936999845,0,Recovery,0.999999648,0,1.31E-30,3.52E-07,6.20E-93
03-06-2022,-0.016547859,0.543550281,0.01934113,-0.404104558,-0.137938578,0.001104038,24.79000092,0.930053074,0,Recovery,0.999999982,0,6.31E-30,1.77E-08,1.34E-84
06-06-2022,0.003040241,0.782712105,0.017709743,-0.485269982,-0.135313716,0.001180551,25.06999969,0.914565569,0,Recovery,0.999999999,0,5.50E-31,1.39E-09,6.27E-90
07-06-2022,0.009546329,0.552436954,0.017781644,-0.597101719,-0.12701961,0.001240824,24.02000046,0.922238968,0,Recovery,0.99999999,0,5.70E-31,1.04E-08,5.32E-91
08-06-2022,-0.010931578,0.324643384,0.016340432,-0.557035649,-0.136510692,0.001497917,23.95999908,0.917850082,0,Recovery,0.999999999,0,7.37E-31,1.39E-09,1.06E-88
09-06-2022,-0.024070343,0.452880547,0.017265765,-0.415258192,-0.157047026,0.001616794,26.09000015,0.92974821,0,Recovery,0.999999999,0,1.04E-31,5.55E-10,7.44E-106
10-06-2022,-0.02942423,1.445915048,0.018125138,-0.438880862,-0.181488913,0.001663838,27.75,0.932760591,0,Recovery,1,0,1.89E-32,3.08E-11,4.26E-118
13-06-2022,-0.038707698,2.173265355,0.019966241,-0.414425361,-0.212566247,0.001659115,34.02000046,0.945199698,0,Recovery,1,0,1.32E-32,4.66E-11,9.38E-150
14-06-2022,-0.003018104,3,0.019072761,-0.397136223,-0.214939221,0.001670426,32.68999863,0.937660319,0,Recovery,1,0,5.29E-35,8.11E-15,1.44E-172
15-06-2022,0.014155776,2.909214631,0.019452675,-0.47373568,-0.203747047,0.001673459,29.62000084,0.938667776,0,Recovery,1,0,2.92E-36,1.67E-14,4.63E-176
16-06-2022,-0.033655956,2.361344201,0.019838632,-0.322078973,-0.230099751,0.001663036,32.95000076,0.938168549,0,Recovery,1,0,4.10E-36,4.13E-14,9.39E-184
17-06-2022,0.002153207,2.991282249,0.018079865,-0.369172543,-0.22844021,0.001645717,31.12999916,0.924528688,0,Recovery,1,0,1.55E-38,8.39E-17,7.19E-204
21-06-2022,0.024862133,2.511822496,0.019055495,-0.392527434,-0.209017139,0.00158101,30.19000053,0.936753961,0,Recovery,1,0,5.55E-40,8.11E-15,2.16E-212
22-06-2022,-0.001814575,2.04208314,0.019049872,-0.375640342,-0.210451135,0.001505939,28.95000076,0.937292394,0,Recovery,1,0,1.35E-38,2.23E-15,2.33E-188
23-06-2022,0.009754672,1.620403855,0.01867623,-0.38311997,-0.202711658,0.001422441,29.04999924,0.934476548,0,Recovery,1,0,2.83E-40,6.13E-15,4.36E-197
24-06-2022,0.03129908,1.254620939,0.019986621,-0.358364087,-0.177362636,0.00133308,27.22999954,0.937337984,0,Recovery,1,0,1.16E-39,1.58E-11,3.51E-193
27-06-2022,-0.003827083,0.969104972,0.019890305,-0.275791908,-0.180504921,0.001283652,26.95000076,0.937088872,0,Recovery,1,0,1.74E-36,1.56E-12,6.86E-158
28-06-2022,-0.020644598,0.818946154,0.019748413,-0.091148314,-0.197249628,0.001180014,28.36000061,0.939965055,0,Recovery,1,0,2.28E-37,2.20E-13,1.12E-173
29-06-2022,-0.000814725,1.27534052,0.018765631,-0.063577329,-0.197903383,0.001051543,28.15999985,0.931428417,0,Recovery,1,0,9.77E-39,5.87E-15,6.77E-185
30-06-2022,-0.00815734,1.071910604,0.018784866,-0.044190979,-0.204419744,0.001034141,28.70999908,0.930311205,0,Recovery,1,0,1.37E-39,2.42E-15,1.05E-193
01-07-2022,0.010520741,0.981203064,0.019024191,-0.162367056,-0.196005465,0.00101318,26.70000076,0.933845197,0,Recovery,1,0,1.51E-41,5.64E-15,1.72E-207
05-07-2022,0.001886943,0.693792574,0.01838933,-0.132067447,-0.194486941,0.000966566,27.54000092,0.935714877,0,Recovery,1,0,7.45E-41,5.66E-15,2.58E-199
06-07-2022,0.003371691,0.433873807,0.018223744,-0.275791901,-0.191766415,0.000964789,26.72999954,0.9445954,0,Recovery,1,0,7.88E-42,9.89E-15,1.34E-203
07-07-2022,0.014866156,0.202481806,0.018600826,-0.308332472,-0.179661334,0.000937097,26.07999992,0.943687422,0,Recovery,1,0,6.89E-42,3.02E-13,1.63E-205
08-07-2022,-0.000822928,0.0091443,0.01840142,-0.25031609,-0.180336135,0.000913968,24.63999939,0.941400832,0,Recovery,1,0,1.45E-40,1.15E-13,6.40E-190
11-07-2022,-0.011489347,-0.177414512,0.018413838,-0.246301695,-0.189699644,0.000728486,26.17000008,0.942398807,0,Recovery,1,0,3.11E-41,3.86E-14,4.38E-201
12-07-2022,-0.008888433,0.184878686,0.017835303,-0.313405622,-0.196870031,0.000673276,27.29000092,0.89636503,0,Recovery,1,0,4.35E-42,5.46E-15,3.61E-206
13-07-2022,-0.0052652,0.256947632,0.016744333,-0.372903042,-0.201087558,0.000808858,26.81999969,0.879192944,0,Recovery,1,0,4.85E-44,4.67E-16,8.40E-218
14-07-2022,-0.002431525,0.292627543,0.014380796,-0.047433602,-0.203027774,0.001233032,26.39999962,0.835452104,0,Recovery,1,0,5.99E-46,2.18E-17,4.24E-219
15-07-2022,0.01892466,0.142268193,0.01489478,-0.162174548,-0.187801727,0.001466419,24.22999954,0.83140953,0,Recovery,1,0,1.45E-47,9.03E-16,2.13E-228
18-07-2022,-0.008291119,-0.045062353,0.014754834,0.00932109,-0.19450792,0.001644127,25.29999924,0.825121515,0,Recovery,1,0,9.61E-45,3.46E-16,9.37E-204
19-07-2022,0.026660597,0.00824302,0.013587961,0.532842606,-0.172744193,0.0018761,24.5,0.803571317,0,Recovery,1,0,1.25E-46,2.20E-14,1.11E-207
20-07-2022,0.006352975,-0.153426788,0.013599262,0.486859616,-0.167471927,0.002093348,23.87999916,0.807031876,0,Recovery,1,0,1.29E-42,4.05E-14,3.89E-170
21-07-2022,0.010131814,-0.318621758,0.012805638,0.524591526,-0.158994032,0.002316987,23.11000061,0.790084405,0,Recovery,1,0,5.02E-43,3.42E-13,1.30E-163
22-07-2022,-0.009321598,-0.463315282,0.013046927,0.540397816,-0.166797126,0.002463722,23.03000069,0.799175227,0,Recovery,1,0,7.49E-42,2.58E-13,2.81E-157
25-07-2022,0.001214218,-0.198090718,0.012944237,0.641131945,-0.165784821,0.002591548,23.36000061,0.791322711,0,Recovery,1,0,2.03E-42,3.19E-13,8.05E-160
26-07-2022,-0.011901618,-0.367485038,0.011424727,0.546421205,-0.175654483,0.002734864,24.69000053,0.777768138,0,Recovery,1,0,1.43E-43,1.13E-12,3.07E-162
27-07-2022,0.02563495,0.056470173,0.012660643,0.481330727,-0.154249237,0.00272769,23.23999977,0.807960671,0,Recovery,1,0,4.87E-43,6.83E-11,1.66E-163
28-07-2022,0.012464391,-0.111230178,0.011796943,0.561656777,-0.143641497,0.00274036,22.32999992,0.758397786,0,Recovery,1,0,3.18E-40,4.73E-11,2.83E-128
29-07-2022,0.014473472,-0.281790034,0.012014409,0.390650809,-0.131156886,0.002755068,21.32999992,0.768171861,0,Recovery,0.999999999,0,1.33E-38,5.83E-10,2.10E-115
01-08-2022,-0.002965792,-0.426978834,0.011807559,0.390798811,-0.133729877,0.002740679,22.84000015,0.76512673,0,Recovery,0.999999999,0,1.88E-36,1.44E-09,1.09E-102
02-08-2022,-0.006619033,-0.382284868,0.01192992,0.544708538,-0.139444813,0.002657995,23.93000031,0.770465201,0,Recovery,0.999999999,0,2.22E-36,8.48E-10,1.27E-105
03-08-2022,0.015538082,-0.372182544,0.012221025,0.395338804,-0.125969013,0.00256672,21.95000076,0.787878331,0,Recovery,0.999999998,0,1.65E-37,1.74E-09,1.49E-111
04-08-2022,-0.000675496,-0.515795682,0.01226141,0.437130912,-0.126559218,0.0024479,21.44000053,0.786869651,0,Recovery,1,0,6.92E-36,2.73E-10,4.94E-99
05-08-2022,-0.001691713,-0.655628056,0.012037444,0.618102803,-0.12803558,0.002256173,21.14999962,0.790038827,0,Recovery,1,0,8.42E-37,4.43E-11,1.10E-103
08-08-2022,-0.001161621,-0.619423245,0.012042916,0.620924267,-0.129047885,0.002020546,21.29000092,0.792205482,0,Recovery,1,0,9.42E-37,1.45E-11,2.08E-105
09-08-2022,-0.003978967,-0.728201056,0.011701209,0.667656586,-0.132506489,0.001708912,21.77000046,0.779151864,0,Recovery,1,0,2.69E-37,2.79E-12,1.96E-108
10-08-2022,0.020786647,-0.698276949,0.011951479,0.476907651,-0.114285487,0.001349727,19.73999977,0.83078236,0,Recovery,1,0,3.67E-37,4.22E-11,4.00E-110
11-08-2022,0,-0.801959477,0.011786929,0.45919119,-0.114285487,0.001038927,20.20000076,0.830835107,0,Recovery,1,0,2.21E-34,1.50E-11,6.63E-88
12-08-2022,0.016786995,-0.916094644,0.011933461,0.268676242,-0.099291502,0.000970056,19.53000069,0.856570521,0,Recovery,1,0,3.77E-34,4.79E-10,2.24E-88
15-08-2022,0.004112566,-1.006108053,0.011552241,0.409257895,-0.095579652,0.000826905,19.95000076,0.867910055,0,Recovery,1,0,3.63E-32,4.23E-10,2.40E-72
16-08-2022,0.001956721,-1.096896445,0.011167372,0.406224824,-0.093808221,0.000665306,19.69000053,0.868337057,0,Recovery,1,6.6914497e-317,5.14E-32,3.76E-10,1.92E-70
17-08-2022,-0.007123487,-1.187538668,0.010389483,0.463965166,-0.100240529,0.000697835,19.89999962,0.862206511,0,Recovery,1,0,1.58E-32,1.52E-10,1.63E-71
18-08-2022,0.002902287,-0.968002205,0.0103777,0.513568672,-0.097625376,0.000694599,19.55999947,0.860294509,0,Recovery,1,0,9.03E-33,1.56E-10,3.37E-72
19-08-2022,-0.013529128,-1.063407879,0.010929775,0.542405557,-0.109751505,0.000692628,20.60000038,0.866138803,0,Recovery,1,0,1.70E-32,6.96E-11,3.41E-75
22-08-2022,-0.02104233,-0.508769942,0.011836517,0.211937432,-0.12828869,0.000632136,23.79999924,0.878951323,0,Recovery,1,0,2.25E-31,2.18E-10,9.02E-81
23-08-2022,-0.002422234,0.186427025,0.011877444,0.251674999,-0.130397624,0.000571381,24.11000061,0.883281587,0,Recovery,1,0,1.37E-31,6.26E-11,2.44E-84
24-08-2022,0.003196357,0.194798117,0.011444321,0.179422985,-0.127613617,0.000570925,22.81999969,0.878951345,0,Recovery,1,0,1.87E-32,3.28E-11,9.74E-85
25-08-2022,0.014018599,-0.028315923,0.010523924,-0.074235211,-0.11529786,0.000581641,21.78000069,0.876779045,0,Recovery,1,0,4.46E-33,4.11E-10,1.23E-82
26-08-2022,-0.034435301,-0.220585356,0.012926451,-0.690483329,-0.145244278,0.000649147,25.55999947,0.940044751,0,Recovery,0.999999995,0,6.07E-31,4.89E-09,4.95E-89
29-08-2022,-0.006634133,1.025850063,0.012552711,-0.594570617,-0.150896073,0.000674274,26.20999908,0.941382674,0,Recovery,1,0,8.22E-32,5.31E-11,7.01E-94
30-08-2022,-0.011038565,1.102458562,0.012735174,-0.500786827,-0.160217419,0.000712446,26.20999908,0.940457961,0,Recovery,1,0,1.20E-32,8.22E-12,1.46E-102
31-08-2022,-0.007638139,1.136689095,0.012757663,-0.488864172,-0.166607361,0.000746559,25.87000084,0.938908854,0,Recovery,1,0,3.86E-34,1.46E-12,1.17E-114
01-09-2022,0.003132885,1.065355109,0.012203118,-0.546919864,-0.163992343,0.000746019,25.55999947,0.93858418,0,Recovery,1,0,2.00E-35,2.05E-12,2.77E-124
02-09-2022,-0.010600299,0.732912813,0.012335923,-0.428350313,-0.17280747,0.000748688,25.46999931,0.943828175,0,Recovery,1,0,2.26E-36,3.03E-13,2.57E-131
06-09-2022,-0.00378018,0.681031222,0.012336732,-0.403549908,-0.175928504,0.000756938,26.90999985,0.942614758,0,Recovery,1,0,1.65E-37,3.16E-13,3.26E-145
07-09-2022,0.01780535,0.716996828,0.013123441,-0.352076788,-0.161124216,0.000810587,24.63999939,0.940401832,0,Recovery,1,0,4.87E-38,1.43E-12,3.19E-147
08-09-2022,0.006514952,0.439988979,0.013235115,-0.446486669,-0.155641139,0.000865588,23.61000061,0.93568545,0,Recovery,1,0,1.02E-36,1.50E-12,1.02E-129
09-09-2022,0.015415883,0.172858893,0.012833025,-0.57628238,-0.142523753,0.00088908,22.79000092,0.929254264,0,Recovery,1,0,1.25E-36,3.38E-11,5.65E-125
12-09-2022,0.010690286,-0.049992193,0.013106409,-0.618852313,-0.133307914,0.00092327,23.87000084,0.896675198,0,Recovery,0.999999999,0,1.71E-34,6.06E-10,2.04E-108
13-09-2022,-0.044456142,-0.255060947,0.015532009,-0.984392988,-0.170993809,0.001200865,27.27000046,0.928418271,0,Recovery,0.999999967,0,7.48E-33,3.32E-08,5.24E-125
14-09-2022,0.003808632,1.765059985,0.01552426,-0.983783389,-0.167830409,0.001394302,26.15999985,0.927698172,0,Recovery,1,0,9.75E-34,5.59E-12,9.38E-121
15-09-2022,-0.011418278,1.352939064,0.015543532,-0.86257442,-0.177278311,0.001526492,26.27000046,0.924824771,0,Recovery,1,0,1.10E-34,2.18E-12,5.01E-129
16-09-2022,-0.007658101,1.31401983,0.015548306,-0.856917384,-0.183554733,0.001571239,26.29999924,0.929809617,0,Recovery,1,0,2.27E-36,5.47E-13,2.33E-144
19-09-2022,0.007724861,1.246304099,0.015699948,-0.857995947,-0.177223384,0.001586254,25.76000023,0.919907803,0,Recovery,1,0,1.52E-37,1.08E-12,3.69E-154
20-09-2022,-0.011544879,0.874060988,0.015648128,-0.879811084,-0.18666762,0.001601079,27.15999985,0.896233779,0,Recovery,1,0,9.01E-38,7.57E-13,9.54E-158
21-09-2022,-0.017597732,0.828612739,0.015481048,-0.908856379,-0.200855224,0.001631615,27.98999977,0.891519774,0,Recovery,1,0,6.50E-40,1.14E-13,7.87E-180
22-09-2022,-0.008435175,1.402906144,0.015503301,-0.849326254,-0.207567799,0.001645924,27.35000038,0.874910992,0,Recovery,1,0,5.00E-41,3.61E-15,8.70E-189
23-09-2022,-0.016896788,1.221257033,0.015628938,-0.672538757,-0.220844873,0.001618962,29.92000008,0.874476769,0,Recovery,1,0,1.61E-42,6.50E-16,4.57E-210
26-09-2022,-0.009942168,1.602987307,0.01500391,-0.638094644,-0.228552983,0.00144506,32.25999832,0.863750533,0,Recovery,1,0,6.04E-43,2.35E-16,1.51E-222
27-09-2022,-0.002555878,1.521172903,0.013584168,-0.759086355,-0.230522189,0.00142627,32.59999847,0.840085408,0,Recovery,1,0,2.06E-45,3.51E-16,2.25E-239
28-09-2022,0.019485082,1.251484388,0.014586317,-0.63336286,-0.215381824,0.001385024,30.18000031,0.785270312,0,Recovery,1,0,3.78E-48,2.04E-16,2.39E-252
29-09-2022,-0.021109912,0.895187883,0.014997335,-0.557819868,-0.231771445,0.001353993,31.84000015,0.780088049,0,Recovery,1,0,2.59E-45,3.27E-17,1.69E-238
30-09-2022,-0.015584532,1.293905713,0.015186398,-0.481410932,-0.243651117,0.001319321,31.62000084,0.787890596,0,Recovery,1,0,7.80E-48,1.70E-19,4.45E-259
03-10-2022,0.026058724,1.601731023,0.016535633,-0.254292667,-0.223682584,0.001295249,30.10000038,0.816895031,0,Recovery,1,0,9.65E-49,7.97E-18,1.18E-270
04-10-2022,0.030516202,1.205712603,0.018023574,-0.183331994,-0.199627152,0.001385735,29.06999969,0.830329205,0,Recovery,1,0,4.34E-45,1.44E-14,8.43E-240
05-10-2022,-0.002330744,0.872676591,0.018017459,-0.195204123,-0.201490443,0.001416788,28.54999924,0.830695106,0,Recovery,1,0,1.45E-41,1.99E-15,9.16E-202
06-10-2022,-0.010369393,0.615851171,0.017550951,-0.050515447,-0.209727721,0.00142809,30.52000046,0.829819869,0,Recovery,1,0,4.24E-42,1.77E-15,1.34E-215
07-10-2022,-0.028290256,0.706014788,0.018252511,0.089273192,-0.231771445,0.001472096,31.36000061,0.845218997,0,Recovery,1,0,2.57E-43,1.25E-16,7.78E-239
10-10-2022,-0.007664606,1.564183192,0.017679238,0.216075388,-0.237637107,0.001392904,32.45000076,0.826556348,0,Recovery,1,0,6.54E-44,1.25E-18,5.90E-251
11-10-2022,-0.006353213,1.462494143,0.017280796,0.332941837,-0.242465207,0.00127632,33.63000107,0.826178512,0,Recovery,1,0,9.18E-45,8.33E-19,6.42E-267
12-10-2022,-0.003303844,1.299340911,0.014923188,0.96032873,-0.244963854,0.001295175,33.56999969,0.765784974,0,Recovery,1,0,9.78E-46,1.74E-19,8.99E-275
13-10-2022,0.026048777,1.020513685,0.016267257,0.871950323,-0.225037686,0.0012914,31.94000053,0.802756063,0,Recovery,1,0,9.12E-49,1.57E-17,9.34E-296
14-10-2022,-0.023052485,0.696015493,0.016745376,0.823833208,-0.242698153,0.001294699,32.02000046,0.814232195,0,Recovery,1,0,1.81E-45,3.37E-19,3.28E-265
17-10-2022,0.025372329,1.099312646,0.017891273,0.630378725,-0.223237808,0.001344582,31.37000084,0.835373007,0,Recovery,1,0,3.24E-48,1.89E-17,2.83E-289
18-10-2022,0.011681085,0.758113611,0.018023257,0.599778545,-0.214111182,0.001394844,30.5,0.845865126,0,Recovery,1,0,2.30E-45,5.82E-17,6.86E-256
19-10-2022,-0.007111598,0.452491105,0.017933875,0.57882564,-0.219680282,0.001428225,30.76000023,0.866678681,0,Recovery,1,0,1.48E-44,3.33E-17,1.27E-250
20-10-2022,-0.008420871,0.423236837,0.017643572,0.564796569,-0.226223664,0.001434095,29.97999954,0.861937668,0,Recovery,1,0,8.90E-47,1.46E-18,3.29E-262
21-10-2022,0.024011024,0.553563366,0.018413097,0.377852685,-0.207419654,0.001469451,29.69000053,0.878524423,0,Recovery,1,0,1.37E-47,9.74E-16,6.81E-270
24-10-2022,0.012162182,0.282060442,0.018169387,0.215271688,-0.19772129,0.00148356,29.85000038,0.880164031,0,Recovery,1,0,4.83E-44,2.51E-14,2.58E-234
25-10-2022,0.015842505,0.019341822,0.018236217,0.043399221,-0.184909972,0.001455789,28.45999908,0.88797979,0,Recovery,1,0,2.54E-43,5.21E-13,3.45E-224
26-10-2022,-0.007562629,-0.203358111,0.018339711,0.075015579,-0.191050945,0.001263252,27.28000069,0.827202322,0,Recovery,1,0,1.59E-42,1.45E-14,9.30E-210
27-10-2022,-0.005354294,-0.033910804,0.017978958,0.233984375,-0.195370721,0.00112486,27.38999939,0.848768415,0,Recovery,1,0,5.32E-43,1.22E-15,3.13E-213
28-10-2022,0.023512079,-0.153879662,0.017846857,0.071601573,-0.176228054,0.000992527,25.75,0.854342207,0,Recovery,1,0,1.19E-44,1.11E-13,2.73E-224
31-10-2022,-0.007249483,-0.361893385,0.017494516,0.059638334,-0.18217838,0.000843184,25.87999916,0.854869449,0,Recovery,1,0,1.59E-41,1.62E-14,4.63E-196
01-11-2022,-0.004385507,-0.467376829,0.016798465,0.2071258,-0.185757089,0.000828683,25.80999947,0.846899344,0,Recovery,1,0,1.91E-43,1.16E-15,3.45E-211
02-11-2022,-0.025416507,-0.355357172,0.016528209,0.220793706,-0.206191514,0.00085394,25.86000061,0.853096753,0,Recovery,1,0,3.89E-44,1.27E-16,4.23E-221
03-11-2022,-0.010350059,0.471469638,0.016667293,0.274911406,-0.214365107,0.000865714,25.29999924,0.849192693,0,Recovery,1,0,8.57E-45,6.63E-18,5.67E-229
04-11-2022,0.014290344,0.634141925,0.016825399,0.098597967,-0.203057512,0.000876324,24.54999924,0.838015323,0,Recovery,1,0,3.00E-46,2.55E-17,2.50E-238
07-11-2022,0.00952015,0.313355978,0.015578562,0.097581626,-0.19543427,0.000941976,24.35000038,0.815224789,0,Recovery,1,0,6.43E-46,2.59E-17,1.54E-222
08-11-2022,0.005380987,0.026950229,0.015424845,-0.009494381,-0.191093243,0.001021497,25.54000092,0.822597234,0,Recovery,1,0,1.90E-45,1.25E-16,1.12E-217
09-11-2022,-0.020817059,-0.246400207,0.016160405,-0.02813882,-0.207758243,0.001045546,26.09000015,0.823167257,0,Recovery,1,0,1.56E-45,5.45E-17,2.73E-219
10-11-2022,0.05349721,0.243100424,0.01959367,0.481097974,-0.164221351,0.001047693,23.53000069,0.87380078,0,Recovery,1,0,7.54E-45,1.73E-10,8.35E-239
11-11-2022,0.009631941,0.005817215,0.019024313,0.581806315,-0.156132286,0.001076267,22.52000046,0.868364186,0,Recovery,1,0,2.94E-37,3.09E-12,5.86E-157
14-11-2022,-0.008543175,-0.251751294,0.018237772,0.695222761,-0.163310888,0.00107382,23.72999954,0.866448065,0,Recovery,1,0,6.00E-37,5.44E-13,5.59E-153
15-11-2022,0.008492889,-0.050765579,0.017645669,0.826385906,-0.15617472,0.001071393,24.54000092,0.860396308,0,Recovery,1,0,4.16E-37,5.41E-13,2.61E-154
16-11-2022,-0.007657997,-0.323275881,0.017726115,0.956416968,-0.162612052,0.001066792,24.11000061,0.857127672,0,Recovery,1,0,5.07E-37,2.19E-13,9.96E-155
17-11-2022,-0.00306452,-0.434385959,0.01763218,0.945803155,-0.165174316,0.001063199,23.93000031,0.854474161,0,Recovery,1,0,9.66E-39,4.92E-14,7.67E-169
18-11-2022,0.004530078,-0.296564561,0.017430173,0.88552056,-0.161383912,0.001063,23.12000084,0.858362091,0,Recovery,1,0,7.47E-39,5.94E-14,1.05E-167
21-11-2022,-0.0036427,-0.548804637,0.01686487,1.1259032,-0.164433181,0.001051,22.36000061,0.849019325,0,Recovery,1,0,2.59E-39,1.68E-14,5.57E-169
22-11-2022,0.01336713,-0.463644765,0.016901343,1.112228137,-0.153189067,0.001043293,21.29000092,0.847970444,0,Recovery,1,0,1.51E-39,8.51E-14,2.11E-168
23-11-2022,0.006281938,-0.694665281,0.016652959,1.221446099,-0.14785271,0.001035341,20.35000038,0.847080846,0,Recovery,1,0,1.81E-38,1.82E-13,2.95E-156
25-11-2022,-0.00022383,-0.919771191,0.016516111,1.19717357,-0.148043425,0.001020363,20.5,0.904628052,0,Recovery,1,0,3.72E-38,1.40E-13,2.27E-156
28-11-2022,-0.016085698,-1.133021124,0.016931002,1.141757758,-0.161638108,0.0010067,22.20999908,0.908604012,0,Recovery,1,0,7.71E-39,5.16E-14,7.63E-170
29-11-2022,-0.001718996,-0.514225338,0.01620445,1.409480462,-0.163078011,0.001014905,21.88999939,0.912113596,0,Recovery,1,0,1.41E-38,1.61E-14,1.36E-164
30-11-2022,0.031014583,-0.605474689,0.017368937,1.096790386,-0.136714511,0.001012755,20.57999992,0.924164673,0,Recovery,1,0,4.15E-39,8.19E-12,3.13E-169
01-12-2022,-0.000736008,-0.791381641,0.017313968,1.079385162,-0.137349662,0.001011797,19.84000015,0.923005804,0,Recovery,1,0,2.38E-35,5.33E-12,1.25E-133
02-12-2022,-0.001154393,-1.000057143,0.016107963,1.392748689,-0.138344925,0.001027827,19.05999947,0.915392054,0,Recovery,1,0,1.53E-36,8.94E-13,2.62E-139
05-12-2022,-0.018153042,-1.069282938,0.016537513,1.267330766,-0.15384547,0.001030857,20.75,0.906450228,0,Recovery,1,0,5.12E-37,4.46E-13,2.91E-149
06-12-2022,-0.0145197,-0.361919103,0.016793581,1.384836834,-0.166042616,0.001031273,22.17000008,0.927704478,0,Recovery,1,0,3.51E-36,1.83E-13,5.77E-152
07-12-2022,-0.001702638,0.086529868,0.016726148,1.494915192,-0.167461336,0.000976789,22.68000031,0.935026673,0,Recovery,1,0,7.21E-36,1.04E-13,2.18E-155
08-12-2022,0.00780334,-0.064530199,0.016761643,1.466270075,-0.16093934,0.000900478,22.29000092,0.935830789,0,Recovery,1,0,8.15E-37,9.40E-14,1.70E-161
09-12-2022,-0.007498223,-0.349921466,0.016104432,1.663241306,-0.167207275,0.000903776,22.82999992,0.932356405,0,Recovery,1,0,8.46E-37,3.64E-14,6.15E-159
12-12-2022,0.014314454,-0.218696849,0.011496037,0.628310707,-0.155200572,0.001412847,25,0.868474111,0,Recovery,1,0,1.42E-40,2.26E-12,1.99E-155
13-12-2022,0.007541376,-0.479936792,0.011421919,0.653274315,-0.148805539,0.001750357,22.54999924,0.864958923,0,Recovery,1,0,9.48E-41,7.41E-13,5.54E-144
14-12-2022,-0.006414136,-0.721668403,0.011347668,0.652743771,-0.154247744,0.002022408,21.13999939,0.866133748,0,Recovery,1,0,2.60E-41,3.29E-13,9.56E-144
15-12-2022,-0.024765794,-0.711357344,0.012446003,0.445338437,-0.174936229,0.002140892,22.82999992,0.897824502,0,Recovery,1,0,2.27E-41,2.95E-13,1.70E-161
16-12-2022,-0.011876277,0.434912353,0.01259083,0.454146233,-0.184676958,0.002210517,22.62000084,0.901298981,0,Recovery,1,0,3.49E-40,1.21E-13,7.44E-160
19-12-2022,-0.008516089,0.625121235,0.01268549,0.497575215,-0.191590841,0.00224929,22.42000008,0.915836517,0,Recovery,1,0,5.36E-41,7.00E-14,2.75E-171
20-12-2022,0.00136735,0.676950798,0.012628578,0.535950176,-0.190484706,0.002275492,21.47999954,0.921047004,0,Recovery,1,0,4.44E-42,8.40E-14,5.15E-180
21-12-2022,0.014841966,0.288324223,0.013119714,0.373943236,-0.178380304,0.002282108,20.06999969,0.925782751,0,Recovery,1,0,8.70E-44,2.56E-13,1.08E-190
22-12-2022,-0.014368798,-0.035278608,0.013017726,0.571754729,-0.190101579,0.002276283,21.96999931,0.928775788,0,Recovery,1,0,7.25E-43,2.90E-14,1.08E-182
23-12-2022,0.005735644,0.21528014,0.013000626,0.577637536,-0.185442942,0.002267034,20.87000084,0.9249124,0,Recovery,1,0,3.50E-44,2.97E-14,1.10E-193
27-12-2022,-0.003951225,-0.119606054,0.012998482,0.619599968,-0.18865509,0.002250193,21.64999962,0.933784787,0,Recovery,1,0,5.82E-45,6.58E-15,1.22E-198
28-12-2022,-0.012505786,-0.308420825,0.012831403,0.640872928,-0.198738415,0.002202171,22.13999939,0.925123171,0,Recovery,1,0,6.85E-47,9.32E-16,6.01E-213
29-12-2022,0.017840184,0.01484908,0.013554173,0.496622138,-0.184315489,0.002160843,21.44000053,0.938437926,0,Recovery,1,0,3.28E-47,7.86E-15,2.60E-219
30-12-2022,-0.002637645,-0.28294738,0.011364549,0.1093313,-0.186464141,0.002108261,21.67000008,0.909707838,0,Recovery,1,0,6.94E-47,1.26E-14,3.23E-200
03-01-2023,-0.004218649,-0.571881964,0.011357927,0.153997711,-0.189888934,0.002017629,22.89999962,0.872017599,0,Recovery,1,0,3.03E-49,1.15E-15,7.09E-217
04-01-2023,0.007690554,-0.48495393,0.011591096,0.07304027,-0.183634713,0.001973404,22.01000023,0.723562934,0,Recovery,1,0,5.21E-51,8.88E-17,7.63E-219
05-01-2023,-0.011478999,-0.742627219,0.011228318,0.104659399,-0.19295219,0.001882795,22.45999908,0.732781977,0,Recovery,1,0,9.02E-51,2.45E-17,6.23E-217
06-01-2023,0.022673043,-0.439109466,0.012096463,0.131960669,-0.174444945,0.001691113,21.12999916,0.73422808,0,Recovery,1,0,5.52E-51,3.23E-16,2.35E-222
09-01-2023,-0.000567047,-0.681011261,0.012093273,0.118371736,-0.174912941,0.001448316,21.96999931,0.733736861,0,Recovery,1,0,3.83E-47,1.13E-16,1.51E-194
10-01-2023,0.006988391,-0.925377593,0.012066816,0.12467034,-0.169126715,0.00110399,20.57999992,0.729251564,0,Recovery,1,0,1.90E-48,6.17E-17,4.97E-202
11-01-2023,0.012568441,-1.137160135,0.01227491,-0.050387748,-0.158618033,0.000714295,21.09000015,0.751325703,0,Recovery,1,0,3.70E-47,1.24E-15,1.76E-198
12-01-2023,0.003634293,-1.312453785,0.011888604,-0.003505771,-0.155554641,0.000698591,18.82999992,0.734166555,0,Recovery,1,0,3.88E-46,9.18E-16,4.48E-184
13-01-2023,0.003872087,-1.482255899,0.01179854,0.030295226,-0.152278537,0.000680412,18.35000038,0.730369883,0,Recovery,1,0,2.44E-46,1.14E-15,2.07E-184
17-01-2023,-0.001833667,-1.638980781,0.011719891,-0.018792441,-0.153831551,0.000659299,19.36000061,0.733721459,0,Recovery,1,0,2.94E-46,9.66E-16,2.53E-187
18-01-2023,-0.015913941,-1.768136227,0.01091531,0.29861372,-0.167190845,0.000724078,20.34000015,0.677056517,0,Recovery,1,0,2.44E-48,8.09E-18,8.29E-197
19-01-2023,-0.007306518,-0.919709719,0.010700836,0.313146289,-0.173253604,0.000791281,20.52000046,0.662166202,0,Recovery,1,0,2.13E-47,2.16E-18,6.67E-186
20-01-2023,0.018457639,-0.800756396,0.011153316,0.157537586,-0.157852117,0.000808877,19.85000038,0.677956515,0,Recovery,1,0,6.03E-48,8.80E-17,3.78E-190
23-01-2023,0.011927244,-0.999212432,0.011361971,0.047602679,-0.147747474,0.000812101,19.80999947,0.686288931,0,Recovery,1,0,5.01E-45,1.29E-15,1.44E-168
24-01-2023,-0.001073897,-1.177030229,0.011019705,0.189417419,-0.148662214,0.000797313,19.20000076,0.673176936,0,Recovery,1,0,5.02E-44,4.38E-16,8.11E-158
25-01-2023,0.000374596,-1.277815212,0.01039739,0.206335871,-0.148343246,0.000819425,19.07999992,0.639296,0,Recovery,1,0,2.05E-45,9.48E-17,1.60E-160
26-01-2023,0.0109306,-1.418946984,0.010541669,0.151401864,-0.138983064,0.000812177,18.72999954,0.654119398,0,Recovery,1,0,8.87E-46,8.94E-16,1.01E-163
27-01-2023,0.00229508,-1.546462139,0.010433923,0.081404209,-0.137004691,0.000794175,18.51000023,0.644990485,0,Recovery,1,0,2.26E-44,1.42E-15,1.68E-152
30-01-2023,-0.012626443,-1.671342923,0.010442883,0.078971295,-0.147832749,0.000771037,19.94000053,0.667320199,0,Recovery,1,0,3.70E-44,1.02E-15,1.03E-156
31-01-2023,0.014596437,-1.193367523,0.010233248,0.047805629,-0.13530292,0.000643269,19.39999962,0.636005097,0,Recovery,1,0,2.10E-44,2.09E-15,1.67E-152
01-02-2023,0.010571809,-1.341740274,0.010289498,-0.111413326,-0.126113017,0.000677289,17.87000084,0.636458306,0,Recovery,1,0,1.88E-42,2.03E-14,1.72E-133
02-02-2023,0.014451967,-1.471596987,0.010403585,-0.28968942,-0.11339193,0.000699186,18.72999954,0.730839409,0,Recovery,1,0,9.48E-40,1.56E-11,6.52E-124
03-02-2023,-0.010685939,-1.585421037,0.010866402,-0.141971671,-0.122815729,0.000695438,18.32999992,0.736578124,0,Recovery,1,0,4.53E-38,1.83E-12,7.90E-114
06-02-2023,-0.006130045,-1.254615645,0.010557974,-0.122870011,-0.128176461,0.000706448,19.43000031,0.710237796,0,Recovery,1,0,8.64E-39,2.94E-13,6.67E-115
07-02-2023,0.012993746,-1.085489278,0.009876476,-0.328089505,-0.116774289,0.00071707,18.65999985,0.727378345,0,Recovery,1,0,4.25E-39,5.94E-12,7.99E-115
08-02-2023,-0.010995105,-1.242055172,0.010327996,-0.269933273,-0.126432256,0.000685487,19.62999916,0.735806139,0,Recovery,1,0,1.97E-37,2.04E-12,6.39E-108
09-02-2023,-0.008706842,-1.029409541,0.010568676,-0.102251094,-0.134005256,0.00063609,20.70999908,0.751496552,0,Recovery,1,0,4.29E-38,4.00E-13,4.74E-116
10-02-2023,0.002330712,-0.638874381,0.010287811,-0.021060761,-0.131984518,0.000555664,20.53000069,0.736381159,0,Recovery,1,0,4.40E-38,1.95E-13,3.00E-112
13-02-2023,0.011670802,-0.861534253,0.010518681,-0.085498484,-0.121794735,0.000492323,20.34000015,0.753557844,0,Recovery,1,0,4.63E-38,2.66E-12,6.29E-115
14-02-2023,-0.000460257,-1.044916641,0.010519868,-0.026085858,-0.122198842,0.000421949,18.90999985,0.753422789,0,Recovery,1,0,2.28E-37,8.05E-13,7.65E-107
15-02-2023,0.003242106,-1.217695985,0.010493853,-0.09503179,-0.119348299,0.000339784,18.22999954,0.741950237,0,Recovery,1,0,3.94E-38,9.17E-13,3.03E-112
16-02-2023,-0.013864548,-1.366552986,0.010328105,-0.04801308,-0.131473884,0.000333814,20.17000008,0.755774116,0,Recovery,1,0,4.82E-38,4.17E-13,2.11E-116
17-02-2023,-0.002501421,-0.829462748,0.010163538,-0.084721462,-0.133643719,0.000341315,20.02000046,0.759292701,0,Recovery,1,0,2.60E-38,1.91E-13,5.24E-116
21-02-2023,-0.02026466,-0.894941305,0.010576166,-0.211522626,-0.151023442,0.000308932,22.87000084,0.77166915,0,Recovery,1,0,3.22E-38,2.29E-13,1.79E-127
22-02-2023,-0.001379107,-0.041855677,0.010243416,-0.115971173,-0.152193465,0.000238861,22.29000092,0.770959281,0,Recovery,1,0,2.86E-38,3.69E-14,5.48E-125
23-02-2023,0.005305211,-0.249886476,0.010312089,-0.196219576,-0.147683721,0.000198431,21.13999939,0.774306345,0,Recovery,1,0,1.63E-39,4.84E-14,1.51E-132
24-02-2023,-0.010739843,-0.505320987,0.010576674,-0.082364317,-0.156788485,0.000202171,21.67000008,0.789761463,0,Recovery,1,0,1.32E-39,1.51E-14,1.77E-136
27-02-2023,0.003400155,-0.371506454,0.010294552,-0.049135537,-0.153916555,0.000201175,20.95000076,0.781184069,0,Recovery,1,0,5.64E-41,8.52E-15,7.81E-145
28-02-2023,-0.003702951,-0.58834635,0.010286625,0.033576062,-0.157043767,0.00020235,20.70000076,0.785856901,0,Recovery,1,0,1.99E-41,3.72E-15,1.71E-148
01-03-2023,-0.00384308,-0.76452256,0.009968989,-0.014402877,-0.160277098,0.000221549,20.57999992,0.771222118,0,Recovery,1,0,2.66E-43,9.78E-16,3.16E-159
02-03-2023,0.007747026,-0.687816024,0.009546583,-0.08661482,-0.15374648,0.000284041,19.59000015,0.771331043,0,Recovery,1,0,5.29E-44,3.54E-15,3.36E-159
03-03-2023,0.015910666,-0.883534787,0.009934124,0.016829601,-0.140174338,0.000297092,18.48999977,0.779908163,0,Recovery,1,0,3.73E-43,3.66E-14,1.02E-153
06-03-2023,0.000692423,-1.044097794,0.009314193,0.01349846,-0.139578769,0.000367858,18.61000061,0.730301867,0,Recovery,1,0,7.05E-42,1.00E-14,8.03E-136
07-03-2023,-0.015447493,-1.209200668,0.009604281,-0.028572504,-0.152767987,0.000367773,19.59000015,0.828860725,0,Recovery,1,0,8.51E-42,2.23E-14,5.23E-145
08-03-2023,0.001630732,-0.657443454,0.009572713,-0.140288051,-0.151385251,0.000382995,19.11000061,0.829977047,0,Recovery,1,0,5.55E-42,3.93E-14,1.15E-146
09-03-2023,-0.018622198,-0.803893557,0.009700113,-0.109644523,-0.167042088,0.000391317,22.61000061,0.80303579,0,Recovery,1,0,4.31E-42,5.51E-15,2.09E-154
10-03-2023,-0.014534488,-0.229161781,0.009878902,-0.108074776,-0.179061148,0.000393339,24.79999924,0.820496757,0,Recovery,1,0,5.12E-42,2.71E-15,1.89E-162
13-03-2023,-0.001426242,0.32729175,0.009794489,-0.209202827,-0.180231171,0.000386196,26.52000046,0.803996111,0,Recovery,1,0,2.45E-41,1.00E-14,4.57E-164
14-03-2023,0.016395083,0.071101937,0.010597324,-0.069292603,-0.166680212,0.000399742,23.72999954,0.816715326,0,Recovery,1,0,3.57E-43,1.08E-14,5.65E-173
15-03-2023,-0.006273867,-0.195468534,0.010159162,0.053310285,-0.171891983,0.00038873,26.13999939,0.774981116,0,Recovery,1,0,1.10E-40,1.08E-14,1.98E-157
16-03-2023,0.017392732,-0.198986276,0.011070588,0.114933929,-0.157362939,0.000435076,22.98999977,0.800533102,0,Recovery,1,0,1.91E-42,1.69E-14,1.90E-165
17-03-2023,-0.011761498,-0.434159904,0.011202323,0.267715667,-0.167215558,0.000489926,25.51000023,0.800142353,0,Recovery,1,0,1.76E-39,1.66E-14,1.50E-151
20-03-2023,0.009569752,-0.156884742,0.011197714,0.078709261,-0.159207763,0.000540028,24.14999962,0.700872145,0,Recovery,1,0,1.63E-41,2.25E-15,8.99E-156
21-03-2023,0.013045043,-0.410179014,0.011636652,-0.024692074,-0.148167739,0.000625329,21.37999916,0.697940491,0,Recovery,1,0,9.29E-42,5.24E-15,4.70E-151
22-03-2023,-0.017193549,-0.631228361,0.011396691,0.036967616,-0.162688569,0.000670081,22.26000023,0.659785524,0,Recovery,1,0,6.30E-41,5.05E-16,2.30E-144
23-03-2023,0.002699682,-0.221553302,0.011418537,-0.014222758,-0.16042504,0.00071287,22.61000061,0.661871649,0,Recovery,1,0,6.09E-42,2.35E-16,4.09E-152
24-03-2023,0.006540717,-0.357325728,0.011452883,-0.024713151,-0.15491562,0.000751808,21.73999977,0.665086095,0,Recovery,1,0,3.03E-42,5.61E-16,2.88E-152
27-03-2023,0.001868174,-0.587769836,0.011212,-0.150572668,-0.15333538,0.00077139,20.60000038,0.62319009,0,Recovery,1,0,8.59E-43,2.42E-16,2.93E-150
28-03-2023,-0.002247291,-0.768479094,0.01119899,-0.07899653,-0.155235945,0.000787936,19.96999931,0.626689197,0,Recovery,1,0,2.04E-43,1.57E-16,1.29E-152
29-03-2023,0.014430349,-0.911979239,0.011597215,-0.198659351,-0.142957326,0.000822735,19.12000084,0.641682505,0,Recovery,1,0,3.81E-44,4.18E-15,8.73E-159
30-03-2023,0.005838181,-1.078309545,0.011596291,-0.313490547,-0.137939121,0.000842132,19.02000046,0.636549217,0,Recovery,1,0,3.63E-42,2.00E-14,3.99E-142
31-03-2023,0.013996153,-1.238753237,0.011848778,-0.315764763,-0.125788754,0.000844851,18.70000076,0.647523976,0,Recovery,1,0,2.27E-41,4.73E-13,5.41E-138
03-04-2023,0.003803241,-1.368179825,0.011401062,-0.30089098,-0.122457587,0.000836133,18.54999924,0.637095486,0,Recovery,1,0,9.19E-40,4.43E-13,7.36E-123
04-04-2023,-0.005563402,-1.493616541,0.011490092,-0.223655832,-0.127326153,0.000775079,19,0.657573067,0,Recovery,1,0,1.74E-39,3.06E-13,2.09E-124
05-04-2023,-0.002621882,-1.441536258,0.010916934,-0.269363339,-0.129611204,0.000715488,19.07999992,0.634780397,0,Recovery,1,0,1.20E-40,6.41E-14,7.38E-129
06-04-2023,0.00389342,-1.309039801,0.010931682,-0.297879854,-0.126215809,0.00064045,18.39999962,0.637491603,0,Recovery,1,0,1.62E-40,9.43E-14,8.89E-128
10-04-2023,0.001025755,-1.433994901,0.009927799,-0.268533143,-0.125319061,0.000618297,18.96999931,0.604023399,0,Recovery,1,0,5.35E-41,2.46E-14,1.08E-125
11-04-2023,0.000268535,-1.5051724,0.009167071,-0.259684182,-0.125084147,0.000699544,19.10000038,0.562157713,0,Recovery,1,0,7.45E-42,5.71E-15,4.05E-125
12-04-2023,-0.00408432,-1.610956047,0.00924969,-0.228315292,-0.128650296,0.000754803,19.09000015,0.582992175,0,Recovery,1,0,2.99E-42,6.33E-15,1.13E-128
13-04-2023,0.013195335,-1.478524003,0.009040358,-0.287392073,-0.117076351,0.00086337,17.79999924,0.570250968,0,Recovery,1,0,9.23E-43,3.64E-14,1.50E-126
14-04-2023,-0.00244578,-1.564701104,0.008886516,-0.322198727,-0.11923315,0.000958177,17.06999969,0.607045958,0,Recovery,1,0,7.60E-41,1.16E-13,2.75E-114
17-04-2023,0.003581905,-1.593742197,0.00825146,-0.432439543,-0.116072669,0.00111096,16.95000076,0.542348946,0,Recovery,1,0,3.38E-42,4.15E-14,6.59E-115
18-04-2023,0.00065198,-1.680377445,0.007615543,-0.468668344,-0.115496179,0.001293119,16.82999992,0.584746857,0,Recovery,1,0,4.00E-42,5.17E-13,9.28E-112
19-04-2023,-0.000168886,-1.755947518,0.007482464,-0.343564968,-0.115645546,0.001444559,16.45999908,0.691016149,0,Recovery,1,0,5.83E-42,1.18E-11,5.36E-114
20-04-2023,-0.005472182,-1.797210483,0.007253521,-0.228826093,-0.120471678,0.001563758,17.17000008,0.70556054,0,Recovery,1,0,1.85E-42,1.01E-11,1.19E-116
21-04-2023,0.000776502,-1.586968963,0.005861398,0.782424759,-0.119788458,0.001794206,16.77000046,0.730789318,0,Recovery,1,0,5.69E-45,3.61E-12,3.09E-112
24-04-2023,0.001042849,-1.671001964,0.005868018,0.820500552,-0.118870051,0.001959779,16.88999939,0.731370001,0,Recovery,1,0,1.77E-45,8.11E-12,6.53E-113
25-04-2023,-0.016001249,-1.734431086,0.007005168,0.032183059,-0.132857028,0.001993086,18.76000023,0.73358535,0,Recovery,1,0,2.69E-43,3.16E-11,1.07E-124
26-04-2023,-0.004244605,-1.064224326,0.007103506,0.133454884,-0.136529906,0.002009874,18.84000015,0.52618077,0,Recovery,1,0,4.33E-45,2.74E-15,8.14E-120
27-04-2023,0.019712577,-0.908860654,0.008150649,0.321112007,-0.119339812,0.001969745,17.03000069,0.587977904,0,Recovery,1,0,3.85E-44,1.73E-13,6.17E-119
28-04-2023,0.008498717,-1.030796943,0.007792587,0.300010912,-0.111823436,0.001900224,15.77999973,0.567816879,0,Recovery,1,0,1.72E-41,1.63E-13,2.49E-97
01-05-2023,-0.001010084,-1.154127157,0.007753914,0.423911458,-0.112720116,0.00181019,16.07999992,0.564824633,0,Recovery,1,0,1.02E-40,7.42E-14,1.82E-92
02-05-2023,-0.011302839,-1.21594866,0.007659381,0.465927714,-0.122692433,0.001673127,17.78000069,0.544700978,0,Recovery,1,0,3.77E-41,8.12E-15,8.58E-98
03-05-2023,-0.00688772,-0.82933187,0.007760334,0.606171086,-0.12871432,0.001542626,18.34000015,0.556224778,0,Recovery,1,0,6.61E-41,2.36E-15,6.60E-101
04-05-2023,-0.00710821,-0.645874414,0.007819413,0.603507405,-0.134885642,0.001365834,20.09000015,0.552820578,0,Recovery,1,0,1.58E-40,8.43E-16,6.11E-104
05-05-2023,0.018343412,-0.51561337,0.008800318,0.570005348,-0.118870051,0.001223392,17.19000053,0.56221624,0,Recovery,1,0,1.37E-40,4.20E-15,1.10E-106
08-05-2023,0.000266339,-0.68274113,0.008767652,0.634208625,-0.11863534,0.001048567,16.97999954,0.560621664,0,Recovery,1,0,3.20E-38,3.72E-15,1.06E-90
09-05-2023,-0.004394834,-0.85402806,0.008828242,0.702864006,-0.122500292,0.000970047,17.70999908,0.575704279,0,Recovery,1,0,9.86E-39,2.44E-15,1.49E-95
10-05-2023,0.00466141,-0.798062518,0.008882986,0.624240913,-0.118400358,0.000953485,16.94000053,0.584706427,0,Recovery,1,0,4.37E-39,4.58E-15,4.77E-98
11-05-2023,-0.001745474,-0.96019301,0.008838999,0.600699005,-0.119937825,0.000928226,16.93000031,0.585685119,0,Recovery,1,0,4.00E-39,3.99E-15,1.01E-98
12-05-2023,-0.001311204,-1.092227667,0.008348308,0.78614848,-0.12109101,0.000896614,17.03000069,0.555809727,0,Recovery,1,0,1.78E-40,4.76E-16,3.05E-103
15-05-2023,0.00344413,-1.076716571,0.008368601,0.682633387,-0.118058714,0.000873334,17.12000084,0.546622654,0,Recovery,1,0,1.27E-40,4.35E-16,4.71E-104
16-05-2023,-0.006704921,-1.20795175,0.008452994,0.810746305,-0.12395228,0.000879403,17.98999977,0.541303336,0,Recovery,1,0,1.41E-40,1.93E-16,1.32E-104
17-05-2023,0.012065697,-0.981227748,0.008881858,0.652979538,-0.113318129,0.000907,16.87000084,0.535002701,0,Recovery,1,0,1.67E-40,7.17E-16,4.04E-103
18-05-2023,0.00958732,-1.108475327,0.009118164,0.504148129,-0.104776345,0.00093993,16.04999924,0.549051462,0,Recovery,1,0,5.94E-39,8.22E-15,1.12E-92
19-05-2023,-0.00145629,-1.222703729,0.009026501,0.469393118,-0.106079101,0.000952146,16.80999947,0.540094152,0,Recovery,1,0,4.83E-38,7.21E-15,3.79E-86
22-05-2023,0.000405952,-1.28052866,0.009026856,0.475343386,-0.105716138,0.000830874,17.20999908,0.538840282,0,Recovery,1,0,2.75E-38,5.06E-15,1.46E-88
23-05-2023,-0.011286297,-1.366038083,0.009400428,0.505458157,-0.115752548,0.000678137,18.53000069,0.582591167,0,Recovery,1,0,9.01E-38,1.14E-14,9.43E-95
24-05-2023,-0.007270985,-0.94750287,0.008825028,0.750436525,-0.12215858,0.000607497,20.03000069,0.547019817,0,Recovery,1,0,1.25E-37,1.18E-15,2.78E-91
25-05-2023,0.00862274,-0.684545272,0.008919211,0.561022216,-0.114556454,0.000529343,19.13999939,0.750402028,0,Recovery,1,0,1.59E-36,1.59E-12,2.34E-92
26-05-2023,0.012867366,-0.846907795,0.008313185,0.389131551,-0.103089511,0.000524471,17.95000076,0.709313659,0,Recovery,1,0,1.36E-36,3.23E-12,1.49E-85
30-05-2023,0.00038084,-0.983177224,0.00812741,0.520389048,-0.102747866,0.000504968,17.45999908,0.69108659,0,Recovery,1,0,1.22E-35,1.27E-12,4.81E-76
31-05-2023,-0.005560543,-1.123891294,0.008229262,0.562271742,-0.10772323,0.000476522,17.94000053,0.692461091,0,Recovery,1,0,4.85E-36,6.27E-13,1.39E-79
01-06-2023,0.009456037,-0.985373498,0.008013907,0.459042285,-0.09924581,0.000447278,15.64999962,0.708601844,0,Recovery,1,0,2.33E-36,3.13E-12,3.62E-79
02-06-2023,0.014357649,-1.111814749,0.008271324,0.292056973,-0.086219809,0.000411365,14.60000038,0.680951661,0,Recovery,1,0,2.13E-35,1.32E-11,1.26E-71
05-06-2023,-0.001918197,-1.212520921,0.008051796,0.295910617,-0.08797094,0.000391052,14.72999954,0.686434028,0,Recovery,1,2.81E-292,4.84E-34,1.36E-11,3.93E-61
06-06-2023,0.002175244,-1.24127204,0.0071894,0.199414906,-0.085984895,0.000501076,13.96000004,0.686065558,0,Recovery,1,4.35E-291,6.95E-35,2.17E-11,2.49E-62
07-06-2023,-0.003463642,-1.346935287,0.00727334,0.24929181,-0.08914524,0.000572056,13.93999958,0.685416041,0,Recovery,1,1.33E-297,4.27E-35,1.58E-11,2.59E-63
08-06-2023,0.006030185,-1.292662697,0.007201478,0.085834392,-0.083636023,0.000631663,13.64999962,0.669321564,0,Recovery,1,2.79E-293,2.36E-35,2.49E-11,3.81E-64
09-06-2023,0.001792802,-1.385511472,0.007176904,0.142804231,-0.081991691,0.000676857,13.82999992,0.663399445,0,Recovery,1,5.78E-273,4.62E-35,1.99E-11,5.99E-60
12-06-2023,0.009030969,-1.471298987,0.007285626,-0.026335285,-0.073663638,0.000703489,15.01000023,0.67875826,0,Recovery,1,5.01E-244,1.34E-34,1.38E-10,4.82E-59
13-06-2023,0.006571175,-1.536263423,0.007285738,-0.168520915,-0.067556476,0.000734499,14.60999966,0.659462925,0,Recovery,1,1.61E-210,1.62E-33,3.22E-10,2.96E-52
14-06-2023,0.001190154,-1.602946792,0.007292615,-0.123397127,-0.066446064,0.000760068,13.88000011,0.661188837,0,Recovery,1,1.55E-195,4.60E-33,3.04E-10,6.39E-47
15-06-2023,0.012321502,-1.696017224,0.007246424,-0.280301892,-0.05487212,0.000782108,14.5,0.70035428,0,Recovery,0.999999986,1.52E-168,2.83E-32,1.39E-08,7.02E-47
16-06-2023,-0.003411924,-1.7596134,0.00713003,-0.109653296,-0.058091329,0.000788247,13.53999996,0.729670887,0,Recovery,0.999999996,5.53E-153,1.55E-31,3.94E-09,8.01E-41
20-06-2023,-0.005201798,-1.749823335,0.007164416,0.079553514,-0.062978226,0.000767076,13.88000011,0.719985047,0,Recovery,0.999999999,2.10E-166,2.55E-32,9.31E-10,1.56E-43
21-06-2023,-0.005136863,-1.47043177,0.00730135,0.103846078,-0.067779237,0.00073506,13.19999981,0.732580997,0,Recovery,0.999999999,3.52E-185,5.14E-32,1.09E-09,2.93E-42
22-06-2023,0.003603065,-1.327511237,0.007299832,0.040864911,-0.064414327,0.00069143,12.90999985,0.7429245,0,Recovery,0.999999998,1.28E-187,6.78E-32,2.06E-09,4.45E-43
23-06-2023,-0.007588574,-1.435030928,0.006997877,0.193594824,-0.071487218,0.000599388,13.43999958,0.714800435,0,Recovery,1,1.99E-193,2.11E-32,4.10E-10,1.20E-43
26-06-2023,-0.004094184,-1.130486688,0.006811906,0.241987181,-0.075280948,0.000561414,14.25,0.742099494,0,Recovery,1,7.01E-207,3.01E-32,4.93E-10,1.38E-42
27-06-2023,0.010903719,-1.039282296,0.006931925,0.237792226,-0.065142901,0.000481102,13.73999977,0.781580788,0,Recovery,0.999999997,4.59E-195,7.15E-32,3.13E-09,1.43E-42
28-06-2023,0.000504183,-1.157316762,0.00652832,0.360893754,-0.064671443,0.00047993,13.43000031,0.759317042,0,Recovery,0.999999998,3.45E-171,1.52E-31,1.74E-09,8.27E-37
29-06-2023,0.003933676,-1.273276026,0.006530373,0.283007226,-0.060984917,0.000480766,13.53999996,0.774523173,0,Recovery,0.999999997,9.31E-163,1.10E-31,2.53E-09,2.61E-37
30-06-2023,0.011731539,-1.379774787,0.006597205,0.127184177,-0.049903953,0.00045348,13.59000015,0.787316031,0,Recovery,0.999999986,9.25E-139,4.05E-31,1.38E-08,6.94E-36
03-07-2023,0.001150067,-1.454276852,0.006437198,0.272911083,-0.048810651,0.000445604,13.56999969,0.773843211,0,Recovery,0.999999994,4.43E-115,1.57E-30,6.31E-09,9.29E-30
05-07-2023,-0.001488418,-1.539874328,0.005895278,0.326968262,-0.050225365,0.000446463,14.18000031,0.797842344,0,Recovery,0.99999999,1.25E-106,1.23E-30,9.98E-09,1.98E-30
06-07-2023,-0.007861465,-1.51350107,0.006218503,0.235372448,-0.057662712,0.000414779,15.43999958,0.758374131,0,Recovery,0.999999995,3.19E-119,1.35E-30,4.55E-09,2.43E-32
07-07-2023,-0.002528073,-1.178849927,0.006279511,0.324117286,-0.060042001,0.000434758,14.82999992,0.769345985,0,Recovery,0.999999996,1.46E-134,1.03E-30,3.57E-09,1.38E-31
10-07-2023,0.002528073,-1.101712849,0.006186109,0.221381841,-0.057662712,0.000452371,15.06999969,0.747257098,0,Recovery,0.999999996,1.95E-132,1.03E-30,4.07E-09,2.75E-31
11-07-2023,0.006348277,-1.216586063,0.006197831,0.216908006,-0.051661466,0.000465924,14.84000015,0.732694195,0,Recovery,0.999999995,2.66E-120,9.23E-31,5.28E-09,1.59E-30
12-07-2023,0.008013844,-1.313470313,0.006352582,0.109891269,-0.044031095,0.000467283,13.53999996,0.742733913,0,Recovery,0.999999989,3.02E-103,3.00E-30,1.11E-08,8.13E-28
13-07-2023,0.007905461,-1.393549974,0.006294151,0.109421208,-0.036443769,0.000461627,13.60999966,0.725420655,0,Recovery,0.999999983,1.26E-79,1.70E-28,1.70E-08,3.23E-24
14-07-2023,-0.00062301,-1.463731433,0.006221177,0.25743033,-0.037043887,0.000454011,13.34000015,0.73522324,0,Recovery,0.999999989,2.06E-67,1.24E-24,1.08E-08,9.50E-22
17-07-2023,0.003466131,-1.49854809,0.00623471,0.203849205,-0.033700363,0.000439056,13.47999954,0.714644798,0,Recovery,0.999999989,1.68E-62,3.36E-22,1.14E-08,2.03E-22
18-07-2023,0.007403106,-1.563194467,0.005896676,0.106517931,-0.0265202,0.000440366,13.30000019,0.618911716,0,Recovery,0.999999996,3.90E-52,1.10E-22,3.51E-09,1.67E-20
19-07-2023,0.002221177,-1.613343145,0.005793705,-0.00050329,-0.024355525,0.000448524,13.76000023,0.581459196,0,Recovery,0.999999997,7.48E-41,1.44E-20,2.73E-09,1.50E-17
20-07-2023,-0.006656601,-1.663715092,0.005887983,-0.02785683,-0.030828434,0.000438119,13.98999977,0.620835562,0,Recovery,0.999999995,2.96E-42,1.26E-17,5.26E-09,2.22E-18
21-07-2023,0,-1.332031931,0.005697451,-0.079016037,-0.030828434,0.00041672,13.60000038,0.608441034,0,Recovery,0.999999997,4.62E-46,2.01E-18,2.69E-09,8.12E-17
24-07-2023,0.004457532,-1.384810626,0.005713617,-0.096852585,-0.026498677,0.000377298,13.90999985,0.604119574,0,Recovery,0.999999995,7.28E-41,7.12E-17,5.27E-09,8.94E-17
25-07-2023,0.002726277,-1.455338902,0.005285177,-0.113021047,-0.023841022,0.000397053,13.85999966,0.597857794,0,Recovery,0.999999993,2.65E-35,7.75E-17,6.88E-09,3.63E-16
26-07-2023,0.000153699,-1.5173157,0.005103035,-0.146986359,-0.023690975,0.000436401,13.18999958,0.512197742,0,Recovery,1,7.64E-33,3.55E-16,2.96E-10,1.56E-15
27-07-2023,-0.006652055,-1.551113608,0.005110146,-0.162383313,-0.030163884,0.000445548,14.40999985,0.504220368,0,Recovery,1,1.05E-35,1.54E-15,3.09E-10,1.20E-15
28-07-2023,0.009742651,-1.274345746,0.00538773,-0.222198693,-0.020668931,0.000450228,13.32999992,0.554074735,0,Recovery,0.999999997,7.82E-34,1.14E-15,2.82E-09,1.57E-14
31-07-2023,0.001902262,-1.341630729,0.005373058,-0.170434689,-0.018804214,0.000448729,13.63000011,0.553371168,0,Recovery,0.999999997,1.12E-24,1.55E-14,2.81E-09,2.92E-12
01-08-2023,-0.002865612,-1.410756142,0.004994585,-0.199865217,-0.021611916,0.000462528,13.93000031,0.494432199,0,Recovery,0.999999999,1.28E-20,2.46E-12,3.98E-10,2.23E-10
02-08-2023,-0.014008534,-1.316222754,0.006021852,-0.601577244,-0.035222146,0.000444055,16.09000015,0.577443103,0,Recovery,0.999999949,6.61E-32,2.21E-10,5.11E-08,3.14E-12
03-08-2023,-0.002869914,-0.596014818,0.006054133,-0.566550648,-0.037987007,0.00044681,15.92000008,0.580374375,0,Recovery,0.999999994,4.96E-42,9.57E-12,5.67E-09,7.54E-11
04-08-2023,-0.004533145,-0.583908147,0.005861789,-0.587278255,-0.042338082,0.000437751,17.10000038,0.499238835,0,Recovery,0.999999999,3.64E-46,7.56E-11,6.00E-10,2.49E-11
07-08-2023,0.00869083,-0.487211415,0.006054425,-0.681905221,-0.033978934,0.000428255,15.77000046,0.448817735,0,Recovery,1,2.05E-44,2.60E-11,9.19E-11,2.49E-11
08-08-2023,-0.004358209,-0.635742761,0.006170103,-0.520692233,-0.038179895,0.000427541,15.98999977,0.435749068,0,Recovery,1,1.33E-40,2.51E-11,2.21E-11,1.19E-10
09-08-2023,-0.00670783,-0.557351964,0.0062587,-0.319649419,-0.04461003,0.0004306,15.96000004,0.450195141,0,Recovery,1,9.92E-51,1.19E-10,9.25E-12,1.95E-12
10-08-2023,0.000359025,-0.41918147,0.006008095,-0.280817178,-0.04426696,0.000414701,15.85000038,0.426076382,0,Recovery,1,2.89E-58,2.16E-12,1.80E-12,1.63E-13
11-08-2023,-0.000583329,-0.511011394,0.005727814,-0.242122242,-0.044824304,0.000397801,14.84000015,0.405673762,0,Recovery,1,1.44E-61,1.64E-13,3.79E-13,4.56E-14
14-08-2023,0.005504928,-0.670797727,0.005871044,-0.325199411,-0.039551631,0.000384399,14.81999969,0.427540858,0,Recovery,1,1.42E-58,4.57E-14,2.63E-12,6.21E-15
15-08-2023,-0.011717425,-0.810130595,0.006324232,-0.232111143,-0.050739936,0.000390625,16.45999908,0.408888663,0,Recovery,1,2.22E-66,6.24E-15,1.28E-12,1.15E-15
16-08-2023,-0.007365,-0.447535273,0.0061804,-0.079293551,-0.057705554,0.000400988,16.78000069,0.384009872,0,Recovery,1,6.74E-86,1.15E-15,6.09E-14,2.07E-16
17-08-2023,-0.00764927,-0.173246219,0.006254112,0.096214195,-0.064885921,0.000415469,17.88999939,0.407070155,0,Recovery,1,1.98E-103,2.08E-16,1.10E-13,4.36E-18
18-08-2023,0.000481258,-0.018081645,0.00618311,-0.044608911,-0.064435782,0.000424271,17.29999924,0.398009117,0,Recovery,1,9.48E-117,4.41E-18,3.33E-14,7.76E-20
21-08-2023,0.006485229,-0.229955497,0.006428336,-0.0833932,-0.058348716,0.000445561,17.12999916,0.439811065,0,Recovery,1,3.45E-112,7.83E-20,6.19E-13,1.73E-21
22-08-2023,-0.002712161,-0.417566566,0.006292211,0.036814362,-0.060899167,0.000455971,16.96999931,0.425604231,0,Recovery,1,4.68E-109,1.73E-21,2.02E-13,6.15E-21
23-08-2023,0.011076099,-0.53061377,0.006827792,0.172213154,-0.050439775,0.000483121,15.97999954,0.47775353,0,Recovery,1,1.95E-101,6.15E-21,4.09E-12,9.15E-22
24-08-2023,-0.013956006,-0.674308252,0.007350229,0.15887164,-0.063599799,0.000537126,17.20000076,0.628596847,0,Recovery,0.999999999,1.96E-106,9.06E-22,6.82E-10,6.46E-22
25-08-2023,0.007024993,-0.258182557,0.007520222,-0.018177366,-0.056998434,0.00058499,15.68000031,0.656362448,0,Recovery,0.999999999,2.49E-117,6.33E-22,1.18E-09,1.67E-22
28-08-2023,0.006321354,-0.43892715,0.007302106,-0.071107557,-0.051018506,0.000608981,15.07999992,0.628395152,0,Recovery,0.999999999,8.48E-100,1.64E-22,9.07E-10,5.85E-20
29-08-2023,0.014351286,-0.59440415,0.008058225,0.106569523,-0.037301206,0.000693667,14.44999981,0.681185541,0,Recovery,0.999999988,8.33E-75,5.48E-20,1.19E-08,1.41E-17
30-08-2023,0.004110341,-0.719538432,0.008116987,-0.008793448,-0.033336042,0.000718585,13.88000011,0.68116796,0,Recovery,0.999999986,3.29E-53,1.39E-17,1.36E-08,9.49E-14
31-08-2023,-0.001464362,-0.849431837,0.007518392,0.036386426,-0.034750553,0.000740844,13.56999969,0.663990008,0,Recovery,0.999999992,7.14E-47,9.32E-14,7.64E-09,1.07E-13
01-09-2023,0.001863432,-0.971022053,0.007498244,-0.052055349,-0.032950199,0.00075562,13.09000015,0.663149936,0,Recovery,0.99999999,2.40E-48,1.03E-13,9.86E-09,1.39E-14
05-09-2023,-0.004331281,-1.021378277,0.007491934,-0.054514313,-0.037129705,0.000753523,14.01000023,0.730057589,0,Recovery,0.999999968,9.63E-51,1.37E-14,3.23E-08,2.43E-15
06-09-2023,-0.006745211,-1.042693891,0.007379621,0.129980704,-0.043602614,0.000749148,14.44999981,0.759160181,0,Recovery,0.999999976,8.39E-62,2.14E-15,2.37E-08,3.14E-17
07-09-2023,-0.003074812,-0.645733489,0.007351129,0.111220858,-0.046538839,0.000743952,14.39999962,0.770371036,0,Recovery,0.999999971,2.25E-71,3.67E-17,2.91E-08,3.25E-16
08-09-2023,0.001504851,-0.69880553,0.00721688,-0.014289178,-0.045102942,0.000734917,13.84000015,0.757628118,0,Recovery,0.999999971,3.52E-74,2.85E-16,2.93E-08,2.51E-17
11-09-2023,0.006555186,-0.820209341,0.007358617,-0.100188767,-0.038822854,0.000711685,13.80000019,0.760705525,0,Recovery,0.999999946,1.48E-67,2.19E-17,5.43E-08,2.45E-17
12-09-2023,-0.005500813,-0.93152308,0.007464624,-0.023115317,-0.044095594,0.000659828,14.22999954,0.770730882,0,Recovery,0.999999966,9.26E-67,2.25E-17,3.41E-08,3.89E-17
13-09-2023,0.001165501,-0.792079338,0.007365069,0.041418375,-0.042980838,0.000604949,13.47999954,0.736750924,0,Recovery,0.999999982,7.92E-72,3.55E-17,1.79E-08,2.19E-17
14-09-2023,0.008585304,-0.892342873,0.007101344,-0.058720224,-0.034729166,0.000577078,12.81999969,0.73853324,0,Recovery,0.999999955,1.04E-62,1.80E-17,4.49E-08,6.80E-17
15-09-2023,-0.012121415,-0.995473964,0.007442334,-0.157783555,-0.046358987,0.000534636,13.78999996,0.722775329,0,Recovery,0.999999973,5.21E-67,6.41E-17,2.69E-08,1.41E-16
18-09-2023,0.000586189,-0.453497551,0.007200629,-0.265609261,-0.04579981,0.000487358,14,0.688413263,0,Recovery,0.999999988,2.60E-73,1.39E-16,1.18E-08,2.42E-15
19-09-2023,-0.002075911,-0.572570278,0.007230727,-0.2143167,-0.04777859,0.000420622,14.10999966,0.684102492,0,Recovery,0.999999992,1.48E-75,2.38E-15,7.77E-09,1.14E-16
20-09-2023,-0.009235926,-0.622563902,0.007428211,-0.037128967,-0.056532747,0.000369253,15.14000034,0.709194107,0,Recovery,0.999999994,7.71E-91,1.15E-16,5.94E-09,7.12E-19
21-09-2023,-0.016666551,-0.286034829,0.00826823,-0.203906804,-0.072126782,0.000334223,17.54000092,0.685902758,0,Recovery,0.999999997,1.21E-126,1.11E-18,2.90E-09,1.05E-21
22-09-2023,-0.002250887,0.513785153,0.007829225,-0.159675548,-0.074212971,0.000311372,17.20000076,0.64990356,0,Recovery,0.999999999,1.04E-150,1.26E-20,5.60E-10,2.52E-21
25-09-2023,0.004196173,0.394006033,0.007337967,-0.268681965,-0.070320046,0.000311678,16.89999962,0.599339812,0,Recovery,1,6.17E-149,2.55E-21,1.21E-10,1.88E-22
26-09-2023,-0.014800165,0.150211424,0.007774818,-0.185414584,-0.083978143,0.00031744,18.94000053,0.625754058,0,Recovery,1,3.08E-168,1.93E-22,2.01E-10,1.78E-25
27-09-2023,0.000399049,0.653158589,0.007586543,-0.138216445,-0.083612532,0.000314123,18.21999931,0.616514561,0,Recovery,1,4.89E-195,6.32E-25,6.96E-11,1.89E-27
28-09-2023,0.005780731,0.496241384,0.006879479,-0.584268916,-0.078299801,0.000319302,17.34000015,0.564575556,0,Recovery,1,8.27E-190,2.27E-27,2.43E-11,2.40E-28
29-09-2023,-0.002429819,0.243676182,0.006732047,-0.520879663,-0.080536648,0.000321706,17.52000046,0.55778228,0,Recovery,1,1.15E-185,2.91E-28,1.39E-11,1.78E-28
02-10-2023,-0.000397862,0.150041047,0.006743344,-0.540239523,-0.080902394,0.0003509,17.61000061,0.568534931,0,Recovery,1,2.86E-193,1.97E-28,1.91E-11,6.18E-31
03-10-2023,-0.013476498,-0.008617817,0.007088068,-0.356923276,-0.093205524,0.000354553,19.78000069,0.566905896,0,Recovery,1,1.58E-220,1.33E-29,1.14E-11,6.48E-35
04-10-2023,0.007255601,0.504373024,0.007427308,-0.401364177,-0.086602258,0.000353504,18.57999992,0.605704356,0,Recovery,1,1.12E-237,2.51E-29,3.34E-11,1.58E-35
05-10-2023,-0.000376784,0.240653798,0.007375646,-0.525395963,-0.086946346,0.000353485,18.48999977,0.641071515,0,Recovery,1,5.04E-226,2.16E-29,1.28E-10,8.77E-35
06-10-2023,0.011802775,-0.007624771,0.007978185,-0.411269773,-0.076105932,0.00037972,17.45000076,0.710772527,0,Recovery,0.999999998,6.04E-213,1.51E-29,2.17E-09,3.62E-36
09-10-2023,0.006381937,-0.21512439,0.008139388,-0.431104701,-0.070190843,0.000412706,17.70000076,0.717857331,0,Recovery,0.999999995,3.91E-177,8.90E-29,4.96E-09,5.57E-31
10-10-2023,0.005191123,-0.40860779,0.008079055,-0.436455401,-0.06535154,0.000436868,17.03000069,0.695850985,0,Recovery,0.999999996,7.88E-156,8.80E-29,4.17E-09,4.61E-29
11-10-2023,0.004088035,-0.589891632,0.008102644,-0.583766592,-0.061522844,0.00045946,16.09000015,0.693774244,0,Recovery,0.999999992,2.65E-143,1.56E-28,8.15E-09,2.43E-28
12-10-2023,-0.006114971,-0.765012487,0.008166423,-0.453935606,-0.067244094,0.000482035,16.69000053,0.732476788,0,Recovery,0.999999992,9.49E-146,3.00E-28,8.26E-09,3.63E-29
13-10-2023,-0.004993467,-0.660492626,0.007883676,-0.356088846,-0.07189017,0.00047831,19.31999969,0.730546654,0,Recovery,0.999999976,4.73E-156,2.29E-28,2.36E-08,6.84E-31
16-10-2023,0.01046653,-0.348141946,0.00795558,-0.464147972,-0.062125066,0.000485229,17.20999908,0.709077016,0,Recovery,0.999999986,3.93E-151,1.41E-28,1.40E-08,3.71E-28
17-10-2023,-4.59E-05,-0.53177625,0.007951292,-0.453487573,-0.062168111,0.00048343,17.87999916,0.73305977,0,Recovery,0.999999972,3.17E-129,1.02E-27,2.84E-08,6.64E-25
18-10-2023,-0.013414668,-0.677934879,0.008412186,-0.356980357,-0.074664807,0.000504512,19.21999931,0.738749912,0,Recovery,0.999999981,1.89E-148,6.02E-25,1.88E-08,1.87E-28
19-10-2023,-0.00882528,0.063099274,0.008393429,-0.360265252,-0.08279522,0.000524633,21.39999962,0.705913342,0,Recovery,0.999999987,8.23E-176,1.09E-26,1.35E-08,3.30E-27
20-10-2023,-0.012364175,0.508101161,0.008046049,-0.265070542,-0.09406588,0.000515164,21.70999908,0.737415791,0,Recovery,0.999999993,2.19E-208,5.85E-27,6.50E-09,9.82E-30
23-10-2023,-0.001734733,1.033529103,0.008043272,-0.274624639,-0.095636072,0.000519765,20.37000084,0.750870172,0,Recovery,0.999999998,1.16E-238,1.92E-27,2.36E-09,6.74E-32
24-10-2023,0.007511263,0.87097481,0.008184021,-0.274009246,-0.088817582,0.00052155,18.96999931,0.749616477,0,Recovery,0.999999998,4.18E-239,5.36E-28,2.46E-09,5.20E-34
25-10-2023,-0.014456331,0.541260012,0.008155235,-0.264880596,-0.101895182,0.000528679,20.19000053,0.526261693,0,Recovery,1,1.53E-255,4.85E-29,7.32E-13,2.76E-34
26-10-2023,-0.012046659,1.149382801,0.008498029,-0.133913801,-0.112649438,0.000549252,20.68000031,0.620094735,0,Recovery,1,2.58E-307,2.85E-28,9.84E-12,1.41E-37
27-10-2023,-0.004543272,1.737552602,0.008351107,0.003262022,-0.116671769,0.000516039,21.27000046,0.612179778,0,Recovery,1,0,4.29E-27,8.51E-12,5.56E-40
30-10-2023,0.011884891,1.564321082,0.008883638,-0.036972191,-0.106110876,0.000487271,19.75,0.645052877,0,Recovery,1,0,8.23E-28,3.25E-11,1.76E-42
31-10-2023,0.006260605,1.15574777,0.009036577,-0.112568334,-0.100497034,0.000448589,18.13999939,0.647727223,0,Recovery,1,9.25E-303,3.52E-28,5.01E-11,1.18E-38
01-11-2023,0.010608451,0.784862232,0.008904847,-0.261560079,-0.090903906,0.00041728,16.87000084,0.656160912,0,Recovery,1,2.88E-275,9.85E-29,1.57E-10,3.77E-37
02-11-2023,0.018982869,0.463522835,0.009706316,-0.023399793,-0.073481817,0.000497871,15.65999985,0.634374045,0,Recovery,1,1.85E-222,2.09E-28,4.62E-10,5.27E-32
03-11-2023,0.009082087,0.197872906,0.009872905,-0.130932774,-0.065028771,0.00056093,14.90999985,0.623794905,0,Recovery,0.999999999,7.55E-168,1.17E-27,7.90E-10,5.79E-24
06-11-2023,0.002297776,-0.051595692,0.009572436,-0.069112832,-0.062877946,0.000604826,14.89000034,0.588083395,0,Recovery,1,1.42E-140,5.78E-24,2.34E-10,2.96E-22
07-11-2023,0.002842076,-0.300957924,0.009497828,-0.026686744,-0.060210786,0.000636984,14.81000042,0.583283698,0,Recovery,1,1.19E-133,2.95E-22,1.80E-10,1.04E-23
08-11-2023,0.000732071,-0.522427577,0.009437558,0.035716851,-0.059522541,0.000654756,14.44999981,0.594407939,0,Recovery,1,1.01E-133,1.04E-23,2.48E-10,2.04E-25
09-11-2023,-0.007829181,-0.70666263,0.009555699,0.182495334,-0.066856961,0.000673668,15.28999996,0.594838852,0,Recovery,1,4.81E-147,2.03E-25,1.18E-10,1.06E-27
10-11-2023,0.015484284,-0.35729411,0.010045167,0.048969296,-0.052295463,0.00072345,14.17000008,0.646408147,0,Recovery,0.999999997,1.25E-138,1.41E-27,2.89E-09,1.43E-25
13-11-2023,-0.000953707,-0.549533147,0.009967919,0.000361002,-0.053198865,0.000737128,14.76000023,0.636792294,0,Recovery,0.999999998,9.93E-111,1.43E-25,1.92E-09,1.22E-20
14-11-2023,0.019214905,-0.756397552,0.010551292,0.107058227,-0.03483026,0.000790163,14.15999985,0.642780966,0,Recovery,0.999999979,4.52E-88,1.12E-20,2.09E-08,2.21E-21
15-11-2023,0.002114848,-0.899053903,0.010547369,0.077329375,-0.032786913,0.000819887,14.18000031,0.643179274,0,Recovery,0.999999982,3.68E-62,2.37E-21,1.82E-08,2.96E-15
16-11-2023,0.001222275,-1.064925988,0.009983177,0.045983245,-0.03160399,0.000823087,14.31999969,0.625939635,0,Recovery,0.999999988,6.06E-52,2.93E-15,1.24E-08,1.35E-15
17-11-2023,0.00124305,-1.216132166,0.009665645,-0.026656332,-0.030399477,0.000807296,13.80000019,0.619762878,0,Recovery,0.999999987,7.95E-52,1.34E-15,1.30E-08,1.85E-16
20-11-2023,0.007668081,-1.289292152,0.009081092,-0.116293324,-0.022935923,0.000759517,13.40999985,0.582367893,0,Recovery,0.999999988,5.34E-44,1.89E-16,1.15E-08,2.50E-15
21-11-2023,-0.002181594,-1.396019543,0.009094729,-0.11139997,-0.025065156,0.00070439,13.35000038,0.598603908,0,Recovery,0.999999985,2.12E-39,2.47E-15,1.47E-08,2.28E-14
22-11-2023,0.00385333,-1.187349584,0.009050554,-0.058071306,-0.021301163,0.000655655,12.85000038,0.601207441,0,Recovery,0.999999988,2.21E-36,2.26E-14,1.20E-08,4.17E-13
24-11-2023,0.000615141,-1.312254672,0.008112412,0.191307154,-0.020698941,0.000659783,12.46000004,0.747414239,0,Recovery,0.999999944,8.89E-32,3.95E-13,5.63E-08,2.23E-14
27-11-2023,-0.001802593,-1.331730035,0.007365162,0.56706881,-0.022462631,0.000773755,12.68999958,0.648611891,0,Recovery,0.999999995,4.27E-31,2.06E-14,4.73E-09,1.31E-14
28-11-2023,0.000989583,-1.409935468,0.007116132,0.617107712,-0.021494798,0.000891231,12.68999958,0.662222178,0,Recovery,0.999999994,6.81E-32,9.81E-15,6.29E-09,1.37E-15
29-11-2023,-0.00070368,-1.450563395,0.007025555,0.827687578,-0.022183111,0.001016776,12.97999954,0.663784698,0,Recovery,0.999999993,3.15E-32,7.14E-16,6.75E-09,1.21E-15
30-11-2023,0.003929765,-1.552657256,0.007010987,0.880355883,-0.01833296,0.001123488,12.92000008,0.666865822,0,Recovery,0.99999999,1.13E-31,2.80E-16,1.04E-08,1.07E-16
01-12-2023,0.005898502,-1.639528635,0.00686835,0.995244644,-0.012525483,0.001224781,12.63000011,0.607621459,0,Recovery,0.999999996,1.76E-27,1.71E-17,4.43E-09,2.33E-15
04-12-2023,-0.005263241,-1.707696381,0.006220168,1.026602217,-0.017709147,0.001354515,13.07999992,0.650643134,0,Recovery,0.999999982,1.01E-25,1.22E-16,1.84E-08,2.65E-14
05-12-2023,-0.000197076,-1.424298645,0.006078328,1.260995332,-0.017902713,0.001458925,12.85000038,0.649560751,0,Recovery,0.999999974,1.40E-25,5.50E-16,2.60E-08,6.58E-13
06-12-2023,-0.004037913,-1.398905771,0.006235811,1.261841013,-0.021860341,0.001534264,12.97000027,0.674063708,0,Recovery,0.999999953,2.41E-25,1.13E-14,4.68E-08,8.05E-12
07-12-2023,0.007601462,-1.268317855,0.006351831,1.11850522,-0.014396719,0.001584775,13.06000042,0.683237684,0,Recovery,0.999999867,3.52E-21,1.45E-14,1.20E-07,1.27E-08
08-12-2023,0.004289689,-1.373909222,0.006356299,1.036569258,-0.010159706,0.001621336,12.35000038,0.690908752,0,Recovery,0.999996855,1.15E-14,2.01E-13,1.31E-07,3.01E-06
11-12-2023,0.003882192,-1.470144532,0.005908626,1.268842503,-0.006309487,0.001664073,12.63000011,0.659823061,0,Recovery,0.999888866,5.32E-10,3.61E-13,2.49E-07,0.000110885
12-12-2023,0.004556882,-1.5579441,0.00519124,1.467855657,-0.001771023,0.001706774,12.06999969,0.572602507,0,Recovery,0.998871921,5.37E-08,1.33E-13,1.26E-07,0.001127899
13-12-2023,0.013695913,-1.635867741,0.005669928,1.154966458,0,0.001691333,12.18999958,0.54562572,0,Recovery,0.994108931,2.45E-08,2.88E-11,6.06E-06,0.00588498
14-12-2023,0.003204092,-1.67832725,0.004320571,0.535125953,0,0.001693215,12.47999954,0.491204961,4,Bull Recovery,0.19246204,5.40E-08,2.38E-12,5.23E-07,0.807537383
15-12-2023,-0.001647685,-1.740912477,0.004410437,0.588190821,-0.001646328,0.001632841,12.27999973,0.454884278,4,Bull Recovery,0.057197247,0.00012228,2.75E-10,1.57E-08,0.942680457
18-12-2023,0.005609326,-1.71172506,0.004463926,0.446154274,0,0.001572684,12.56000042,0.427737986,4,Bull Recovery,0.023010605,0.001372143,5.69E-10,3.11E-09,0.975617248
19-12-2023,0.006062333,-1.781131174,0.004522898,0.300114174,0,0.00149318,12.52999973,0.431813564,4,Bull Recovery,0.014222893,0.012294526,6.43E-09,6.99E-09,0.973482567
20-12-2023,-0.013954037,-1.842973992,0.00564867,-0.620069533,-0.013857131,0.001379832,13.67000008,0.422137568,4,Bull Recovery,0.006649453,0.030438744,0.000156277,1.87E-07,0.96275534
21-12-2023,0.009437207,-0.515918383,0.005822185,-0.721698262,-0.004506645,0.001229059,13.64999962,0.399893293,4,Bull Recovery,5.15E-07,0.216147666,6.82E-06,2.07E-13,0.783844998
22-12-2023,0.00200758,-0.684535816,0.00580976,-0.681029432,-0.002506104,0.001039215,13.02999973,0.388283,1,Stable Bull,2.71E-11,0.963397072,2.56E-07,1.17E-15,0.036602672
26-12-2023,0.004213579,-0.851962534,0.00581673,-0.765866743,0,0.000922796,12.98999977,0.384743452,1,Stable Bull,4.14E-16,0.998823254,9.63E-09,2.25E-17,0.001176736
27-12-2023,0.001806469,-1.004538111,0.005743085,-0.869420978,0,0.000861166,12.43000031,0.3926861,1,Stable Bull,6.56E-19,0.999974924,2.77E-09,1.83E-18,2.51E-05
28-12-2023,0.000377641,-1.148144898,0.005752393,-0.851186166,0,0.000809828,12.47000027,0.398435089,1,Stable Bull,9.41E-18,0.999987984,2.36E-09,3.27E-18,1.20E-05
29-12-2023,-0.002898987,-1.277801994,0.005831358,-0.792930009,-0.002894789,0.000757709,12.44999981,0.375466748,1,Stable Bull,1.07E-15,0.999438626,5.62E-09,3.14E-17,0.000561368
02-01-2024,-0.005612168,-1.062538868,0.006066111,-0.588897284,-0.008475037,0.00070304,13.19999981,0.444234726,1,Stable Bull,2.10E-13,0.944920523,7.96E-07,3.01E-14,0.055078681
03-01-2024,-0.008200144,-0.823034424,0.006369253,-0.398341556,-0.016572439,0.000668103,14.03999996,0.473349776,4,Bull Recovery,9.04E-11,0.04682133,1.62E-05,5.27E-12,0.953162475
04-01-2024,-0.003226341,-0.169664821,0.006281007,-0.425125263,-0.019740199,0.000670839,14.13000011,0.463978118,4,Bull Recovery,2.40E-09,8.38E-05,5.04E-06,2.28E-11,0.999911113
05-01-2024,0.001368732,-0.160767668,0.006271829,-0.46286688,-0.018397568,0.000678303,13.35000038,0.485695952,4,Bull Recovery,8.64E-10,2.10E-05,1.79E-05,6.13E-11,0.999961065
08-01-2024,0.014174976,-0.389948342,0.00673071,-0.392789466,-0.004384293,0.000707314,13.07999992,0.577646807,4,Bull Recovery,2.05E-11,0.132077988,0.00029681,2.51E-10,0.867625201
09-01-2024,-0.001518147,-0.558835247,0.006660384,-0.240665946,-0.005894637,0.000724893,12.76000023,0.56126748,1,Stable Bull,1.43E-12,0.983848348,2.60E-06,1.25E-12,0.016149054
10-01-2024,0.005639532,-0.670886038,0.006692133,-0.259710768,-0.00027251,0.000743616,12.68999958,0.562111035,1,Stable Bull,9.88E-15,0.999592138,6.28E-08,2.80E-14,0.000407799
11-01-2024,-0.000440836,-0.838900736,0.006693184,-0.168501138,-0.000713129,0.000773037,12.43999958,0.570647785,1,Stable Bull,3.91E-16,0.999978296,2.84E-08,1.35E-15,2.17E-05
12-01-2024,0.00069241,-0.981234221,0.006662328,-0.090326854,-2.10E-05,0.00078633,12.69999981,0.557724769,1,Stable Bull,2.47E-16,0.999986095,1.21E-08,8.10E-17,1.39E-05
16-01-2024,-0.003677931,-1.12916413,0.006124772,-0.136604175,-0.003692071,0.000788226,13.84000015,0.571066904,1,Stable Bull,4.44E-16,0.999975341,1.16E-08,7.22E-16,2.46E-05
17-01-2024,-0.005574202,-0.914847601,0.006239432,0.022912881,-0.009230243,0.000710343,14.78999996,0.698248127,1,Stable Bull,2.85E-15,0.999845831,8.47E-08,9.79E-14,0.000154085
18-01-2024,0.008853437,-0.64062496,0.006497645,-0.095416626,-0.00041958,0.000627735,14.13000011,0.7299866,1,Stable Bull,2.43E-14,0.999635723,2.71E-07,1.58E-12,0.000364006
19-01-2024,0.012389088,-0.805072248,0.00690814,0.005552391,0,0.000543085,13.30000019,0.765720511,1,Stable Bull,5.77E-14,0.999542073,1.13E-06,2.74E-12,0.000456797
22-01-2024,0.002112285,-0.930649469,0.006817848,0.070372855,0,0.000415205,13.18999958,0.731909346,1,Stable Bull,4.45E-15,0.999950487,8.62E-08,2.69E-14,4.94E-05
23-01-2024,0.002912104,-1.077108255,0.005920367,0.491886363,0,0.000399159,12.55000019,0.733523314,1,Stable Bull,1.47E-16,0.999995141,3.93E-09,8.85E-16,4.86E-06
24-01-2024,0.001092536,-1.20424592,0.005645871,0.649880717,0,0.000410777,13.14000034,0.739948581,1,Stable Bull,4.38E-18,0.999996194,2.02E-09,9.50E-17,3.80E-06
25-01-2024,0.005424298,-1.323578374,0.005717226,0.558006305,0,0.000416347,13.44999981,0.7361576,1,Stable Bull,1.54E-18,0.999996841,3.80E-09,6.91E-17,3.16E-06
26-01-2024,-0.001271206,-1.418299758,0.005708702,0.689886041,-0.001270399,0.000422705,13.26000023,0.750111376,1,Stable Bull,1.43E-17,0.999998892,1.53E-09,6.20E-17,1.11E-06
29-01-2024,0.007888115,-1.422030734,0.005894222,0.551637565,0,0.000414784,13.60000038,0.735426406,1,Stable Bull,2.23E-15,0.999997317,1.37E-08,1.25E-15,2.67E-06
30-01-2024,-0.000773791,-1.49992493,0.005910056,0.573305271,-0.000773492,0.000406457,13.31000042,0.738102486,1,Stable Bull,1.50E-12,0.999988768,5.69E-07,5.54E-13,1.07E-05
31-01-2024,-0.016451854,-1.554009645,0.00703554,-0.20235985,-0.017078132,0.000426139,14.35000038,0.761602578,1,Stable Bull,1.16E-10,0.977515095,0.017573038,1.58E-09,0.004911866
01-02-2024,0.013003269,0.077119045,0.007358838,-0.279489366,-0.004213475,0.000477044,13.88000011,0.761967142,1,Stable Bull,1.21E-08,0.99469951,0.002851099,1.42E-09,0.002449377
02-02-2024,0.01047227,-0.137823551,0.007237644,-0.451560907,0,0.00051175,13.85000038,0.732046483,1,Stable Bull,3.98E-11,0.999692302,6.71E-05,4.11E-12,0.00024056
05-02-2024,-0.003647778,-0.327210046,0.007254961,-0.445870152,-0.003641133,0.000540972,13.67000008,0.667315753,1,Stable Bull,2.97E-13,0.999989053,1.55E-06,9.98E-15,9.39E-06
06-02-2024,0.002899302,-0.201633125,0.007250631,-0.477364912,-0.000748195,0.000564228,13.06000042,0.657404952,1,Stable Bull,1.22E-14,0.999996704,5.30E-07,4.99E-16,2.77E-06
07-02-2024,0.008305652,-0.410285628,0.006885282,-0.647783968,0,0.000568083,12.82999992,0.602208909,1,Stable Bull,9.62E-16,0.999988135,2.86E-07,3.11E-17,1.16E-05
08-02-2024,0.000441527,-0.57915027,0.006844083,-0.693592912,0,0.000571606,12.78999996,0.605365013,1,Stable Bull,7.86E-16,0.999992566,2.66E-07,1.89E-16,7.17E-06
09-02-2024,0.005762825,-0.741462596,0.006847058,-0.694679637,0,0.000574686,12.93000031,0.60503462,1,Stable Bull,2.63E-15,0.999984624,1.50E-07,7.23E-16,1.52E-05
12-02-2024,-0.000439052,-0.884302968,0.006847021,-0.694722155,-0.000438955,0.000577636,13.93000031,0.612744354,1,Stable Bull,2.06E-14,0.999918726,5.31E-07,4.45E-14,8.07E-05
13-02-2024,-0.01386878,-0.959879287,0.007711398,-0.68971123,-0.014205961,0.000630529,15.85000038,0.645977267,1,Stable Bull,3.59E-14,0.998550364,0.000108891,4.20E-13,0.001340745
14-02-2024,0.009046686,0.123573529,0.007766821,-0.855077363,-0.005247331,0.000668943,14.38000011,0.638451624,1,Stable Bull,1.45E-13,0.999958669,1.14E-05,2.77E-14,2.99E-05
15-02-2024,0.006875973,-0.101990615,0.00760821,-1.081598326,0,0.000690127,14.01000023,0.623192156,1,Stable Bull,2.61E-15,0.999996368,1.84E-06,4.82E-16,1.79E-06
16-02-2024,-0.004992415,-0.301470417,0.007666755,-0.871898619,-0.004979974,0.000715764,14.23999977,0.632874337,1,Stable Bull,1.83E-15,0.99999486,1.77E-06,1.10E-16,3.37E-06
20-02-2024,-0.005520655,-0.069552452,0.00747587,-0.773520336,-0.010458001,0.000730552,15.42000008,0.599941429,1,Stable Bull,6.22E-14,0.999992321,3.26E-06,6.32E-16,4.42E-06
21-02-2024,0.000905409,0.20744422,0.00747471,-0.750304348,-0.009561654,0.000743999,15.34000015,0.627651334,1,Stable Bull,1.93E-11,0.999886713,7.05E-05,4.18E-13,4.28E-05
22-02-2024,0.020484248,-0.041477052,0.008564109,-0.227900274,0,0.000798706,14.53999996,0.678402623,1,Stable Bull,4.38E-11,0.982257359,0.002591187,4.22E-12,0.015151454
23-02-2024,0.000689482,-0.212144048,0.008567103,-0.220937777,0,0.000807975,13.75,0.683996216,1,Stable Bull,1.77E-10,0.999726798,7.71E-05,1.16E-11,0.000196058
26-02-2024,-0.003669303,-0.41388074,0.008623175,-0.080721925,-0.003662579,0.000803639,13.73999977,0.68778443,1,Stable Bull,2.28E-12,0.999975048,2.93E-06,4.72E-14,2.20E-05
27-02-2024,0.001856087,-0.165497586,0.008595878,-0.132594602,-0.001811573,0.000770648,13.43000031,0.672843881,1,Stable Bull,1.54E-13,0.999994881,1.13E-06,3.79E-15,3.99E-06
28-02-2024,-0.001322577,-0.376344728,0.008507981,0.001035382,-0.003130881,0.000724847,13.84000015,0.681928705,1,Stable Bull,1.03E-13,0.999987115,7.21E-07,3.08E-15,1.22E-05
29-02-2024,0.003588583,-0.467034669,0.008504706,-0.072336104,0,0.000653348,13.39999962,0.689000351,1,Stable Bull,8.41E-14,0.999964119,9.59E-07,1.22E-14,3.49E-05
01-03-2024,0.009344411,-0.649174605,0.007573002,0.146738943,0,0.000638475,13.10999966,0.577907208,1,Stable Bull,1.39E-14,0.999954708,8.67E-08,2.65E-16,4.52E-05
04-03-2024,-0.001072913,-0.791908259,0.007246937,0.304219216,-0.001072338,0.0006417,13.48999977,0.508498155,1,Stable Bull,1.24E-15,0.999993079,4.44E-09,3.40E-17,6.92E-06
05-03-2024,-0.01004453,-0.813258378,0.007455521,0.387789198,-0.011055873,0.000636111,14.46000004,0.62830876,1,Stable Bull,4.37E-16,0.999951441,2.67E-07,1.02E-15,4.83E-05
06-03-2024,0.00505452,-0.091833185,0.007413151,0.244044305,-0.006044581,0.000631753,14.5,0.689125914,1,Stable Bull,2.04E-14,0.999988431,1.94E-07,2.39E-14,1.14E-05
07-03-2024,0.009877447,-0.309305948,0.007626021,0.1546036,0,0.000624049,14.43999958,0.712674543,1,Stable Bull,4.10E-15,0.999913916,6.80E-07,4.26E-15,8.54E-05
08-03-2024,-0.006020295,-0.482008767,0.007671256,0.339279373,-0.006002209,0.000595338,14.73999977,0.637219338,1,Stable Bull,3.56E-15,0.999989318,1.96E-07,1.21E-15,1.05E-05
11-03-2024,-0.000860171,-0.166742632,0.007683658,0.361392374,-0.00685685,0.00055908,15.22000027,0.601678602,1,Stable Bull,1.36E-15,0.99999742,7.41E-08,8.63E-17,2.51E-06
12-03-2024,0.010699962,-0.207938932,0.007901955,0.319446804,0,0.000516617,13.84000015,0.601673675,1,Stable Bull,1.09E-15,0.999985372,3.14E-07,4.27E-17,1.43E-05
13-03-2024,-0.001568759,-0.391312261,0.00791934,0.336074342,-0.001567529,0.000464715,13.75,0.60011228,1,Stable Bull,1.36E-15,0.999994504,3.05E-07,5.81E-17,5.19E-06
14-03-2024,-0.001978778,-0.476199258,0.007161613,0.70238025,-0.003541253,0.000489721,14.39999962,0.539222916,1,Stable Bull,4.99E-17,0.999998934,5.65E-09,2.16E-19,1.06E-06
15-03-2024,-0.006890268,-0.4343917,0.007218407,0.86734615,-0.010383521,0.00050904,14.40999985,0.534251999,1,Stable Bull,1.48E-19,0.999999181,6.24E-09,5.11E-21,8.12E-07
18-03-2024,0.005925564,0.018509384,0.007184012,0.888589321,-0.004502077,0.000526458,14.32999992,0.553103181,1,Stable Bull,2.41E-19,0.999999909,8.00E-09,1.62E-20,8.34E-08
19-03-2024,0.005541766,-0.211761718,0.007099783,0.748447751,0,0.00054832,13.81999969,0.555901317,1,Stable Bull,1.09E-17,0.999999601,1.19E-08,5.20E-20,3.87E-07
20-03-2024,0.009206768,-0.420696261,0.007081591,0.564159109,0,0.000565875,13.03999996,0.571375025,1,Stable Bull,1.46E-17,0.999995713,1.35E-08,1.70E-19,4.27E-06
21-03-2024,0.003299163,-0.600443363,0.00707612,0.516513893,0,0.000582553,12.92000008,0.485927338,1,Stable Bull,1.57E-17,0.999998195,1.44E-09,8.89E-20,1.80E-06
22-03-2024,-0.001897493,-0.784751029,0.005799626,-0.044413033,-0.001895693,0.000690831,13.06000042,0.429011586,1,Stable Bull,7.27E-19,0.99999248,8.54E-10,2.67E-21,7.52E-06
25-03-2024,-0.002766717,-0.828426899,0.00586992,0.024924527,-0.004653349,0.00075287,13.18999958,0.434942904,1,Stable Bull,3.96E-19,0.999991545,4.37E-10,1.10E-20,8.45E-06
26-03-2024,-0.00184874,-0.606624098,0.005806698,0.003242583,-0.006491787,0.000790173,13.23999977,0.431494732,1,Stable Bull,5.20E-19,0.999991051,7.12E-10,1.96E-20,8.95E-06
27-03-2024,0.008368869,-0.666048411,0.006006181,-0.073838827,0,0.00078846,12.77999973,0.434998507,1,Stable Bull,9.77E-19,0.999980316,1.44E-09,4.91E-20,1.97E-05
28-03-2024,-0.000191117,-0.834846297,0.00598322,-0.097587765,-0.000191099,0.000776068,13.01000023,0.437808958,1,Stable Bull,1.24E-18,0.999987559,1.33E-09,1.03E-19,1.24E-05
01-04-2024,-0.001741507,-1.007496379,0.006012224,0.022458796,-0.001930758,0.000741729,13.64999962,0.430869964,1,Stable Bull,1.44E-18,0.999988186,3.58E-10,8.36E-20,1.18E-05
02-04-2024,-0.006378315,-0.894262943,0.005958636,0.176135801,-0.008276498,0.000761676,14.60999966,0.451780902,1,Stable Bull,5.56E-18,0.999967499,8.89E-10,2.20E-18,3.25E-05
03-04-2024,0.001098053,-0.405507646,0.005945144,0.125252833,-0.007186935,0.000785744,14.32999992,0.449874844,1,Stable Bull,5.32E-16,0.999799327,2.30E-09,7.60E-17,0.00020067
04-04-2024,-0.012281256,-0.620551952,0.006165185,-0.045284088,-0.01930536,0.000786571,16.35000038,0.313816383,1,Stable Bull,2.81E-18,0.990719469,4.00E-08,1.28E-21,0.009280491
05-04-2024,0.010392544,0.534354401,0.006456945,-0.002813135,-0.009060303,0.000776285,16.03000069,0.345955027,1,Stable Bull,3.32E-18,0.999951918,1.14E-06,3.84E-20,4.69E-05
08-04-2024,0.000559279,0.253479553,0.006124517,0.061227161,-0.008505937,0.000759978,15.18999958,0.346046744,1,Stable Bull,2.02E-16,0.999999908,6.10E-09,2.99E-22,8.55E-08
09-04-2024,0.001156003,-0.026558395,0.005939455,-0.041841888,-0.007359104,0.000739896,14.97999954,0.373116168,1,Stable Bull,2.33E-16,0.99999509,6.21E-09,6.95E-22,4.90E-06
10-04-2024,-0.010063513,-0.276364452,0.006394078,-0.07624919,-0.017298462,0.00069687,15.80000019,0.414387378,1,Stable Bull,4.02E-16,0.998767375,7.59E-05,3.17E-20,0.001156747
11-04-2024,0.007518467,0.680371914,0.00617195,-0.168409748,-0.009882208,0.000624972,14.90999985,0.447204209,1,Stable Bull,2.70E-12,0.959802163,0.040190401,6.99E-15,7.44E-06
12-04-2024,-0.013899177,0.377448611,0.006898396,-0.300371838,-0.023548833,0.000538374,17.30999947,0.413795133,2,Correction,9.33E-20,0.107993927,0.89037069,4.67E-25,0.001635384
15-04-2024,-0.012607245,1.600630274,0.007397468,-0.266729862,-0.035781917,0.000557235,19.22999954,0.512722403,2,Correction,6.97E-22,1.78E-12,1,6.54E-27,3.44E-14
16-04-2024,-0.001825515,2.342371482,0.007271611,-0.353338427,-0.037540506,0.000561206,18.39999962,0.512488237,2,Correction,1.54E-20,4.12E-21,1,1.12E-27,2.89E-22
17-04-2024,-0.00593582,2.216879614,0.007200355,-0.181210764,-0.04323657,0.000562341,18.20999908,0.517075681,2,Correction,1.04E-18,1.19E-25,1,3.83E-25,3.62E-20
18-04-2024,-0.002059763,2.061566605,0.007035955,-0.080236656,-0.045205248,0.000558599,18,0.474151333,2,Correction,7.11E-17,7.45E-31,1,6.99E-25,1.22E-16
19-04-2024,-0.00876665,2.003325699,0.006753517,0.032480537,-0.053539016,0.000543233,18.70999908,0.451699121,2,Correction,5.43E-15,5.43E-40,1,2.58E-23,2.91E-16
22-04-2024,0.009166925,2.163850461,0.007111884,0.099942238,-0.044822991,0.000545531,16.94000053,0.596524211,2,Correction,4.96E-13,5.01E-41,1,1.84E-18,1.88E-16
23-04-2024,0.011796781,1.689701093,0.007731753,0.115053765,-0.033488251,0.00060022,15.68999958,0.612761073,2,Correction,1.09E-10,2.60E-26,1,7.25E-16,3.64E-12
24-04-2024,-0.000474765,1.292297275,0.007728313,0.072149816,-0.033947008,0.000640292,15.97000027,0.614955549,2,Correction,3.94E-09,2.42E-18,0.999999995,5.57E-13,1.07E-09
25-04-2024,-0.00380607,0.915545642,0.007746612,0.106978874,-0.037616886,0.000663296,15.36999989,0.565460672,2,Correction,2.49E-08,4.41E-23,0.999999239,1.52E-13,7.36E-07
26-04-2024,0.009429296,1.046170471,0.007816799,0.120685711,-0.028499372,0.00069007,15.02999973,0.541238519,2,Correction,5.87E-08,4.89E-19,0.999999587,2.30E-12,3.54E-07
29-04-2024,0.003535232,0.720006688,0.007887041,0.060518716,-0.025058814,0.000708491,14.67000008,0.510550083,2,Correction,3.64E-08,6.46E-12,0.999981503,6.09E-13,1.85E-05
30-04-2024,-0.015968039,0.404478706,0.008521414,0.02620991,-0.040503078,0.000769921,15.64999962,0.58831859,2,Correction,8.00E-11,7.90E-24,0.999994017,1.66E-16,5.98E-06
01-05-2024,-0.003252496,1.53680079,0.008465972,-0.019844004,-0.043618768,0.000799945,15.39000034,0.556632965,2,Correction,9.27E-11,1.49E-32,1,5.10E-18,2.63E-11
02-05-2024,0.009309916,1.651049859,0.008786613,-0.054790337,-0.034673364,0.000837125,14.68000031,0.579350094,2,Correction,2.65E-10,1.52E-28,1,3.02E-16,6.72E-12
03-05-2024,0.012319201,1.258118495,0.008893777,-0.179249462,-0.022707758,0.000876174,13.48999977,0.647161579,2,Correction,5.14E-09,2.76E-15,0.999999993,1.48E-12,1.65E-09
06-05-2024,0.010273838,0.918538658,0.008886766,-0.180584194,-0.012615461,0.000912145,13.48999977,0.617564976,2,Correction,8.29E-08,0.003151152,0.996847862,6.38E-12,9.03E-07
07-05-2024,0.001102876,0.61351698,0.008889791,-0.189228756,-0.011525898,0.000908553,13.22999954,0.615330499,1,Stable Bull,4.33E-07,0.554082654,0.445913725,6.32E-10,3.19E-06
08-05-2024,9.65E-05,0.309859281,0.008885042,-0.172236904,-0.011430469,0.000866311,13,0.613452881,1,Stable Bull,3.32E-07,0.832168702,0.167671333,5.54E-10,0.000159631
09-05-2024,0.005745329,0.131375004,0.008674391,-0.360693945,-0.005734464,0.000831804,12.68999958,0.611223102,1,Stable Bull,1.55E-08,0.988231921,0.011678753,2.76E-11,8.93E-05
10-05-2024,0.00128734,-0.110986466,0.008529727,-0.300195882,-0.004453682,0.000749688,12.55000019,0.58432375,1,Stable Bull,4.52E-10,0.999824857,0.000163743,4.73E-13,1.14E-05
13-05-2024,0.000134298,-0.346805411,0.007890722,-0.344140713,-0.004319973,0.000709788,13.60000038,0.610959362,1,Stable Bull,3.77E-12,0.999992309,4.99E-07,5.90E-15,7.19E-06
14-05-2024,0.004577669,-0.561447569,0.007284582,-0.449105362,0,0.000715028,13.42000008,0.569431105,1,Stable Bull,7.75E-14,0.999978618,8.79E-08,7.07E-16,2.13E-05
15-05-2024,0.012307024,-0.743243221,0.007584669,-0.527759016,0,0.000702239,12.44999981,0.588163782,1,Stable Bull,2.41E-14,0.999587343,6.19E-06,1.90E-14,0.00040647
16-05-2024,-0.002059878,-0.880174485,0.007416464,-0.579028245,-0.002057758,0.000691208,12.42000008,0.580748282,1,Stable Bull,5.25E-14,0.999963838,3.22E-07,1.20E-14,3.58E-05
17-05-2024,0.001436748,-0.880074953,0.007345423,-0.652772881,-0.000622936,0.000672105,11.98999977,0.570156148,1,Stable Bull,8.88E-16,0.999978176,2.84E-07,3.36E-16,2.15E-05
20-05-2024,0.001151391,-1.038593867,0.006869958,-0.7675662,0,0.000661359,12.14999962,0.52865676,1,Stable Bull,1.95E-16,0.999991519,7.81E-08,3.41E-17,8.40E-06
21-05-2024,0.002449582,-1.179841442,0.006735422,-0.703314945,0,0.000692299,11.85999966,0.535985223,1,Stable Bull,1.84E-16,0.999991645,9.51E-08,4.95E-17,8.26E-06
22-05-2024,-0.00288355,-1.302740633,0.006527021,-0.607103082,-0.002879396,0.000764189,12.28999996,0.542739933,1,Stable Bull,7.60E-15,0.999989226,7.66E-08,1.51E-15,1.07E-05
23-05-2024,-0.007330849,-1.110069004,0.006833075,-0.519071939,-0.010162409,0.000802353,12.77000046,0.577840543,1,Stable Bull,5.93E-14,0.999749249,2.48E-06,1.50E-14,0.000248275
24-05-2024,0.006594483,-0.549091257,0.006775657,-0.709870616,-0.003613372,0.000840356,11.93000031,0.603301779,1,Stable Bull,3.17E-14,0.999915076,8.59E-07,1.82E-14,8.41E-05
28-05-2024,0.000698508,-0.720364178,0.006587583,-0.641444564,-0.002917145,0.000886588,12.92000008,0.633900259,1,Stable Bull,1.63E-14,0.999980647,1.14E-07,2.24E-14,1.92E-05
29-05-2024,-0.007027145,-0.884893685,0.006860274,-0.458606463,-0.00989923,0.000910827,14.27999973,0.674365309,1,Stable Bull,4.70E-14,0.999798135,7.96E-07,1.82E-13,0.000201069
30-05-2024,-0.006655739,-0.275890803,0.005911843,0.234960062,-0.0164672,0.000979144,14.47000027,0.542473285,1,Stable Bull,3.94E-13,0.999488391,6.05E-07,6.90E-15,0.000511004
31-05-2024,0.009066806,0.165757248,0.005983919,0.044604053,-0.007509151,0.00102439,12.92000008,0.561775574,1,Stable Bull,1.90E-14,0.999964576,1.58E-06,3.07E-15,3.38E-05
03-06-2024,0.000815146,-0.066121276,0.005784676,0.180006761,-0.006699796,0.00104957,13.10999966,0.545954253,1,Stable Bull,2.57E-14,0.999998233,4.42E-08,8.06E-17,1.72E-06
04-06-2024,0.001117265,-0.297910614,0.005290593,0.176778428,-0.005589396,0.001085044,13.15999985,0.385636019,1,Stable Bull,1.95E-15,0.999987289,1.02E-09,1.42E-20,1.27E-05
05-06-2024,0.011815106,-0.507771491,0.005426372,0.25573696,0,0.001081465,12.63000011,0.496134948,1,Stable Bull,1.92E-16,0.999790373,1.67E-08,7.06E-17,0.000209611
06-06-2024,-1.88E-05,-0.666611197,0.005437432,0.282971925,-1.88E-05,0.001050037,12.57999992,0.500781862,1,Stable Bull,5.27E-16,0.999952807,7.18E-09,2.41E-16,4.72E-05
07-06-2024,-0.001216247,-0.838823517,0.005462906,0.308331312,-0.001234242,0.000988239,12.22000027,0.481156235,1,Stable Bull,4.18E-17,0.999981557,9.52E-10,3.74E-18,1.84E-05
10-06-2024,0.00308489,-0.726545544,0.005390485,0.369826552,0,0.000921839,12.73999977,0.407683472,1,Stable Bull,6.56E-19,0.999989628,1.03E-10,8.92E-21,1.04E-05
11-06-2024,0.002405327,-0.886397276,0.005394863,0.338924843,0,0.000838329,12.85000038,0.401555082,1,Stable Bull,6.81E-20,0.999991233,4.38E-11,4.19E-21,8.77E-06
12-06-2024,0.00817945,-1.036629683,0.005579221,0.185546168,0,0.000785482,12.03999996,0.457410725,1,Stable Bull,1.14E-19,0.999983413,4.76E-10,1.32E-19,1.66E-05
13-06-2024,0.00201137,-1.154604528,0.005544107,0.250655195,0,0.000769012,11.93999958,0.457764567,1,Stable Bull,4.59E-19,0.999995093,1.33E-10,8.12E-20,4.91E-06
14-06-2024,0.000608316,-1.278261006,0.004985863,0.197332163,0,0.000748229,12.65999985,0.445555047,1,Stable Bull,8.18E-20,0.999994565,7.00E-11,1.76E-20,5.44E-06
17-06-2024,0.007927438,-1.364061332,0.005137944,0.024833169,0,0.000712445,12.75,0.462199946,1,Stable Bull,7.08E-20,0.999994016,5.29E-10,1.31E-19,5.98E-06
18-06-2024,0.002537269,-1.45278077,0.005141486,-0.006268311,0,0.00066403,12.30000019,0.458517825,1,Stable Bull,1.22E-19,0.99999847,1.70E-10,1.91E-20,1.53E-06
20-06-2024,-0.002720026,-1.548530028,0.00523012,0.071945899,-0.00271633,0.000638797,13.27999973,0.479435102,1,Stable Bull,6.32E-20,0.999998719,2.57E-10,2.74E-20,1.28E-06
21-06-2024,-0.001341737,-1.36328107,0.005260977,0.167862215,-0.004053525,0.000612546,13.19999981,0.463747674,1,Stable Bull,1.81E-19,0.999997688,1.22E-10,1.11E-20,2.31E-06
24-06-2024,-0.00325592,-1.288520311,0.005276449,0.169216895,-0.007290974,0.000592706,13.32999992,0.466433231,1,Stable Bull,2.54E-19,0.999993916,3.35E-10,4.69E-20,6.08E-06
25-06-2024,0.003843589,-1.092093018,0.004913532,0.160038197,-0.003468067,0.000552781,12.84000015,0.422656049,1,Stable Bull,5.68E-20,0.999992964,7.39E-11,1.35E-21,7.04E-06
26-06-2024,0.001247493,-1.209905716,0.004791417,0.285699995,-0.002224125,0.000507603,12.55000019,0.409265833,1,Stable Bull,3.20E-21,0.999998053,1.52E-11,1.82E-22,1.95E-06
27-06-2024,0.001575106,-1.319691291,0.004787195,0.259967705,-0.000651284,0.000463984,12.23999977,0.407862084,1,Stable Bull,4.73E-22,0.999998843,1.62E-11,3.56E-23,1.16E-06
28-06-2024,-0.003943058,-1.419095733,0.004550123,0.46144622,-0.004584015,0.000366302,12.43999958,0.459573303,1,Stable Bull,1.97E-21,0.99999938,3.49E-11,5.06E-22,6.20E-07
01-07-2024,0.002056253,-1.13038345,0.004120796,0.747988312,-0.002535082,0.00042094,12.22000027,0.494515667,1,Stable Bull,1.65E-21,0.999999356,8.65E-12,5.09E-22,6.44E-07
02-07-2024,0.006706891,-1.246839403,0.003952354,0.741166294,0,0.000466131,12.02999973,0.533672843,1,Stable Bull,1.59E-21,0.999999214,1.70E-11,1.07E-20,7.85E-07
03-07-2024,0.004453047,-1.338652472,0.003974344,0.60752409,0,0.000502479,12.09000015,0.537230759,1,Stable Bull,5.41E-21,0.999999248,2.10E-11,2.39E-20,7.52E-07
05-07-2024,0.005749583,-1.425545543,0.004036882,0.446299778,0,0.00054293,12.47999954,0.553508682,1,Stable Bull,5.89E-20,0.999998753,8.31E-11,5.57E-19,1.25E-06
08-07-2024,0.001153432,-1.503672955,0.003426008,0.143897591,0,0.000627904,12.36999989,0.567846606,1,Stable Bull,4.03E-19,0.999995728,3.02E-10,5.32E-18,4.27E-06
09-07-2024,0.00097215,-1.578550145,0.003404227,0.11281139,0,0.000690617,12.51000023,0.535046374,1,Stable Bull,1.68E-18,0.999995426,2.45E-10,8.87E-18,4.57E-06
10-07-2024,0.009846642,-1.638791,0.003722474,0.160848319,0,0.00070865,12.85000038,0.554558104,1,Stable Bull,2.08E-17,0.99999583,2.56E-09,4.56E-16,4.17E-06
11-07-2024,-0.008660178,-1.674954437,0.00444659,-0.33316695,-0.008622786,0.000692157,12.92000008,0.66938395,1,Stable Bull,5.10E-16,0.999997725,5.67E-08,2.77E-14,2.22E-06
12-07-2024,0.006287817,-0.957388469,0.00454525,-0.393149122,-0.002369549,0.000671028,12.46000004,0.748702943,1,Stable Bull,3.73E-15,0.999954965,2.32E-08,2.44E-14,4.50E-05
15-07-2024,0.00274629,-1.07393205,0.004334891,-0.406965418,0,0.000635224,13.11999989,0.711749629,1,Stable Bull,1.45E-14,0.999726682,1.39E-07,3.00E-12,0.000273179
16-07-2024,0.00591238,-1.18282321,0.004422805,-0.473983518,0,0.000593371,13.18999958,0.675923176,1,Stable Bull,2.91E-13,0.998274923,0.000162976,5.27E-11,0.001562102
17-07-2024,-0.01412013,-1.275998202,0.005662175,-1.042382609,-0.014020908,0.00063785,14.47999954,0.713680025,1,Stable Bull,3.30E-12,0.665181104,0.325839211,3.61E-09,0.008979682
18-07-2024,-0.007714547,0.106630617,0.00578527,-0.852463892,-0.021598026,0.000682741,15.93000031,0.703664305,2,Correction,3.86E-10,0.006186118,0.980552929,9.76E-11,0.013260952
19-07-2024,-0.006662902,0.595114279,0.005979108,-0.641354822,-0.028095353,0.000740372,16.52000046,0.709842519,2,Correction,3.25E-11,4.41E-09,0.999906069,1.19E-12,9.39E-05
22-07-2024,0.010257409,0.991613209,0.006323305,-0.632271754,-0.018074825,0.000820867,14.90999985,0.699005341,2,Correction,1.06E-10,1.79E-09,0.999999974,3.18E-12,2.41E-08
23-07-2024,-0.001570077,0.695925133,0.006327394,-0.626479113,-0.019615313,0.000890391,14.72000027,0.724784684,2,Correction,9.09E-13,3.09E-06,0.999996671,3.98E-14,2.43E-07
24-07-2024,-0.022923164,0.606670912,0.008151041,-1.195616735,-0.041833206,0.001162265,18.04000092,0.798189519,2,Correction,1.63E-26,2.12E-21,0.999999999,1.97E-23,1.40E-09
25-07-2024,-0.005224046,2.374392375,0.008170023,-1.04298147,-0.046825662,0.001370959,18.45999908,0.791120683,2,Correction,1.42E-25,2.05E-32,1,5.99E-25,2.01E-22
26-07-2024,0.011137648,2.584138517,0.008555653,-0.946997379,-0.036150202,0.001573943,16.38999939,0.78230453,2,Correction,1.43E-23,5.47E-30,1,2.23E-25,1.75E-24
29-07-2024,0.0005874,2.09925872,0.008548733,-0.932740642,-0.035583871,0.001733534,16.60000038,0.780263688,2,Correction,1.01E-20,6.64E-23,1,6.80E-22,2.40E-20
30-07-2024,-0.005079204,1.663256949,0.008577548,-0.909297797,-0.040469918,0.001858405,17.69000053,0.774961579,2,Correction,9.77E-20,5.76E-27,1,9.90E-21,7.48E-16
31-07-2024,0.01612381,1.659912781,0.009282479,-0.662089435,-0.024873236,0.001996676,16.36000061,0.737508591,2,Correction,1.65E-19,4.19E-23,1,1.43E-20,5.21E-15
01-08-2024,-0.014262093,1.298683809,0.00969718,-0.456449076,-0.038681881,0.002121683,18.59000015,0.709288894,2,Correction,7.69E-26,2.41E-22,1,1.74E-24,1.05E-14
02-08-2024,-0.01879411,1.984808559,0.010401997,-0.324615554,-0.05658028,0.002263812,23.38999939,0.661120005,2,Correction,3.90E-26,2.15E-43,1,2.22E-24,9.49E-22
05-08-2024,-0.029555971,3,0.011895496,-0.454655727,-0.084055931,0.002496202,38.56999969,0.719646837,2,Correction,1.76E-44,3.67E-110,1,5.39E-21,2.98E-37
06-08-2024,0.009177187,3,0.012171735,-0.468116365,-0.075611453,0.002640074,27.70999908,0.694439706,2,Correction,1.59E-30,1.17E-120,1,3.50E-25,3.07E-31
07-08-2024,-0.006706243,3,0.012163998,-0.379801164,-0.081789886,0.002707786,27.85000038,0.691113606,2,Correction,3.40E-30,2.88E-114,1,4.59E-26,5.57E-33
08-08-2024,0.022853965,3,0.013157255,-0.093805245,-0.060563515,0.002816398,23.79000092,0.688994162,2,Correction,1.05E-28,3.72E-102,1,8.86E-26,1.01E-30
09-08-2024,0.004400116,3,0.013168897,-0.226091713,-0.056420778,0.002903546,20.37000084,0.68891643,2,Correction,7.01E-27,4.39E-68,1,1.47E-26,1.86E-32
12-08-2024,0.00052515,2.549881515,0.013045851,-0.180875333,-0.055925127,0.00292531,20.70999908,0.690309315,2,Correction,3.46E-24,3.00E-64,1,7.65E-26,9.89E-27
13-08-2024,0.016311964,2.062950668,0.013632361,-0.175968053,-0.040399127,0.00291154,18.12000084,0.716579836,2,Correction,8.94E-22,1.76E-56,1,2.52E-23,1.49E-20
14-08-2024,0.003149814,1.66393975,0.013568591,-0.155325906,-0.037371797,0.00282974,16.19000053,0.726563448,2,Correction,2.02E-19,3.26E-42,1,4.17E-20,8.36E-18
15-08-2024,0.016995041,1.30444074,0.013853433,-0.311900504,-0.020872082,0.002805876,15.22999954,0.729855094,2,Correction,1.06E-18,4.07E-32,1,1.41E-18,1.14E-14
16-08-2024,0.002239484,1.00178756,0.01375817,-0.41612748,-0.018676884,0.002728789,14.80000019,0.728583592,2,Correction,1.56E-16,1.18E-21,1,2.75E-16,9.20E-14
19-08-2024,0.009515897,0.721518916,0.013810947,-0.560895898,-0.009294142,0.002613244,14.64999962,0.725906341,2,Correction,1.82E-15,1.89E-17,1,1.27E-14,1.94E-11
20-08-2024,-0.001627384,0.475459111,0.013651446,-0.470033823,-0.01090509,0.002460622,15.88000011,0.730176705,2,Correction,7.01E-13,4.86E-13,1,2.18E-12,2.72E-10
21-08-2024,0.00343068,0.29331205,0.013659957,-0.522020202,-0.007505994,0.002242426,16.27000046,0.732346673,2,Correction,7.49E-12,8.22E-11,0.999999959,3.58E-11,4.06E-08
22-08-2024,-0.007879475,0.081546345,0.012728194,-0.510760828,-0.015295597,0.002112398,17.54999924,0.679076039,2,Correction,4.42E-13,9.85E-10,0.999999455,1.65E-12,5.44E-07
23-08-2024,0.010569333,0.53756084,0.012789817,-0.658093442,-0.004832733,0.001951451,15.85999966,0.688948781,2,Correction,1.02E-12,1.02E-08,0.999999967,7.55E-13,2.29E-08
26-08-2024,-0.002386765,0.317650247,0.012649227,-0.544821541,-0.007205131,0.001787128,16.14999962,0.69769765,2,Correction,1.39E-11,4.95E-07,0.999999469,3.14E-12,3.61E-08
27-08-2024,0.00137224,0.384820475,0.012647838,-0.55407078,-0.005841842,0.001580191,15.43000031,0.699933037,2,Correction,4.09E-10,1.46E-06,0.999998487,9.60E-11,5.54E-08
28-08-2024,-0.005822101,0.163140079,0.012668025,-0.545516011,-0.011613115,0.001316019,17.11000061,0.707713467,2,Correction,2.28E-10,4.35E-06,0.999993242,3.14E-11,2.40E-06
29-08-2024,8.93E-05,0.547239397,0.012211907,-0.506147106,-0.011524847,0.001082338,15.64999962,0.747147409,2,Correction,4.13E-09,2.90E-06,0.999996875,3.49E-10,2.25E-07
30-08-2024,0.009500687,0.303542649,0.011857088,-0.724072708,-0.002088901,0.000859374,15,0.734893768,2,Correction,6.43E-10,1.28E-05,0.999981194,2.09E-10,5.99E-06
03-09-2024,-0.020793504,0.095617308,0.012037204,-0.749797893,-0.022624723,0.000684353,20.71999931,0.819348628,2,Correction,5.54E-15,1.74E-10,0.99999731,2.36E-13,2.69E-06
04-09-2024,-0.002049042,1.231736967,0.009746454,-0.143975327,-0.024625356,0.000952083,21.31999969,0.696545788,2,Correction,1.91E-15,6.79E-11,1,6.62E-16,2.98E-10
05-09-2024,-0.00243503,1.293495417,0.009707421,0.00738563,-0.026997533,0.001162997,19.89999962,0.743739333,2,Correction,6.52E-14,3.99E-11,1,6.05E-15,4.64E-11
06-09-2024,-0.016973441,1.036917239,0.010423297,-0.146162968,-0.043373363,0.001260401,22.37999916,0.792772541,2,Correction,1.18E-18,3.25E-23,1,1.36E-19,3.96E-10
09-09-2024,0.011134039,1.917309632,0.00952306,-0.507121917,-0.032662728,0.001420569,19.45000076,0.769175459,2,Correction,1.66E-16,1.38E-24,1,1.41E-18,2.50E-15
10-09-2024,0.004346342,1.526308235,0.009522219,-0.506514716,-0.0284492,0.001543927,19.07999992,0.713657988,2,Correction,1.41E-14,4.13E-16,1,3.28E-16,5.95E-13
11-09-2024,0.010206584,1.182661309,0.009710696,-0.585281829,-0.018482207,0.001628439,17.69000053,0.732263868,2,Correction,6.80E-14,1.67E-11,1,5.06E-15,1.96E-10
12-09-2024,0.008387846,0.878558054,0.009264424,-0.725538146,-0.010214762,0.001700646,17.06999969,0.695619173,2,Correction,1.48E-13,1.01E-07,0.999999898,2.01E-14,1.25E-09
13-09-2024,0.005209304,0.616485293,0.009293896,-0.748073208,-0.005045217,0.001745514,16.55999947,0.690576613,2,Correction,1.05E-12,6.94E-07,0.999999301,2.19E-13,5.10E-09
16-09-2024,0.001475726,0.368620003,0.00859717,-0.975909953,-0.003575853,0.001796083,17.13999939,0.59384917,2,Correction,4.12E-11,4.95E-08,0.999999913,2.21E-11,3.78E-08
17-09-2024,0.00040865,0.140274926,0.008591484,-0.946883834,-0.003168581,0.001816539,17.61000061,0.609085195,2,Correction,2.90E-09,2.53E-08,0.999989368,1.14E-08,1.06E-05
18-09-2024,-0.002970343,-0.063415455,0.008383808,-0.86370427,-0.006125119,0.001811791,18.22999954,0.543293198,2,Correction,1.03E-08,2.48E-07,0.997923132,2.89E-08,0.00207658
19-09-2024,0.016920529,0.029241712,0.009130709,-0.649228047,0,0.001740225,16.32999992,0.626840163,2,Correction,3.94E-07,1.93E-06,0.990941133,7.23E-07,0.009055815
20-09-2024,-0.001730208,-0.126569458,0.009132467,-0.56845531,-0.001728712,0.001635218,16.14999962,0.629649714,2,Correction,9.15E-06,0.001319575,0.975524062,2.37E-06,0.023144836
23-09-2024,0.002495897,-0.185482086,0.008918162,-0.733496384,0,0.001586933,15.89000034,0.618560343,2,Correction,1.11E-05,0.015156335,0.805854445,5.05E-06,0.178973087
24-09-2024,0.002857074,-0.348198545,0.008672056,-0.730061116,0,0.001520021,15.39000034,0.600707064,4,Bull Recovery,9.17E-06,0.062540456,0.310970878,2.55E-06,0.626476948
25-09-2024,-0.002207901,-0.497564146,0.008668737,-0.733484472,-0.002205465,0.001435756,15.40999985,0.599343652,4,Bull Recovery,3.41E-06,0.076009294,0.077579225,9.48E-07,0.846407122
26-09-2024,0.003956852,-0.56728548,0.008693718,-0.768536238,0,0.001317046,15.36999989,0.594854443,4,Bull Recovery,2.37E-07,0.057797612,0.005752545,1.23E-07,0.936449482
27-09-2024,-0.001451452,-0.695340488,0.008572498,-0.851150256,-0.001450399,0.001156863,16.95999908,0.580829497,4,Bull Recovery,1.13E-09,0.015870628,0.000237698,1.57E-08,0.983891657
30-09-2024,0.00399919,-0.81324311,0.008588334,-0.911306297,0,0.001000447,16.72999954,0.583423761,4,Bull Recovery,2.71E-11,0.005908238,1.60E-05,1.57E-08,0.99407577
01-10-2024,-0.008998756,-0.916950146,0.008668824,-0.703314024,-0.008958388,0.000834276,19.26000023,0.646198171,4,Bull Recovery,2.64E-13,1.82E-05,1.18E-05,7.71E-08,0.999969925
02-10-2024,0.000422094,-0.442240957,0.007160748,-0.325679182,-0.008539987,0.000678125,18.89999962,0.575948022,4,Bull Recovery,6.63E-13,6.49E-07,7.53E-07,1.19E-09,0.999998596
03-10-2024,-0.00183007,-0.508827497,0.00715537,-0.3297609,-0.01035277,0.000765359,20.48999977,0.575242401,4,Bull Recovery,6.30E-16,9.95E-10,2.81E-07,1.17E-09,0.999999717
04-10-2024,0.009046383,-0.50498388,0.007270793,-0.481843395,-0.001359424,0.000815913,19.20999908,0.573487861,4,Bull Recovery,8.52E-16,2.43E-09,4.39E-07,2.99E-09,0.999999556
07-10-2024,-0.009081597,-0.620450671,0.006383966,0.202155887,-0.010387618,0.000877769,22.63999939,0.628754649,4,Bull Recovery,1.54E-18,1.77E-17,1.03E-07,2.78E-08,0.999999869
08-10-2024,0.009413327,-0.043796085,0.006277829,0.187923438,-0.00102809,0.00098064,21.42000008,0.660602805,4,Bull Recovery,7.80E-17,3.67E-18,1.64E-06,7.73E-07,0.99999759
09-10-2024,0.006902496,-0.204824806,0.006341451,0.139943149,0,0.001044215,20.86000061,0.705675079,4,Bull Recovery,1.20E-15,1.55E-17,6.21E-07,4.74E-07,0.999998905
10-10-2024,-0.001751678,-0.358380391,0.006153116,0.322164092,-0.001750145,0.001085018,20.93000031,0.70168899,4,Bull Recovery,9.26E-16,6.54E-18,6.36E-07,6.25E-07,0.999998739
11-10-2024,0.005970161,-0.502563277,0.006048863,0.351336209,0,0.001136858,20.45999908,0.698194187,4,Bull Recovery,7.75E-17,5.42E-17,2.06E-08,7.33E-08,0.999999906
14-10-2024,0.008145301,-0.634324524,0.006163005,0.308551776,0,0.001155337,19.70000076,0.720564592,4,Bull Recovery,1.15E-17,1.37E-14,1.11E-08,4.97E-08,0.999999939
15-10-2024,-0.007799836,-0.735260985,0.006524225,0.294951943,-0.007769497,0.001171298,20.63999939,0.731297691,4,Bull Recovery,1.04E-17,7.84E-14,6.77E-08,7.70E-08,0.999999855
16-10-2024,0.004336781,-0.168505365,0.006545903,0.208359094,-0.003457066,0.001177663,19.57999992,0.73664538,4,Bull Recovery,3.80E-15,4.21E-12,1.09E-06,3.67E-07,0.999998548
17-10-2024,8.60E-05,-0.328462445,0.006469351,0.16564863,-0.003371359,0.00118745,19.11000061,0.777570763,4,Bull Recovery,4.57E-14,8.78E-12,6.71E-07,2.41E-07,0.999999088
18-10-2024,0.003838956,-0.463197755,0.005508158,-0.421076484,0,0.001202038,18.03000069,0.703226422,4,Bull Recovery,4.10E-14,3.85E-12,1.70E-06,2.42E-07,0.999998062
21-10-2024,-0.001643523,-0.593741673,0.005505831,-0.423218435,-0.001642174,0.001190505,18.37000084,0.688980068,4,Bull Recovery,4.98E-14,1.60E-12,1.49E-06,1.63E-07,0.999998347
22-10-2024,-0.000531214,-0.597900862,0.005511801,-0.343784521,-0.002172375,0.001170396,18.20000076,0.602824891,4,Bull Recovery,6.89E-14,5.47E-11,5.79E-07,1.59E-08,0.999999405
23-10-2024,-0.009179368,-0.650737647,0.005932712,-0.247643434,-0.011289891,0.001125886,19.23999977,0.643023124,4,Bull Recovery,2.01E-14,4.04E-10,9.15E-07,4.06E-08,0.999999044
24-10-2024,0.002160359,-0.070586705,0.005907545,-0.352844343,-0.009151613,0.001064129,19.07999992,0.661284911,4,Bull Recovery,4.66E-13,8.99E-10,1.24E-05,2.27E-07,0.999987353
25-10-2024,-0.000345464,-0.242608156,0.005865676,-0.261659582,-0.009493856,0.00097908,20.32999992,0.655020567,4,Bull Recovery,8.83E-14,1.22E-12,1.73E-06,7.98E-08,0.999998188
28-10-2024,0.003086662,-0.352761069,0.005871554,-0.367921931,-0.006431776,0.000879009,19.79999924,0.649819542,4,Bull Recovery,8.96E-15,4.79E-12,9.31E-07,4.16E-08,0.999999028
29-10-2024,0.001617071,-0.494004184,0.005828979,-0.324738544,-0.004823805,0.000741964,19.34000015,0.637512131,4,Bull Recovery,8.15E-15,4.08E-11,1.22E-06,2.01E-08,0.999998758
30-10-2024,-0.003029902,-0.629429042,0.005468843,-0.286597538,-0.007834528,0.000540583,20.35000038,0.52807963,4,Bull Recovery,1.59E-16,2.02E-11,0.000295389,2.87E-10,0.999704611
31-10-2024,-0.019797668,-0.581570197,0.007101612,-0.987984393,-0.027283929,0.000535378,23.15999985,0.649984613,2,Correction,1.19E-22,2.67E-15,0.526493658,4.56E-12,0.473506342
01-11-2024,0.004211707,1.204043107,0.007146788,-1.081730054,-0.023178495,0.000534601,21.87999916,0.615914706,2,Correction,8.32E-15,1.11E-15,0.999999385,1.82E-12,6.15E-07
04-11-2024,-0.002156434,0.901837535,0.006871688,-1.086783559,-0.025282676,0.00049994,21.97999954,0.629014736,2,Correction,9.02E-13,1.03E-16,0.999999971,2.02E-11,2.92E-08
05-11-2024,0.012019401,0.77055108,0.007058113,-1.073702435,-0.013496468,0.000535219,20.48999977,0.593473961,2,Correction,6.64E-10,1.00E-11,0.999997728,4.98E-09,2.27E-06
06-11-2024,0.02456137,0.532233605,0.008595418,0.184769112,0,0.000749226,16.27000046,0.50444673,2,Correction,3.93E-09,0.008738943,0.990389066,5.18E-12,0.000871988
07-11-2024,0.007702532,0.348350131,0.008622468,0.176006907,0,0.000904018,15.19999981,0.516109812,1,Stable Bull,6.78E-10,0.993290919,0.006706667,1.03E-13,2.41E-06
08-11-2024,0.004322356,0.148364841,0.008609802,0.078037283,0,0.001020031,14.93999958,0.509669675,1,Stable Bull,5.54E-11,0.999972299,2.74E-05,3.37E-15,2.58E-07
11-11-2024,0.000952224,-0.050817861,0.008557441,0.159316787,0,0.001104125,14.97000027,0.520575697,1,Stable Bull,1.33E-12,0.999997717,9.05E-07,7.10E-17,1.38E-06
12-11-2024,-0.003110962,-0.228652758,0.008475839,0.325982989,-0.003106128,0.001166617,14.71000004,0.496035775,1,Stable Bull,1.31E-14,0.999998373,8.50E-08,2.83E-19,1.54E-06
13-11-2024,0.000485651,-0.082109848,0.008234433,0.270913302,-0.002621869,0.001208218,14.02000046,0.53651745,1,Stable Bull,2.85E-14,0.999998986,2.25E-07,2.07E-17,7.88E-07
14-11-2024,-0.006450969,-0.262857007,0.00837789,0.401480423,-0.009035215,0.001251117,14.31000042,0.503620316,1,Stable Bull,2.62E-12,0.999925945,3.93E-05,4.54E-16,3.48E-05
15-11-2024,-0.012891484,0.043111255,0.008902747,0.358090057,-0.02172823,0.001317295,16.13999939,0.550990638,1,Stable Bull,5.77E-11,0.956778046,0.041478281,1.07E-14,0.001743673
18-11-2024,0.004089039,0.926601811,0.008907916,0.354096928,-0.017719849,0.001327783,15.57999992,0.548235599,1,Stable Bull,1.26E-08,0.954748813,0.04524927,1.13E-12,1.90E-06
19-11-2024,0.003648704,0.646108051,0.00892535,0.268456341,-0.014129253,0.001318321,16.35000038,0.556207202,1,Stable Bull,2.03E-08,0.989087715,0.010910682,3.84E-12,1.58E-06
20-11-2024,0.000338876,0.395962212,0.008922142,0.254558746,-0.013795109,0.00128764,17.15999985,0.571604004,1,Stable Bull,9.23E-09,0.999348564,0.000646187,6.63E-12,5.24E-06
21-11-2024,0.005353994,0.163554331,0.008687651,0.111481025,-0.008500813,0.00125645,16.87000084,0.556651712,1,Stable Bull,1.54E-11,0.999957544,1.12E-05,1.45E-14,3.13E-05
22-11-2024,0.003094601,-0.035455748,0.008694803,0.095892922,-0.005427766,0.00120793,15.23999977,0.559963003,1,Stable Bull,1.48E-13,0.999995879,2.18E-07,1.42E-16,3.90E-06
25-11-2024,0.003386261,-0.216466273,0.008697215,0.034041489,-0.002054177,0.00113761,14.60000038,0.562762259,1,Stable Bull,4.69E-15,0.999993325,1.75E-07,4.04E-17,6.50E-06
26-11-2024,0.005207901,-0.383595291,0.008728864,0.001724931,0,0.001046125,14.10000038,0.576539302,1,Stable Bull,3.15E-15,0.999980238,2.24E-07,1.25E-16,1.95E-05
27-11-2024,-0.003034584,-0.527533441,0.008787178,0.071693195,-0.003029985,0.000921363,14.10000038,0.581001916,1,Stable Bull,1.85E-14,0.999982508,3.19E-07,1.58E-15,1.72E-05
29-11-2024,0.006192834,-0.438414985,0.00878642,-0.067175688,0,0.000681312,13.51000023,0.595463427,1,Stable Bull,3.47E-16,0.99996254,5.88E-07,2.66E-17,3.69E-05
02-12-2024,0.001790826,-0.578898167,0.007261894,0.793514875,0,0.000667188,13.34000015,0.434116994,1,Stable Bull,1.32E-17,0.999999544,1.83E-10,3.21E-21,4.56E-07
03-12-2024,0.000463632,-0.714599998,0.007272637,0.863324853,0,0.000656087,13.30000019,0.466874416,1,Stable Bull,4.27E-20,0.999999394,3.07E-10,9.91E-22,6.06E-07
04-12-2024,0.006190516,-0.823497564,0.007223883,0.732789272,0,0.000619063,13.44999981,0.440224417,1,Stable Bull,1.02E-19,0.999998238,1.03E-10,8.59E-22,1.76E-06
05-12-2024,-0.001647198,-0.926786801,0.006988387,0.972982682,-0.001645842,0.000626741,13.53999996,0.422629033,1,Stable Bull,1.86E-17,0.999992425,3.50E-11,9.16E-19,7.57E-06
06-12-2024,0.0018939,-0.943465648,0.004805959,-1.321523475,0,0.00100002,12.77000046,0.535723554,1,Stable Bull,2.78E-16,0.987390485,2.03E-05,5.67E-13,0.012589254
09-12-2024,-0.005163081,-1.046625029,0.004773224,-1.202953206,-0.005149776,0.001244164,14.18999958,0.433316112,4,Bull Recovery,3.48E-11,0.406054844,4.64E-05,6.10E-12,0.593898804
10-12-2024,-0.003113731,-0.790518274,0.004768416,-1.02659117,-0.008242654,0.00142399,14.18000031,0.457305693,4,Bull Recovery,1.90E-10,0.020924654,1.67E-05,2.73E-10,0.979058663
11-12-2024,0.007700805,-0.607153732,0.005030152,-0.91241145,-0.000575841,0.00153932,13.57999992,0.40262973,4,Bull Recovery,5.36E-11,0.000333295,9.41E-07,2.37E-11,0.999665763
12-12-2024,-0.005165961,-0.728327016,0.005126791,-0.85850147,-0.005725514,0.001623775,13.92000008,0.414736741,4,Bull Recovery,3.95E-12,9.54E-06,1.07E-06,4.71E-11,0.999989389
13-12-2024,-0.000198535,-0.537384265,0.005129655,-0.837724826,-0.005922893,0.001695177,13.81000042,0.418911456,4,Bull Recovery,6.90E-12,3.82E-06,1.26E-06,4.93E-11,0.999994921
16-12-2024,0.004260863,-0.548362785,0.004926566,-1.09591415,-0.00167823,0.001758826,14.68999958,0.488903321,4,Bull Recovery,2.93E-12,6.76E-08,1.66E-05,1.11E-08,0.999983299
17-12-2024,-0.004128502,-0.684479685,0.003961854,-0.307295131,-0.005791307,0.00184882,15.86999989,0.14145079,4,Bull Recovery,8.18E-23,7.88E-10,2.87E-09,5.86E-29,0.999999996
18-12-2024,-0.030256611,-0.500339026,0.007932288,-2.679381619,-0.035422167,0.001809576,27.62000084,0.652998651,2,Correction,1.55E-53,3.13E-34,0.999999979,4.39E-19,2.06E-08
19-12-2024,-0.0003072,2.565949093,0.007884353,-2.660826092,-0.03571844,0.001765776,24.09000015,0.656642534,2,Correction,1.90E-32,3.49E-33,1,1.83E-23,6.94E-32
20-12-2024,0.011939559,2.257762671,0.008328202,-2.297685754,-0.024136338,0.001735862,18.36000061,0.63514907,2,Correction,1.10E-29,1.47E-19,1,7.13E-27,7.69E-26
23-12-2024,0.005970455,1.831219038,0.008348294,-2.287103911,-0.018292561,0.001719376,16.78000069,0.641823039,2,Correction,1.99E-26,5.92E-12,1,3.15E-26,1.69E-22
24-12-2024,0.011053468,1.447598279,0.008659152,-2.086263445,-0.007381096,0.00171746,14.27000046,0.649095906,2,Correction,4.56E-25,1.76E-08,0.999999982,1.23E-24,5.71E-19
26-12-2024,6.68E-05,1.116327048,0.008636412,-2.048211414,-0.00731479,0.001714202,14.72999954,0.650318662,2,Correction,5.93E-21,1.66E-07,0.999999834,1.86E-20,1.48E-17
27-12-2024,-0.01058238,0.805386929,0.008886381,-1.725596478,-0.017764374,0.001723263,15.94999981,0.688061682,2,Correction,9.25E-24,2.46E-08,0.999999975,2.85E-23,1.52E-13
30-12-2024,-0.011477302,1.41834345,0.009202165,-1.510299277,-0.028973342,0.001748966,17.39999962,0.712062194,2,Correction,8.57E-25,3.14E-13,1,4.59E-25,3.14E-17
31-12-2024,-0.003644664,1.84091977,0.009083832,-1.435477538,-0.032505966,0.001766513,17.35000038,0.715330327,2,Correction,7.20E-23,5.98E-18,1,1.51E-24,2.28E-19
02-01-2025,-0.002460042,1.773899866,0.009062132,-1.379055936,-0.034883117,0.001829148,17.93000031,0.674017987,2,Correction,3.50E-20,2.75E-21,1,8.35E-22,5.23E-18
03-01-2025,0.012425883,1.546046439,0.009545698,-1.20954273,-0.02281587,0.001914232,16.12999916,0.658381492,2,Correction,7.99E-19,2.90E-18,1,3.01E-20,6.57E-15
06-01-2025,0.005744086,1.208335081,0.009529853,-1.212352695,-0.017186688,0.00198867,16.04000092,0.671450887,2,Correction,1.52E-17,2.68E-11,1,1.87E-18,1.94E-13
07-01-2025,-0.011368527,0.89735832,0.009804514,-1.031924,-0.028296557,0.002069004,17.81999969,0.703412671,2,Correction,5.67E-19,1.89E-14,1,2.64E-19,5.65E-12
08-01-2025,0.001460051,1.350712087,0.009797954,-1.028135851,-0.026876784,0.002054124,17.70000076,0.704574795,2,Correction,7.75E-18,1.60E-16,1,8.28E-19,1.12E-13
10-01-2025,-0.015385282,1.073014523,0.010243407,-0.884084129,-0.041733975,0.00203195,19.54000092,0.748580133,2,Correction,2.19E-19,1.27E-25,1,1.54E-20,1.32E-12
13-01-2025,0.001549384,1.704635833,0.010263666,-0.943510901,-0.040248103,0.001974481,19.19000053,0.746477819,2,Correction,7.44E-17,2.75E-31,1,1.15E-18,2.73E-15
14-01-2025,0.001374898,1.409417507,0.010069201,-0.945859425,-0.038927634,0.001891561,18.70999908,0.766381185,2,Correction,1.99E-14,7.05E-30,1,1.21E-15,1.54E-12
15-01-2025,0.018026571,1.063907176,0.010924427,-0.741906958,-0.021445698,0.001826339,16.12000084,0.811194029,2,Correction,2.95E-12,2.49E-22,0.999999999,1.20E-13,7.95E-10
16-01-2025,-0.001924953,0.791930935,0.010926495,-0.718425259,-0.023327558,0.001713026,16.60000038,0.741174592,2,Correction,7.55E-10,8.66E-12,0.999999991,5.02E-11,7.96E-09
17-01-2025,0.009990044,0.616315832,0.011129884,-0.712839321,-0.013521658,0.001525823,15.97000027,0.745091714,2,Correction,1.03E-08,4.16E-06,0.999985211,1.81E-09,1.06E-05
21-01-2025,0.009111633,0.376823761,0.011291955,-0.820530646,-0.004492155,0.001039861,15.06000042,0.696138757,2,Correction,4.65E-09,0.251915267,0.747890478,8.00E-10,0.00019425
22-01-2025,0.005605796,0.156769456,0.008945456,-0.237801103,0,0.000985452,15.10000038,0.611241612,1,Stable Bull,1.40E-08,0.973179395,0.026782274,7.63E-11,3.83E-05
23-01-2025,0.005443217,-0.04099282,0.008966682,-0.325865768,0,0.000920082,15.02000046,0.621052176,1,Stable Bull,1.04E-09,0.999504444,0.000481898,5.55E-12,1.37E-05
24-01-2025,-0.002923636,-0.231975393,0.008729994,-0.187357661,-0.002919367,0.000896131,14.85000038,0.631929169,1,Stable Bull,1.23E-09,0.999974118,1.07E-05,8.38E-12,1.52E-05
27-01-2025,-0.014246253,-0.384431762,0.009290104,-0.083842712,-0.017023327,0.000851701,17.89999962,0.466481264,1,Stable Bull,5.50E-16,0.999312804,4.85E-06,6.24E-19,0.000682351
28-01-2025,0.008555611,0.780918669,0.009161626,-0.092175525,-0.008577282,0.000828745,16.40999985,0.510247238,1,Stable Bull,1.90E-16,0.999994672,5.30E-06,1.63E-18,3.01E-08
29-01-2025,-0.004492943,0.515663156,0.009220139,-0.025017184,-0.013021695,0.000800961,16.55999947,0.500964182,1,Stable Bull,4.69E-17,0.999999056,9.33E-07,5.63E-21,1.12E-08
30-01-2025,0.005352628,0.553355138,0.008954345,-0.192289407,-0.007724603,0.000797563,15.84000015,0.359788194,1,Stable Bull,7.05E-19,0.999999983,1.02E-08,2.72E-25,6.53E-09
31-01-2025,-0.005336227,0.300152162,0.008627804,-0.190105037,-0.013005507,0.000825605,16.43000031,0.342085672,1,Stable Bull,1.47E-18,0.999999933,6.64E-09,5.86E-25,6.06E-08
03-02-2025,-0.006752196,0.400943923,0.008738975,-0.159745979,-0.019647438,0.000841618,18.62000084,0.362254901,1,Stable Bull,2.20E-18,0.999983004,1.05E-06,3.42E-23,1.59E-05
04-02-2025,0.006685866,0.656424674,0.00878879,-0.292228169,-0.013070972,0.000853636,17.20999908,0.364250136,1,Stable Bull,2.50E-17,0.99999788,7.18E-07,1.38E-22,1.40E-06
05-02-2025,0.004046432,0.395345218,0.008445543,-0.297104887,-0.009069341,0.000894081,15.77000046,0.364511603,1,Stable Bull,1.34E-18,0.999999904,1.12E-08,1.30E-24,8.43E-08
06-02-2025,0.003469603,0.161218485,0.008395789,-0.270797206,-0.005625233,0.000932702,15.5,0.358744204,1,Stable Bull,2.58E-19,0.999999856,2.04E-09,8.96E-25,1.42E-07
07-02-2025,-0.009195767,-0.055377476,0.008249559,-0.249813536,-0.014727357,0.000973001,16.54000092,0.37515171,1,Stable Bull,8.07E-20,0.999992993,3.83E-08,9.36E-24,6.97E-06
10-02-2025,0.006768268,0.323109463,0.008346017,-0.31723421,-0.008036149,0.001000758,15.81000042,0.377953179,1,Stable Bull,8.55E-19,0.999999238,2.89E-08,1.00E-22,7.33E-07
11-02-2025,0.000760457,0.094384501,0.007433117,-0.196524023,-0.007281516,0.001069918,16.02000046,0.334075915,1,Stable Bull,6.33E-19,0.9999993,2.41E-09,2.13E-24,6.97E-07
12-02-2025,-0.003226787,-0.119211312,0.007519955,-0.113921784,-0.010479645,0.00111066,15.89000034,0.316287534,1,Stable Bull,7.16E-20,0.999995457,5.52E-10,1.17E-24,4.54E-06
13-02-2025,0.010502159,-0.072350286,0.007756254,-0.203064202,-3.28E-05,0.001129501,15.10000038,0.328453252,1,Stable Bull,4.46E-19,0.999989077,2.68E-09,7.53E-22,1.09E-05
14-02-2025,-4.93E-05,-0.253429657,0.00686383,-0.535179123,-8.21E-05,0.001138333,14.77000046,0.262500714,1,Stable Bull,3.96E-17,0.999914717,3.75E-09,1.98E-21,8.53E-05
18-02-2025,0.002931596,-0.429255524,0.00683005,-0.641043252,0,0.001114875,15.35000038,0.255713058,1,Stable Bull,2.78E-17,0.996368213,1.47E-09,6.03E-21,0.003631785
19-02-2025,0.00235215,-0.590723891,0.006557249,-0.662068955,0,0.001051395,15.27000046,0.241746851,1,Stable Bull,8.86E-18,0.967765343,1.50E-09,4.62E-20,0.032234655
20-02-2025,-0.004169024,-0.729911467,0.006395269,-0.53579834,-0.004160346,0.000920734,15.65999985,0.301454052,1,Stable Bull,7.93E-17,0.823299471,8.27E-08,3.74E-17,0.176700446
21-02-2025,-0.017252073,-0.507879954,0.007367562,-0.634980114,-0.021193295,0.000921309,18.20999908,0.319510578,4,Bull Recovery,2.99E-16,0.120190707,0.009456199,5.95E-16,0.870353093
24-02-2025,-0.004560791,0.739778285,0.007286147,-0.491989158,-0.025647264,0.000917582,18.97999954,0.325597818,2,Correction,2.38E-11,0.0004407,0.918233797,1.21E-14,0.081325504
25-02-2025,-0.004985695,0.846190365,0.007327294,-0.449917577,-0.030492999,0.000916327,19.43000031,0.331349943,2,Correction,1.23E-09,1.13E-09,0.996575018,3.36E-16,0.003424979
26-02-2025,0.000504983,0.915333945,0.006681365,-0.525802959,-0.030003291,0.000906449,19.10000038,0.382307811,2,Correction,1.93E-08,1.02E-13,0.999955761,2.30E-14,4.42E-05
27-02-2025,-0.016090883,0.612149259,0.007178484,-0.552225862,-0.045486491,0.000865868,21.12999916,0.30904984,2,Correction,4.26E-14,5.00E-24,0.999881405,1.09E-20,0.000118595
28-02-2025,0.015484977,1.566446606,0.008042056,-0.267967298,-0.03059084,0.000802384,19.62999916,0.371330097,2,Correction,2.51E-15,4.48E-23,0.999999999,6.90E-22,9.09E-10
03-03-2025,-0.017675164,1.219338836,0.008729317,-0.22048948,-0.047574767,0.000786191,22.78000069,0.607001742,2,Correction,3.31E-22,1.28E-27,1,2.59E-23,4.19E-11
04-03-2025,-0.011907374,2.052622014,0.008980192,-0.167119263,-0.058848398,0.000810518,23.51000023,0.595424013,2,Correction,5.36E-24,2.92E-47,1,3.88E-26,2.41E-17
05-03-2025,0.010690278,2.437109708,0.009320528,-0.287621749,-0.048733255,0.000856082,21.93000031,0.543081674,2,Correction,3.81E-22,6.77E-48,1,4.40E-26,6.27E-19
06-03-2025,-0.0179106,1.962197667,0.009814169,-0.157641176,-0.065619342,0.000943772,24.87000084,0.522357935,2,Correction,1.51E-24,5.20E-56,1,4.09E-27,3.94E-17
07-03-2025,0.005589345,2.443837259,0.009870126,-0.165110562,-0.060382143,0.001039813,23.37000084,0.507378466,2,Correction,3.86E-22,3.35E-67,1,1.10E-28,4.03E-19
10-03-2025,-0.026996775,1.951444828,0.011139543,-0.278564709,-0.085409447,0.001260244,27.86000061,0.643451138,2,Correction,2.83E-19,4.80E-100,1,1.00E-21,2.95E-21
11-03-2025,-0.008347636,3,0.011120276,-0.288769318,-0.093012338,0.001434067,26.92000008,0.608775719,2,Correction,2.82E-15,1.85E-145,1,2.66E-21,2.47E-30
12-03-2025,0.005292681,3,0.01105533,-0.290255727,-0.088199216,0.001570613,24.22999954,0.577149272,2,Correction,6.15E-12,6.67E-158,1,1.00E-19,9.13E-30
13-03-2025,-0.013420195,2.602262232,0.011197267,-0.129964672,-0.100354018,0.001683365,24.65999985,0.594409372,2,Correction,1.29E-09,2.88E-176,0.999999999,6.46E-17,3.74E-29
14-03-2025,0.020445353,2.755610598,0.012447309,0.035580881,-0.081771119,0.001881858,21.77000046,0.654406696,2,Correction,6.25E-08,9.28E-179,0.999999938,2.09E-14,5.59E-30
17-03-2025,0.007681756,2.253756226,0.012305197,0.034424239,-0.074690347,0.002028176,20.51000023,0.645576128,2,Correction,2.55E-06,3.32E-130,0.999997453,8.07E-13,1.27E-22
18-03-2025,-0.010867324,1.818739773,0.012382035,0.14967501,-0.084691545,0.002109552,21.70000076,0.652786012,2,Correction,3.76E-05,4.33E-137,0.999962379,3.07E-11,1.00E-21
19-03-2025,0.010832077,2.248408992,0.012717454,0.119674153,-0.07472296,0.002176779,19.89999962,0.667113708,2,Correction,0.000179727,1.01E-140,0.999820273,1.23E-10,9.35E-24
20-03-2025,-0.002895997,1.811587112,0.012646291,0.177166692,-0.077398684,0.002181293,19.79999924,0.66395157,2,Correction,0.002299969,4.33E-130,0.997700028,2.25E-09,1.44E-20
21-03-2025,0.000329947,1.560622265,0.012678436,0.125690997,-0.077094224,0.00213365,19.28000069,0.670135352,2,Correction,0.011058648,1.55E-140,0.988941344,8.15E-09,4.76E-20
24-03-2025,0.01774991,1.245156933,0.013090999,0.001321163,-0.06056648,0.002144269,17.47999954,0.687269876,2,Correction,0.022983657,7.60E-124,0.977016242,1.01E-07,1.86E-18
25-03-2025,0.002400829,0.948190165,0.013109847,-0.074153956,-0.058308351,0.00211324,17.14999962,0.702006432,2,Correction,0.036080816,1.26E-92,0.963918995,1.89E-07,3.41E-14
26-03-2025,-0.012009954,0.656023199,0.013288312,-0.017444443,-0.069550381,0.002056394,18.32999992,0.715490516,2,Correction,0.0654392,5.31E-109,0.934560252,5.48E-07,5.28E-16
27-03-2025,-0.002659269,1.10748688,0.013276922,0.017065066,-0.072021409,0.00188482,18.69000053,0.738461852,2,Correction,0.085199716,4.24E-125,0.914800186,9.75E-08,1.49E-17
28-03-2025,-0.020343862,1.025877386,0.013530874,-0.006733495,-0.09070934,0.001715805,21.64999962,0.756876736,2,Correction,0.102565619,2.69E-161,0.897434255,1.26E-07,1.83E-22
31-03-2025,0.00669037,1.888411185,0.013081152,-0.021312177,-0.084605453,0.001558473,22.28000069,0.719263503,2,Correction,0.109328884,2.91E-171,0.890671111,5.31E-09,8.64E-24
01-04-2025,0.002820461,1.481577439,0.012668426,-0.172357016,-0.082019974,0.001412802,21.77000046,0.707760858,2,Correction,0.122957059,5.74E-158,0.877041999,9.42E-07,5.90E-21
02-04-2025,0.006308468,1.125955245,0.012561638,-0.348817877,-0.076210621,0.001250661,21.51000023,0.71282832,2,Correction,0.132067086,5.17E-149,0.865756602,0.002176312,5.47E-18
03-04-2025,-0.050536529,0.815123682,0.016291818,-1.072116034,-0.121735702,0.001402576,30.02000046,0.769683098,3,Panic,4.90E-06,4.36E-251,0.010148555,0.989846547,9.17E-39
04-04-2025,-0.060326596,3,0.020271596,-1.342626027,-0.173151922,0.002115874,45.31000137,0.822458171,3,Panic,1.82E-24,0,4.00E-08,0.99999996,6.21E-78
07-04-2025,-0.001782777,3,0.020127419,-1.326986297,-0.174624694,0.002527341,46.97999954,0.824935734,3,Panic,1.38E-30,0,3.19E-15,1,3.11E-105
08-04-2025,-0.015786711,3,0.01969146,-1.445816418,-0.187552345,0.002820236,52.33000183,0.811064836,3,Panic,1.08E-46,0,2.37E-25,1,7.96E-116
09-04-2025,0.099862984,3,0.030266209,1.243264732,-0.102229496,0.00450582,33.61999893,0.922169027,3,Panic,1.32E-31,0,2.21E-47,1,5.10E-163
10-04-2025,-0.04480835,3,0.031727257,1.170925104,-0.141569156,0.005754871,40.72000122,0.92515902,3,Panic,2.95E-30,0,1.40E-38,1,7.92E-100
11-04-2025,0.017685464,3,0.031935605,1.020981455,-0.126252365,0.006655399,37.56000137,0.92589578,3,Panic,7.74E-30,0,3.43E-38,1,4.83E-109
14-04-2025,0.009654751,3,0.031652248,1.083911549,-0.117775696,0.007331139,30.88999939,0.922715839,3,Panic,3.27E-25,0,1.12E-35,1,2.24E-105
15-04-2025,-0.002804607,3,0.031576073,1.138958603,-0.120246521,0.007826468,30.12000084,0.923145995,3,Panic,3.32E-27,0,3.02E-36,1,4.17E-108
16-04-2025,-0.02247896,2.575463237,0.031832311,1.153190603,-0.13980185,0.008207449,32.63999939,0.921489395,3,Panic,3.09E-32,0,1.22E-39,1,3.79E-123
17-04-2025,0.0014257,3,0.03169446,1.207667086,-0.13857459,0.008471919,29.64999962,0.915490648,3,Panic,8.16E-30,0,3.49E-38,1,3.01E-132
21-04-2025,-0.024090511,2.718372039,0.032013292,1.255068653,-0.159078799,0.008645632,33.81999969,0.914482019,3,Panic,3.12E-34,0,1.70E-41,1,2.56E-145
22-04-2025,0.025685117,3,0.032672517,1.106867735,-0.137199861,0.008754095,30.56999969,0.918840902,3,Panic,1.97E-33,0,4.11E-42,1,9.84E-152
23-04-2025,0.015376651,2.88578193,0.03260043,1.120763263,-0.123830358,0.008773414,28.45000076,0.921282042,3,Panic,3.21E-33,0,2.51E-40,1,4.74E-132
24-04-2025,0.020830445,2.377499668,0.033007649,1.017839151,-0.10538794,0.008710631,26.46999931,0.917038144,3,Panic,1.92E-35,0,9.15E-42,1,2.24E-122
25-04-2025,0.007199334,1.968855022,0.032995414,0.936253969,-0.098924089,0.008549466,24.84000015,0.917246961,3,Panic,1.29E-35,0,5.48E-41,1,9.07E-112
28-04-2025,0.000381312,1.591070462,0.03299687,0.922652847,-0.098580432,0.008273383,25.14999962,0.917892245,3,Panic,2.83E-35,0,2.86E-41,1,3.02E-108
29-04-2025,0.006279519,1.265760507,0.032742406,0.835848351,-0.092902141,0.007883071,24.17000008,0.920048462,3,Panic,7.53E-34,0,1.37E-40,1,1.11E-104
30-04-2025,0.000396863,0.98259329,0.032705784,0.866367313,-0.092542076,0.007308167,24.70000076,0.92820693,3,Panic,1.70E-31,0,6.12E-40,1,1.96E-99
01-05-2025,0.007061874,0.732220753,0.03273984,0.845262997,-0.086111042,0.006496147,24.60000038,0.868090747,3,Panic,1.01E-29,0,4.16E-41,1,6.53E-95
02-05-2025,0.014735041,0.516967125,0.03287512,0.801763866,-0.072545149,0.005378759,22.68000031,0.848123156,3,Panic,3.18E-27,0,3.20E-41,1,1.99E-86
05-05-2025,-0.005750719,0.336958754,0.030807626,0.989426134,-0.077863375,0.004410472,23.63999939,0.841814501,3,Panic,1.10E-21,0,1.36E-37,1,3.32E-71
06-05-2025,-0.008393452,0.271797895,0.027426101,1.731994339,-0.085570893,0.003824298,24.76000023,0.822487994,3,Panic,1.41E-15,5.87957316084e-313,6.82E-33,1,7.43E-64
07-05-2025,0.004196488,0.50478605,0.027385414,1.708472209,-0.08172544,0.003067943,23.54999924,0.82486035,3,Panic,1.15E-13,4.2287237e-317,7.57E-32,1,1.15E-61
08-05-2025,0.00694382,0.315395801,0.026965455,1.689834618,-0.075326917,0.001903897,22.47999954,0.824755369,3,Panic,2.06E-13,2.95E-291,7.95E-32,1,7.93E-58
09-05-2025,-0.001275143,0.146997353,0.016326257,-1.142521355,-0.076505257,0.003813086,21.89999962,0.629407505,3,Panic,3.54E-12,3.45E-222,1.11E-23,1,1.56E-33
12-05-2025,0.032513213,0.003807768,0.013941882,-0.235177544,-0.045986025,0.005286112,18.38999939,0.613684819,3,Panic,6.68E-17,2.34E-203,1.89E-30,1,4.31E-36
13-05-2025,0.006582151,-0.101310249,0.013645215,-0.172500367,-0.039685849,0.006343236,18.21999931,0.600437034,3,Panic,1.72E-21,5.01E-177,1.94E-30,1,4.26E-26
14-05-2025,0.001277267,-0.221224262,0.013609345,-0.087196676,-0.038458488,0.007147803,18.62000084,0.611745821,3,Panic,2.00E-27,2.42E-195,5.27E-34,1,5.69E-30
15-05-2025,0.004872396,-0.33920876,0.013517412,-0.165309794,-0.033762045,0.007781682,17.82999992,0.609497583,3,Panic,1.03E-32,1.10E-227,4.46E-37,1,5.86E-34
16-05-2025,0.006314068,-0.441909042,0.012025729,-0.010401805,-0.027641852,0.008388793,17.23999977,0.513257798,3,Panic,5.33E-37,1.01E-254,2.18E-42,1,1.61E-34
19-05-2025,0.001093326,-0.529203497,0.012032041,-0.006956294,-0.026578166,0.008854335,18.13999939,0.529193092,3,Panic,1.42E-42,1.45E-281,3.07E-45,1,2.32E-37
20-05-2025,-0.003367922,-0.569739432,0.010160494,0.958120783,-0.029851061,0.009319731,18.09000015,0.482266635,3,Panic,2.23E-44,3.401582955e-315,5.65E-55,1,1.23E-39
21-05-2025,-0.016994259,-0.608152843,0.010459706,0.578518304,-0.046198721,0.009594783,20.87000084,0.505010853,3,Panic,6.68E-51,0,3.47E-56,1,2.69E-47
22-05-2025,0.000394524,0.122827287,0.010208354,0.776081599,-0.045822349,0.009761576,20.28000069,0.487906745,3,Panic,9.60E-49,0,7.39E-57,1,3.00E-50
23-05-2025,-0.006849254,-0.034800596,0.009709709,0.98527723,-0.052335424,0.009809154,22.29000092,0.478618872,3,Panic,5.70E-52,0,1.05E-60,1,1.85E-51
27-05-2025,0.020577508,0.086148603,0.010428921,0.859359207,-0.032632829,0.009688106,18.95999908,0.510196905,3,Panic,1.95E-48,0,2.78E-58,1,7.79E-50
28-05-2025,-0.005802147,-0.045758079,0.010603659,0.870844193,-0.038229384,0.009429901,19.30999947,0.510141576,3,Panic,7.30E-45,0,3.83E-53,1,1.51E-44
29-05-2025,0.003939566,-0.029845107,0.010580692,0.907520324,-0.034432951,0.009055061,19.18000031,0.509477301,3,Panic,2.09E-41,2.77E-306,1.52E-51,1,1.59E-40
30-05-2025,-0.001119132,-0.169962652,0.010604304,0.92018767,-0.035512944,0.008530486,18.56999969,0.509454143,3,Panic,4.53E-36,3.67E-270,1.07E-47,1,1.30E-35
02-06-2025,0.005617116,-0.243310544,0.010580629,0.944119851,-0.030080064,0.007821347,18.36000061,0.661988199,3,Panic,2.72E-32,1.01E-225,8.45E-44,1,4.29E-31
03-06-2025,0.005686359,-0.356666367,0.010250824,1.088427234,-0.02454904,0.006866006,17.69000053,0.82138558,3,Panic,5.51E-26,4.68E-170,3.43E-38,1,2.82E-23
04-06-2025,-0.000268445,-0.46032359,0.01010152,1.083935863,-0.02481086,0.005870189,17.61000061,0.842970831,3,Panic,1.21E-19,1.75E-120,3.95E-33,1,7.30E-17
05-06-2025,-0.004844471,-0.556248384,0.009935608,1.135362586,-0.02952371,0.005025684,18.47999954,0.829570964,3,Panic,1.01E-15,7.05E-84,1.62E-27,1,4.02E-13
06-06-2025,0.010216558,-0.377600834,0.010062956,1.025316617,-0.019557962,0.003825361,16.77000046,0.834122491,3,Panic,1.10E-07,5.48E-48,1.84E-17,0.999874811,0.000125079
09-06-2025,0.000900823,-0.471646427,0.010034487,1.118859887,-0.018674359,0.001802273,17.15999985,0.827614661,4,Bull Recovery,0.000408394,1.89E-13,2.54E-09,0.132587178,0.867004425
10-06-2025,0.005653706,-0.566160998,0.010006575,1.031539632,-0.013110519,0.001421026,16.95000076,0.814680758,4,Bull Recovery,7.02E-05,4.48E-07,1.09E-05,0.006284585,0.993633876
11-06-2025,-0.00285605,-0.648664682,0.007475804,0.051072922,-0.015925103,0.001467726,17.26000023,0.695121282,4,Bull Recovery,7.54E-08,1.32E-07,7.19E-07,3.98E-06,0.999995098
12-06-2025,0.003966399,-0.613712532,0.00740798,0.089360408,-0.012014119,0.001486395,18.02000046,0.71093744,4,Bull Recovery,5.75E-12,9.42E-09,2.03E-07,4.75E-08,0.99999974
13-06-2025,-0.01124313,-0.694599834,0.007901738,0.098513576,-0.023059961,0.00140244,20.81999969,0.730419775,4,Bull Recovery,6.17E-15,9.89E-12,1.60E-06,3.14E-07,0.999998088
16-06-2025,0.009469368,-0.340273551,0.008083056,0.066161738,-0.013765017,0.001251985,19.11000061,0.744955481,4,Bull Recovery,3.85E-13,8.86E-11,1.05E-06,1.41E-07,0.999998808
17-06-2025,-0.008581787,-0.444436363,0.008243149,0.233823927,-0.022192463,0.001207608,21.60000038,0.754760801,4,Bull Recovery,6.08E-15,7.51E-12,1.06E-06,1.39E-07,0.999998802
18-06-2025,-0.000150828,-0.261929679,0.008241377,0.256015632,-0.022339932,0.001131248,20.13999939,0.777027712,4,Bull Recovery,2.73E-13,6.77E-12,1.77E-06,1.18E-07,0.999998108
20-06-2025,-0.002351236,-0.349298908,0.008222291,0.242369521,-0.024635942,0.001159823,20.62000084,0.693348971,4,Bull Recovery,3.89E-13,7.28E-13,1.76E-06,8.02E-08,0.999998161
23-06-2025,0.009829022,-0.347339037,0.007456438,0.535740153,-0.015001797,0.001217115,19.82999992,0.63472312,4,Bull Recovery,1.34E-13,1.20E-11,1.16E-07,3.00E-08,0.999999854
24-06-2025,0.010986612,-0.451122048,0.007728874,0.374080895,-0.004120339,0.001248526,17.47999954,0.612915622,4,Bull Recovery,1.47E-13,2.20E-06,1.56E-07,8.36E-09,0.999997635
25-06-2025,0.000560227,-0.545931396,0.007467635,0.355306244,-0.003562263,0.00129955,16.76000023,0.547203288,4,Bull Recovery,6.64E-13,0.000120184,1.72E-07,1.09E-09,0.999879642
26-06-2025,0.007793362,-0.63955255,0.006347971,-0.299237404,0,0.001394901,16.59000015,0.374403255,4,Bull Recovery,2.98E-15,8.62E-07,3.43E-09,1.46E-13,0.999999134
27-06-2025,0.004956021,-0.721117167,0.006135956,-0.484814434,0,0.001464379,16.31999969,0.356056861,4,Bull Recovery,3.33E-17,5.23E-07,3.76E-09,6.60E-14,0.999999473
30-06-2025,0.004769886,-0.792591574,0.006149754,-0.498959886,0,0.001499861,16.72999954,0.350391459,4,Bull Recovery,7.64E-18,9.47E-08,1.62E-09,4.37E-14,0.999999904
01-07-2025,-0.000323767,-0.862646358,0.006129848,-0.517851297,-0.000323714,0.001503359,16.82999992,0.303555459,4,Bull Recovery,8.29E-19,6.90E-08,5.63E-10,1.66E-15,0.99999993
02-07-2025,0.004523121,-0.930017969,0.00610548,-0.503303663,0,0.001478509,16.63999939,0.279328594,4,Bull Recovery,9.85E-20,2.62E-07,7.52E-11,1.90E-16,0.999999738
03-07-2025,0.007850405,-0.985819111,0.006182934,-0.507452307,0,0.001444719,16.37999916,0.298919165,4,Bull Recovery,5.07E-20,7.52E-07,1.57E-10,1.77E-15,0.999999248
07-07-2025,-0.007479877,-1.032672599,0.00653032,-0.443907118,-0.007451972,0.001378469,17.79000092,0.342000664,4,Bull Recovery,8.73E-20,8.25E-07,1.31E-09,2.62E-14,0.999999174
08-07-2025,-0.000547885,-0.848545803,0.006367866,-0.515325153,-0.007995626,0.001308149,16.80999947,0.366548545,4,Bull Recovery,1.27E-17,1.27E-05,3.56E-09,7.04E-14,0.999987253
09-07-2025,0.005978748,-0.809537415,0.006167883,-0.564492846,-0.002046916,0.001204132,15.93999958,0.358192237,4,Bull Recovery,8.89E-17,5.82E-05,5.42E-09,6.65E-14,0.999941821
10-07-2025,0.002816289,-0.874882025,0.006163718,-0.610686104,0,0.001060656,15.77999973,0.355396369,4,Bull Recovery,1.53E-16,0.000217075,1.12E-08,6.33E-14,0.999782914
11-07-2025,-0.003521602,-0.941004393,0.006229447,-0.423645488,-0.003515408,0.000855563,16.39999962,0.371435611,4,Bull Recovery,5.30E-16,0.000328661,1.43E-08,1.18E-13,0.999671325
14-07-2025,0.001906465,-0.882341558,0.006139983,-0.534607899,-0.001613834,0.000867031,17.20000076,0.371024672,4,Bull Recovery,5.55E-17,1.77E-05,8.29E-09,1.05E-13,0.999982339
15-07-2025,-0.004282467,-0.949952,0.00626788,-0.361971812,-0.005880248,0.000870896,17.37999916,0.359682043,4,Bull Recovery,4.59E-17,4.76E-05,4.20E-09,3.41E-14,0.999952408
16-07-2025,0.003337697,-0.847494209,0.005543326,-0.276124142,-0.002556634,0.000883133,17.15999985,0.267689787,4,Bull Recovery,1.50E-18,8.84E-06,7.46E-11,1.71E-17,0.99999116
17-07-2025,0.00610089,-0.914617661,0.005370434,-0.316879903,0,0.000877905,16.52000046,0.238027757,4,Bull Recovery,2.77E-20,1.53E-05,3.05E-11,2.45E-18,0.999984722
18-07-2025,-0.000732603,-0.972584913,0.00483616,-0.129762503,-0.000732335,0.000879348,16.40999985,0.163751424,4,Bull Recovery,1.61E-21,8.60E-06,1.22E-12,1.43E-21,0.999991404
21-07-2025,0.001894348,-1.030313354,0.004801059,-0.18668584,0,0.000852097,16.64999962,0.166518448,4,Bull Recovery,2.43E-23,3.84E-06,8.32E-13,2.01E-21,0.999996158
22-07-2025,0.000143185,-1.079975958,0.004702955,-0.224487245,0,0.000800066,16.5,0.211344208,4,Bull Recovery,1.68E-22,4.56E-06,1.00E-11,2.57E-19,0.999995441
23-07-2025,0.008471492,-1.122326814,0.004608344,-0.284693985,0,0.000806159,15.36999989,0.16810881,4,Bull Recovery,6.04E-21,0.000156944,1.73E-12,1.10E-20,0.999843056
24-07-2025,0.000330878,-1.151721155,0.004211608,-0.40947031,0,0.000794061,15.39000034,0.192111278,4,Bull Recovery,1.82E-21,8.00E-05,1.28E-11,1.06E-19,0.999919974
25-07-2025,0.004215538,-1.185634841,0.004219398,-0.525237396,0,0.00077556,14.93000031,0.193611182,4,Bull Recovery,3.66E-20,0.000353405,2.10E-11,2.82E-19,0.999646595
28-07-2025,-0.000251197,-1.213356317,0.004057338,-0.439735054,-0.000251166,0.000835228,15.02999973,0.215888019,4,Bull Recovery,1.07E-19,0.0001034,3.51E-11,1.63E-18,0.9998966
29-07-2025,-0.002640952,-1.220633565,0.004110702,-0.241986703,-0.002887972,0.00088195,15.97999954,0.254424888,4,Bull Recovery,1.43E-19,1.13E-05,3.71E-11,2.57E-17,0.999988746
30-07-2025,-0.00126026,-1.151955158,0.004085099,-0.071874295,-0.004143801,0.000916919,15.47999954,0.240818648,4,Bull Recovery,3.08E-19,6.21E-05,8.76E-12,3.43E-18,0.999937866
31-07-2025,-0.003758315,-1.082451272,0.004218391,-0.029724639,-0.007879518,0.000932762,16.71999931,0.136598419,4,Bull Recovery,1.38E-22,9.15E-06,5.94E-14,4.52E-23,0.99999085
01-08-2025,-0.016526129,-1.012568785,0.005629158,-1.043414841,-0.024140692,0.000917399,20.37999916,0.405909591,4,Bull Recovery,1.82E-22,2.05E-11,3.69E-06,4.06E-10,0.999996309
04-08-2025,0.015085405,-0.214911354,0.006307882,-0.317448322,-0.00930786,0.00092407,17.52000046,0.424700752,4,Bull Recovery,2.68E-12,6.61E-08,2.42E-07,1.08E-11,0.999999692
05-08-2025,-0.005082822,-0.319812113,0.00617771,-0.323361634,-0.014330596,0.000902894,17.85000038,0.406113261,4,Bull Recovery,6.54E-14,0.004805599,9.65E-07,6.81E-13,0.995193436
06-08-2025,0.007630474,-0.285737632,0.00635974,-0.414085041,-0.006780704,0.000902391,16.77000046,0.304904984,4,Bull Recovery,1.25E-15,0.141600624,1.56E-07,9.40E-17,0.85839922
07-08-2025,-0.000837987,-0.389166471,0.006263227,-0.301825791,-0.00761266,0.000907476,16.56999969,0.240854381,1,Stable Bull,2.49E-18,0.816194988,4.54E-09,7.69E-20,0.183805007
08-08-2025,0.007767311,-0.451546363,0.00644067,-0.322179639,0,0.000923256,15.14999962,0.264211059,1,Stable Bull,1.17E-18,0.965432446,1.48E-09,6.49E-19,0.034567552
11-08-2025,-0.001979362,-0.535066945,0.006396895,-0.35217074,-0.001977404,0.00093267,16.25,0.2711846,1,Stable Bull,2.71E-19,0.982976403,4.51E-09,3.90E-19,0.017023593
12-08-2025,0.010589711,-0.50440488,0.006734872,-0.339738889,0,0.000968638,14.72999954,0.293536724,1,Stable Bull,2.76E-19,0.996985559,6.12E-10,7.02E-20,0.00301444
13-08-2025,0.003417382,-0.578210825,0.006621916,-0.494824825,0,0.000989152,14.48999977,0.276062046,1,Stable Bull,1.77E-20,0.999818975,1.25E-10,3.47E-21,0.000181025
14-08-2025,9.29E-05,-0.65675841,0.006619898,-0.425020633,0,0.001028481,14.82999992,0.275940394,1,Stable Bull,8.94E-21,0.999893222,2.19E-10,7.40E-22,0.000106778
15-08-2025,-0.002343943,-0.727624669,0.006586401,-0.271075494,-0.002341198,0.001062175,15.09000015,0.289258069,1,Stable Bull,1.81E-20,0.999884322,1.31E-10,7.78E-22,0.000115678
18-08-2025,-0.000217736,-0.61810937,0.006579984,-0.28258062,-0.002558401,0.001081574,14.98999977,0.294403848,1,Stable Bull,4.37E-20,0.999895433,1.26E-10,2.78E-21,0.000104567
19-08-2025,-0.00543987,-0.693473973,0.00673293,-0.1528657,-0.007969622,0.001100159,15.56999969,0.311596095,1,Stable Bull,3.36E-19,0.999604763,1.69E-10,3.50E-20,0.000395237
20-08-2025,-0.002660714,-0.493424896,0.006774878,-0.096399644,-0.010605623,0.001108273,15.68999958,0.334673119,1,Stable Bull,5.91E-18,0.99815954,7.25E-10,8.90E-19,0.001840459
21-08-2025,-0.004019685,-0.500617701,0.00660421,0.071308627,-0.014574694,0.00109532,16.60000038,0.35134235,1,Stable Bull,1.81E-17,0.993706931,5.85E-09,4.33E-18,0.006293063
22-08-2025,0.015240013,-0.409223057,0.007385386,0.195867157,0,0.001084565,14.22000027,0.354466064,1,Stable Bull,6.42E-18,0.997128363,5.50E-09,1.53E-18,0.002871632
25-08-2025,-0.004410733,-0.489813736,0.00742631,0.340122851,-0.00440102,0.001054363,14.78999996,0.360627372,1,Stable Bull,3.44E-19,0.999980419,2.92E-10,6.89E-20,1.96E-05
26-08-2025,0.004178228,-0.462609838,0.007469675,0.254070352,-0.000232478,0.000984334,14.61999989,0.35623688,1,Stable Bull,9.63E-21,0.999995095,1.08E-10,2.23E-22,4.91E-06
27-08-2025,0.002275956,-0.551816309,0.007439659,0.165230016,0,0.000883226,14.85000038,0.358160156,1,Stable Bull,2.73E-21,0.999992544,1.65E-10,7.51E-23,7.46E-06
28-08-2025,0.003535164,-0.632448834,0.00744541,0.074108331,0,0.000729815,14.43000031,0.364478,1,Stable Bull,1.50E-20,0.999993207,1.37E-10,4.51E-22,6.79E-06
29-08-2025,-0.005981684,-0.703448385,0.007532843,0.086198891,-0.005963829,0.000521972,15.35999966,0.510872498,1,Stable Bull,1.45E-18,0.999970552,3.42E-08,1.69E-17,2.94E-05
02-09-2025,-0.007437749,-0.518881462,0.006691664,0.73767193,-0.013329793,0.00045633,17.17000008,0.427359188,1,Stable Bull,7.81E-17,0.999950378,3.62E-09,2.36E-18,4.96E-05
03-09-2025,0.005404913,-0.345508917,0.005999392,0.667409557,-0.007982489,0.000477121,16.35000038,0.439162321,1,Stable Bull,7.42E-18,0.999877362,4.75E-09,2.55E-18,0.000122634
04-09-2025,0.008322687,-0.445290329,0.006039669,0.472359186,0,0.000486624,15.30000019,0.408896419,1,Stable Bull,1.66E-18,0.999951275,2.30E-09,2.27E-19,4.87E-05
05-09-2025,-0.002900587,-0.527072442,0.00594846,0.678381616,-0.002896384,0.00051155,15.18000031,0.443408363,1,Stable Bull,5.12E-18,0.999991943,3.12E-09,1.88E-18,8.05E-06
08-09-2025,0.002453756,-0.466787521,0.005938868,0.60287191,-0.000446731,0.000531468,15.10999966,0.468360813,1,Stable Bull,1.06E-17,0.999980019,8.09E-09,1.30E-18,2.00E-05
09-09-2025,0.002309121,-0.552540835,0.005755178,0.726726602,0,0.000570025,15.03999996,0.429662409,1,Stable Bull,1.90E-17,0.999984135,1.29E-09,5.61E-19,1.59E-05
10-09-2025,0.002886635,-0.630508243,0.005728272,0.621518111,0,0.000605443,15.35000038,0.360065464,1,Stable Bull,7.05E-19,0.99996736,1.64E-10,6.57E-21,3.26E-05
11-09-2025,0.00827595,-0.697887303,0.005558462,0.600049931,0,0.00065173,14.71000004,0.323857776,1,Stable Bull,5.22E-19,0.99993977,7.97E-12,6.37E-21,6.02E-05
12-09-2025,-0.00033478,-0.752462513,0.00554033,0.700479068,-0.000334724,0.000692479,14.76000023,0.378173825,1,Stable Bull,8.41E-18,0.998395704,3.89E-10,1.89E-17,0.001604296
15-09-2025,0.005309934,-0.806419447,0.005618017,0.560469663,0,0.000722153,15.68999958,0.405506691,1,Stable Bull,3.45E-16,0.943141793,3.50E-09,9.68E-16,0.056858203
16-09-2025,-0.001377927,-0.85464901,0.005591751,0.550952216,-0.001376978,0.000749283,16.36000061,0.387361121,1,Stable Bull,1.26E-15,0.826379332,8.39E-09,1.45E-14,0.17362066
17-09-2025,-0.001243136,-0.857332241,0.005609291,0.569119391,-0.002617631,0.000771557,15.72000027,0.379450765,1,Stable Bull,6.70E-15,0.787274556,1.99E-09,2.19E-14,0.212725442
18-09-2025,0.00466171,-0.845199778,0.005445654,0.454562281,0,0.000796235,15.69999981,0.354751872,1,Stable Bull,4.98E-16,0.551678754,2.60E-09,3.54E-15,0.448321244
19-09-2025,0.00494055,-0.890868682,0.005397754,0.297948502,0,0.000816735,15.44999981,0.37422844,4,Bull Recovery,1.20E-15,0.286421835,5.80E-09,2.94E-14,0.713578159
22-09-2025,0.004719801,-0.93009131,0.005244831,0.165054531,0,0.000844294,16.10000038,0.315728414,4,Bull Recovery,1.22E-16,0.027343603,7.63E-10,6.08E-16,0.972656397
23-09-2025,-0.005458248,-0.967461243,0.004623277,-0.439091495,-0.005443379,0.000869883,16.63999939,0.355271231,4,Bull Recovery,2.99E-17,0.000136848,1.09E-08,7.22E-14,0.999863141
24-09-2025,-0.00318683,-0.83187425,0.004553085,-0.444227507,-0.008607816,0.000876343,16.18000031,0.340999545,4,Bull Recovery,1.03E-15,3.21E-05,3.99E-09,1.37E-14,0.99996788
25-09-2025,-0.004624049,-0.712056656,0.004696437,-0.252439452,-0.01318148,0.000845985,16.73999977,0.324695092,4,Bull Recovery,2.49E-16,9.74E-06,1.53E-09,1.71E-15,0.99999026
26-09-2025,0.005712686,-0.611578287,0.004799175,-0.295978446,-0.007527963,0.000788842,15.28999996,0.309965857,4,Bull Recovery,4.01E-16,0.00011943,1.52E-09,6.42E-16,0.999880568
29-09-2025,0.002806505,-0.678013813,0.004784344,-0.280312381,-0.004738673,0.00070409,16.12000084,0.297594839,4,Bull Recovery,5.45E-17,9.80E-05,1.16E-09,2.51E-16,0.999901968
30-09-2025,0.003759758,-0.740697595,0.004517748,-0.434385038,-0.000989688,0.00058193,16.28000069,0.28396785,4,Bull Recovery,1.91E-17,9.25E-06,2.27E-09,2.57E-16,0.999990749
01-10-2025,0.00340178,-0.796515956,0.004016997,-0.414572613,0,0.00058524,16.29000092,0.262475421,4,Bull Recovery,2.17E-17,8.43E-07,1.06E-09,6.84E-17,0.999999156
02-10-2025,0.00115107,-0.849059075,0.003953143,-0.305976477,0,0.000632316,16.62999916,0.248218607,4,Bull Recovery,3.06E-18,1.15E-07,3.47E-10,1.66E-17,0.999999885
03-10-2025,-1.48E-05,-0.897795322,0.003694531,-0.310422508,-1.48E-05,0.000683076,16.64999962,0.245641259,4,Bull Recovery,8.61E-19,2.28E-08,2.67E-10,1.81E-17,0.999999977
06-10-2025,0.003579857,-0.891268324,0.003569822,-0.500048018,0,0.000730236,16.37000084,0.187047398,4,Bull Recovery,9.80E-20,1.11E-07,3.38E-11,9.99E-20,0.999999889
07-10-2025,-0.003714404,-0.93178353,0.003769453,-0.353415929,-0.003707514,0.000741571,17.23999977,0.219749198,4,Bull Recovery,1.03E-20,2.38E-08,7.12E-11,1.28E-18,0.999999976
08-10-2025,0.005945347,-0.810753983,0.003885476,-0.388339538,0,0.000743404,16.29999924,0.216286737,4,Bull Recovery,9.05E-20,3.94E-07,6.72E-11,9.51E-19,0.999999606
09-10-2025,-0.002901179,-0.856868563,0.004005818,-0.224940381,-0.002896975,0.000729644,16.43000031,0.298422562,4,Bull Recovery,7.22E-24,1.30E-05,3.98E-06,8.69E-21,0.999983061
10-10-2025,-0.027399833,-0.80164057,0.007243285,-2.597935529,-0.029846538,0.000900434,21.65999985,0.527631511,2,Correction,4.33E-26,7.83E-15,0.999996295,3.99E-10,3.70E-06
13-10-2025,0.015227588,0.633460968,0.007987056,-1.85427322,-0.014960389,0.001131275,19.03000069,0.523573633,2,Correction,1.63E-14,1.44E-12,0.999999901,3.50E-13,9.92E-08
14-10-2025,-0.001222393,0.444464925,0.007918825,-1.79357343,-0.016163759,0.001302265,20.80999947,0.512894558,2,Correction,4.77E-15,3.43E-10,0.999999753,8.04E-13,2.47E-07
15-10-2025,0.004429704,0.263604016,0.007961276,-1.863908339,-0.011795988,0.001449139,20.63999939,0.526880762,2,Correction,9.35E-15,9.50E-11,0.999997872,7.06E-11,2.13E-06
16-10-2025,-0.006833429,0.103999104,0.008114582,-1.696722396,-0.01852579,0.001587321,25.30999947,0.534574788,2,Correction,3.37E-20,4.54E-21,0.999964041,5.79E-10,3.60E-05
17-10-2025,0.005660156,0.197060379,0.008144671,-1.689022307,-0.012954741,0.001708845,20.78000069,0.552264236,2,Correction,2.56E-15,2.39E-12,0.999990976,7.79E-11,9.02E-06
20-10-2025,0.010346787,0.048335697,0.008381199,-1.564604639,-0.002688977,0.001830492,18.22999954,0.544308162,2,Correction,6.55E-15,3.27E-09,0.999990261,4.86E-12,9.74E-06
21-10-2025,-1.49E-05,-0.081676991,0.008326705,-1.518751415,-0.00270388,0.001928468,17.87000084,0.625031384,2,Correction,1.87E-14,3.90E-10,0.999998804,3.39E-11,1.20E-06
22-10-2025,-0.005212477,-0.205190626,0.008318351,-1.525559956,-0.007888738,0.001996134,18.60000038,0.590982737,2,Correction,1.18E-15,3.47E-10,0.999995076,5.63E-12,4.92E-06
23-10-2025,0.00591245,-0.012693377,0.008362956,-1.641645376,-0.002005556,0.002045829,17.29999924,0.589224047,2,Correction,8.55E-16,7.22E-10,0.999999235,1.43E-12,7.64E-07
24-10-2025,0.00813934,-0.138571936,0.008415599,-1.785499984,0,0.00208597,16.37000084,0.642533933,2,Correction,7.81E-16,6.04E-10,0.999999642,1.30E-11,3.57E-07
27-10-2025,0.011728615,-0.253490548,0.008669402,-1.653881115,0,0.002126717,15.78999996,0.691108948,2,Correction,2.18E-15,4.59E-10,0.99999849,5.01E-11,1.51E-06
28-10-2025,0.002652495,-0.347170962,0.008668445,-1.651870033,0,0.002149515,16.42000008,0.661393879,2,Correction,3.66E-15,4.05E-10,0.999998287,8.90E-11,1.71E-06
29-10-2025,0.000480255,-0.444897404,0.008658046,-1.603244204,0,0.002141936,16.92000008,0.663292968,2,Correction,6.34E-14,1.12E-10,0.999993158,3.59E-09,6.84E-06
30-10-2025,-0.011059114,-0.535273099,0.009064144,-1.299774911,-0.010998187,0.00210094,16.90999985,0.612001917,2,Correction,1.46E-10,7.73E-09,0.99981738,7.27E-08,0.000182539
31-10-2025,0.003274854,-0.19403874,0.009080045,-1.32616868,-0.007754042,0.002025037,17.44000053,0.603937035,2,Correction,9.88E-10,2.14E-07,0.995133346,3.08E-07,0.004866131
03-11-2025,0.001874981,-0.309339882,0.009079838,-1.356611857,-0.005891854,0.001888739,17.17000008,0.602543476,2,Correction,3.51E-09,1.21E-05,0.969547709,9.83E-07,0.030439192
04-11-2025,-0.011924361,-0.412057752,0.009480639,-1.082516739,-0.017675562,0.001704249,19,0.629694785,2,Correction,3.08E-08,1.55E-06,0.879872559,6.88E-06,0.120118983
05-11-2025,0.003459485,-0.038698934,0.00945962,-1.195034774,-0.01427134,0.001469689,18.01000023,0.610405459,2,Correction,3.05E-07,2.30E-05,0.656934765,2.66E-06,0.343039298
06-11-2025,-0.010787429,-0.167321851,0.009688652,-0.950622155,-0.02484767,0.001158462,19.5,0.611834887,4,Bull Recovery,1.03E-06,1.01E-07,0.361667296,3.90E-06,0.638327666
07-11-2025,0.000984081,0.064440194,0.009671542,-1.013277882,-0.023887569,0.000646521,19.07999992,0.61255592,4,Bull Recovery,1.67E-06,5.60E-11,0.085795635,1.04E-06,0.914201651
10-11-2025,0.015483874,-0.038976176,0.007979219,-0.162306129,-0.008655949,0.000586176,17.60000038,0.481996525,4,Bull Recovery,3.55E-07,3.83E-06,0.000593883,1.07E-09,0.999401932
11-11-2025,0.002286561,-0.152033801,0.0073866,-0.239817865,-0.006386587,0.000632417,17.28000069,0.482991459,4,Bull Recovery,3.68E-09,0.002622981,9.44E-06,1.11E-10,0.997367578
12-11-2025,0.000556236,-0.268393344,0.007365044,-0.275017578,-0.00583375,0.000672966,17.51000023,0.4696149,4,Bull Recovery,1.56E-11,0.001847152,1.64E-06,4.25E-11,0.99815121
13-11-2025,-0.016733219,-0.339367802,0.008328544,-0.355875982,-0.022330941,0.000660617,20,0.483237639,4,Bull Recovery,1.54E-12,1.23E-06,1.38E-05,8.22E-10,0.999984983
14-11-2025,-0.000163563,0.16846238,0.008160816,-0.460988167,-0.022490839,0.000658986,19.82999992,0.452994186,4,Bull Recovery,6.24E-12,2.14E-09,3.78E-06,1.28E-11,0.999996222
17-11-2025,-0.009360292,0.11066455,0.008369745,-0.265773831,-0.031597921,0.000652939,22.37999916,0.464246225,4,Bull Recovery,9.24E-14,8.32E-15,6.10E-06,6.29E-11,0.999993896
18-11-2025,-0.008432919,0.25162363,0.008221189,-0.101234615,-0.03973004,0.000656727,24.69000053,0.432312657,4,Bull Recovery,3.18E-15,8.02E-25,1.24E-05,3.62E-11,0.999987572
19-11-2025,0.003855734,0.424134179,0.00828289,-0.15833798,-0.036020348,0.000657732,23.65999985,0.415853626,4,Bull Recovery,5.20E-14,1.64E-26,0.000158234,1.37E-11,0.999841766
20-11-2025,-0.015359584,0.243808172,0.00884144,-0.192284768,-0.050713545,0.000656225,26.42000008,0.481642897,4,Bull Recovery,4.24E-14,1.49E-36,0.005883563,4.88E-08,0.994116388
21-11-2025,0.009911853,0.570691973,0.009040901,-0.175909543,-0.041257571,0.000659089,23.43000031,0.447123146,4,Bull Recovery,7.97E-09,1.31E-38,0.005764913,5.52E-09,0.994235074
24-11-2025,0.014611339,0.376705029,0.009465195,-0.072247458,-0.027146218,0.000678929,20.52000046,0.453699937,4,Bull Recovery,4.77E-08,4.95E-22,0.000510704,4.63E-10,0.999489248
25-11-2025,0.009361877,0.217257474,0.009324061,-0.094401469,-0.017995715,0.000691761,18.55999947,0.385367833,4,Bull Recovery,2.82E-10,2.62E-06,1.40E-05,1.79E-13,0.99998338
26-11-2025,0.006879862,0.064682342,0.009445258,-0.132021462,-0.011216367,0.000708115,17.19000053,0.400873266,4,Bull Recovery,6.17E-14,0.361569387,1.33E-05,1.75E-14,0.638417325
28-11-2025,0.005443591,-0.073709142,0.009533079,-0.192188854,-0.005819157,0.000726058,16.35000038,0.410101327,1,Stable Bull,2.10E-15,0.984680791,6.19E-07,2.08E-15,0.015318591
01-12-2025,-0.004575924,-0.199138164,0.009267764,-0.236067308,-0.01035806,0.000730793,17.23999977,0.399948183,1,Stable Bull,5.25E-17,0.999594549,2.21E-08,4.12E-17,0.000405429
02-12-2025,0.001850564,-0.123107022,0.009248027,-0.21685786,-0.008524969,0.000734554,16.59000015,0.416372465,1,Stable Bull,3.17E-18,0.999967706,1.23E-08,1.33E-18,3.23E-05
03-12-2025,0.003456768,-0.248607484,0.009270792,-0.237948336,-0.00509174,0.00073884,16.07999992,0.411130635,1,Stable Bull,5.61E-19,0.999985556,5.10E-09,3.95E-20,1.44E-05
04-12-2025,0.000730873,-0.361663162,0.008856352,-0.356165906,-0.004364323,0.000724581,15.77999973,0.395802222,1,Stable Bull,1.29E-19,0.999991392,2.47E-09,6.43E-21,8.61E-06
05-12-2025,0.001897593,-0.464152,0.008838038,-0.334028771,-0.002473218,0.000709661,15.40999985,0.390629979,1,Stable Bull,1.76E-19,0.999988151,1.95E-09,9.76E-21,1.18E-05
08-12-2025,-0.003008731,-0.558727724,0.008494723,-0.391803757,-0.005469997,0.000681306,16.65999985,0.347531943,1,Stable Bull,2.76E-20,0.999968856,7.06E-10,1.97E-21,3.11E-05
09-12-2025,-0.000863491,-0.568663288,0.008503774,-0.35923487,-0.006328394,0.000647692,16.93000031,0.347627154,1,Stable Bull,7.12E-21,0.99993661,5.67E-10,4.30E-21,6.34E-05
10-12-2025,0.006610339,-0.572661205,0.007942126,-0.578260647,0,0.000649739,15.77000046,0.275411245,1,Stable Bull,6.92E-21,0.999936675,6.99E-11,3.59E-22,6.33E-05
11-12-2025,0.002324243,-0.650208385,0.007942572,-0.578817029,0,0.000604333,14.85000038,0.259276248,1,Stable Bull,4.21E-20,0.999483775,6.61E-11,1.82E-21,0.000516225
12-12-2025,-0.010810297,-0.724676455,0.008312115,-0.431161973,-0.010752076,0.000530386,15.73999977,0.266344316,1,Stable Bull,2.81E-18,0.971322097,5.45E-09,1.31E-19,0.028677897
15-12-2025,-0.001511951,-0.3493404,0.007404452,-0.332808429,-0.01224664,0.000600544,16.5,0.26157306,1,Stable Bull,8.46E-17,0.819031995,5.76E-09,1.69E-19,0.180967999
16-12-2025,-0.002736025,-0.372825313,0.007439119,-0.282163998,-0.014945464,0.000651607,16.47999954,0.265662463,4,Bull Recovery,1.33E-16,0.263842262,1.62E-08,1.18E-18,0.736157722
17-12-2025,-0.011064581,-0.366055071,0.007560256,-0.305390248,-0.025784604,0.00069282,17.62000084,0.241411912,4,Bull Recovery,2.65E-16,2.79E-06,9.00E-09,1.35E-18,0.999997198
18-12-2025,0.007522895,-0.060682365,0.007427924,-0.506187502,-0.018428047,0.000736485,16.87000084,0.227445853,4,Bull Recovery,1.02E-16,4.12E-07,6.60E-09,2.76E-19,0.999999581
19-12-2025,0.009022679,-0.192427175,0.007604875,-0.51697294,-0.009531564,0.000765041,14.90999985,0.248886578,4,Bull Recovery,8.89E-19,0.139689533,9.53E-08,4.75E-20,0.860310372
22-12-2025,0.006210479,-0.304403973,0.006618838,-0.411858437,-0.00336114,0.000870632,14.07999992,0.155705479,1,Stable Bull,4.47E-21,0.991314131,3.80E-11,1.99E-25,0.008685869
23-12-2025,0.004560079,-0.404982671,0.006416754,-0.40886141,0,0.00096539,14,0.204783808,1,Stable Bull,4.43E-22,0.999854798,1.25E-11,1.80E-23,0.000145202
24-12-2025,0.003511502,-0.496371629,0.005766291,-0.792774496,0,0.001078589,13.47000027,0.152745346,1,Stable Bull,1.09E-21,0.99978493,8.56E-12,2.50E-25,0.00021507
26-12-2025,-0.000101415,-0.580076441,0.005497629,-0.804877667,-0.00010141,0.001188508,13.60000038,0.134875219,1,Stable Bull,7.74E-21,0.995640854,4.23E-11,4.21E-25,0.004359146
29-12-2025,-0.003570018,-0.63069314,0.005431017,-0.645622022,-0.003664702,0.001260192,14.19999981,0.096306176,1,Stable Bull,8.24E-21,0.977043419,4.74E-12,4.82E-26,0.022956581
30-12-2025,-0.00122196,-0.584106474,0.005334426,-0.536435097,-0.00488144,0.001300545,14.32999992,0.056654256,1,Stable Bull,1.43E-20,0.951984694,8.80E-12,3.78E-26,0.048015306
