Date,AAPL_RESID,MSFT_RESID,SPY_RESID
05-01-2015,-0.029290329,-0.010014545,-0.018274779
06-01-2015,-0.00233039,-0.016932547,-0.012081675
07-01-2015,0.013164073,0.009427407,0.011616963
08-01-2015,0.036541048,0.029089694,0.018743419
09-01-2015,0.000748759,-0.006163651,-0.007969435
12-01-2015,-0.024533592,-0.014201749,-0.009212371
13-01-2015,0.007452402,-0.006722464,-0.004073908
14-01-2015,-0.002318774,-0.010178312,-0.005897408
15-01-2015,-0.030974337,-0.013918804,-0.011128015
16-01-2015,-0.009581123,0.014062028,0.012761934
20-01-2015,0.024237076,0.003470676,0.002375526
21-01-2015,0.006773575,-0.010677657,0.004621541
22-01-2015,0.02384731,0.023515178,0.014108782
23-01-2015,0.006570385,0.004223172,-0.004053301
26-01-2015,0.001248007,-0.004891785,-0.000245998
27-01-2015,-0.036137778,-0.098028469,-0.012309878
28-01-2015,0.053886677,-0.04734581,-0.015249985
29-01-2015,0.031436616,0.010921669,0.007936932
30-01-2015,-0.014472475,-0.039339022,-0.01115266
02-02-2015,0.009913476,0.010386197,0.008855568
03-02-2015,0.005182863,0.011316973,0.01682177
04-02-2015,0.003790398,0.004350676,-0.004443573
05-02-2015,0.008297368,0.013792635,0.008578109
06-02-2015,-0.009756873,0.001776041,-0.001197169
09-02-2015,0.006033359,-0.003024926,-0.006929782
10-02-2015,0.018448566,0.00579131,0.010913563
11-02-2015,0.023308567,-0.00589294,0.000586426
12-02-2015,0.012090175,0.015217355,0.008692887
13-02-2015,0.005960916,0.018663996,0.004652792
17-02-2015,0.005818802,0.00244373,0.000925666
18-02-2015,0.007604187,-0.00214586,-0.000488519
19-02-2015,-0.002901806,-0.000301222,-0.000890119
20-02-2015,0.007702336,0.006783997,0.004859624
23-02-2015,0.02615151,0.006762761,0.000488766
24-02-2015,-0.005600732,-0.001683711,0.001477252
25-02-2015,-0.027453546,-0.003053448,-0.000666154
26-02-2015,0.011905046,0.000521689,-0.00202391
27-02-2015,-0.015077352,-0.005614203,-0.004169784
02-03-2015,0.00171504,-0.001153673,0.005948573
03-03-2015,0.001212062,-0.01482842,-0.004575989
04-03-2015,-0.006631484,-0.007902479,-0.004699421
05-03-2015,-0.019396319,-0.001165984,-0.000390631
06-03-2015,0.001371188,-0.018534055,-0.013519533
09-03-2015,0.001991276,0.00728189,0.001263299
10-03-2015,-0.021363484,-0.018869011,-0.01507177
11-03-2015,-0.02172771,-0.005025119,-0.005075836
12-03-2015,0.017517015,-0.025221756,0.012387046
13-03-2015,-0.008485529,0.005469326,-0.004589022
16-03-2015,0.008928774,0.001978921,0.009885794
17-03-2015,0.015977408,0.004177572,0.000114085
18-03-2015,0.012195159,0.016227263,0.008800321
19-03-2015,-0.009241227,-0.001100419,-0.002818896
20-03-2015,-0.011731262,0.010854883,0.007375667
23-03-2015,0.008346908,0.002026937,-0.00248063
24-03-2015,-0.003587407,-0.00043529,-0.004725402
25-03-2015,-0.029338096,-0.03474107,-0.018366305
26-03-2015,0.005598872,-0.010884379,-0.000871979
27-03-2015,-0.008715504,-0.008969611,-0.001033995
30-03-2015,0.022744765,-0.002246631,0.014573297
31-03-2015,-0.016094807,-0.010709722,-0.01074688
01-04-2015,-0.002195983,0.000794301,-0.003470804
02-04-2015,0.00686675,-0.013166927,0.001923614
06-04-2015,0.017417302,0.029544191,0.007533232
07-04-2015,-0.013526191,0.000673873,-0.003554704
08-04-2015,-0.002280369,-0.001933281,0.002903574
09-04-2015,0.005442997,-0.001116133,0.004086736
10-04-2015,0.005398518,0.007612011,0.005283081
13-04-2015,-0.005045513,-0.001791156,-0.004873882
14-04-2015,-0.00345384,-0.001545389,0.000964134
15-04-2015,0.001603289,0.011709943,0.004175823
16-04-2015,-0.004478965,-0.000110734,-0.000270182
17-04-2015,-0.013726596,-0.015216519,-0.012718675
20-04-2015,0.021941516,0.028910018,0.008108548
21-04-2015,-0.005881863,-0.003996637,-0.000921169
22-04-2015,0.011980455,0.006838264,0.00426844
23-04-2015,0.007780566,0.007729632,0.001850169
24-04-2015,0.005526812,0.10144697,0.002831687
27-04-2015,0.016043451,0.013086468,-0.005836775
28-04-2015,-0.013798214,0.02722272,0.003598323
29-04-2015,-0.017752851,-8.24E-05,-0.005511061
30-04-2015,-0.027296564,-0.003356017,-0.009947172
01-05-2015,0.02690699,-0.006336536,0.008501062
04-05-2015,-0.002278907,-0.004713951,0.004579486
05-05-2015,-0.024961559,-0.020134571,-0.013032274
06-05-2015,-0.008498098,-0.027712374,-0.005489489
07-05-2015,0.007098167,0.001145685,0.003983402
08-05-2015,0.015408237,0.023372422,0.012228689
11-05-2015,-0.009851023,-0.0087416,-0.003604653
12-05-2015,-0.005722051,-0.001257096,-0.005120917
13-05-2015,0.001517268,0.004826667,0.000200794
14-05-2015,0.021869217,0.023285077,0.009873591
15-05-2015,-0.001822309,-0.008084586,0.001033555
18-05-2015,0.010154038,-0.006449257,0.002961434
19-05-2015,-0.00086677,-0.004897653,-0.00147441
20-05-2015,2.59E-05,-2.60E-05,-0.000217099
21-05-2015,0.008453847,-0.006394595,0.001079929
22-05-2015,0.009613292,-0.011338323,-0.001380624
26-05-2015,-0.024089087,-0.010335299,-0.012782833
27-05-2015,0.017803969,0.020398898,0.008896681
28-05-2015,-0.002214076,-0.003024691,-0.000832212
29-05-2015,-0.012382706,-0.013277431,-0.007198462
01-06-2015,-0.000662116,0.004859278,0.000915699
02-06-2015,-0.003087937,-0.005500791,-0.000704145
03-06-2015,-0.00228724,-0.004832345,0.001349121
04-06-2015,-0.005484483,-0.011217034,-0.008247515
05-06-2015,-0.00781413,-0.007424877,-0.00338658
08-06-2015,-0.007198062,-0.011085264,-0.0064612
09-06-2015,-0.00486758,-0.004116782,-0.000920634
10-06-2015,0.010281982,0.01863321,0.01094738
11-06-2015,-0.003213126,-0.002016448,0.004652835
12-06-2015,-0.012268336,-0.011880767,-0.009547993
15-06-2015,-0.003276369,-0.012406009,-0.004473308
16-06-2015,0.004885094,0.005551721,0.004150127
17-06-2015,-0.004012162,0.001834468,0.002088145
18-06-2015,0.003458286,0.015620114,0.009470196
19-06-2015,-0.010784668,-0.01282176,-0.004085364
22-06-2015,0.006788818,0.001374703,0.004082274
23-06-2015,-0.00540373,-0.008367423,0.000293237
24-06-2015,0.007550528,-0.006683434,-0.007020706
25-06-2015,-0.006034252,-0.003463579,-0.005548249
26-06-2015,-0.006075054,-0.008279996,0.000867146
29-06-2015,-0.019859556,-0.023774239,-0.02316487
30-06-2015,0.006685416,-0.007623915,0.000814506
01-07-2015,0.007120491,0.003516668,0.007712561
02-07-2015,-0.001347368,-0.001373449,-0.00036814
06-07-2015,-0.005930708,-0.002629779,-0.004581166
07-07-2015,-0.001631693,-0.002232313,0.006539826
08-07-2015,-0.027273366,-0.003089628,-0.017592705
09-07-2015,-0.022026636,0.005270432,6.58E-05
10-07-2015,0.023564584,0.001437087,0.012443525
13-07-2015,0.019379158,0.020043243,0.011921205
14-07-2015,-0.002748084,0.003256088,0.003331078
15-07-2015,0.009797663,0.003174097,0.000333678
16-07-2015,0.014031184,0.018845129,0.006285579
17-07-2015,0.008443891,0.001834844,0.002013011
20-07-2015,0.018215873,0.004802918,-0.000972655
21-07-2015,-0.009168244,0.008564899,-0.004069406
22-07-2015,-0.044364561,-0.037322092,-0.002577518
23-07-2015,-0.002632056,0.006759648,-0.00666438
24-07-2015,-0.00588796,-0.003580473,-0.010652662
27-07-2015,-0.017349394,-0.014688991,-0.008016662
28-07-2015,0.002183925,-0.004655516,0.012534568
29-07-2015,-0.003054146,0.021389757,0.006645198
30-07-2015,-0.007619799,0.012031793,0.000437038
31-07-2015,-0.009568379,-0.001788607,-0.002741333
03-08-2015,-0.025322645,0.000503734,-0.003437161
04-08-2015,-0.034961024,0.016522775,-0.0031931
05-08-2015,0.003793854,0.00084863,0.003028774
06-08-2015,0.00062568,-0.020402367,-0.00856796
07-08-2015,0.000785181,-0.001176363,-0.003337719
10-08-2015,0.034316421,0.012333769,0.012261848
11-08-2015,-0.051696622,-0.020184869,-0.008454237
12-08-2015,0.011111699,0.003598734,-0.000885257
13-08-2015,0.000847067,-0.000349205,-0.000951919
14-08-2015,0.00545793,0.004859262,0.002957203
17-08-2015,0.006854974,0.005316108,0.004846529
18-08-2015,-0.002699032,0.00678818,-0.002113527
19-08-2015,-0.016918616,-0.01535656,-0.01014709
20-08-2015,-0.019132795,-0.021954601,-0.020891053
21-08-2015,-0.067179143,-0.063062142,-0.033748656
24-08-2015,-0.028099374,-0.041043673,-0.044714977
25-08-2015,0.00156591,-0.037813633,-0.015498076
26-08-2015,0.054009422,0.04767598,0.037550381
27-08-2015,0.026606238,0.028986357,0.02771918
28-08-2015,0.005489473,0.00492002,-0.000877662
31-08-2015,-0.005228361,-0.011169948,-0.008297383
01-09-2015,-0.042542934,-0.037220226,-0.031808714
02-09-2015,0.037230602,0.027405846,0.016059763
03-09-2015,-0.015071499,0.007670667,0.003016287
04-09-2015,-0.014772743,-0.023225832,-0.016675096
08-09-2015,0.026508705,0.026438977,0.022315505
09-09-2015,-0.017057339,-0.014880365,-0.009480859
10-09-2015,0.016587387,0.000725331,0.0004386
11-09-2015,0.017384255,0.004031063,0.006933697
14-09-2015,0.008214948,-0.009523266,-0.00467257
15-09-2015,0.008003927,0.01740516,0.010503633
16-09-2015,0.00229484,0.010644436,0.011415731
17-09-2015,-0.022788404,-0.00233638,-0.005080885
18-09-2015,-0.005021822,-0.017585511,-0.015040339
21-09-2015,0.013948225,0.011620386,0.001447909
22-09-2015,-0.016297953,-0.004519071,-0.0111719
23-09-2015,0.004937712,-0.002283656,-0.004294789
24-09-2015,0.006722198,-0.000996726,-0.003978681
25-09-2015,-0.003742764,0.00102741,8.96E-05
28-09-2015,-0.021501475,-0.017289344,-0.027933539
29-09-2015,-0.031342484,0.001687563,0.000363344
30-09-2015,0.008352397,0.016771441,0.016313642
01-10-2015,-0.007142601,0.009839552,0.006246974
02-10-2015,0.003951164,0.020302601,0.010896575
05-10-2015,0.002957383,0.026398049,0.021105866
06-10-2015,0.004614804,0.004780003,-0.004786135
07-10-2015,-0.006316921,0.001753962,0.007499608
08-10-2015,-0.011530956,0.013773603,0.00965651
09-10-2015,0.021424073,-0.005818937,-0.000141752
12-10-2015,-0.003655812,-0.004394496,0.000847628
13-10-2015,-0.000870652,-0.003290133,-0.007259166
14-10-2015,-0.014102718,-0.00569871,-0.005458576
15-10-2015,0.013865662,0.004691146,0.014121842
16-10-2015,-0.008410739,0.010650855,0.005906769
19-10-2015,0.00528287,0.002216625,-0.000687686
20-10-2015,0.016506192,0.00288266,-0.001666844
21-10-2015,0.001415083,-0.012284937,-0.006550012
22-10-2015,0.012459589,0.015298178,0.015091945
23-10-2015,0.032681277,0.09668939,0.01290193
26-10-2015,-0.032781549,0.037318962,-0.003531718
27-10-2015,-0.007806463,-0.006444004,-0.002565842
28-10-2015,0.040130039,0.00651771,0.010928208
29-10-2015,0.011865753,-0.008504429,-0.000470065
30-10-2015,-0.011872951,-0.017700484,-0.004850663
02-11-2015,0.015603087,0.009159235,0.010304514
03-11-2015,0.011607271,0.016365273,0.004476607
04-11-2015,-0.005037315,0.005552057,-0.004819064
05-11-2015,-0.006091075,-0.000787442,-0.001046629
06-11-2015,0.001492617,0.010069232,-0.001300941
09-11-2015,-0.00558309,-0.013709857,-0.010019727
10-11-2015,-0.03309048,-0.014449442,0.001263707
11-11-2015,-0.008500956,-0.000391638,-0.004335522
12-11-2015,-0.004254224,-0.006763538,-0.014522066
13-11-2015,-0.032157416,-0.012222512,-0.013701096
16-11-2015,0.012723183,0.015559611,0.01510225
17-11-2015,-0.003922954,-0.007716154,-0.000570868
18-11-2015,0.028486597,0.014573046,0.015209596
19-11-2015,0.012827951,0.002334648,-0.000594931
20-11-2015,0.005218075,0.005199359,0.00339853
23-11-2015,-0.014377354,-0.001602278,-0.002533645
24-11-2015,0.010906432,0.002120906,0.002280435
25-11-2015,-0.009184598,-0.012821228,-0.002441108
27-11-2015,-0.001942424,0.003650207,0.002527435
30-11-2015,0.001416262,0.005694697,-0.006394099
01-12-2015,-0.006997223,0.016894165,0.010053541
02-12-2015,-0.012610331,-0.000486091,-0.010880248
03-12-2015,-0.008856128,-0.017607254,-0.015214415
04-12-2015,0.029799614,0.02702451,0.017469607
07-12-2015,-0.005227861,0.002064601,-0.003783448
08-12-2015,-0.00304766,-0.002415228,-0.009390226
09-12-2015,-0.021917147,-0.015195203,-0.008262426
10-12-2015,0.003633194,0.003673919,0.002129216
11-12-2015,-0.027988897,-0.024156957,-0.020896731
14-12-2015,-0.008014015,0.016872544,0.004291377
15-12-2015,-0.02080003,0.000446119,0.009243834
16-12-2015,0.006965384,0.017528913,0.016729248
17-12-2015,-0.024894188,-0.008777383,-0.017463708
18-12-2015,-0.027870718,-0.027221811,-0.01781704
21-12-2015,0.007613527,0.005751859,0.004527587
22-12-2015,0.000683789,0.01205079,0.011984344
23-12-2015,0.007857069,0.005676059,0.010147435
24-12-2015,-0.003927777,-0.001317952,-0.000107004
28-12-2015,-0.013210779,0.003736621,-0.003816727
29-12-2015,0.017225071,0.010896053,0.009763215
30-12-2015,-0.013271448,-0.004024705,-0.005648747
31-12-2015,-0.021654664,-0.016160753,-0.013117045
04-01-2016,-0.000721854,-0.014966969,-0.013618218
05-01-2016,-0.025633732,0.001788012,-0.000850924
06-01-2016,-0.023908616,-0.019801279,-0.012023736
07-01-2016,-0.044589,-0.039182978,-0.026197366
08-01-2016,0.001340035,-0.003167137,-0.013720504
11-01-2016,0.013966003,-0.001911845,0.001491078
12-01-2016,0.012896668,0.006273643,0.006369779
13-01-2016,-0.02807111,-0.022363891,-0.023887163
14-01-2016,0.021685941,0.025138144,0.012111779
15-01-2016,-0.024630206,-0.039298419,-0.01893797
19-01-2016,-0.006360391,-0.01332863,-0.00201997
20-01-2016,-0.001546597,-8.05E-05,-0.013500948
21-01-2016,-0.003652092,-0.004476093,0.006330373
22-01-2016,0.04681157,0.028930333,0.016861593
25-01-2016,-0.015274098,-0.003015583,-0.009541186
26-01-2016,0.000959542,0.003218837,0.005833642
27-01-2016,-0.065352029,-0.016403136,-0.004830299
28-01-2016,0.003182113,0.013045907,-0.000287146
29-01-2016,0.032068389,0.056615403,0.025914844
01-02-2016,-0.009066443,8.77E-05,0.001710813
02-02-2016,-0.026126675,-0.033675872,-0.022265824
03-02-2016,0.022734364,-0.018302602,0.007639377
04-02-2016,0.005778236,-0.006091293,-0.001258838
05-02-2016,-0.026998104,-0.039459252,-0.016889226
08-02-2016,0.006757513,-0.021552272,-0.01859453
09-02-2016,0.002197091,-0.006822008,0.001492128
10-02-2016,-0.011208641,0.006496616,-0.002616574
11-02-2016,-0.006732268,-0.002486469,-0.013187017
12-02-2016,0.002014429,0.016023305,0.018841199
16-02-2016,0.026641125,0.019025094,0.017996142
17-02-2016,0.015163528,0.02847344,0.017185749
18-02-2016,-0.019437541,-0.002508758,-0.005266467
19-02-2016,-0.003198276,-0.006269237,0.000246576
22-02-2016,0.009171073,0.013738801,0.011803712
23-02-2016,-0.02416923,-0.026032413,-0.009607176
24-02-2016,0.011986565,-0.002398312,2.61E-05
25-02-2016,0.007338571,0.014161147,0.014374838
26-02-2016,0.000242704,-0.015110754,-0.002923098
29-02-2016,-0.003793142,-0.012174616,-0.009370101
01-03-2016,0.039612402,0.031861547,0.02341864
02-03-2016,0.002103491,0.009250033,0.004744747
03-03-2016,0.007356575,-0.011314031,0.004407548
04-03-2016,0.014329244,-0.008062786,0.001251683
07-03-2016,-0.008809753,-0.019806859,0.00260108
08-03-2016,-0.011658818,0.00721188,-0.013804788
09-03-2016,0.00207142,0.022973748,0.005500489
10-03-2016,-0.001846369,-0.013819438,-0.000515572
11-03-2016,0.010008968,0.016701014,0.016527122
14-03-2016,0.001340423,0.004159977,-0.001426051
15-03-2016,0.019744344,0.007579258,-0.002007498
16-03-2016,0.012902841,0.013336613,0.004411134
17-03-2016,-0.00093418,0.008356515,0.007380324
18-03-2016,-9.69E-05,-0.02293696,0.002595372
21-03-2016,0.00088231,0.004984029,0.002007361
22-03-2016,0.005909401,0.002595793,-0.001754391
23-03-2016,-0.005589469,-0.00176626,-0.006774063
24-03-2016,-0.005980457,0.001588234,-0.001712579
28-03-2016,-0.005163638,-0.011159726,0.000244415
29-03-2016,0.022132823,0.017738841,0.008947013
30-03-2016,0.017042441,0.008609055,0.004145988
31-03-2016,-0.005468137,0.002678353,-0.00228527
01-04-2016,0.008281546,0.005861171,0.005173304
04-04-2016,0.011462108,-0.001566565,-0.002158515
05-04-2016,-0.012808592,-0.017644391,-0.011956607
06-04-2016,0.009157811,0.007851356,0.01014366
07-04-2016,-0.021823991,-0.012547604,-0.011299883
08-04-2016,-0.001118867,-0.00318113,0.000310138
11-04-2016,0.002082298,-0.004214876,-0.001845377
12-04-2016,0.012548809,0.005945812,0.008535106
13-04-2016,0.012185213,0.010756601,0.009640083
14-04-2016,0.001974177,0.002151892,0.001359106
15-04-2016,-0.022143111,0.003352882,-0.003679755
18-04-2016,-0.021670226,0.015534917,0.008331321
19-04-2016,-0.008028885,-0.000873838,0.001630092
20-04-2016,0.0010073,-0.014663992,0.001653596
21-04-2016,-0.01384703,0.000596066,-0.006769831
22-04-2016,-0.004071726,-0.074638642,-0.000456199
25-04-2016,-0.007200659,-0.004918736,-0.002301617
26-04-2016,-0.007983123,-0.015091398,0.000824407
27-04-2016,-0.066910763,-0.01311223,0.001726493
28-04-2016,-0.034535412,-0.026972474,-0.009535275
29-04-2016,-0.014892809,-0.001176391,-0.006871206
02-05-2016,-0.003909553,0.009338771,0.007375463
03-05-2016,0.011199021,-0.013511485,-0.00841506
04-05-2016,-0.009578114,-0.004148414,-0.007454939
05-05-2016,-0.007291922,0.002973084,-0.000618302
06-05-2016,-0.004863177,0.006383344,0.00335233
09-05-2016,-0.00122041,-0.005801542,0.000140708
10-05-2016,0.0056656,0.0168546,0.012370443
11-05-2016,-0.010706849,0.002158936,-0.009515857
12-05-2016,-0.025302746,0.008504336,-0.000851514
13-05-2016,0.000273402,-0.008508075,-0.009566922
16-05-2016,0.035522615,0.013961693,0.009476389
17-05-2016,-0.004645934,-0.019216845,-0.010060698
18-05-2016,0.009632974,0.004047486,8.41E-05
19-05-2016,-0.002638083,-0.011814588,-0.005383836
20-05-2016,0.01064409,0.005525633,0.007518952
23-05-2016,0.011324564,-0.014807002,-0.003525033
24-05-2016,0.016158415,0.030637699,0.014242571
25-05-2016,0.015974946,0.01023787,0.005363613
26-05-2016,0.009827831,-0.001180344,0.001706704
27-05-2016,-0.001719423,0.004667474,0.001963307
31-05-2016,-0.003945979,0.016605965,-0.000558732
01-06-2016,-0.015560717,-0.004774331,9.61E-05
02-06-2016,-0.008422277,-0.006029659,0.003390896
03-06-2016,-5.72E-05,-0.016373095,-0.00339569
06-06-2016,0.006339385,0.005296985,0.003722881
07-06-2016,0.00227236,-0.002834588,0.002419644
08-06-2016,-0.001171243,-0.001336463,0.001749363
09-06-2016,0.00603398,-0.010727433,-0.000899798
10-06-2016,-0.00818433,-0.003288519,-0.010720219
13-06-2016,-0.016901424,-0.029355033,-0.008927018
14-06-2016,-2.85E-06,-0.009697979,-0.002611837
15-06-2016,-0.004264823,-0.006661874,-0.002236934
16-06-2016,0.002189944,0.013002988,0.002716593
17-06-2016,-0.024017697,-0.006742808,-0.004343608
20-06-2016,-0.004275126,-0.001157639,0.005808262
21-06-2016,0.007170007,0.01958808,0.00267481
22-06-2016,-0.004422577,-0.000482758,-0.001772863
23-06-2016,0.003021085,0.015044731,0.011642703
24-06-2016,-0.027775885,-0.03806286,-0.035161618
27-06-2016,-0.017709383,-0.034481264,-0.023073299
28-06-2016,0.015614854,0.015155906,0.017714228
29-06-2016,0.007642055,0.02316934,0.018831321
30-06-2016,0.010387707,0.01143181,0.012072964
01-07-2016,0.003518279,0.002052248,0.004240011
05-07-2016,-0.009624938,-9.13E-05,-0.009784136
06-07-2016,0.004646142,0.004099436,0.006335307
07-07-2016,0.004229336,-0.000714503,-0.001286637
08-07-2016,0.006330666,0.016890184,0.014380682
11-07-2016,0.002498464,0.006645928,0.004129118
12-07-2016,0.004202155,0.012048631,0.006624104
13-07-2016,-0.006337864,0.006165606,-0.000384406
14-07-2016,0.018938746,0.005338086,0.005392171
15-07-2016,-0.00025288,-0.00160651,-0.002192727
18-07-2016,0.009836747,0.004933292,0.002883835
19-07-2016,-0.000134523,-0.017334774,-0.002406718
20-07-2016,0.001352414,0.04949656,0.004675143
21-07-2016,-0.007157875,0.002447202,-0.005123358
22-07-2016,-0.007460605,0.014232199,0.004579537
25-07-2016,-0.016042339,0.002669312,-0.003678577
26-07-2016,-0.007504223,0.003860387,0.000387154
27-07-2016,0.060253226,-0.01409956,-0.002260622
28-07-2016,0.01575367,0.001466222,0.001331521
29-07-2016,-0.003079738,0.004316557,0.000421903
01-08-2016,0.018907729,0.00039991,-0.000545994
02-08-2016,-0.012428798,-0.003544128,-0.00769068
03-08-2016,0.00941284,0.007945613,0.002312548
04-08-2016,0.007366294,0.005751253,0.000794401
05-08-2016,0.013868216,0.010950999,0.007651202
08-08-2016,0.007759011,0.001273312,-0.000546241
09-08-2016,0.004677524,0.002973282,-9.89E-05
10-08-2016,-0.00846189,-0.004251308,-0.003189807
11-08-2016,-0.000526817,0.004377024,0.004369007
12-08-2016,0.000782922,-0.007427563,-0.001554651
15-08-2016,0.011640539,0.002040061,0.002816179
16-08-2016,-0.002312887,-0.007089097,-0.006185403
17-08-2016,-0.00161802,0.001172084,0.001636982
18-08-2016,-0.002567493,-0.001252048,0.001226024
19-08-2016,0.002561593,0.000352389,-0.001014903
22-08-2016,-0.009612771,-0.001254644,-0.001703472
23-08-2016,0.002487834,0.003910413,0.002428568
24-08-2016,-0.008970998,-0.000394471,-0.006178028
25-08-2016,-0.005109166,0.003683818,-0.001328464
26-08-2016,-0.007886494,-0.003514959,-0.00244361
29-08-2016,-0.001608987,0.000604618,0.004273063
30-08-2016,-0.009985236,-0.005073872,-0.001742156
31-08-2016,0.00025306,-0.00837361,-0.003637378
01-09-2016,0.004040974,-0.000468631,-0.0008205
02-09-2016,0.009187885,0.00095556,0.004421597
06-09-2016,-0.001780313,-0.002672128,0.002404864
07-09-2016,0.006176015,-6.69E-05,-8.36E-05
08-09-2016,-0.027468308,-0.005041967,-0.003321804
09-09-2016,-0.024301758,-0.022922244,-0.024546759
12-09-2016,0.019590568,0.010813466,0.011363133
13-09-2016,0.023828452,-0.008784547,-0.012616439
14-09-2016,0.032273576,-0.00728767,-0.002809513
15-09-2016,0.03533981,0.013937188,0.009138898
16-09-2016,-0.003988557,0.003141102,-0.001650896
19-09-2016,-0.011374272,-0.007802257,-0.003941822
20-09-2016,0.00032199,-0.002535569,0.002935277
21-09-2016,-0.000606923,0.014978932,0.007809632
22-09-2016,0.007258533,0.002078971,0.00881116
23-09-2016,-0.017147695,-0.007748699,-0.007130317
26-09-2016,-0.000427031,-0.010701942,-0.009004809
27-09-2016,0.001385148,0.016486339,0.005756054
28-09-2016,0.006552652,0.001820974,0.004205069
29-09-2016,-0.017251856,-0.011444103,-0.008237475
30-09-2016,0.007010794,0.000818199,0.00460311
03-10-2016,-0.005782605,-0.00271815,-0.000371208
04-10-2016,0.003589734,-0.00571037,-0.007447548
05-10-2016,-0.001627584,0.005801652,0.004184364
06-10-2016,0.007985157,0.001289358,0.000904757
07-10-2016,-0.00063396,0.000253475,-0.004876582
10-10-2016,0.017991281,0.003224896,0.005367234
11-10-2016,0.000875373,-0.01483342,-0.013601815
12-10-2016,0.009529041,-0.004494204,0.0002638
13-10-2016,-0.004332673,-0.004610827,-0.003919832
14-10-2016,0.006281576,0.006970698,0.00041012
17-10-2016,-0.002571382,-0.004254625,-0.004924918
18-10-2016,-0.000132073,0.006819881,0.006643018
19-10-2016,-0.005361296,-0.002929167,0.00149068
20-10-2016,-6.61E-05,-0.005179508,-0.001150014
21-10-2016,-0.006305338,0.038645524,-0.001505175
24-10-2016,0.008875362,0.027330879,0.004973754
25-10-2016,0.003434609,0.00140353,-0.004427311
26-10-2016,-0.022673552,-0.005216381,-0.002458487
27-10-2016,-0.012418135,-0.008877966,-0.00345471
28-10-2016,-0.006659947,-0.006286678,-0.00358424
31-10-2016,-0.004296481,-0.000931094,-0.000679796
01-11-2016,-0.019835979,-0.003561862,-0.007716109
02-11-2016,-0.001267987,-0.007687343,-0.007197436
03-11-2016,-0.011869105,-0.005693531,-0.005456199
04-11-2016,-0.010963081,-0.010092867,-0.001642795
07-11-2016,0.012093372,0.026194296,0.020977669
08-11-2016,0.006102334,0.00295605,0.006303031
09-11-2016,-0.003752466,-0.005420568,0.009131156
10-11-2016,-0.028327077,-0.026379931,0.003045296
11-11-2016,0.003930872,0.002832961,-0.002595199
14-11-2016,-0.025933772,-0.017831004,-0.000910275
15-11-2016,0.010002717,0.017265592,0.008798176
16-11-2016,0.025296356,0.01225264,-0.003301727
17-11-2016,0.000420793,0.019240809,0.005535361
18-11-2016,-0.001857196,-0.005586836,-0.003373999
21-11-2016,0.017350724,0.010273628,0.007617095
22-11-2016,-0.000542669,0.002500212,0.001287832
23-11-2016,-0.005284094,-0.009894716,0.000731765
25-11-2016,0.003630111,-0.002416629,0.002357206
28-11-2016,-0.001466988,0.002556542,-0.00404638
29-11-2016,-0.003188438,0.005150109,6.87E-05
30-11-2016,-0.008713951,-0.012836085,-0.001949492
01-12-2016,-0.011080981,-0.020961119,-0.004800024
02-12-2016,0.002492171,-0.002100181,-0.000395809
05-12-2016,-0.008404703,0.014520233,0.006166429
06-12-2016,0.005878377,-0.004321579,0.002338373
07-12-2016,0.009059705,0.021793528,0.013329137
08-12-2016,0.009426198,-0.003542663,0.002213785
09-12-2016,0.015242393,0.014789903,0.005944987
12-12-2016,-0.004766429,0.003659624,-0.00185446
13-12-2016,0.01522708,0.014235057,0.006605288
14-12-2016,0.001001194,-0.005618046,-0.009009208
15-12-2016,0.004420641,-0.000734072,0.003495646
16-12-2016,0.000690143,-0.007382861,-0.002722197
19-12-2016,0.005906521,0.02126137,0.002358959
20-12-2016,0.001211934,-0.001789831,0.002310836
21-12-2016,0.001147834,0.000787625,-0.001628742
22-12-2016,-0.008173578,-0.002204342,-0.004098639
23-12-2016,0.001728283,-0.003651398,0.002218242
27-12-2016,0.004806676,-0.003070508,0.001189003
28-12-2016,-0.004483925,-0.004015754,-0.008186985
29-12-2016,-0.002221508,-0.00456064,-0.001700511
30-12-2016,-0.007805285,-0.012558883,-0.004027437
03-01-2017,0.000989483,0.003570389,0.007197516
04-01-2017,-0.001784274,-0.004563148,0.005388573
05-01-2017,0.003692652,-0.002071984,-4.53E-05
06-01-2017,0.010214995,0.007314569,0.001509756
09-01-2017,0.008967863,-0.00271455,-0.002062194
10-01-2017,0.00026728,-0.002250915,-0.00218743
11-01-2017,0.005247029,0.008542229,0.003308928
12-01-2017,-0.004576261,-0.009267442,-0.003196297
13-01-2017,-0.00254679,-0.000692266,0.001314974
17-01-2017,0.006884171,-0.003639614,-0.003269362
18-01-2017,-0.000311666,-0.001617582,0.000651843
19-01-2017,-0.003367873,-0.005155567,-0.003338058
20-01-2017,0.001435388,0.006219236,0.002342938
23-01-2017,-0.00020361,0.002486503,-0.002589221
24-01-2017,-0.001904496,0.008939421,0.005730676
25-01-2017,0.014766616,0.002076029,0.008176671
26-01-2017,0.000445629,0.009620488,-0.000173886
27-01-2017,-0.001006949,0.022902262,-0.003647954
30-01-2017,-0.003108294,-0.00690734,-0.005530203
31-01-2017,-0.00269551,-0.0096786,-0.002161672
01-02-2017,0.05757059,-0.017623149,0.00080057
02-02-2017,0.000546321,-0.009681802,-0.000201128
03-02-2017,0.002517319,0.004912879,0.006268293
06-02-2017,0.010565272,-0.000838595,-0.001268576
07-02-2017,0.011277755,-0.005374429,-0.001586143
08-02-2017,0.001345639,-0.00227371,0.001598055
09-02-2017,0.008660475,0.009884981,0.005002307
10-02-2017,-0.003918564,-0.000648747,0.004078026
13-02-2017,0.009368629,0.010065223,0.005070514
14-02-2017,0.011425736,0.004269403,0.00356397
15-02-2017,0.004484097,-0.000492383,0.005302813
16-02-2017,-0.00295858,-0.001512503,-0.001604748
17-02-2017,0.003493682,0.00140516,0.001412745
21-02-2017,0.005826792,-0.003505289,0.005024099
22-02-2017,0.003046828,-0.002843966,-0.000372532
23-02-2017,-0.00565725,0.002266367,-0.000725011
24-02-2017,0.000671371,-0.000234874,0.001338096
27-02-2017,0.000886412,-0.007509594,0.000897494
28-02-2017,-0.000188923,-0.005404747,-0.003196217
01-03-2017,0.018816207,0.013133883,0.013340305
02-03-2017,-0.005434246,-0.013778857,-0.005877391
03-03-2017,0.004300596,0.000841898,-0.000551847
06-03-2017,-0.002975558,-0.00036613,-0.003800082
07-03-2017,0.000674462,0.001526509,-0.002747685
08-03-2017,-0.00530742,0.007102897,-0.004023083
09-03-2017,-0.00254604,-0.002652403,0.002350694
10-03-2017,0.001298279,0.000728692,0.001481122
13-03-2017,0.000428623,-0.003096274,0.001632749
14-03-2017,-0.003459691,-0.006500988,-0.005534281
15-03-2017,0.010277902,0.003676859,0.008456522
16-03-2017,0.000741188,-0.002228711,-0.001854783
17-03-2017,-0.005532755,0.002116283,-0.00288643
20-03-2017,0.009125916,0.000271992,-0.00150077
21-03-2017,-0.011101478,-0.011752253,-0.013486821
22-03-2017,0.008936697,0.009947666,0.000515794
23-03-2017,-0.003343262,-0.001758145,-0.000592911
24-03-2017,-0.003256097,0.000127409,-0.001754453
27-03-2017,0.000273287,0.000835805,-0.001684329
28-03-2017,0.020642657,0.002906475,0.007143161
29-03-2017,0.001072555,0.001287671,0.000342525
30-03-2017,-0.001315258,0.00379727,0.003283791
31-03-2017,-0.002988843,0.001205561,-0.003473823
03-04-2017,0.000778069,-0.004766544,-0.001614885
04-04-2017,0.005268594,0.000790847,-0.000903749
05-04-2017,-0.004916837,-0.002907219,-0.002474251
06-04-2017,-0.004604844,0.000874328,0.001156153
07-04-2017,-0.002322253,-0.001506068,-0.000563626
10-04-2017,-0.002716133,-0.003330029,-0.00048999
11-04-2017,-0.01185527,-0.002326113,-0.001617071
12-04-2017,-0.000482004,-0.004762445,-0.00470824
13-04-2017,-0.006192873,-0.006206828,-0.007991649
17-04-2017,0.003924234,0.006539074,0.008636919
18-04-2017,-0.005532643,-0.001745418,-0.00327377
19-04-2017,-0.004602254,-0.006535264,-0.002362848
20-04-2017,0.010862558,0.005211247,0.006895048
21-04-2017,-0.000923214,0.013831314,-0.002082653
24-04-2017,0.007588891,0.017096961,0.008814265
25-04-2017,0.006576309,0.007405207,0.007270752
26-04-2017,-0.006534864,-0.000879252,-0.001545483
27-04-2017,-0.000347084,0.006090738,-2.16E-05
28-04-2017,-0.001175033,0.002959523,-0.001864731
01-05-2017,0.018836591,0.013134605,0.000742922
02-05-2017,0.006232164,-0.000791522,0.001236716
03-05-2017,-0.003654018,-0.003753636,-0.002776208
04-05-2017,-0.0043236,-0.00538429,0.001208959
05-05-2017,0.016542681,0.001872335,0.003233697
08-05-2017,0.025958087,-0.002484053,-0.000382164
09-05-2017,0.006942535,0.000744384,-0.001434516
10-05-2017,-0.00549604,0.002436403,0.000902226
11-05-2017,0.009318766,-0.012277434,-0.001927693
12-05-2017,0.013722261,-0.004254147,-0.002979232
15-05-2017,-0.002917806,-0.000194159,0.005395024
16-05-2017,-0.00265036,0.018472401,-0.001224926
17-05-2017,-0.034147125,-0.027139282,-0.018609126
18-05-2017,0.012554194,-0.000465664,0.001922786
19-05-2017,0.003004341,-0.001545763,0.007115962
22-05-2017,0.0043685,0.010859574,0.004826808
23-05-2017,-0.003115899,0.001408058,0.001451751
24-05-2017,-0.001863783,0.003034894,0.002689215
25-05-2017,0.00090358,0.009812406,0.003394653
26-05-2017,-0.000863114,0.007467995,0.000642873
30-05-2017,-0.002209974,0.004697774,-0.00253243
31-05-2017,-0.005662681,-0.006727161,-6.86E-05
01-06-2017,0.000654192,0.001269135,0.006976835
02-06-2017,0.014510333,0.023397515,0.003608847
05-06-2017,-0.010763048,0.008766598,-0.001152728
06-06-2017,0.00215394,0.003625171,-0.004255538
07-06-2017,0.005551531,-0.001651944,0.0017294
08-06-2017,-0.002730451,-0.006340661,-0.000488846
09-06-2017,-0.041567289,-0.025150066,-0.00137979
12-06-2017,-0.02582328,-0.011352832,-0.001572074
13-06-2017,0.005307033,0.009192315,0.005033039
14-06-2017,-0.011023749,-0.005297018,-0.001872478
15-06-2017,-0.010263085,-0.008055175,-0.002450689
16-06-2017,-0.014368226,0.000377417,-0.000569471
19-06-2017,0.026051951,0.011298021,0.007995784
20-06-2017,-0.009111308,-0.013508446,-0.006725176
21-06-2017,0.0039877,0.002668641,-0.001613879
22-06-2017,-0.002092373,-0.000673932,-0.000786122
23-06-2017,0.004908089,0.012812827,0.000914246
26-06-2017,-0.00564881,-0.01003807,-0.000376437
27-06-2017,-0.013695569,-0.019656214,-0.007794758
28-06-2017,0.011286447,0.003972272,0.006763836
29-06-2017,-0.013528714,-0.018054339,-0.007398606
30-06-2017,-0.001288705,0.001159134,-0.000486274
03-07-2017,-0.003355619,-0.011168595,0.001882771
05-07-2017,0.00263016,0.010637897,0.002338881
06-07-2017,-0.010914689,-0.007888643,-0.010799847
07-07-2017,0.009326091,0.012112218,0.006718051
10-07-2017,0.004941603,0.006574205,-0.000320437
11-07-2017,0.003143086,0.002060907,0.000332835
12-07-2017,-0.000265007,0.013824389,0.005026419
13-07-2017,0.014557634,0.012007552,0.003681654
14-07-2017,0.007369939,0.012868419,0.002382293
17-07-2017,0.003914533,0.01021075,0.000866107
18-07-2017,0.002274301,-0.000607604,-0.000679819
19-07-2017,0.006959393,0.007498144,0.004859917
20-07-2017,-0.00579707,0.00494585,0.000987456
21-07-2017,-0.000793349,-0.005819893,-0.00256069
24-07-2017,0.01074201,-0.004432111,0.000250712
25-07-2017,0.004455721,0.00710069,0.000971058
26-07-2017,0.003099354,-0.002375587,0.000442299
27-07-2017,-0.018821892,-0.013304148,-0.002020365
28-07-2017,-0.008848017,-0.004254056,-0.001572809
31-07-2017,-0.006075703,-0.005824282,-0.001086427
01-08-2017,0.007142994,-0.003997826,0.001404033
02-08-2017,0.044553245,-0.006032268,0.000565798
03-08-2017,-0.008537436,-0.003184553,-0.002971276
04-08-2017,0.003366505,0.005623156,0.001524776
07-08-2017,0.016862697,-0.003951497,0.001280236
08-08-2017,0.008746328,0.003612044,-0.002735572
09-08-2017,0.004066547,-0.0045794,-0.000979459
10-08-2017,-0.031053692,-0.016123408,-0.014536209
11-08-2017,0.010871455,0.01185643,-0.000352405
14-08-2017,0.015782736,0.015858016,0.009926293
15-08-2017,0.009200437,0.000574127,0.000402208
16-08-2017,-0.005151254,0.005233625,6.77E-05
17-08-2017,-0.018639723,-0.016384016,-0.015024168
18-08-2017,-0.004462731,-0.001844952,-0.004433075
21-08-2017,-0.001971623,-0.005949424,0.001353602
22-08-2017,0.013584905,0.012295268,0.009754761
23-08-2017,0.001017324,-0.006521991,-0.003761889
24-08-2017,-0.005552694,-0.00102009,-0.002575311
25-08-2017,0.002992376,-0.000331945,0.00046522
28-08-2017,0.009995838,0.000731916,0.001450637
29-08-2017,0.007704695,0.000399055,-0.001298533
30-08-2017,0.002514353,0.013706597,0.005964849
31-08-2017,0.003330966,0.00982534,0.004565763
01-09-2017,0.00028363,-0.009721552,0.002051519
05-09-2017,-0.012995934,-0.007112175,-0.008203556
06-09-2017,-0.00232118,-0.003502833,0.002260914
07-09-2017,-0.004951534,0.010564674,0.000255115
08-09-2017,-0.017956747,-0.004623494,-0.002371081
11-09-2017,0.01564722,0.008988335,0.010364112
12-09-2017,-0.003763121,-0.000843323,0.003694647
13-09-2017,-0.009713472,0.006723601,-0.000251417
14-09-2017,-0.009729209,-0.006743482,-0.00077471
15-09-2017,0.009659059,0.006725462,0.000869194
18-09-2017,-0.00936514,-0.003268164,0.001534953
19-09-2017,-0.000610542,0.003714817,0.000860372
20-09-2017,-0.018444161,-0.008533571,-0.000449391
21-09-2017,-0.018074218,-0.010176815,-0.002912161
22-09-2017,-0.012951031,-0.001060453,-0.000809077
25-09-2017,-0.009520383,-0.015349458,-0.002285074
26-09-2017,0.013422754,-0.004524565,-0.000200206
27-09-2017,0.00743251,0.007315054,0.003418173
28-09-2017,-0.008166875,-0.000492865,0.001187204
29-09-2017,0.005196277,0.00715699,0.002601586
02-10-2017,-0.00218448,0.00199529,0.004463918
03-10-2017,0.003153085,-0.005231102,0.001562828
04-10-2017,-0.007412108,0.004155588,0.000873143
05-10-2017,0.011554079,0.017036921,0.005388655
06-10-2017,-0.001356596,0.001190462,-0.001201827
09-10-2017,0.002932535,0.003334376,-0.002431511
10-10-2017,-0.000920801,-0.000123506,0.001889214
11-10-2017,0.004483517,0.001350061,0.001644307
12-10-2017,-0.00531585,0.007795015,-0.002429081
13-10-2017,0.006322104,0.005509227,0.000930492
16-10-2017,0.016761768,0.001314827,0.000663843
17-10-2017,0.004468584,-0.000829577,0.000465454
18-10-2017,-0.006088674,-0.000797348,0.000281909
19-10-2017,-0.023470109,0.00304851,-4.23E-05
20-10-2017,-0.000410046,0.010794084,0.004521774
23-10-2017,-0.001168497,0.000756333,-0.003946418
24-10-2017,0.003828582,-0.00035172,0.000711472
25-10-2017,-0.005726004,-0.003582329,-0.005272915
26-10-2017,0.00584876,0.000602327,0.000541172
27-10-2017,0.034120315,0.060896386,0.007395003
30-10-2017,0.023609212,0.007965226,-0.002872938
31-10-2017,0.013155981,-0.008280115,-0.000554083
01-11-2017,-0.011147204,-0.00086645,0.002069596
02-11-2017,0.007021255,0.011807644,-0.000750357
03-11-2017,0.025966681,-0.001031156,0.003002564
06-11-2017,0.010271311,0.004677969,0.001492664
07-11-2017,0.002052962,-0.004011937,-0.001667762
08-11-2017,0.009067055,0.003705639,0.001636182
09-11-2017,-0.002063668,-0.007468798,-0.00451561
10-11-2017,-0.004084992,-0.003110053,-0.000760386
13-11-2017,-0.004942821,-0.00194176,0.000123203
14-11-2017,-0.016032247,0.001440014,-0.00241126
15-11-2017,-0.015480394,-0.009954984,-0.00617316
16-11-2017,0.010426807,0.001545564,0.007930784
17-11-2017,-0.006734373,-0.011316122,-0.002769386
20-11-2017,-0.002987117,-7.12E-05,0.000662422
21-11-2017,0.017468121,0.012273734,0.006134803
22-11-2017,0.010995407,-0.005751898,-0.000496749
24-11-2017,-0.001390896,-0.001077706,0.000774757
27-11-2017,-0.004770737,0.007600671,2.84E-05
28-11-2017,-0.00658445,0.011487807,0.008793409
29-11-2017,-0.021888442,-0.017812598,0.000162744
30-11-2017,0.011550181,0.007125437,0.007657834
01-12-2017,-0.005101816,0.001133638,-0.002022368
04-12-2017,-0.009381931,-0.039000198,-0.001553219
05-12-2017,-0.002585851,-0.000725725,-0.005217105
06-12-2017,-0.003590246,0.014783499,0.000850769
07-12-2017,-0.000786757,-0.004384275,0.001122974
08-12-2017,0.000164502,0.018143183,0.006756798
11-12-2017,0.017548464,0.015183759,0.001401993
12-12-2017,-0.005205047,0.004914079,0.002436766
13-12-2017,0.001775782,-0.002720432,-0.001320332
14-12-2017,-0.000294671,-0.007887589,-0.004251816
15-12-2017,0.00962896,0.02287562,0.007293835
18-12-2017,0.012778733,-0.003165286,0.006579327
19-12-2017,-0.010192407,-0.008106383,-0.003868612
20-12-2017,-0.003042111,-0.00526543,-0.002161661
21-12-2017,0.004261605,-0.000796572,0.002503232
22-12-2017,-0.00137409,-0.002447954,-0.001421335
26-12-2017,-0.026926359,-0.001640337,-0.001240841
27-12-2017,-0.0017494,0.001559633,-0.0004943
28-12-2017,0.001951123,0.000143622,0.001811607
29-12-2017,-0.012451372,-0.003664316,-0.004198344
02-01-2018,0.015139478,0.003908062,0.006087161
03-01-2018,0.000778451,0.00393819,0.00677013
04-01-2018,0.002623207,0.008509569,0.003754726
05-01-2018,0.011183036,0.012292797,0.006267688
08-01-2018,-0.003451631,0.00219603,0.002019587
09-01-2018,-0.001759455,-0.001340518,0.001294547
10-01-2018,-0.000140853,-0.004975513,-0.0014998
11-01-2018,0.004474127,0.001446877,0.006256286
12-01-2018,0.009507956,0.01620827,0.006817101
16-01-2018,-0.005532224,-0.012941059,-0.003628505
17-01-2018,0.015258381,0.017432434,0.00815997
18-01-2018,0.001307798,0.001234959,-0.000672342
19-01-2018,-0.00536067,-0.00140816,0.002948882
22-01-2018,-0.009340161,0.015644087,0.008359084
23-01-2018,-3.30E-06,0.006204256,0.00230475
24-01-2018,-0.0180042,-0.002778108,-0.001646309
25-01-2018,-0.019404736,0.006007182,0.000735848
26-01-2018,-0.000289632,0.017937949,0.010149907
29-01-2018,-0.021440711,0.000264539,-0.005390349
30-01-2018,-0.009722404,-0.013734753,-0.012513704
31-01-2018,0.001958574,0.022305276,-0.000275277
01-02-2018,0.000501566,-0.005880249,-0.001040949
02-02-2018,-0.046177142,-0.028740599,-0.023429736
05-02-2018,-0.027887408,-0.046603994,-0.044343427
06-02-2018,0.038706278,0.031398692,0.015315462
07-02-2018,-0.021558551,-0.018386379,-0.00192523
08-02-2018,-0.032919497,-0.055813626,-0.041011399
09-02-2018,0.011829979,0.026898552,0.011012473
12-02-2018,0.039746172,0.01620704,0.018559527
13-02-2018,0.008085299,0.004364882,-4.66E-06
14-02-2018,0.018482537,0.016941327,0.014420509
15-02-2018,0.034178359,0.022541822,0.012564699
16-02-2018,-0.000758768,-0.005660381,0.000454279
20-02-2018,-0.004992568,0.00729646,-0.006887578
21-02-2018,-0.003109125,-0.013244186,-0.006445272
22-02-2018,0.007158412,0.00084327,0.001239386
23-02-2018,0.016363971,0.023016091,0.014798823
26-02-2018,0.019333429,0.017608551,0.012994148
27-02-2018,-0.003323886,-0.013232694,-0.013266507
28-02-2018,-0.00160688,-0.004973541,-0.011828992
01-03-2018,-0.017873057,-0.011762615,-0.01545164
02-03-2018,0.005650289,0.000347926,0.003531562
05-03-2018,0.002114988,0.003901648,0.011844526
06-03-2018,-0.001620847,-0.002915119,0.00294634
07-03-2018,-0.011394474,0.003228956,-0.001674315
08-03-2018,0.010929123,0.006832863,0.005092085
09-03-2018,0.0155586,0.021228967,0.01640136
12-03-2018,0.01002428,0.004684226,0.000182484
13-03-2018,-0.011051986,-0.024880002,-0.008277125
14-03-2018,-0.008040376,-0.009441256,-0.005811756
15-03-2018,-0.000383985,0.001903721,-0.001575702
16-03-2018,-0.003843654,0.002766755,-5.89E-05
19-03-2018,-0.017924794,-0.019486412,-0.013198398
20-03-2018,-0.001387915,-0.000307065,-0.001025381
21-03-2018,-0.024424891,-0.008252577,-0.000871812
22-03-2018,-0.016466048,-0.031362922,-0.026752062
23-03-2018,-0.025928024,-0.035566184,-0.024244295
26-03-2018,0.044454408,0.068452088,0.026112164
27-03-2018,-0.026769223,-0.041350355,-0.015350756
28-03-2018,-0.013249143,-0.006864716,-0.005713352
29-03-2018,0.00588934,0.018350311,0.011946428
02-04-2018,-0.004284403,-0.025247447,-0.01947401
03-04-2018,0.004372218,0.002870894,0.007057877
04-04-2018,0.021812907,0.033981915,0.015184042
05-04-2018,0.004329005,-0.000272916,0.005232097
06-04-2018,-0.024618267,-0.022402183,-0.021662786
09-04-2018,0.007217918,0.001923267,0.002517204
10-04-2018,0.02008152,0.023822912,0.0152809
11-04-2018,-0.006634046,-0.010858807,-0.002489036
12-04-2018,0.008659459,0.016810189,0.003428642
13-04-2018,0.004033589,-0.003836252,0.001143256
16-04-2018,0.005581295,0.011120408,0.003929046
17-04-2018,0.012789847,0.019166752,0.013132091
18-04-2018,-0.001625305,0.007497166,-8.58E-05
19-04-2018,-0.030247477,-0.005323435,-0.006716038
20-04-2018,-0.043000752,-0.010544688,-0.008209361
23-04-2018,-0.005892254,0.000212096,-0.002926958
24-04-2018,-0.015895455,-0.02367652,-0.011952938
25-04-2018,0.000323336,-0.013818391,-0.00107478
26-04-2018,0.001840207,0.018437743,0.01168084
27-04-2018,-0.01225377,0.017391242,0.000428493
30-04-2018,0.0154244,-0.024042572,-0.008724778
01-05-2018,0.024139021,0.012787882,0.001425483
02-05-2018,0.042161719,-0.014716017,-0.007867134
03-05-2018,0.003536295,0.003271037,-0.002301488
04-05-2018,0.038813297,0.0095741,0.011161839
07-05-2018,0.009746535,0.013353279,0.005350201
08-05-2018,0.005695173,-0.006025931,-0.002077903
09-05-2018,0.006096937,0.012883667,0.010081174
10-05-2018,0.016564276,0.008982952,0.009186203
11-05-2018,-0.006046457,-1.54E-05,0.002938194
14-05-2018,-0.001327038,0.000765402,0.000203283
15-05-2018,-0.011178642,-0.005868077,-0.007818459
16-05-2018,0.009615308,-0.000541733,0.003527987
17-05-2018,-0.008640435,-0.010033683,-0.001221087
18-05-2018,-0.003804365,-0.001093982,-0.002807203
21-05-2018,0.004610926,0.011870769,0.006159767
22-05-2018,-0.001528009,-0.000584728,-0.001770599
23-05-2018,0.003391825,0.010468676,0.000843453
24-05-2018,-0.00019546,-0.002490885,-0.001553568
25-05-2018,0.00032878,-0.000544915,-0.00344234
29-05-2018,-0.003666327,-0.004718912,-0.012446496
30-05-2018,-0.003538833,0.008735168,0.012422264
31-05-2018,-0.004202432,-0.001881362,-0.0059616
01-06-2018,0.016627739,0.01920978,0.009166599
04-06-2018,0.00801742,0.00940447,0.003999566
05-06-2018,0.007012399,0.006691853,0.002062713
06-06-2018,0.003171199,0.001987794,0.005459807
07-06-2018,-0.002310733,-0.01451648,0.002594047
08-06-2018,-0.010460987,0.003400499,-0.000227737
11-06-2018,-0.003024061,-0.005064831,0.002935982
12-06-2018,0.003880083,-9.85E-05,-0.000291535
13-06-2018,-0.008928089,-0.005412328,-0.003371756
14-06-2018,-0.001553539,0.004383776,0.002061463
15-06-2018,-0.010652107,-0.013876526,-0.002319921
18-06-2018,-0.002339486,0.005305914,-0.001647884
19-06-2018,-0.017505767,-0.001176626,-0.005843299
20-06-2018,0.002583043,0.009810655,0.002317574
21-06-2018,-0.007009132,-0.008318671,-0.007827623
22-06-2018,-0.004045688,-0.007448867,0.001700217
25-06-2018,-0.01716363,-0.023643886,-0.014643786
26-06-2018,0.011743623,0.004648858,0.001016142
27-06-2018,-0.003201083,-0.01814214,-0.008705513
28-06-2018,0.006765607,0.009015847,0.004942224
29-06-2018,-0.003898546,-0.002054941,0.000796535
02-07-2018,0.011862982,0.014973144,0.002700903
03-07-2018,-0.019453545,-0.011185836,-0.005438794
05-07-2018,0.007883406,0.007742025,0.008926285
06-07-2018,0.011943824,0.011555113,0.007097966
09-07-2018,0.014835272,0.010013038,0.010337142
10-07-2018,-0.003702944,0.000289013,0.002235326
11-07-2018,-0.011325603,0.000759048,-0.006692625
12-07-2018,0.014004517,0.018901329,0.00692083
13-07-2018,0.003231829,0.014996176,0.00196516
16-07-2018,-0.005109857,-0.00520298,-0.001996655
17-07-2018,0.00302047,0.009676378,0.003146585
18-07-2018,-0.006213163,-0.007402488,0.002865848
19-07-2018,0.006469866,-0.008410785,-0.005543432
20-07-2018,-0.002913008,0.015213265,-0.000744177
23-07-2018,-0.0001264,0.017675779,0.000240288
24-07-2018,0.006088491,-0.002784682,0.005610598
25-07-2018,0.009427981,0.028866162,0.007589314
26-07-2018,-0.004366584,-0.007949906,-0.001856255
27-07-2018,-0.017039643,-0.019131307,-0.008056276
30-07-2018,-0.007344273,-0.025445873,-0.006218941
31-07-2018,0.001344494,0.004203783,0.00449733
01-08-2018,0.055242107,-0.001256008,-0.002157523
02-08-2018,0.030222537,0.012010035,0.005121724
03-08-2018,0.003135224,0.003106183,0.003657267
06-08-2018,0.006062005,0.002492473,0.004067955
07-08-2018,-0.006902261,0.004728593,0.002074531
08-08-2018,-0.001442719,0.007291681,0.000154707
09-08-2018,0.007865372,0.000112181,-0.002870022
10-08-2018,-0.004283605,-0.005602087,-0.006663057
13-08-2018,0.005293941,-0.009652975,-0.00524725
14-08-2018,0.003838603,0.011092581,0.005920631
15-08-2018,0.001772783,-0.014047489,-0.007268016
16-08-2018,0.013474683,-0.002559828,0.006227309
17-08-2018,0.020236576,-0.002361032,0.004463577
20-08-2018,-0.010122495,-0.006912204,0.001341662
21-08-2018,-0.002612997,-0.011839702,0.001683427
22-08-2018,-0.000122434,0.009133881,-0.000270735
23-08-2018,0.001441186,0.003435824,-0.002964732
24-08-2018,0.001210026,0.008042853,0.006455811
27-08-2018,0.008129951,0.010231456,0.006951947
28-08-2018,0.006885351,0.007840562,0.00116635
29-08-2018,0.01494499,0.015040516,0.004015032
30-08-2018,0.008701234,0.001679161,-0.003634504
31-08-2018,0.011869468,0.002316813,-0.001219768
04-09-2018,0.002930564,-0.005367205,-0.002219029
05-09-2018,-0.006242517,-0.030700751,-0.002877072
06-09-2018,-0.018055639,-0.002781591,-0.004565685
07-09-2018,-0.008943784,-0.006109144,-0.001616515
10-09-2018,-0.015552639,0.008136389,8.27E-05
11-09-2018,0.023090433,0.016111909,0.003901509
12-09-2018,-0.013378468,0.006351601,-0.000823601
13-09-2018,0.022298705,0.009706103,0.005749535
14-09-2018,-0.011489476,0.00602526,-2.58E-05
17-09-2018,-0.026931932,-0.011483191,-0.006032625
18-09-2018,-0.002136564,0.007774864,0.004493834
19-09-2018,0.002437138,-0.013414299,0.001237406
20-09-2018,0.002818271,0.014021806,0.007355181
21-09-2018,-0.009984507,0.006248108,-0.000844333
24-09-2018,0.011680801,0.004467125,-0.003922003
25-09-2018,0.007255445,-0.003648156,-0.002202475
26-09-2018,-0.00948962,-0.003213153,-0.00268932
27-09-2018,0.019325634,0.000736882,0.001088093
28-09-2018,0.004397398,0.000298259,0.000789371
01-10-2018,0.005343414,0.00843776,0.002142133
02-10-2018,0.008666901,-0.002807258,-0.000413979
03-10-2018,0.01264001,-0.001688306,-0.000202752
04-10-2018,-0.018655333,-0.021448343,-0.008559322
05-10-2018,-0.01704094,-0.009471026,-0.006310521
08-10-2018,-0.004056267,-0.014132562,-0.001447795
09-10-2018,0.01309064,0.009963686,-0.000949916
10-10-2018,-0.049732359,-0.056974982,-0.033843316
11-10-2018,-0.011589673,-0.009536162,-0.024741064
12-10-2018,0.033591563,0.030188596,0.011914862
15-10-2018,-0.021080544,-0.014155418,-0.003610034
16-10-2018,0.016383081,0.024473501,0.01890322
17-10-2018,-0.000982938,0.003561362,0.002630904
18-10-2018,-0.025803568,-0.022209958,-0.015979254
19-10-2018,0.012962887,-0.001681117,-0.003141894
22-10-2018,0.007343065,0.00888966,-0.002532558
23-10-2018,0.006486311,-0.015592114,-0.008612428
24-10-2018,-0.034768592,-0.057412584,-0.02924063
25-10-2018,0.019672794,0.048540976,0.012871448
26-10-2018,-0.01578879,-0.007470309,-0.01434161
29-10-2018,-0.021143723,-0.032588746,-0.008882067
30-10-2018,0.001717224,-0.007221572,0.013387718
31-10-2018,0.027321507,0.031369913,0.014251505
01-11-2018,0.011905466,-0.010380171,0.006337351
02-11-2018,-0.067032867,0.002925061,-0.001463284
05-11-2018,-0.033598855,0.010224317,0.000182915
06-11-2018,0.011238745,0.005348898,0.009679301
07-11-2018,0.026344598,0.03522358,0.019048078
08-11-2018,-0.005910651,0.004663574,-0.000136958
09-11-2018,-0.019907469,-0.021569011,-0.010655771
12-11-2018,-0.052632469,-0.026631536,-0.021637558
13-11-2018,-0.0122456,-0.003368052,-0.001194357
14-11-2018,-0.031767978,-0.016852805,-0.009834774
15-11-2018,0.0208256,0.018186377,0.012139914
16-11-2018,0.008494963,0.009790776,0.000368413
19-11-2018,-0.040045604,-0.033256927,-0.015207927
20-11-2018,-0.053907407,-0.034442087,-0.023063826
21-11-2018,-0.000590866,0.01052154,0.003912208
23-11-2018,-0.030204322,-0.002319528,-0.007680754
26-11-2018,0.010151923,0.030778623,0.015196779
27-11-2018,-0.004916717,0.008499913,0.004357109
28-11-2018,0.037956026,0.038444153,0.021947501
29-11-2018,-0.009406511,-0.005551276,-0.001033288
30-11-2018,-0.003793323,0.0078153,0.005228632
03-12-2018,0.031454177,0.008862413,0.012167254
04-12-2018,-0.040478023,-0.028671815,-0.03065703
06-12-2018,-0.018327531,-0.001897187,-0.00784705
07-12-2018,-0.033751836,-0.03874792,-0.020298889
10-12-2018,0.001643349,0.017524634,-0.002600578
11-12-2018,-0.007792276,0.010684216,0.001021587
12-12-2018,0.001021139,0.004830444,0.00557118
13-12-2018,0.008183038,0.001339816,-0.0031844
14-12-2018,-0.031071516,-0.029107575,-0.015679258
17-12-2018,-0.013815102,-0.037108687,-0.025999042
18-12-2018,0.013722556,0.006856828,0.001259812
19-12-2018,-0.034012376,-0.005174227,-0.01824742
20-12-2018,-0.028844517,-0.023075681,-0.016284923
21-12-2018,-0.041386059,-0.037764035,-0.023367209
24-12-2018,-0.029331483,-0.046846229,-0.027887142
26-12-2018,0.063313358,0.05709306,0.046761045
27-12-2018,-0.004825266,0.012048679,0.012375155
28-12-2018,-0.003815978,-0.008853112,-0.003005008
31-12-2018,0.011274311,0.010092073,0.006817662
02-01-2019,0.002941124,-0.000453565,0.004311268
03-01-2019,-0.108256681,-0.041765091,-0.028860617
04-01-2019,0.038228844,0.041724186,0.034345898
07-01-2019,-0.002325645,0.00380029,0.007703322
08-01-2019,0.016035256,0.007638612,0.01093071
09-01-2019,0.012154313,0.012253133,0.002042697
10-01-2019,0.009761528,-0.001289817,0.006226138
11-01-2019,-0.016126597,-0.012716414,-0.003053914
14-01-2019,-0.010186602,-0.006017485,-0.003928609
15-01-2019,0.014380377,0.024202014,0.008115519
16-01-2019,0.015724496,0.00720841,0.004689334
17-01-2019,0.00135703,0.005353144,0.005953254
18-01-2019,0.008489231,0.016156827,0.01324623
22-01-2019,-0.024259669,-0.017474464,-0.012240473
23-01-2019,0.003738173,0.006406696,-0.001774004
24-01-2019,-0.009601162,-0.004335548,0.002774007
25-01-2019,0.031832197,0.007619926,0.006157606
28-01-2019,-0.010646694,-0.020735055,-0.006615936
29-01-2019,-0.010161521,-0.022557638,-0.002845444
30-01-2019,0.063547253,0.027421449,0.014690557
31-01-2019,0.012310301,-0.014588618,0.011024147
01-02-2019,-0.003716305,-0.021141991,-0.001846203
04-02-2019,0.031116211,0.026281835,0.008262612
05-02-2019,0.01861599,0.016513887,0.00277348
06-02-2019,-0.000459476,-0.011563695,-0.000646022
07-02-2019,-0.018783993,-0.008405978,-0.011084756
08-02-2019,0.000584656,0.002652923,0.000385072
11-02-2019,-0.006548433,-0.005024455,0.000362651
12-02-2019,0.006762838,0.013425003,0.012105047
13-02-2019,-0.005496318,9.96E-05,0.003882292
14-02-2019,0.003057388,0.000153158,-0.002916087
15-02-2019,-0.00367663,0.011167492,0.009834163
19-02-2019,0.002962428,0.001035845,0.00283215
20-02-2019,0.004517359,-0.006935949,0.000469522
21-02-2019,-0.005203819,0.02009579,-0.003310098
22-02-2019,0.008839676,0.015487076,0.005039741
25-02-2019,0.008092222,0.006758128,0.001408099
26-02-2019,-0.000855385,0.00684501,-0.000948354
27-02-2019,0.00273783,-0.000317696,-0.001808895
28-02-2019,-0.010240282,-0.002666811,-0.001338772
01-03-2019,0.009143835,0.00385392,0.004398114
04-03-2019,0.004590463,-0.003134994,-0.002494321
05-03-2019,-0.002643323,-0.006238023,-0.003321413
06-03-2019,-0.007152424,-0.001362466,-0.006046865
07-03-2019,-0.011735112,-0.013120804,-0.009439141
08-03-2019,0.000195274,-0.001962369,-0.003515469
11-03-2019,0.033523314,0.019608368,0.014801815
12-03-2019,0.010848531,0.008327653,0.003516257
13-03-2019,0.004007104,0.007478789,0.006756984
14-03-2019,0.011309448,0.001660795,-0.001532313
15-03-2019,0.01425718,0.011324228,0.00511375
18-03-2019,0.009158461,0.014567907,0.002561282
19-03-2019,-0.007313925,0.002171274,0.000886535
20-03-2019,0.007482512,-0.001965277,-0.004653786
21-03-2019,0.036687923,0.022581314,0.011390748
22-03-2019,-0.020611373,-0.025010162,-0.019571814
25-03-2019,-0.014135645,0.001377085,-0.002983297
26-03-2019,-0.010323716,0.00123652,0.007257554
27-03-2019,0.008106634,-0.009571428,-0.004485449
28-03-2019,-0.001468309,-0.003113049,0.001186388
29-03-2019,0.006400551,0.009678577,0.007948605
01-04-2019,0.004943497,0.007268286,0.010197044
02-04-2019,0.015431812,0.002726006,0.00174701
03-04-2019,0.005399512,0.005188546,0.000216112
04-04-2019,0.002684467,-0.004123287,0.002304402
05-04-2019,0.005269178,0.002429172,0.005031253
08-04-2019,0.016585607,0.000233435,-0.000401883
09-04-2019,-0.004103314,-0.006503337,-0.004603148
10-04-2019,0.00550921,0.005718886,0.001235058
11-04-2019,-0.009049297,0.001283703,0.000831231
12-04-2019,-0.000776496,0.004019734,0.00511177
15-04-2019,-5.62E-05,0.000514536,-5.73E-05
16-04-2019,0.00015027,-0.002769686,-0.000225909
17-04-2019,0.016948307,0.006704091,-0.003276056
18-04-2019,0.004739094,0.01343559,0.002045696
22-04-2019,0.001554514,0.003531829,-0.000527476
23-04-2019,0.014816479,0.013424928,0.009656091
24-04-2019,-0.001522352,-0.002319602,-0.003236447
25-04-2019,-0.01010578,0.031875992,-0.000536857
26-04-2019,-0.005614387,0.008619978,0.003193737
29-04-2019,0.000811714,0.000301974,0.002435382
30-04-2019,-0.021080756,0.004904188,-0.000979429
01-05-2019,0.045919751,-0.018957921,-0.007354388
02-05-2019,-0.00537291,-0.018395458,-0.00375723
03-05-2019,0.010718786,0.019290152,0.009417085
06-05-2019,-0.015706188,-0.005720427,-0.003542615
07-05-2019,-0.026114548,-0.022523202,-0.018683604
08-05-2019,-0.0046441,-0.003991111,-0.002545686
09-05-2019,-0.00904417,-0.000423703,-0.003444226
10-05-2019,-0.01952443,0.010115167,0.004352007
13-05-2019,-0.059851084,-0.029462316,-0.02573498
14-05-2019,0.010260539,0.006412516,0.006439511
15-05-2019,0.012109037,0.013864625,0.006554643
16-05-2019,-0.007716253,0.023881614,0.009676635
17-05-2019,-0.008123306,-0.006305169,-0.008150247
20-05-2019,-0.030525348,-0.013572679,-0.005647774
21-05-2019,0.015125677,0.001488803,0.005540465
22-05-2019,-0.01994142,0.007250214,0.000102367
23-05-2019,-0.02110298,-0.014185692,-0.016016427
24-05-2019,-0.00561694,-0.000826463,0.002729465
28-05-2019,-0.004489028,-0.002466897,-0.010173631
29-05-2019,-0.00848699,-0.010222098,-0.008118486
30-05-2019,0.004885342,0.00274547,0.002240107
31-05-2019,-0.02013058,-0.015900595,-0.013987057
03-06-2019,-0.011440736,-0.035600632,-0.004203419
04-06-2019,0.033860939,0.022283168,0.021043514
05-06-2019,0.017191568,0.022833601,0.010431994
06-06-2019,0.012404092,0.016716394,0.005087535
07-06-2019,0.027884626,0.028590773,0.01055585
10-06-2019,0.014235071,0.014192665,0.004429995
11-06-2019,0.011514536,-0.003483483,-0.000794103
12-06-2019,-0.002247748,-0.004252791,-0.002085662
13-06-2019,-0.000357537,0.004888093,0.003075042
14-06-2019,-0.007898911,0.000778316,-0.000775909
17-06-2019,0.005045694,0.00175516,-0.000830367
18-06-2019,0.022011288,0.016757652,0.01026486
19-06-2019,-0.002528037,0.005301364,0.002590078
20-06-2019,0.006289471,0.008990505,0.008577635
21-06-2019,-0.002450721,0.000820543,-0.000900094
24-06-2019,-0.001940354,0.005736382,-0.00234656
25-06-2019,-0.016430535,-0.032620607,-0.010507112
26-06-2019,0.020305526,-0.000494646,-0.001882575
27-06-2019,-0.000985263,-0.000285699,0.002547984
28-06-2019,-0.010007856,-0.001843797,0.005842412
01-07-2019,0.016181222,0.009363392,0.007656006
02-07-2019,0.007734444,0.009182749,0.003873456
03-07-2019,0.005566563,0.004812463,0.006315458
05-07-2019,9.06E-05,-0.001520106,-0.000223664
08-07-2019,-0.021760844,-0.002425355,-0.006812899
09-07-2019,0.004691248,-0.004069749,0.000271511
10-07-2019,0.009276691,0.008223106,0.005082796
11-07-2019,-0.008512926,0.004198359,0.001317228
12-07-2019,0.00565506,0.003087708,0.004819643
15-07-2019,0.010033175,-0.000448374,-0.000623608
16-07-2019,-0.004605519,-0.013582517,-0.00322877
17-07-2019,-0.006556372,-0.008877178,-0.008157068
18-07-2019,0.010667505,-0.000652585,0.003081164
19-07-2019,-0.01541352,-0.000140179,-0.005820654
22-07-2019,0.0204707,0.011853456,0.00139167
23-07-2019,0.008218245,0.006833079,0.006880621
24-07-2019,-0.001338731,0.010299263,0.004990475
25-07-2019,-0.009459724,-0.003198655,-0.005728428
26-07-2019,0.004343025,0.007561852,0.006260182
29-07-2019,0.007142143,-0.002412584,-0.002140618
30-07-2019,-0.003932805,-0.005364948,-0.002872397
31-07-2019,0.017798817,-0.031880651,-0.01229416
01-08-2019,-0.020335314,0.009143794,-0.009347048
02-08-2019,-0.024214078,-0.009647669,-0.00933571
05-08-2019,-0.054758698,-0.036497393,-0.030561426
06-08-2019,0.015269716,0.01117051,0.010005458
07-08-2019,0.008248198,0.006905389,0.00323521
08-08-2019,0.020124974,0.023471491,0.017809268
09-08-2019,-0.01039969,-0.005681581,-0.006209269
12-08-2019,-0.000496985,-0.01479554,-0.012380263
13-08-2019,0.038786117,0.017425796,0.011548752
14-08-2019,-0.026545009,-0.027961602,-0.025266204
15-08-2019,-0.010384835,-0.008602038,-0.005026138
16-08-2019,0.02565016,0.017122669,0.018849797
19-08-2019,0.017683518,0.017658606,0.01070426
20-08-2019,-0.001500695,-0.008675341,-0.007997345
21-08-2019,0.011298229,0.010990437,0.008363371
22-08-2019,-0.000470602,-0.007242682,-0.002408777
23-08-2019,-0.047776912,-0.033181648,-0.02373837
26-08-2019,0.015436849,0.008870259,0.004696758
27-08-2019,-0.010448579,0.003700265,0.001080674
28-08-2019,0.003033258,-0.003923234,0.002611298
29-08-2019,0.015238392,0.017602051,0.014501529
30-08-2019,0.000305956,0.000232465,1.94E-05
03-09-2019,-0.017842096,-0.014773563,-0.008504374
04-09-2019,0.017906313,0.009533151,0.012898443
05-09-2019,0.018010892,0.017984989,0.010714398
06-09-2019,0.000372791,-0.006128695,0.003456036
09-09-2019,0.002245062,-0.012960495,-0.002712214
10-09-2019,0.013544326,-0.012242652,0.001320348
11-09-2019,0.030031616,-0.002251115,0.00521524
12-09-2019,-0.000897451,0.008245424,0.004143379
13-09-2019,-0.020875238,-0.001497488,-0.001104243
16-09-2019,0.005119984,-0.008659097,-0.004391221
17-09-2019,0.003545446,0.006228254,0.002846856
18-09-2019,0.007334266,0.008073314,-0.00084367
19-09-2019,-0.008866197,0.018053863,0.000577645
20-09-2019,-0.015473806,-0.010258411,-0.006440661
23-09-2019,0.002875125,-0.003620923,-0.000158586
24-09-2019,-0.005049979,-0.014146659,-0.009030279
25-09-2019,0.01273516,0.012328784,0.005203712
26-09-2019,-0.005142408,0.000332653,-0.002184383
27-09-2019,-0.006152652,-0.012777237,-0.006071534
30-09-2019,0.022208576,0.00542792,0.003296148
01-10-2019,0.003714978,-0.012463655,-0.011235389
02-10-2019,-0.027438939,-0.022195919,-0.020382441
03-10-2019,0.007603559,0.009184539,0.007144986
04-10-2019,0.027693206,0.013081018,0.014087531
07-10-2019,-0.000438181,-0.007191514,-0.004352917
08-10-2019,-0.013458553,-0.012499605,-0.016851151
09-10-2019,0.0120544,0.017254632,0.007797714
10-10-2019,0.013271973,0.0070108,0.007748433
11-10-2019,0.025358995,0.003914379,0.009721478
14-10-2019,-0.00121076,-0.001369777,-0.001082938
15-10-2019,-0.002218255,0.014521899,0.009446868
16-10-2019,-0.0044864,-0.008143129,-0.002015115
17-10-2019,0.003960782,-0.006140661,0.003025366
18-10-2019,0.002803375,-0.018882277,-0.005922813
21-10-2019,0.01722044,0.005291042,0.007338205
22-10-2019,-0.00327353,-0.017101476,-0.004727518
23-10-2019,0.013334309,0.004349738,0.003476344
24-10-2019,0.001178397,0.017293986,-8.99E-05
25-10-2019,0.012573405,0.008688911,0.005130854
28-10-2019,0.008733082,0.022290437,0.003953057
29-10-2019,-0.022221841,-0.004937522,0.000775813
30-10-2019,-0.003204549,0.009918418,0.001340927
31-10-2019,0.023405166,-0.007023927,-0.002221881
01-11-2019,0.026439743,0.000779095,0.008089569
04-11-2019,0.006654432,0.004207949,0.004259395
05-11-2019,-0.001351485,0.000183271,-0.001119174
06-11-2019,0.00102604,-0.00520162,-0.00141988
07-11-2019,0.011246205,0.001361117,0.004326325
08-11-2019,0.002120238,0.009885288,0.000912502
11-11-2019,0.007112377,0.002099831,-0.001199146
12-11-2019,-0.001228906,0.005195312,0.000406778
13-11-2019,0.009144052,0.002227941,0.000749908
14-11-2019,-0.007580668,0.004386123,0.00050048
15-11-2019,0.011129906,0.012551692,0.006810973
18-11-2019,0.00430523,0.003423146,0.001113288
19-11-2019,-0.003030673,-0.000207969,-0.00157366
20-11-2019,-0.013619488,-0.002157032,-0.003653105
21-11-2019,-0.004370414,-0.001889267,-0.002914196
22-11-2019,-0.003162071,-0.000635194,0.001964031
25-11-2019,0.016822577,0.009999796,0.0073606
26-11-2019,-0.009278989,0.005377233,0.002168449
27-11-2019,0.012756108,0.001887005,0.004096481
29-11-2019,-0.002764238,-0.006813506,-0.004235561
02-12-2019,-0.011530277,-0.013317181,-0.009069922
03-12-2019,-0.020687202,-0.00457573,-0.008405032
04-12-2019,0.008871863,0.002233621,0.006006563
05-12-2019,0.011978324,-0.000845498,0.001339777
06-12-2019,0.019317813,0.010990169,0.008962825
09-12-2019,-0.01558486,-0.002041742,-0.003393384
10-12-2019,0.006369638,-0.002470346,-0.001731963
11-12-2019,0.007482547,0.002497835,0.001794143
12-12-2019,0.003205241,0.010089936,0.009091576
13-12-2019,0.010782501,0.007955704,-0.000183972
16-12-2019,0.01887463,0.007232478,0.006905582
17-12-2019,0.000531513,-0.005582781,-0.000413325
18-12-2019,-0.001676732,-0.002859665,4.42E-07
19-12-2019,-5.84E-05,0.007078526,0.002899673
20-12-2019,-0.001774551,0.011203682,0.004944444
23-12-2019,0.014161869,-0.000184762,0.000518727
24-12-2019,0.001446472,-0.000431327,4.81E-05
26-12-2019,0.0181232,0.007249002,0.004411682
27-12-2019,0.000385601,0.002261098,-0.000116178
30-12-2019,0.005360958,-0.009723055,-0.006321247
31-12-2019,0.006816023,-0.000970239,0.001305882
02-01-2020,0.023091165,0.017274656,0.009578362
03-01-2020,-0.010529279,-0.011409058,-0.00790803
06-01-2020,0.00780755,-2.79E-05,0.002616625
07-01-2020,-0.005297133,-0.009584896,-0.002899524
08-01-2020,0.016057438,0.014028276,0.00471398
09-01-2020,0.019258341,0.012046774,0.006177111
10-01-2020,0.004014979,-0.002854474,-0.002106834
13-01-2020,0.018862575,0.00949487,0.00468113
14-01-2020,-0.010695963,-0.004709155,-4.99E-05
15-01-2020,-0.006876872,0.003736915,0.00028099
16-01-2020,0.012852251,0.018481988,0.008636888
17-01-2020,0.01041027,0.006917438,0.003209633
21-01-2020,-0.00811769,-0.003841882,-0.003044736
22-01-2020,0.003037238,-0.005306152,0.000177281
23-01-2020,0.004522844,0.004770572,-0.000121763
24-01-2020,-0.003481067,-0.010612448,-0.008582718
27-01-2020,-0.031447878,-0.019299837,-0.018242534
28-01-2020,0.026328851,0.015950357,0.00938914
29-01-2020,0.020701223,0.016650165,-0.000131597
30-01-2020,-0.002140265,0.028120263,0.002120785
31-01-2020,-0.047146075,-0.011940451,-0.018621516
03-02-2020,-0.002739691,0.023096817,0.005656332
04-02-2020,0.030202045,0.034209882,0.015121398
05-02-2020,0.008436859,0.003625304,0.013151024
06-02-2020,0.008014195,0.018462158,0.00144384
07-02-2020,-0.01085864,0.006150911,-0.003755728
10-02-2020,0.002790361,0.024603548,0.004368571
11-02-2020,-0.005608973,-0.019731682,0.003849435
12-02-2020,0.021650541,-0.001354789,0.004427306
13-02-2020,-0.007315475,-0.006862391,-0.000458645
14-02-2020,-0.000657025,0.008378086,0.000908202
18-02-2020,-0.019560173,0.0076162,-0.00368487
19-02-2020,0.014085068,0.005420503,0.005251139
20-02-2020,-0.012360852,-0.017747863,-0.005720079
21-02-2020,-0.023324724,-0.032783017,-0.009746799
24-02-2020,-0.052462009,-0.050841169,-0.036660387
25-02-2020,-0.035461315,-0.023010054,-0.032316905
26-02-2020,0.009998568,0.005912529,-0.007032634
27-02-2020,-0.067907256,-0.073642642,-0.044675792
28-02-2020,-0.008955778,0.011635568,-0.010028462
02-03-2020,0.089792313,0.065679453,0.043910999
03-03-2020,-0.03120118,-0.042721451,-0.025580834
04-03-2020,0.03986579,0.027362592,0.034438367
05-03-2020,-0.026894869,-0.01828948,-0.026628104
06-03-2020,-0.014866319,-0.032979009,-0.023745384
09-03-2020,-0.085845508,-0.077168118,-0.082056458
10-03-2020,0.068562285,0.058775122,0.046280059
11-03-2020,-0.038791993,-0.045511805,-0.048536282
12-03-2020,-0.104879357,-0.103687539,-0.100619532
13-03-2020,0.101989529,0.113842807,0.064944021
16-03-2020,-0.124717602,-0.139292287,-0.092987802
17-03-2020,0.022836987,0.051225882,0.024635453
18-03-2020,-0.016795898,-0.033760586,-0.032995684
19-03-2020,-0.011603514,0.01394163,-0.008502673
20-03-2020,-0.07372218,-0.048687979,-0.048236637
23-03-2020,-0.017386866,-0.002651768,-0.016383837
24-03-2020,0.084877679,0.07051386,0.065483848
25-03-2020,0.003325166,0.011564644,0.045657927
26-03-2020,0.040279248,0.048332237,0.031111219
27-03-2020,-0.031433395,-0.024739408,-0.006820083
30-03-2020,0.023502957,0.059057442,0.014614879
31-03-2020,0.000795629,-0.005736463,-0.006597132
01-04-2020,-0.054838536,-0.037584786,-0.046363966
02-04-2020,0.010617598,0.012931658,0.009393021
03-04-2020,-0.010600411,-0.00347122,0.003063471
06-04-2020,0.076948394,0.064178403,0.045624067
07-04-2020,-0.007605077,-0.000112215,0.021829474
08-04-2020,0.023467333,0.007880005,0.018833532
09-04-2020,0.008879608,0.001608943,0.023744188
13-04-2020,0.022988512,0.004195345,-0.009479301
14-04-2020,0.045504345,0.044642204,0.021949957
15-04-2020,-0.002721501,-0.002477576,-0.009741298
16-04-2020,0.003086728,0.025865421,-0.009659626
17-04-2020,-0.008672413,0.014061392,0.037811356
20-04-2020,-0.024205885,-0.01896033,-0.023971833
21-04-2020,-0.032365205,-0.046098657,-0.029721154
22-04-2020,0.025334738,0.028827903,0.01842344
23-04-2020,-0.004401549,-0.011795897,0.001738847
24-04-2020,0.025767956,0.015950009,0.014090112
27-04-2020,0.000998634,-0.003751529,0.011939268
28-04-2020,-0.015387942,-0.022317298,4.90E-05
29-04-2020,0.029445957,0.036350022,0.01930952
30-04-2020,0.024430081,0.017636652,-0.002176852
01-05-2020,-0.019192869,-0.028712946,-0.033519669
04-05-2020,0.014550196,0.022310451,0.003078393
05-05-2020,0.015498999,0.012849952,0.009361545
06-05-2020,0.010230901,0.010169616,-0.0080163
07-05-2020,0.008844982,0.005372805,0.012434626
08-05-2020,0.025216461,0.008058275,0.015151528
11-05-2020,0.015187636,0.009729616,0.002869611
12-05-2020,-0.010291415,-0.020803144,-0.023590205
13-05-2020,-0.013578536,-0.019884082,-0.017770321
14-05-2020,0.006575469,0.002086465,0.008882778
15-05-2020,-0.00749818,0.012792698,0.006835354
18-05-2020,0.021692215,0.009404026,0.02848095
19-05-2020,-0.00601726,-0.006530484,-0.008189911
20-05-2020,0.018559347,0.012565647,0.014974929
21-05-2020,-0.007779131,-0.011030653,-0.00689405
22-05-2020,0.006730263,-0.00182904,0.002645365
26-05-2020,-0.008728325,-0.012172759,0.008614232
27-05-2020,0.005274385,-0.000234422,0.019651588
28-05-2020,-0.002539595,-0.004870035,-0.006287127
29-05-2020,0.000243348,0.00990602,0.007616865
01-06-2020,0.00901509,-0.003694858,0.000608991
02-06-2020,0.006430945,0.01154155,0.010478262
03-06-2020,0.002852999,0.00158545,0.011525772
04-06-2020,-0.007488945,-0.012214325,-0.001303965
05-06-2020,0.026073334,0.019171396,0.023790718
08-06-2020,0.007288418,0.009463378,0.013655519
09-06-2020,0.029630903,0.006341244,-0.007065337
10-06-2020,0.026701113,0.037272718,-0.008731148
11-06-2020,-0.04760365,-0.050725663,-0.057642789
12-06-2020,0.005313373,0.000561997,0.003773164
15-06-2020,0.014631517,0.006032368,0.014262453
16-06-2020,0.023757307,0.024613189,0.017399729
17-06-2020,-0.002579681,0.001951426,-0.004348325
18-06-2020,0.001484885,0.014218914,0.001819001
19-06-2020,-0.006948281,-0.007962688,-0.010162436
22-06-2020,0.026596183,0.029294676,0.010310205
23-06-2020,0.019597081,0.006306227,-0.000304325
24-06-2020,-0.016416705,-0.017207315,-0.021498547
25-06-2020,0.010463155,0.006807637,0.003658457
26-06-2020,-0.028391698,-0.016565646,-0.019450998
29-06-2020,0.018617991,0.004416314,0.009600488
30-06-2020,0.009084608,0.026438861,0.014354286
01-07-2020,-0.002967422,0.00744185,0.009002575
02-07-2020,-0.002191975,0.007425141,0.001093398
06-07-2020,0.028204126,0.022681311,0.020430795
07-07-2020,-0.004659149,-0.009464083,-0.015267999
08-07-2020,0.023305855,0.019809024,0.01067261
09-07-2020,0.003925098,0.009026789,-0.009214688
10-07-2020,0.003107611,-0.002161128,0.012086379
13-07-2020,-0.006935146,-0.033524942,-0.010696541
14-07-2020,0.018153369,0.003195803,0.013193269
15-07-2020,0.004524436,-0.003987061,0.008564602
16-07-2020,-0.011215842,-0.020538041,-0.002208167
17-07-2020,-0.005014665,-0.011033441,0.000421083
20-07-2020,0.022367545,0.042147673,0.00938208
21-07-2020,-0.015913224,-0.011766314,0.001042519
22-07-2020,0.001984318,0.013179021,0.005676948
23-07-2020,-0.047664685,-0.044368369,-0.0122518
24-07-2020,-0.004362247,-0.009876843,-0.008321023
27-07-2020,0.02045239,0.006846313,0.006855464
28-07-2020,-0.015813145,-0.006069521,-0.006114246
29-07-2020,0.013404184,0.003195861,0.010531544
30-07-2020,0.015717031,0.003152057,-0.002379499
31-07-2020,0.097112057,0.00178048,0.00637961
03-08-2020,0.029729733,0.056187107,0.006979353
04-08-2020,0.007370059,-0.010190019,0.00455997
05-08-2020,0.005922073,-0.002402425,0.004268371
06-08-2020,0.03848339,0.01457816,0.008440839
07-08-2020,-0.024708397,-0.014385977,-0.00129017
10-08-2020,0.014894655,-0.026345679,0.003892981
11-08-2020,-0.031430453,-0.024828314,-0.009711282
12-08-2020,0.032862186,0.021890816,0.013265617
13-08-2020,0.014792084,-0.000378293,-0.001225925
14-08-2020,0.001976012,-0.001335013,-0.000977583
17-08-2020,-0.007444025,0.005892746,0.002385429
18-08-2020,0.013196785,0.006897197,0.002700262
19-08-2020,-0.003236855,-0.007579178,-0.005739041
20-08-2020,0.024252318,0.022544527,0.003323149
21-08-2020,0.047619242,-0.006207592,0.00241262
24-08-2020,0.016184446,0.002454884,0.010613659
25-08-2020,-0.010534013,0.01138599,0.002949122
26-08-2020,0.016577803,0.023863065,0.010041926
27-08-2020,-0.012336674,0.024227853,0.001944134
28-08-2020,-0.002582632,0.014743795,0.006233889
31-08-2020,0.031632771,-0.014697275,-0.004110229
01-09-2020,0.040879984,0.007139404,0.008879524
02-09-2020,-0.022010767,0.01839627,0.014182718
03-09-2020,-0.083041526,-0.061851814,-0.0338811
04-09-2020,-0.002910096,-0.024063454,-0.013323374
08-09-2020,-0.069432064,-0.058240133,-0.026412208
09-09-2020,0.0302373,0.032026294,0.016211208
10-09-2020,-0.033956226,-0.028613067,-0.016025663
11-09-2020,-0.016178185,-0.009272317,-0.000663361
14-09-2020,0.024619147,0.0006133,0.010246289
15-09-2020,0.006721521,0.020965121,0.010015583
16-09-2020,-0.037572788,-0.022983009,-0.009951115
17-09-2020,-0.012866435,-0.008604248,-0.00443836
18-09-2020,-0.036611497,-0.018780381,-0.017252258
21-09-2020,0.029014348,0.011392687,-0.009002249
22-09-2020,0.01223488,0.019472247,0.006837234
23-09-2020,-0.041822711,-0.028496223,-0.021817728
24-09-2020,0.004681828,0.005206235,-0.000335694
25-09-2020,0.041076437,0.025719579,0.015638222
28-09-2020,0.020272829,0.007873814,0.019324912
29-09-2020,-0.006697146,-0.010194798,-0.008478989
30-09-2020,0.014624656,0.013742214,0.009798461
01-10-2020,0.01050312,0.011002319,0.00329979
02-10-2020,-0.033965853,-0.029434951,-0.00659261
05-10-2020,0.028166107,0.015120605,0.013130963
06-10-2020,-0.027601116,-0.019405079,-0.010521008
07-10-2020,0.013287979,0.014621139,0.013208874
08-10-2020,-0.001512059,0.003609163,0.010777613
09-10-2020,0.017874856,0.025886513,0.009590204
12-10-2020,0.058477393,0.025351294,0.013238311
13-10-2020,-0.021295749,0.012444997,-0.002049184
14-10-2020,-0.00433443,-0.010723859,-0.012306277
15-10-2020,0.000381337,-0.003909951,0.002130002
16-10-2020,-0.016213671,-0.003381571,-0.004136036
19-10-2020,-0.028504425,-0.024844818,-0.014079457
20-10-2020,0.011750823,-0.004062172,0.001427108
21-10-2020,-0.007102726,0.00047192,-0.001699795
22-10-2020,-0.011408746,-0.001898229,0.005568033
23-10-2020,-0.008523856,0.004884442,0.001558079
26-10-2020,0.000429862,-0.02874069,-0.016638588
27-10-2020,0.010446483,0.010134212,-0.008466763
28-10-2020,-0.046879266,-0.050390788,-0.032173416
29-10-2020,0.031984644,0.00259258,0.004402215
30-10-2020,-0.05542248,-0.013383419,-0.007694205
02-11-2020,-0.006153625,-0.001655508,0.009273825
03-11-2020,0.013424808,0.014642047,0.016517848
04-11-2020,0.041487843,0.05234926,0.026089181
05-11-2020,0.030331981,0.032844971,0.015535548
06-11-2020,0.004500464,0.009458129,0.005202889
09-11-2020,-0.023387789,-0.025272773,0.006679071
10-11-2020,0.00062328,-0.034245342,0.003207749
11-11-2020,0.026465525,0.018301937,0.003549696
12-11-2020,-0.000495964,-0.002663641,-0.008296198
13-11-2020,-0.003372808,0.000976124,0.012424124
16-11-2020,0.010642154,0.003464106,0.011851308
17-11-2020,-0.008622636,-0.012498646,-0.002707146
18-11-2020,-0.012535347,-0.016859895,-0.017063982
19-11-2020,0.003714137,0.004432439,0.006840267
20-11-2020,-0.011365551,-0.01117679,-0.010142388
23-11-2020,-0.032824409,-0.003606,0.007367833
24-11-2020,0.009483224,0.015617059,0.014192748
25-11-2020,0.006855112,0.001901785,0.000591589
27-11-2020,0.002781817,0.004478026,0.000402178
30-11-2020,0.019568456,-0.00449015,-0.003881181
01-12-2020,0.031863452,0.008402157,0.00987984
02-12-2020,0.002743835,-0.003813824,0.002005834
03-12-2020,-0.000577857,-0.006312272,0.000187702
04-12-2020,-0.005600059,-0.001692984,0.006290259
07-12-2020,0.012248015,-0.000570333,0.000284617
08-12-2020,0.003783319,0.005825978,-0.000251192
09-12-2020,-0.021316035,-0.019179446,-0.007348426
10-12-2020,0.009422816,-0.009881654,-0.002926006
11-12-2020,-0.00568416,0.011086543,-0.000965162
14-12-2020,-0.007921049,0.004596206,-0.004787292
15-12-2020,0.047802886,-0.001636013,0.011433389
16-12-2020,0.001348905,0.023496253,0.003988105
17-12-2020,0.004792592,0.002750011,0.002887438
18-12-2020,-0.014700266,-0.004122073,-0.002573575
21-12-2020,0.012311105,0.016834442,-0.005439311
22-12-2020,0.026402144,0.008388058,-0.002274821
23-12-2020,-0.005493993,-0.014052504,0.000947973
24-12-2020,0.004581872,0.006129388,0.002344401
28-12-2020,0.037683385,0.009854313,0.00968049
29-12-2020,-0.013646864,-0.003413228,-0.00321698
30-12-2020,-0.009701543,-0.012916999,0.001649799
31-12-2020,-0.008018961,0.001838476,0.003816785
04-01-2021,-0.025190325,-0.022784998,-0.013025385
05-01-2021,0.008011525,-0.00280472,0.004215253
06-01-2021,-0.033542761,-0.028321775,0.007137579
07-01-2021,0.028841135,0.024079119,0.014293609
08-01-2021,0.009704091,0.006274528,0.005668187
11-01-2021,-0.024599298,-0.008327743,-0.006124112
12-01-2021,-0.004529076,-0.016065695,-0.002632036
13-01-2021,0.018556157,0.007248262,0.004367504
14-01-2021,-0.018439341,-0.01874932,-0.005637278
15-01-2021,-0.014636232,-0.003045565,-0.006933027
19-01-2021,0.003403601,0.014054066,0.005984405
20-01-2021,0.032698871,0.038754712,0.014577971
21-01-2021,0.034231323,0.004187081,0.001193239
22-01-2021,0.01781573,0.006733002,-0.004908011
25-01-2021,0.027284727,0.014935615,0.00393673
26-01-2021,0.004989244,0.015593432,-0.002355084
27-01-2021,-0.00829696,0.001433253,-0.024966288
28-01-2021,-0.035385549,0.027126471,0.005364135
29-01-2021,-0.040172034,-0.02801665,-0.018473398
01-02-2021,0.013076854,0.029718534,0.013388712
02-02-2021,0.005208515,0.001131279,0.015339482
03-02-2021,-0.011162566,0.01572954,0.002237639
04-02-2021,0.024186589,-0.006047322,0.007681222
05-02-2021,-0.001623155,0.003769659,0.008052758
08-02-2021,-0.000886001,-0.003359873,0.002930084
09-02-2021,-0.006627422,0.008100205,0.002445686
10-02-2021,-0.004921555,-0.007615767,-0.003388166
11-02-2021,-0.004059096,0.008285525,0.002172522
12-02-2021,0.001455013,-0.000549349,0.004557986
16-02-2021,-0.018308372,-0.003745544,-0.00188195
17-02-2021,-0.018877737,0.000673538,0.000824127
18-02-2021,-0.011091449,-0.000230972,-0.006344421
19-02-2021,0.000119369,-0.014548753,-0.000964047
22-02-2021,-0.032941903,-0.028555963,-0.009869372
23-02-2021,-0.003433925,-0.010857172,0.001450996
24-02-2021,-0.005642262,0.003445713,0.009691043
25-02-2021,-0.036770456,-0.025917352,-0.023190418
26-02-2021,-0.00233165,0.010212118,-0.00897545
01-03-2021,0.053125969,0.019806062,0.024433557
02-03-2021,-0.022106118,-0.01148601,-0.005941766
03-03-2021,-0.027058124,-0.030687204,-0.016764863
04-03-2021,-0.016223383,-0.006415093,-0.012083362
05-03-2021,0.010500042,0.01827578,0.015914468
08-03-2021,-0.046403479,-0.017364832,-0.002979227
09-03-2021,0.037615039,0.023596565,0.01233155
10-03-2021,-0.009658776,-0.002751391,0.006621715
11-03-2021,0.015696607,0.019004071,0.011069837
12-03-2021,-0.010339879,-0.005319312,-0.000835705
15-03-2021,0.02745044,-0.003068683,0.008170517
16-03-2021,0.008710535,0.00858392,-0.004385645
17-03-2021,-0.002416449,0.000324291,0.005554017
18-03-2021,-0.039458652,-0.030906903,-0.017440442
19-03-2021,-0.001915865,-0.003901326,-0.001664304
22-03-2021,0.023121543,0.021045266,0.006241818
23-03-2021,-0.00476967,0.009099673,-0.006528117
24-03-2021,-0.025556333,-0.010641166,-0.007707292
25-03-2021,0.006149333,-0.01342267,0.005751444
26-03-2021,0.002806226,0.014583576,0.015900306
29-03-2021,0.001086116,-0.004081674,-0.000259693
30-03-2021,-0.014809426,-0.01685097,-0.003142208
31-03-2021,0.018803541,0.014043317,0.002560024
01-04-2021,0.005767988,0.02892306,0.011824907
05-04-2021,0.023343254,0.029013807,0.01318432
06-04-2021,0.001646509,-0.001522084,0.000939057
07-04-2021,0.01469053,0.008307277,-0.000883094
08-04-2021,0.017891307,0.014230564,0.005153554
09-04-2021,0.022343724,0.011674721,0.006854886
12-04-2021,-0.014865377,2.74E-05,2.64E-05
13-04-2021,0.025107776,0.010533811,0.002810959
14-04-2021,-0.018270101,-0.011249635,-0.004422549
15-04-2021,0.018078956,0.013680066,0.010650755
16-04-2021,-0.004032963,0.004838994,0.002938377
19-04-2021,0.006337335,-0.006955539,-0.004614897
20-04-2021,-0.016408251,-0.004971838,-0.009442046
21-04-2021,0.004925711,0.00941855,0.009639408
22-04-2021,-0.015648231,-0.014661401,-0.009690439
23-04-2021,0.018991739,0.013608179,0.009843917
26-04-2021,-0.000181303,0.001422736,0.002200472
27-04-2021,-0.000813414,0.001985766,-0.000157361
28-04-2021,-0.009575629,-0.030863651,-0.002074207
29-04-2021,0.001414873,-0.010664796,0.007391736
30-04-2021,-0.01900806,-0.005739054,-0.00820637
03-05-2021,0.008534629,-0.00164149,0.002298575
04-05-2021,-0.038746928,-0.020304547,-0.007507634
05-05-2021,0.000656267,-0.006693503,0.000245695
06-05-2021,0.009913839,0.009368788,0.006635854
07-05-2021,0.00623363,0.012374576,0.008404113
10-05-2021,-0.030404125,-0.022474491,-0.01115322
11-05-2021,-0.006146147,-0.005814388,-0.009788458
12-05-2021,-0.028485268,-0.032214229,-0.022863516
13-05-2021,0.016942388,0.012439145,0.010186485
14-05-2021,0.016439519,0.019272038,0.016153538
17-05-2021,-0.007895432,-0.00916186,-0.001890231
18-05-2021,-0.015255955,-0.013022146,-0.010842979
19-05-2021,0.001150592,0.003281457,-0.002373152
20-05-2021,0.017548362,0.011077721,0.008999862
21-05-2021,-0.013885731,-0.004061376,0.000649189
24-05-2021,0.009879808,0.020257195,0.008290408
25-05-2021,9.57E-06,0.006517257,-0.001290011
26-05-2021,-0.002049795,-0.001177118,0.000945859
27-05-2021,-0.013581972,-0.00963735,-0.000349319
28-05-2021,-0.005914865,0.000555849,0.002468973
01-06-2021,-0.004814824,-0.01113896,-0.002925267
02-06-2021,0.00563899,-0.002052875,0.00271699
03-06-2021,-0.01428746,-0.008771481,-0.00579857
04-06-2021,0.018043715,0.019339132,0.009679872
07-06-2021,-0.000618031,0.012091502,-0.001719354
08-06-2021,0.00630608,-0.003060309,8.18E-05
09-06-2021,0.001549495,0.001760842,-0.002594486
10-06-2021,-0.006833455,0.015726116,0.004633227
11-06-2021,0.006872931,0.002197049,0.000947618
14-06-2021,0.025678348,0.008039752,0.002231503
15-06-2021,-0.007906778,-0.006121659,-0.002720991
16-06-2021,0.003710639,-0.004392815,-0.005871057
17-06-2021,0.012168301,0.011264139,-0.001706602
18-06-2021,-0.009372803,-0.004213998,-0.013544788
21-06-2021,0.011223467,0.009636514,0.012156871
22-06-2021,0.014082838,0.012171368,0.006696416
23-06-2021,-0.003389786,-0.000367069,-0.001694148
24-06-2021,-0.002792126,0.004291816,0.00431209
25-06-2021,-0.002392196,-0.005720838,0.005117066
28-06-2021,0.011431275,0.011935095,-0.000219018
29-06-2021,0.010841035,0.010612771,0.00175853
30-06-2021,0.004149062,-0.001252763,-0.001001252
01-07-2021,0.001701176,0.001259617,0.005943523
02-07-2021,0.019544745,0.022416304,0.007103459
06-07-2021,0.014625672,0.001359844,-0.001847065
07-07-2021,0.017817679,0.007896994,0.002801435
08-07-2021,-0.008976102,-0.008844124,-0.00865526
09-07-2021,0.012927199,0.00100419,0.00979595
12-07-2021,-0.004228694,-0.004147267,0.003555765
13-07-2021,0.007375777,0.012877394,-0.003110399
14-07-2021,0.022354913,0.004516877,-0.00072255
15-07-2021,-0.002821949,-0.004042236,-0.002051525
16-07-2021,-0.016776271,-0.003637516,-0.010385013
19-07-2021,-0.026525698,-0.01300918,-0.014667844
20-07-2021,0.022898735,0.004305732,0.011836409
21-07-2021,-0.005098741,0.007741193,0.009709818
22-07-2021,0.006816802,0.015935513,0.001641457
23-07-2021,0.011541519,0.013468144,0.008956099
26-07-2021,0.003996846,-0.000670535,0.004226446
27-07-2021,-0.017249666,-0.009595049,-0.007005218
28-07-2021,-0.011769595,-0.002317051,0.000289292
29-07-2021,0.002068254,-0.000616665,0.002523923
30-07-2021,0.001391674,-0.006664706,-0.004229524
02-08-2021,-0.005123655,-0.002513798,-0.003712814
03-08-2021,0.01238699,0.007105726,0.007754243
04-08-2021,-0.003558986,-0.002491036,-0.004435101
05-08-2021,2.17E-05,0.009205856,0.004382713
06-08-2021,-0.005845532,0.000147656,0.00267537
09-08-2021,-0.00061649,-0.004450744,-0.002008521
10-08-2021,-0.005281005,-0.008396178,0.000721624
11-08-2021,0.001398529,0.000607166,0.002471061
12-08-2021,0.018724681,0.008132054,0.001956111
13-08-2021,0.00212758,0.010965758,0.002254547
16-08-2021,0.011734023,0.005793756,0.001101218
17-08-2021,-0.005132724,-0.004462024,-0.00625713
18-08-2021,-0.026823076,-0.007640701,-0.012713957
19-08-2021,0.00037158,0.0192268,0.000627537
20-08-2021,0.009870489,0.02635163,0.007903709
23-08-2021,0.008092846,0.003372477,0.008560457
24-08-2021,-0.001426854,-0.006954637,0.001744026
25-08-2021,-0.008746075,-0.002384617,0.001255586
26-08-2021,-0.006539117,-0.010970195,-0.006109765
27-08-2021,0.006327739,-0.000486548,0.007746609
30-08-2021,0.028755814,0.011546856,0.004785368
31-08-2021,-0.008242886,-0.005127934,-0.001720837
01-09-2021,0.003058108,-0.002140015,-0.000851271
02-09-2021,0.008030052,-0.002768517,0.003610763
03-09-2021,0.004310927,-0.001319046,-0.001547814
07-09-2021,0.013531604,-0.004743262,-0.003348591
08-09-2021,-0.008952863,-0.001076592,-0.002754569
09-09-2021,-0.008784699,-0.01144786,-0.004238665
10-09-2021,-0.033703888,-0.007230893,-0.009141705
13-09-2021,0.001081306,0.001910744,0.001566633
14-09-2021,-0.010980277,0.008951522,-0.005268626
15-09-2021,0.003869162,0.015981448,0.006825917
16-09-2021,-0.003766101,0.003029498,-0.000885836
17-09-2021,-0.018282384,-0.018198912,-0.010860582
20-09-2021,-0.025018694,-0.021214801,-0.018432876
21-09-2021,0.003212312,-0.001832829,-0.001807319
22-09-2021,0.013864902,0.01095812,0.008681611
23-09-2021,0.006449139,0.002898823,0.013378853
24-09-2021,-0.001395812,-0.001365733,0.000590608
27-09-2021,-0.009712925,-0.018001662,-0.00249886
28-09-2021,-0.025785887,-0.03980947,-0.02203773
29-09-2021,0.005057812,-0.004565086,0.000244256
30-09-2021,-0.010793811,-0.009316982,-0.012474177
01-10-2021,0.005988547,0.021787305,0.010484589
04-10-2021,-0.026365886,-0.020053246,-0.012724993
05-10-2021,0.012851827,0.017526522,0.009248305
06-10-2021,0.004808756,0.015022539,0.003496785
07-10-2021,0.009273081,0.00911758,0.010187183
08-10-2021,-0.00538541,-0.002564593,-0.004522891
11-10-2021,0.00121368,0.000546585,-0.005089144
12-10-2021,-0.011968542,-0.007982894,-0.006626764
13-10-2021,-0.00352286,0.012009317,0.005971244
14-10-2021,0.016862629,0.019992404,0.01420112
15-10-2021,0.008906824,0.008029506,0.009902357
18-10-2021,0.00912349,0.00891047,0.00169063
19-10-2021,0.016492091,0.005384352,0.007259962
20-10-2021,0.003006596,-0.003457652,0.004779056
21-10-2021,0.00154578,0.010220598,0.000878795
22-10-2021,-0.005745504,-0.004904789,-1.26E-05
25-10-2021,-0.000812301,-0.004685387,0.003364054
26-10-2021,0.003238256,0.004673629,0.001938268
27-10-2021,-0.003634744,0.041564121,-0.005786228
28-10-2021,0.022966306,0.006985483,0.008916947
29-10-2021,-0.017493239,0.023227526,0.002758356
01-11-2021,-0.007798446,-0.004616827,0.000438037
02-11-2021,0.006620704,0.012162375,0.004144228
03-11-2021,0.00971402,0.001458668,0.00562203
04-11-2021,-0.005930366,0.009166246,0.004546535
05-11-2021,0.003873371,-0.003471892,0.003334044
08-11-2021,-0.00682745,0.004329715,0.000187657
09-11-2021,0.002205081,-0.005791532,-0.003478345
10-11-2021,-0.021163801,-0.014790358,-0.009302167
11-11-2021,-0.001289798,5.41E-05,-0.000410974
12-11-2021,0.012184726,0.013589382,0.00702501
15-11-2021,0.000363029,-0.003035909,0.000611884
16-11-2021,0.003817555,0.009797362,0.002909868
17-11-2021,0.017654317,0.00078166,-0.002346231
18-11-2021,0.02725739,0.006362973,0.002443586
19-11-2021,0.017942729,0.004470139,-0.002062167
22-11-2021,0.002958562,-0.008693361,-0.003250492
23-11-2021,0.003253995,-0.009350081,-4.29E-06
24-11-2021,0.003387566,-0.000263043,0.003193472
26-11-2021,-0.032581896,-0.0266036,-0.023833594
29-11-2021,0.019055588,0.016706182,0.010364127
30-11-2021,0.031550762,-0.017549488,-0.018792184
01-12-2021,-0.003695082,-0.004365278,-0.01343383
02-12-2021,-0.008128098,-0.004720308,0.013376568
03-12-2021,-0.009997378,-0.01917966,-0.005654052
06-12-2021,0.019221636,0.00335945,0.007132157
07-12-2021,0.034976425,0.028329804,0.024055355
08-12-2021,0.022360173,0.000345967,0.001572926
09-12-2021,-0.002463811,-0.005141137,-0.007141823
10-12-2021,0.028510323,0.026390893,0.008666876
13-12-2021,-0.019245131,-0.005513723,-0.009156892
14-12-2021,-0.009694061,-0.035925909,-0.007538942
15-12-2021,0.02705637,0.014668167,0.013379468
16-12-2021,-0.038555449,-0.028448851,-0.006041707
17-12-2021,-0.012051946,-0.009254609,-0.014646098
20-12-2021,-0.006887417,-0.014755676,-0.010055787
21-12-2021,0.016298008,0.021227308,0.015682089
22-12-2021,0.01329948,0.016628946,0.011241605
23-12-2021,0.004267699,0.008145219,0.00650029
27-12-2021,0.021081877,0.020787188,0.012380248
28-12-2021,-0.003255179,0.001752983,0.001808732
29-12-2021,-0.001697968,-0.000592773,-0.002142217
30-12-2021,-0.005858747,-0.006622687,-0.000931984
31-12-2021,-0.00483544,-0.011240978,-0.004842375
03-01-2022,0.023212289,-0.006943411,0.005856528
04-01-2022,-0.012390585,-0.01926848,-0.000260301
05-01-2022,-0.029269939,-0.043027579,-0.020796013
06-01-2022,-0.01801251,-0.01452308,-0.002247225
07-01-2022,-0.000253755,-0.002915054,-0.004690328
10-01-2022,-0.002789937,-0.00173926,-0.001304699
11-01-2022,0.015092246,-0.000121055,0.007383881
12-01-2022,0.001769048,0.010325179,0.004379995
13-01-2022,-0.019478194,-0.043522221,-0.015949667
14-01-2022,0.003173691,0.011851771,-0.000214654
18-01-2022,-0.018497242,-0.02476276,-0.018503407
19-01-2022,-0.024555679,-0.001316756,-0.012266611
20-01-2022,-0.012290354,-0.009637576,-0.012273781
21-01-2022,-0.014471856,-0.017550296,-0.020452825
24-01-2022,-0.008147827,-0.006254769,0.001390406
25-01-2022,-0.012898103,-0.025051981,-0.010664202
26-01-2022,-0.002890418,0.020281311,-0.005443538
27-01-2022,-0.004221677,0.01401902,-0.004706367
28-01-2022,0.065961715,0.026857672,0.023859897
31-01-2022,0.02755742,0.011702408,0.018615636
01-02-2022,-0.000561418,-0.004838173,0.008384251
02-02-2022,0.007386606,0.01299504,0.007062973
03-02-2022,-0.013340106,-0.037007552,-0.020995195
04-02-2022,-0.005248026,0.008424628,-0.000794464
07-02-2022,-0.003590635,-0.015669951,-0.000251709
08-02-2022,0.015736611,0.008765635,0.005926446
09-02-2022,0.008163604,0.019767551,0.014572757
10-02-2022,-0.024712476,-0.024597297,-0.01610666
11-02-2022,-0.02212693,-0.031463784,-0.025142882
14-02-2022,0.000682929,-0.001699318,-0.001733312
15-02-2022,0.020965445,0.014777621,0.013243272
16-02-2022,-0.002568552,-0.000419187,0.003737959
17-02-2022,-0.022828968,-0.031570458,-0.023792162
18-02-2022,-0.010422845,-0.013365858,-0.008487352
22-02-2022,-0.018612551,-0.003642876,-0.010516659
23-02-2022,-0.029309468,-0.028223419,-0.020280266
24-02-2022,0.013753329,0.044003258,0.01409986
25-02-2022,0.012141259,0.014340753,0.02263715
28-02-2022,-0.000187163,0.005346292,-0.001534186
01-03-2022,-0.012722103,-0.013274031,-0.017367746
02-03-2022,0.020458813,0.018245354,0.017322558
03-03-2022,-0.00238808,-0.015603598,-0.003776518
04-03-2022,-0.019516947,-0.021253732,-0.009768742
07-03-2022,-0.026216836,-0.044663515,-0.031264804
08-03-2022,-0.012134618,-0.014811627,-0.009504661
09-03-2022,0.030847744,0.038040534,0.024929164
10-03-2022,-0.027039504,-0.004783524,-0.000829554
11-03-2022,-0.028369788,-0.024136929,-0.017094558
14-03-2022,-0.02726108,-0.014029469,-0.006520079
15-03-2022,0.027199461,0.035008773,0.019878171
16-03-2022,0.026385617,0.027227909,0.023735138
17-03-2022,0.006657165,0.005331512,0.013361804
18-03-2022,0.019041765,0.017520913,0.009622372
21-03-2022,0.012128895,-0.000533346,0.001573237
22-03-2022,0.019044291,0.014484051,0.008866177
23-03-2022,0.010021856,-0.013384887,-0.010642277
24-03-2022,0.021915173,0.012928106,0.011545715
25-03-2022,0.00488016,-0.001144053,0.006857201
28-03-2022,0.004929489,0.022937568,0.006656816
29-03-2022,0.018783044,0.01529414,0.010827841
30-03-2022,-0.00557392,-0.001379087,-0.003410235
31-03-2022,-0.019854387,-0.020766475,-0.020012628
01-04-2022,-0.002128532,0.003080739,0.004259065
04-04-2022,0.022344655,0.015076714,0.006416615
05-04-2022,-0.019874012,-0.010994464,-0.011076234
06-04-2022,-0.021049427,-0.041301072,-0.013149046
07-04-2022,0.000966341,0.002052237,0.004818665
08-04-2022,-0.012564087,-0.01665212,-0.002395425
11-04-2022,-0.029432382,-0.043693288,-0.019053294
12-04-2022,0.009816669,-0.019355519,-0.00456937
13-04-2022,0.015189482,0.017529744,0.01021238
14-04-2022,-0.031647244,-0.029068273,-0.011129946
18-04-2022,-0.004389771,-0.001881357,-0.002697486
19-04-2022,0.014823719,0.015288642,0.016950062
20-04-2022,-0.002551552,0.00574218,-0.000243077
21-04-2022,-0.006967457,-0.022168941,-0.016768588
22-04-2022,-0.028188731,-0.025482461,-0.028628881
25-04-2022,0.004325649,0.018526607,0.002525448
26-04-2022,-0.038748614,-0.036012141,-0.02767526
27-04-2022,-0.005259859,0.039556367,-0.001320643
28-04-2022,0.042318482,0.026944442,0.025736412
29-04-2022,-0.035987917,-0.039467384,-0.035088514
02-05-2022,-0.003658169,0.016900581,-0.001318866
03-05-2022,0.012305257,-0.003756299,0.009362497
04-05-2022,0.038677744,0.023758137,0.026962721
05-05-2022,-0.058066308,-0.041718114,-0.033514541
06-05-2022,0.002782403,-0.014542474,-0.009889714
09-05-2022,-0.034160318,-0.041964039,-0.034362988
10-05-2022,0.014410185,0.014289685,0.002954216
11-05-2022,-0.058044298,-0.037887115,-0.020750417
12-05-2022,-0.027392329,-0.022394269,0.003266805
13-05-2022,0.024493388,0.013667769,0.016555692
16-05-2022,-0.006440858,0.006892001,0.00444547
17-05-2022,0.015978195,0.013938108,0.01212457
18-05-2022,-0.052340888,-0.041079627,-0.034542181
19-05-2022,-0.031528907,-0.012177618,-0.013995768
20-05-2022,0.002081324,-0.002910171,0.001561137
23-05-2022,0.036605669,0.028885653,0.020272312
24-05-2022,-0.021576184,-0.002990327,-0.011488771
25-05-2022,0.00013611,0.011619694,0.013247637
26-05-2022,0.022461001,0.012204657,0.013550086
27-05-2022,0.041906988,0.03055454,0.031987907
31-05-2022,-0.007349869,-0.004579285,-0.011121279
01-06-2022,0.001005188,0.003690533,-0.004725539
02-06-2022,0.01565686,0.005811199,0.014356452
03-06-2022,-0.036863359,-0.014257046,-0.012727428
06-06-2022,-0.000279097,-0.010107488,-0.00106033
07-06-2022,0.019451783,0.014028631,0.010068111
08-06-2022,-0.007412381,-0.008812764,-0.009286758
09-06-2022,-0.038529268,-0.022381914,-0.028934178
10-06-2022,-0.040659074,-0.049861957,-0.027793853
13-06-2022,-0.041945537,-0.049628673,-0.044653221
14-06-2022,0.002684554,-0.000114642,-0.002868504
15-06-2022,0.016779297,0.027781023,0.012259975
16-06-2022,-0.042097352,-0.027413035,-0.03152294
17-06-2022,0.007417579,0.007053674,-0.003192456
21-06-2022,0.033875207,0.024892185,0.026820633
22-06-2022,-0.00473095,0.000388831,-0.000314173
23-06-2022,0.018897884,0.019640388,0.006470779
24-06-2022,0.027023579,0.037896957,0.034418776
27-06-2022,-8.53E-05,-0.007659747,-0.004431185
28-06-2022,-0.030727293,-0.033001819,-0.020849038
29-06-2022,0.012241943,0.01034006,-0.004064047
30-06-2022,-0.018260469,-0.012360563,-0.006735719
01-07-2022,0.013160078,0.006388968,0.008050951
05-07-2022,0.017738561,0.012291871,0.003120682
06-07-2022,0.010570511,0.014288322,0.002714457
07-07-2022,0.021409938,0.00766804,0.013697415
08-07-2022,0.007977991,-0.00054544,0.001475576
11-07-2022,-0.01677052,-0.013778946,-0.014670109
12-07-2022,0.007408113,-0.042999104,-0.008330742
13-07-2022,-0.003325696,-0.0111755,-0.007569342
14-07-2022,0.019244061,0.003121985,-0.002290317
15-07-2022,0.010498843,0.008262805,0.017872283
18-07-2022,-0.020160563,-0.010557292,-0.007051872
19-07-2022,0.023794992,0.019409672,0.024901013
20-07-2022,0.015978501,0.011478167,0.007977729
21-07-2022,0.012904876,0.011230107,0.01040473
22-07-2022,-0.007676268,-0.017569467,-0.011241831
25-07-2022,-0.007248497,-0.006724158,0.002608299
26-07-2022,-0.010149526,-0.030428125,-0.015416477
27-07-2022,0.033091338,0.061310718,0.027614401
28-07-2022,0.002768352,0.032374659,0.011102096
29-07-2022,0.031888316,0.020678899,0.017231882
01-08-2022,-0.005700418,-0.009853421,-0.005651622
02-08-2022,-0.008151974,-0.007791493,-0.004840005
03-08-2022,0.035150862,0.02181145,0.011956944
04-08-2022,0.001808764,0.009475989,0.002721344
05-08-2022,-0.005680053,-0.005952748,-0.004749039
08-08-2022,-0.000828765,-0.007898323,-0.000760764
09-08-2022,-0.000909658,0.00425383,-0.004388951
10-08-2022,0.024844641,0.024210959,0.018870879
11-08-2022,-0.004293437,-0.006126873,0.00308065
12-08-2022,0.019883798,0.015699926,0.013595436
15-08-2022,0.007182631,0.006753993,0.006689764
16-08-2022,-0.000666962,-0.001719651,0.000507651
17-08-2022,0.007189336,-0.004857091,-0.007905808
18-08-2022,-0.000741218,-0.003545116,0.00306675
19-08-2022,-0.017687461,-0.016896783,-0.015508301
22-08-2022,-0.02361471,-0.031818264,-0.02061264
23-08-2022,-0.00469006,-0.010873131,-0.006731816
24-08-2022,0.000733907,-0.004370428,0.005690947
25-08-2022,0.012285143,0.00796002,0.011432614
26-08-2022,-0.038939127,-0.039627082,-0.03231091
29-08-2022,-0.016473359,-0.016351901,-0.011521013
30-08-2022,-0.016532408,-0.012050921,-0.010691627
31-08-2022,-0.012768417,-0.007939958,-0.007964158
01-09-2022,0.000578667,-0.00879465,-0.000256818
02-09-2022,-0.013509974,-0.017044324,-0.007118397
06-09-2022,-0.012008092,-0.016184616,-0.009327048
07-09-2022,0.009108268,0.017214731,0.020991687
08-09-2022,-0.01127352,0.001230858,0.004891787
09-09-2022,0.016994635,0.022381376,0.016317687
12-09-2022,0.037612698,0.009603703,0.010706645
13-09-2022,-0.059214799,-0.054480857,-0.044386737
14-09-2022,0.005064681,-0.007960525,-0.000935172
15-09-2022,-0.016702743,-0.027622982,-0.009874885
16-09-2022,-0.014370743,-0.009289383,-0.008982314
19-09-2022,0.020674525,-0.004549991,0.005019087
20-09-2022,0.018171615,-0.008765485,-0.008018248
21-09-2022,-0.024418259,-0.019238607,-0.023335863
22-09-2022,-0.005294073,0.007303625,-0.006296815
23-09-2022,-0.016942344,-0.014979171,-0.020454254
26-09-2022,0.001501301,-0.003628887,-0.009933762
27-09-2022,0.003350094,-0.00748648,-0.004338016
28-09-2022,-0.012225544,0.019397306,0.019316758
29-09-2022,-0.05392475,-0.015763979,-0.019817039
30-09-2022,-0.03179057,-0.020432869,-0.01918759
03-10-2022,0.026344479,0.027861697,0.025554942
04-10-2022,0.024958897,0.037949529,0.03294964
05-10-2022,-0.001341397,0.002264581,-0.002265707
06-10-2022,-0.005772389,-0.008059369,-0.01109988
07-10-2022,-0.037429092,-0.053488877,-0.030114297
10-10-2022,0.000356612,-0.028211048,-0.009530888
11-10-2022,-0.011745714,-0.023034195,-0.007389997
12-10-2022,-0.006999533,-0.002632043,-0.003358375
13-10-2022,0.030181572,0.032514808,0.024154944
14-10-2022,-0.030811451,-0.019870601,-0.019740313
17-10-2022,0.024139683,0.033336725,0.020295778
18-10-2022,0.01212635,0.009433647,0.015487956
19-10-2022,-0.000401933,-0.00810068,-0.007553574
20-10-2022,-0.005172355,-0.004407837,-0.011799246
21-10-2022,0.028638508,0.02668591,0.026592747
24-10-2022,0.013058536,0.020433016,0.00993126
25-10-2022,0.020460438,0.017492511,0.019368148
26-10-2022,-0.020779339,-0.080243707,-0.010756667
27-10-2022,-0.02988056,-0.028059258,-0.003588898
28-10-2022,0.069430342,0.033016515,0.019965272
31-10-2022,-0.011341518,-0.012172277,-0.003054981
01-11-2022,-0.023163481,-0.024788379,-0.00851518
02-11-2022,-0.036802527,-0.035692825,-0.02480229
03-11-2022,-0.044017514,-0.034147195,-0.0127328
04-11-2022,-0.008193311,0.027223525,0.01230533
07-11-2022,0.003476719,0.029864137,0.012968123
08-11-2022,-0.000899828,0.006341309,0.001792141
09-11-2022,-0.033896573,-0.019045279,-0.017867444
10-11-2022,0.082105642,0.07803673,0.048309174
11-11-2022,0.023092542,0.025035706,0.016636229
14-11-2022,-0.011142494,-0.019601837,-0.011342951
15-11-2022,0.011571663,-0.001989756,0.006200493
16-11-2022,-0.003388171,0.005559907,-0.003708507
17-11-2022,0.007976624,-0.004665017,-0.00938706
18-11-2022,0.006128287,-0.001234243,0.009011341
21-11-2022,-0.024441967,0.000781224,-0.00790547
22-11-2022,0.013795004,0.012768868,0.015302039
23-11-2022,0.0056074,0.009822461,0.005354754
25-11-2022,-0.020783113,0.000997434,-2.94E-06
28-11-2022,-0.029388957,-0.024624564,-0.016896461
29-11-2022,-0.021652462,-0.008806983,-0.003813769
30-11-2022,0.043758876,0.057038271,0.031406955
01-12-2022,0.002628514,0.004478608,0.000987573
02-12-2022,-0.006265471,1.60E-05,-0.002856098
05-12-2022,-0.007653974,-0.018347284,-0.018660251
06-12-2022,-0.024977184,-0.021812766,-0.015925868
07-12-2022,-0.017762659,-0.009088912,-0.004032326
08-12-2022,0.011505648,0.0117644,0.009205641
09-12-2022,-0.005935411,-0.010264338,-0.009316207
12-12-2022,0.014775268,0.027628394,0.014590088
13-12-2022,0.006238288,0.018813539,0.007145457
14-12-2022,-0.01530637,0.004271795,-0.00558493
15-12-2022,-0.050365373,-0.034134756,-0.02739874
16-12-2022,-0.016015375,-0.019671791,-0.012870937
19-12-2022,-0.019170213,-0.022993188,-0.01036636
20-12-2022,-0.003289022,0.00272113,0.001342981
21-12-2022,0.019772867,0.007117124,0.013705672
22-12-2022,-0.022966694,-0.024298156,-0.012823532
23-12-2022,-0.006871254,-0.003735924,0.002562177
27-12-2022,-0.012763224,-0.006755359,-0.002742128
28-12-2022,-0.03375877,-0.013759943,-0.013612336
29-12-2022,0.02461774,0.02443035,0.015397269
30-12-2022,0.003079629,-0.002601605,0.000672542
03-01-2023,-0.041011783,-0.00283698,-0.007933139
04-01-2023,0.007816843,-0.045619856,0.008804635
05-01-2023,-0.009347299,-0.03560699,-0.012041904
06-01-2023,0.032295325,0.004425946,0.020739986
09-01-2023,0.004518117,0.009778544,0.002028055
10-01-2023,0.004305173,0.004538538,0.00475892
11-01-2023,0.019804684,0.031185401,0.013003801
12-01-2023,0.002306028,0.014163415,0.004678805
13-01-2023,0.006976052,0.005013959,0.001677425
17-01-2023,0.010883163,0.004371476,-9.86E-05
18-01-2023,-0.006791656,-0.01763427,-0.01864471
19-01-2023,0.000165684,-0.0207768,-0.007558607
20-01-2023,0.018228187,0.032426046,0.0168106
23-01-2023,0.023518371,0.011923883,0.013883875
24-01-2023,0.009456588,-0.001934745,-0.001811564
25-01-2023,-0.004123559,-0.006948062,-0.000539644
26-01-2023,0.01448991,0.030539407,0.011110956
27-01-2023,0.014361089,0.001950877,0.001902463
30-01-2023,-0.020945313,-0.021603861,-0.012556316
31-01-2023,0.007385353,0.016282711,0.012098428
01-02-2023,0.008461779,0.023107237,0.012771363
02-02-2023,0.035231268,0.045455588,0.013433947
03-02-2023,0.024179075,-0.017868735,-0.010089935
06-02-2023,-0.01656754,-0.008296121,-0.007547264
07-02-2023,0.017539436,0.039876543,0.011379013
08-02-2023,-0.014948906,0.002288042,-0.008560311
09-02-2023,-0.010082163,-0.014929673,-0.012873681
10-02-2023,0.001594754,-0.00208888,0.003569378
13-02-2023,0.018282246,0.029460897,0.010294817
14-02-2023,-0.006149068,0.005251906,0.000333831
15-02-2023,0.013765389,-0.008167954,0.002385011
16-02-2023,-0.011085141,-0.028505808,-0.014629304
17-02-2023,-0.00763442,-0.018910382,-0.0032805
21-02-2023,-0.029469205,-0.026001851,-0.021904223
22-02-2023,0.002289895,-0.00858906,-0.001960601
23-02-2023,0.000191755,0.008746964,0.00342846
24-02-2023,-0.018267304,-0.021192271,-0.008690103
27-02-2023,0.003991885,-0.001441652,-0.000729915
28-02-2023,-0.001654069,-0.002798247,-0.001127866
01-03-2023,-0.017763242,-0.014706047,-0.006691412
02-03-2023,0.003405515,0.015976834,0.007918732
03-03-2023,0.033435937,0.018367107,0.016279829
06-03-2023,0.018667045,0.006612389,0.000387406
07-03-2023,-0.015322449,-0.010167349,-0.015277478
08-03-2023,0.008373613,-0.002953891,-0.001520089
09-03-2023,-0.014147345,-0.006853848,-0.016877929
10-03-2023,-0.016014523,-0.016617217,-0.018279466
13-03-2023,0.01110813,0.017392294,-0.001683708
14-03-2023,0.014247845,0.028353032,0.016201601
15-03-2023,0.000386273,0.019568625,-0.006260383
16-03-2023,0.018689176,0.041695524,0.016901787
17-03-2023,-0.005143771,0.017487364,-0.011893362
20-03-2023,0.014792056,-0.02416545,0.00916383
21-03-2023,0.011760772,0.002731384,0.011604493
22-03-2023,-0.008542651,-0.004866026,-0.014141596
23-03-2023,0.00469528,0.016893169,-0.0031603
24-03-2023,0.009757135,0.011025861,0.010444442
27-03-2023,-0.014182342,-0.013528256,-0.001006383
28-03-2023,-0.004938096,-0.007619983,-0.001450036
29-03-2023,0.018655749,0.018967801,0.013511468
30-03-2023,0.009886316,0.012529994,0.005976076
31-03-2023,0.013966307,0.015878898,0.014722379
03-04-2023,0.008570194,-0.002662937,0.002563383
04-04-2023,-0.003235989,-3.29E-06,-0.004057196
05-04-2023,-0.011928954,-0.01131083,-0.006045469
06-04-2023,0.00479629,0.023872571,0.005739305
10-04-2023,-0.017032085,-0.006827609,-0.001130073
11-04-2023,-0.009678836,-0.023594042,0.001101558
12-04-2023,-0.006007215,-0.002697881,-0.005477797
13-04-2023,0.032616424,0.022952749,0.012709334
14-04-2023,-0.003001855,-0.013676041,-0.001649645
17-04-2023,-0.000351875,0.007941738,0.002026682
18-04-2023,0.006595072,-0.001982255,0.000852081
19-04-2023,0.008530974,0.000611919,-0.000674646
20-04-2023,-0.008528027,-0.011029204,-0.00654522
21-04-2023,-0.009141344,-0.001265146,0.00061777
24-04-2023,-0.000488679,-0.017313592,-0.000195255
25-04-2023,-0.009204695,-0.024234111,-0.015475044
26-04-2023,-0.003116372,0.06392287,-0.007279636
27-04-2023,0.027831259,0.039849824,0.020413111
28-04-2023,0.007080271,0.010393596,0.0091618
01-05-2023,-0.001163992,-0.003440528,-0.001586934
02-05-2023,-0.006462075,0.001381726,-0.011851917
03-05-2023,-0.006244259,-0.005495114,-0.008461604
04-05-2023,-0.011996525,0.002967788,-0.00772227
05-05-2023,0.044894517,0.014945547,0.017385549
08-05-2023,-0.000170456,-0.004281005,0.001377593
09-05-2023,-0.010961944,-0.00785967,-0.005317312
10-05-2023,0.009406003,0.016537114,0.003160391
11-05-2023,0.003389177,-0.006288791,-0.00043181
12-05-2023,-0.009014111,-0.00555289,-0.003787602
15-05-2023,-0.002258754,5.63E-05,0.004402953
16-05-2023,-0.001935504,0.007144249,-0.008027321
17-05-2023,0.003290831,0.008159932,0.01147178
18-05-2023,0.011772827,0.015328007,0.010127161
19-05-2023,0.000966107,-5.39E-05,-0.001558518
22-05-2023,-0.00692094,0.009024103,-0.000752703
23-05-2023,-0.01547002,-0.018610542,-0.011227662
24-05-2023,3.56E-05,-0.006803839,-0.009246904
25-05-2023,0.005640004,0.034984383,0.008172067
26-05-2023,0.012705969,0.02553687,0.013305131
30-05-2023,0.009841892,-0.004425055,0.000261773
31-05-2023,-8.57E-05,-0.007910123,-0.00610082
01-06-2023,0.015165016,0.011416888,0.008176115
02-06-2023,0.005589735,0.009091484,0.01531745
05-06-2023,-0.008526362,0.001189293,-0.002040125
06-06-2023,-0.002835138,-0.007156786,0.001194806
07-06-2023,-0.008079184,-0.032584131,-0.003575638
08-06-2023,0.013496764,0.000586296,0.005082133
09-06-2023,0.001805264,0.003591682,0.001798166
12-06-2023,0.014384634,0.014158747,0.008742943
13-06-2023,-0.002748035,0.00721097,0.006228197
14-06-2023,0.00340481,0.010628352,0.001714566
15-06-2023,0.010039993,0.031018701,0.01072139
16-06-2023,-0.00505906,-0.012074497,-0.001766517
20-06-2023,-0.001934069,-0.015726265,-0.007480099
21-06-2023,-0.005077929,-0.014840305,-0.00528079
22-06-2023,0.014447444,0.015505534,0.002765836
23-06-2023,-0.001670237,-0.014453878,-0.008134856
26-06-2023,-0.008964784,-0.021454028,-0.004651969
27-06-2023,0.01395589,0.013371112,0.009260607
28-06-2023,0.006873307,0.006087582,0.002359586
29-06-2023,8.81E-05,-0.004962235,0.00153994
30-06-2023,0.02271061,0.016093894,0.01284547
03-07-2023,-0.007141634,-0.006425684,0.000804577
05-07-2023,-0.007255387,-0.001110146,-0.002226562
06-07-2023,0.002029941,0.008026461,-0.00819921
07-07-2023,-0.006021833,-0.01101849,-0.0040708
10-07-2023,-0.013476511,-0.019613864,0.002455243
11-07-2023,-0.003492603,-0.000349102,0.0057973
12-07-2023,0.007207863,0.012332346,0.008002903
13-07-2023,0.003375376,0.016335731,0.007927327
14-07-2023,-0.000709028,0.008241633,-0.00090049
17-07-2023,0.016885964,0.002450135,0.002886481
18-07-2023,-0.00132648,0.038733086,0.007004186
19-07-2023,0.006148846,-0.007768848,0.002541744
20-07-2023,-0.010380373,-0.025191527,-0.007698441
21-07-2023,-0.00682618,-0.012565364,-0.000692912
24-07-2023,0.002387786,0.002662607,0.003878554
25-07-2023,0.004462216,0.013675056,0.002798276
26-07-2023,0.002302192,-0.03675492,-0.000610816
27-07-2023,-0.006405493,-0.027462041,-0.006951869
28-07-2023,0.011735993,0.019403644,0.008439977
31-07-2023,0.003625575,-0.006531392,0.002624714
01-08-2023,-0.005657389,-0.002324955,-0.003656289
02-08-2023,-0.016407867,-0.026880748,-0.015119006
03-08-2023,-0.008347067,-0.006409466,-0.003795194
04-08-2023,-0.050983428,0.000475581,-0.005715669
07-08-2023,-0.020988286,0.006825417,0.008828558
08-08-2023,0.002590365,-0.014501767,-0.005197101
09-08-2023,-0.010671484,-0.012648247,-0.006701033
10-08-2023,-0.005653413,-0.001737723,-0.001876454
11-08-2023,0.000864193,-0.005928045,0.000598648
14-08-2023,0.00721607,0.005756801,0.003451501
15-08-2023,-0.011419422,-0.005905923,-0.010623945
16-08-2023,-0.006870304,-0.004829733,-0.009853044
17-08-2023,-0.01522424,-0.012235648,-0.008103124
18-08-2023,0.000975092,-0.003624954,-0.000139388
21-08-2023,0.006156814,0.014827893,0.005274945
22-08-2023,0.007165045,0.003005074,-0.001426137
23-08-2023,0.020267048,0.012703623,0.008530795
24-08-2023,-0.025340619,-0.020144077,-0.011865048
25-08-2023,0.010091083,0.006210104,0.003668032
28-08-2023,0.009820042,0.001825418,0.007573449
29-08-2023,0.020634888,0.01438549,0.014363927
30-08-2023,0.01787269,0.000340228,0.003274277
31-08-2023,0.003171445,-0.001766703,-1.12E-05
01-09-2023,0.006892555,-1.18E-05,-0.001384663
05-09-2023,0.003221999,0.01594462,-0.001898106
06-09-2023,-0.038179639,-0.002816053,-0.010254001
07-09-2023,-0.031366792,-0.008690628,-0.00203314
08-09-2023,0.000943645,0.010198288,-0.000322012
11-09-2023,0.005150171,0.012698188,0.006762685
12-09-2023,-0.02059011,-0.019260091,-0.005507734
13-09-2023,-0.013334025,0.010586897,-0.000578393
14-09-2023,0.007349999,0.008117162,0.009169347
15-09-2023,-0.004792075,-0.024911159,-0.012667061
18-09-2023,0.014169897,-0.008711047,-0.000931566
19-09-2023,0.006642938,-0.001569984,-0.002207995
20-09-2023,-0.020955981,-0.027009311,-0.009785732
21-09-2023,-0.010630222,-0.008412423,-0.01850899
22-09-2023,0.004719653,-0.009992732,-0.003071431
25-09-2023,0.005540797,-0.000986373,0.003173064
26-09-2023,-0.024996629,-0.019320582,-0.014163113
27-09-2023,-0.010916672,-0.000525756,-0.00253972
28-09-2023,0.000629896,0.000523643,0.006778579
29-09-2023,0.001641957,0.006680643,-0.003072888
02-10-2023,0.012478061,0.017247215,-0.001509786
03-10-2023,-0.007422437,-0.023531857,-0.013256111
04-10-2023,0.005559072,0.012688074,0.004697929
05-10-2023,0.007499904,0.00323408,0.001062805
06-10-2023,0.014012421,0.023460362,0.010325347
09-10-2023,0.007793594,0.008875839,0.00691293
10-10-2023,-0.002957174,-0.001974276,0.005466653
11-10-2023,0.006789199,0.009602708,0.002564082
12-10-2023,0.005664822,-0.000895189,-0.004709726
13-10-2023,-0.011620491,-0.013413082,-0.008052517
16-10-2023,-0.001742444,0.013767736,0.011520743
17-10-2023,-0.009496951,-0.001693995,-0.000847526
18-10-2023,-0.008996729,-0.006788496,-0.013597961
19-10-2023,-0.004023892,0.001347358,-0.010913324
20-10-2023,-0.015674056,-0.013650736,-0.012809592
23-10-2023,-0.001939653,0.004075267,-0.00324997
24-10-2023,0.001902391,0.003994421,0.007066052
25-10-2023,-0.015209081,0.029198649,-0.013888868
26-10-2023,-0.026854946,-0.035662193,-0.014929598
27-10-2023,0.006225532,0.001434469,-0.004653132
30-10-2023,0.011148269,0.021214987,0.010777848
31-10-2023,0.001256652,0.005532279,0.006930957
01-11-2023,0.017208267,0.019750048,0.010369007
02-11-2023,0.02171295,0.01182054,0.018667363
03-11-2023,-0.005427408,0.011577647,0.010795068
06-11-2023,0.014136831,0.012941206,0.000745801
07-11-2023,0.015174996,0.011738997,0.003449503
08-11-2023,0.005892654,0.008506065,-0.000388262
09-11-2023,-0.003581706,-0.006357479,-0.00788979
10-11-2023,0.023462188,0.023227021,0.014016998
13-11-2023,-0.00870902,-0.005849287,0.000241006
14-11-2023,0.013289938,0.008233569,0.018131827
15-11-2023,0.002774903,0.000286368,0.002781665
16-11-2023,0.009490831,0.018063484,0.001383143
17-11-2023,-0.001987672,-0.017374755,-0.001003539
20-11-2023,0.010460499,0.01943556,0.009673952
21-11-2023,-0.006192386,-0.011927041,-0.004753766
22-11-2023,0.004167669,0.012630801,0.005365527
24-11-2023,-0.009138843,-0.00325406,-0.001600137
27-11-2023,-0.000598536,0.005279177,-0.000657316
28-11-2023,0.000610984,0.006923625,-0.001099681
29-11-2023,-0.004812103,-0.006394893,-5.43E-05
30-11-2023,0.000109662,-0.004789226,0.002696893
01-12-2023,0.007459906,-0.010240348,0.005897166
04-12-2023,-0.011365109,-0.018796137,-0.005181415
05-12-2023,0.020163851,0.0068516,-0.001975947
06-12-2023,-0.005895959,-0.011254191,-0.003559663
07-12-2023,0.009222296,0.003576444,0.005989951
08-12-2023,0.006488117,0.007564973,0.005013266
11-12-2023,-0.012000467,-0.006740011,0.003310298
12-12-2023,0.004779863,0.005086831,0.003939564
13-12-2023,0.018188862,0.001325076,0.014160487
14-12-2023,-0.00116452,-0.024598481,0.00280879
15-12-2023,-0.002887299,0.009500643,-0.00141512
18-12-2023,-0.009312239,0.005308062,0.003918081
19-12-2023,0.004875115,0.001085914,0.00718228
20-12-2023,-0.012246601,-0.008664682,-0.01517171
21-12-2023,-0.002007181,0.007463379,0.008182617
22-12-2023,-0.007189197,0.001541322,0.002547731
26-12-2023,-0.003442601,0.000495303,0.003663056
27-12-2023,-0.001865886,-0.00356833,0.001081106
28-12-2023,0.00219547,0.003317377,0.000794951
29-12-2023,-0.007529477,0.000334094,-0.004610533
02-01-2024,-0.036792888,-0.013775736,-0.005140531
03-01-2024,-0.010841042,-0.004233504,-0.010279987
04-01-2024,-0.013470059,-0.007873782,-0.003299572
05-01-2024,-0.007434264,-0.003298886,0.000113716
08-01-2024,0.021630611,0.017187463,0.014266652
09-01-2024,-0.001994245,0.004201529,-0.00110971
10-01-2024,0.003467615,0.017702451,0.004466876
11-01-2024,-0.002615112,0.006760815,-0.000291644
12-01-2024,0.001123341,0.010571141,9.98E-05
16-01-2024,-0.013666844,0.004791381,-0.004608993
17-01-2024,-0.006093946,-0.001030268,-0.005648919
18-01-2024,0.030144882,0.009365103,0.006995495
19-01-2024,0.016378595,0.013600221,0.0138883
22-01-2024,0.010457849,-0.005479484,0.001306116
23-01-2024,0.007887352,0.005224075,0.002792362
24-01-2024,-0.002955057,0.00894678,0.000583951
25-01-2024,-0.002469925,0.006362941,0.004953609
26-01-2024,-0.00938501,-0.003061278,-0.00131607
29-01-2024,-0.005219692,0.013996964,0.006980684
30-01-2024,-0.020628805,-0.00232053,-0.000488019
31-01-2024,-0.02171988,-0.027902043,-0.01726208
01-02-2024,0.010934402,0.010538441,0.010766847
02-02-2024,-0.006100467,0.019566064,0.012366139
05-02-2024,0.007002568,-0.013526342,-0.004541548
06-02-2024,0.008454645,-0.002914543,0.001905802
07-02-2024,0.00047517,0.020757536,0.008685931
08-02-2024,-0.007223308,0.001467103,-0.000182778
09-02-2024,0.004192661,0.014240302,0.00561667
12-02-2024,-0.010337832,-0.010986351,-0.000968242
13-02-2024,-0.012395178,-0.02347599,-0.014118091
14-02-2024,-0.006877459,0.005227837,0.006776251
15-02-2024,-0.002220333,-0.006613129,0.00832043
16-02-2024,-0.010877328,-0.009797494,-0.005862136
20-02-2024,-0.005213004,-0.004767739,-0.006712333
21-02-2024,0.002432232,-0.003010886,0.000701941
22-02-2024,0.010600065,0.021297201,0.019416596
23-02-2024,-0.011371313,-0.001264723,0.002711015
26-02-2024,-0.008384425,-0.008059629,-0.005739209
27-02-2024,0.006909346,-0.001676586,0.00165504
28-02-2024,-0.006825158,0.000265277,-0.001440673
29-02-2024,-0.006224194,0.012324548,0.002210658
01-03-2024,-0.006410275,0.005730387,0.010072292
04-03-2024,-0.027227288,-0.001976821,-0.00180931
05-03-2024,-0.031343413,-0.030573852,-0.010296101
06-03-2024,-0.008319593,-0.005844476,0.003218715
07-03-2024,-0.002898008,0.015271321,0.010661519
08-03-2024,0.007487534,-0.006494696,-0.006295105
11-03-2024,0.01059698,-0.007230208,-0.002296419
12-03-2024,0.002512468,0.025877363,0.010747973
13-03-2024,-0.012953989,0.001441274,-0.00149618
14-03-2024,0.01027079,0.023315286,-0.002940331
15-03-2024,-0.00254286,-0.018624533,-0.007513633
18-03-2024,0.005051695,0.00032386,0.005057076
19-03-2024,0.012480737,0.007658093,0.005433054
20-03-2024,0.015261034,0.011032617,0.009367355
21-03-2024,-0.042835957,0.007230467,0.002720694
22-03-2024,0.003847488,0.001477572,-0.001601079
25-03-2024,-0.008925017,-0.016301944,-0.00443453
26-03-2024,-0.008243758,-0.003802943,-0.001586805
27-03-2024,0.017155644,-0.003352864,0.00694857
28-03-2024,-0.008235439,-0.002296029,0.000684443
01-04-2024,-0.012751438,0.006423837,-0.003026065
02-04-2024,-0.005891319,-0.006391471,-0.006916814
03-04-2024,0.002546728,-0.005020644,0.000407648
04-04-2024,-0.005769666,-0.006919215,-0.013122229
05-04-2024,0.002632275,0.01600644,0.00952327
08-04-2024,-0.007215029,-0.001448943,0.000441034
09-04-2024,0.00594502,0.003097522,0.001366216
10-04-2024,-0.012034667,-0.007890035,-0.011962422
11-04-2024,0.041173263,0.010280767,0.007903359
12-04-2024,0.009124196,-0.015141378,-0.01528943
15-04-2024,-0.022100908,-0.021318141,-0.012855641
16-04-2024,-0.02152547,-0.002802267,-0.004760662
17-04-2024,-0.006730486,-0.006473856,-0.004230695
18-04-2024,-0.009869606,-0.022749053,-0.005146474
19-04-2024,-0.013147774,-0.015580875,-0.007616833
22-04-2024,0.001680298,0.00080931,0.006832991
23-04-2024,0.006546693,0.015418337,0.012829787
24-04-2024,0.010472106,0.003540963,-0.000169375
25-04-2024,0.005317643,-0.024716707,-0.005689858
26-04-2024,-0.004172779,0.014222779,0.010098475
29-04-2024,0.02411705,-0.008663322,0.002502051
30-04-2024,-0.017859826,-0.035362191,-0.015268484
01-05-2024,-0.008009641,0.008322966,-0.00646073
02-05-2024,0.021072694,0.008642824,0.010254328
03-05-2024,0.058936133,0.019871257,0.011895051
06-05-2024,-0.009487813,0.018762322,0.010529257
07-05-2024,0.004251967,-0.007785238,0.00142655
08-05-2024,0.002528048,0.001003588,-0.001244403
09-05-2024,0.011614379,0.004892935,0.006022722
10-05-2024,-0.010095245,0.004966821,0.000571408
13-05-2024,0.018794408,-0.002918216,1.99E-05
14-05-2024,0.004208426,0.00601641,0.003656953
15-05-2024,0.013497052,0.017039361,0.012523683
16-05-2024,-0.001515552,-0.003356035,-0.00193675
17-05-2024,0.002075473,-0.003459155,0.000390624
20-05-2024,0.003494226,0.01162917,0.000879348
21-05-2024,0.008466187,0.009251453,0.002146374
22-05-2024,-0.010136521,0.003267674,-0.003642489
23-05-2024,-0.0207934,-0.008178496,-0.007652608
24-05-2024,0.013553021,0.005805473,0.004939497
28-05-2024,0.000981279,0.000198235,0.001665384
29-05-2024,-0.001438275,-0.003586618,-0.008392305
30-05-2024,0.005074567,-0.036118299,-0.00750635
31-05-2024,0.004810745,-0.003618978,0.008363932
03-06-2024,0.008084191,-0.006310513,0.000911928
04-06-2024,0.001707514,0.004507156,0.00072759
05-06-2024,0.006882018,0.016532261,0.010761639
06-06-2024,-0.007110137,0.004321328,0.001374367
07-06-2024,0.011164636,-0.00359911,-0.003250417
10-06-2024,-0.019506648,0.010135368,0.00344787
11-06-2024,0.068407262,0.010762012,0.001703228
12-06-2024,0.030275376,0.020199792,0.007793061
13-06-2024,0.006282653,0.002433495,0.002360937
14-06-2024,-0.008834954,0.002800229,-0.000426796
17-06-2024,0.023630972,0.012330017,0.007824446
18-06-2024,-0.013683205,-0.002822329,0.002461766
20-06-2024,-0.020884122,-0.003591611,-0.003253104
21-06-2024,-0.014533558,0.008753366,-0.002184997
24-06-2024,0.004513647,-0.004805093,-0.003676403
25-06-2024,-9.33E-05,0.005673838,0.002941975
26-06-2024,0.02046249,0.002593051,0.001239818
27-06-2024,0.002092865,0.001283896,0.000991152
28-06-2024,-0.015276177,-0.01438916,-0.004509705
01-07-2024,0.026156591,0.019814078,0.001446556
02-07-2024,0.018687562,0.006342974,0.006099438
03-07-2024,0.003523885,0.003759904,0.004927095
05-07-2024,0.022060312,0.013294694,0.004738897
08-07-2024,0.007796065,6.39E-05,0.001632113
09-07-2024,0.003287059,-0.016898314,-0.000133125
10-07-2024,0.018643624,0.013062814,0.009700664
11-07-2024,-0.022617673,-0.025152554,-0.00840206
12-07-2024,0.010586791,-0.006394074,0.004449123
15-07-2024,0.017310119,-0.001794097,0.003402326
16-07-2024,0.00136316,-0.009758211,0.005347834
17-07-2024,-0.027596524,-0.018200328,-0.014681596
18-07-2024,-0.020660922,-0.008195849,-0.008790249
19-07-2024,-0.002056113,-0.011455986,-0.008460214
22-07-2024,-0.002407086,0.011731613,0.010815765
23-07-2024,0.001258725,0.003231738,-0.00271791
24-07-2024,-0.029290493,-0.03601517,-0.022315512
25-07-2024,-0.007702948,-0.031209525,-0.009355412
26-07-2024,0.001505454,0.012774064,0.012753701
29-07-2024,-0.000461172,0.002201899,-0.000282865
30-07-2024,0.000278656,-0.010422501,-0.005451475
31-07-2024,0.014944227,-0.013235234,0.015207029
01-08-2024,-0.017744596,-0.004397908,-0.013384268
02-08-2024,0.005720098,-0.023563461,-0.020891657
05-08-2024,-0.049948343,-0.036859326,-0.031773554
06-08-2024,-0.012568988,0.004661128,0.007993794
07-08-2024,0.00965599,-0.003243141,-0.007203485
08-08-2024,0.016473929,0.007574974,0.023152528
09-08-2024,0.009480193,0.008166235,0.003799554
12-08-2024,0.009809603,0.003009204,0.002303962
13-08-2024,0.015100649,0.016166578,0.012555887
14-08-2024,0.004486401,0.009414865,0.007664698
15-08-2024,0.011437904,0.011327861,0.012655385
16-08-2024,0.007478381,-0.00463154,0.005961336
19-08-2024,-0.001813193,0.006121385,0.006919014
20-08-2024,0.002586896,0.007658064,-0.000925735
21-08-2024,-0.000953746,-0.001067475,0.003326377
22-08-2024,-0.009205494,-0.022161848,-0.009919222
23-08-2024,0.00884321,0.000355928,0.011862427
26-08-2024,0.00124675,-0.009613896,-0.004659351
27-08-2024,0.002382194,-0.001151977,0.003228003
28-08-2024,-0.007473544,-0.010225165,-0.009073532
29-08-2024,0.0138461,0.005149578,0.001839399
30-08-2024,-0.004072814,0.007804413,0.006691963
03-09-2024,-0.028351881,-0.01724259,-0.018465973
04-09-2024,-0.011310175,-0.005817391,-0.006369491
05-09-2024,0.00682463,-0.001342364,-0.001314466
06-09-2024,-0.009716963,-0.018818672,-0.017751928
09-09-2024,-0.001281279,0.00650308,0.007983577
10-09-2024,-0.004635944,0.020579468,0.007497069
11-09-2024,0.010733968,0.022470426,0.007201844
12-09-2024,-0.000687073,0.010893734,0.010482787
13-09-2024,-0.001585064,0.01029821,0.004089351
16-09-2024,-0.029621248,0.002372179,0.001265213
17-09-2024,0.001055815,0.009177345,0.000491397
18-09-2024,0.016020008,-0.010153423,-0.004557865
19-09-2024,0.036270196,0.016698756,0.017441289
20-09-2024,-0.004082413,-0.007235632,-0.00199131
23-09-2024,-0.006531378,-0.004973363,0.002369761
24-09-2024,0.002965907,-0.012781003,0.001495752
25-09-2024,-0.00300787,0.006155562,-0.001159065
26-09-2024,0.001631949,-0.004344163,0.001575735
27-09-2024,0.001988564,-0.007480548,-2.79E-05
30-09-2024,0.020555718,0.001601249,0.001966462
01-10-2024,-0.028652822,-0.021433641,-0.008350349
02-10-2024,-0.000202955,-0.013979977,-0.00126893
03-10-2024,-0.004714105,-0.00307908,-0.002272674
04-10-2024,0.003701014,-0.003490572,0.009143824
07-10-2024,-0.025391236,-0.017797125,-0.010100569
08-10-2024,0.017837656,0.009547326,0.009365146
09-10-2024,0.014896612,0.006534474,0.005824027
10-10-2024,-0.001303356,-0.00396215,-0.00013111
11-10-2024,-0.009620323,-0.000914698,0.002904612
14-10-2024,0.018502984,0.00712536,0.010484663
15-10-2024,0.008945517,-0.001998146,-0.009748389
16-10-2024,-0.008119718,-0.006818974,0.004119953
17-10-2024,-0.00086986,-0.000701446,-0.000318648
18-10-2024,0.013671739,0.003000264,0.003333733
21-10-2024,0.004402812,0.000217645,-0.001959035
22-10-2024,-0.002608951,0.020016624,-0.001168848
23-10-2024,-0.02311123,-0.005309045,-0.009917765
24-10-2024,-0.001668574,-0.000870247,0.001184087
25-10-2024,0.002059421,0.006971886,-0.000767275
28-10-2024,0.007518187,-0.002703884,0.002920537
29-10-2024,-0.000716656,0.009887853,0.000644368
30-10-2024,-0.015155029,0.002930908,-0.00263687
31-10-2024,-0.020576459,-0.063610184,-0.021602962
01-11-2024,-0.014114631,0.001386435,0.002991497
04-11-2024,-0.0068532,-0.005645767,-0.002309944
05-11-2024,0.004835359,0.004773089,0.011656531
06-11-2024,-0.005126728,0.018021249,0.024307685
07-11-2024,0.020016471,0.016935761,0.010053841
08-11-2024,-0.001240239,-0.008342332,0.002144909
11-11-2024,-0.012721281,-0.009550447,0.002132741
12-11-2024,-0.001546577,0.008360123,-0.004647645
13-11-2024,0.004461521,0.006745766,0.00012833
14-11-2024,0.011256868,0.002022715,-0.006782212
15-11-2024,-0.013958086,-0.027667359,-0.014400425
18-11-2024,0.011292554,-0.002785043,0.003185332
19-11-2024,0.001814394,0.003756562,0.003472906
20-11-2024,0.001930139,-0.006459337,0.000272837
21-11-2024,-0.003278301,-0.007217988,0.004209558
22-11-2024,0.006087139,0.009415458,0.003732523
25-11-2024,0.011374246,0.003534863,0.002252038
26-11-2024,0.009942394,0.021727847,0.005409636
27-11-2024,-0.001881477,-0.010364455,-0.003481206
29-11-2024,0.010595068,6.07E-05,0.0052523
02-12-2024,0.008924533,0.016112807,0.002100009
03-12-2024,0.012852474,0.003033753,-0.000312542
04-12-2024,0.00075477,0.011899889,0.005656197
05-12-2024,0.000469854,0.014411961,-0.00138159
06-12-2024,-0.001854831,0.002400061,0.000573108
09-12-2024,0.015951456,0.005642306,-0.005007367
10-12-2024,0.003191211,-0.005908964,-0.004422492
11-12-2024,-0.005365821,0.011322852,0.007100906
12-12-2024,0.004595659,0.001551967,-0.004631985
13-12-2024,0.001347779,-0.005397018,-0.002062093
16-12-2024,0.009721782,0.007466641,0.004542907
17-12-2024,0.009922731,0.007502132,-0.00461543
18-12-2024,-0.022315639,-0.039306756,-0.031390545
19-12-2024,0.005470597,-0.00590893,-0.003004334
20-12-2024,0.018709903,-0.002993366,0.012185012
23-12-2024,0.002473859,-0.004568745,0.006851699
24-12-2024,0.009683457,0.005731615,0.009413319
26-12-2024,0.004492198,-0.001053089,0.001902157
27-12-2024,-0.014287654,-0.020195949,-0.012968407
30-12-2024,-0.014317521,-0.015425051,-0.011696975
31-12-2024,-0.008316939,-0.011580243,-0.005411551
02-01-2025,-0.028292584,-0.009314519,-0.002739268
03-01-2025,-0.005134509,0.007920475,0.011823742
06-01-2025,0.005378487,0.01090013,0.005983892
07-01-2025,-0.013032425,-0.013061697,-0.01127424
08-01-2025,-0.000580847,0.003061225,-0.001082793
10-01-2025,-0.024266988,-0.013498456,-0.014163551
13-01-2025,-0.013206471,-0.006839666,-0.001531816
14-01-2025,-0.006341319,-0.006285608,0.002199609
15-01-2025,0.017904988,0.024349019,0.017508449
16-01-2025,-0.042885969,-0.003522347,-0.001761533
17-01-2025,0.005087951,0.010388711,0.010060992
21-01-2025,-0.033207047,-0.001759175,0.007746399
22-01-2025,0.003229181,0.041514161,0.007864353
23-01-2025,-0.00439107,0.00331904,0.002436551
24-01-2025,-0.002779099,-0.003759822,-0.000432417
27-01-2025,0.026195318,-0.02473225,-0.01752882
28-01-2025,0.040138039,0.028281299,0.008664517
29-01-2025,0.001944827,-0.011969035,-0.004724783
30-01-2025,-0.004785858,-0.063670422,0.004356959
31-01-2025,-0.007832571,-0.011686605,-0.005330374
03-02-2025,-0.033278649,-0.008987419,-0.007710033
04-02-2025,0.016247317,-0.003446697,0.005281764
05-02-2025,-0.000347136,0.001413521,0.005156492
06-02-2025,-0.000103494,0.005203586,0.001983972
07-02-2025,-0.024936902,-0.015360041,-0.008668788
10-02-2025,0.000353541,0.003810749,0.004784804
11-02-2025,0.019633949,-0.002849778,0.001434683
12-02-2025,0.018659212,-0.00662934,-0.003835921
13-02-2025,0.017274081,0.000668504,0.008976276
14-02-2025,0.015000071,-0.004628814,0.001709147
18-02-2025,-0.001029932,4.10E-05,0.000515752
19-02-2025,0.002495473,0.01238822,0.003428903
20-02-2025,0.00312379,0.005327401,-0.005376334
21-02-2025,-0.001142526,-0.019167466,-0.018016333
24-02-2025,0.004615254,-0.013513749,-0.006163748
25-02-2025,-0.000123057,-0.017432195,-0.005814338
26-02-2025,-0.028826353,0.000855083,0.00035876
27-02-2025,-0.014608941,-0.019944542,-0.017509114
28-02-2025,0.017468485,0.007963701,0.014747132
03-03-2025,-0.01672184,-0.022533477,-0.017521223
04-03-2025,-0.012170036,-0.00252804,-0.013323104
05-03-2025,-0.001181571,0.028346337,0.008153379
06-03-2025,-0.002688508,-0.005817876,-0.014780674
07-03-2025,0.013355994,-0.013358941,0.000124813
10-03-2025,-0.049367625,-0.033756432,-0.023622871
11-03-2025,-0.033532519,-0.005360601,-0.013324984
12-03-2025,-0.019101973,0.005274342,0.0054725
13-03-2025,-0.036933777,-0.012716334,-0.012133928
14-03-2025,0.012043902,0.02175329,0.015758355
17-03-2025,0.002733312,0.003509735,0.012985746
18-03-2025,-0.009520065,-0.014646761,-0.014949231
19-03-2025,0.010934729,0.008731617,0.011533885
20-03-2025,-0.004621011,-0.001285061,-0.002929164
21-03-2025,0.017129983,0.009017598,-0.001061559
24-03-2025,0.011866874,0.005302451,0.017978104
25-03-2025,0.013200329,0.00538046,0.002896319
26-03-2025,-0.010209806,-0.013786703,-0.012700622
27-03-2025,0.01051266,-7.74E-05,-0.004519945
28-03-2025,-0.027567395,-0.032299695,-0.020077906
31-03-2025,0.017782984,-0.013404503,0.003779534
01-04-2025,0.003668534,0.013761894,0.004024666
02-04-2025,0.003265105,0.001519851,0.005712099
03-04-2025,-0.099935032,-0.027122,-0.051421988
04-04-2025,-0.077990065,-0.038443664,-0.064038505
07-04-2025,-0.044146611,-0.012225623,-0.007551765
08-04-2025,-0.054139932,-0.011858631,-0.011852716
09-04-2025,0.130908902,0.092144551,0.094408064
10-04-2025,-0.036500836,-0.013433709,-0.033462652
11-04-2025,0.031713879,0.016794857,0.008053886
14-04-2025,0.027344032,-0.000236575,0.011806273
15-04-2025,0.002884029,-0.001368598,0.001959958
16-04-2025,-0.046763029,-0.044338868,-0.032986233
17-04-2025,0.019456328,-0.010746303,0.010957001
21-04-2025,-0.025573838,-0.031949643,-0.035800051
22-04-2025,0.035277697,0.02010824,0.03385459
23-04-2025,0.019191349,0.016321121,0.008809321
24-04-2025,0.023494576,0.039261187,0.027676957
25-04-2025,-0.000586909,0.011401171,0.002647614
28-04-2025,0.010390501,0.004361489,0.003682117
29-04-2025,0.000415889,0.003891459,0.003328361
30-04-2025,0.010063025,0.007140432,0.001517201
01-05-2025,-0.000436396,0.070072048,0.006375212
02-05-2025,-0.035363023,0.033632856,0.013871306
05-05-2025,-0.037212836,0.004087947,-0.003549665
06-05-2025,-0.001669488,-0.004306526,-0.012099536
07-05-2025,-0.015488804,0.000844057,0.005442555
08-05-2025,0.003893963,0.009042714,0.005402322
09-05-2025,0.003128551,0.002286012,-0.000435469
12-05-2025,0.061326539,0.022090333,0.031132112
13-05-2025,0.010715334,0.002650388,0.009157663
14-05-2025,-0.001720538,0.007750154,0.000340866
15-05-2025,-0.004664085,0.002754653,0.003450922
16-05-2025,0.00193475,0.002901985,0.008130964
19-05-2025,-0.015592778,0.00864321,-0.001532696
20-05-2025,-0.008683485,-0.000130093,-0.001475727
21-05-2025,-0.026788583,-0.014117742,-0.020085881
22-05-2025,-0.004274927,0.003346994,0.000355894
23-05-2025,-0.034057982,-0.011317329,-0.008002432
27-05-2025,0.023222962,0.020752211,0.020130884
28-05-2025,-0.000932041,-0.006299958,-0.004893178
29-05-2025,-0.002474974,0.002135944,0.002657049
30-05-2025,0.001279702,0.001886726,-0.001779402
02-06-2025,0.007057389,0.004965873,0.006198456
03-06-2025,0.003932836,-0.000490605,0.003809455
04-06-2025,-0.000247919,0.003216115,0.001670641
05-06-2025,-0.013708007,0.005983903,-0.007821549
06-06-2025,0.016813594,0.007184466,0.011363582
09-06-2025,-0.01360882,0.003821856,-0.000122445
10-06-2025,0.005084913,-0.003069807,0.00582171
11-06-2025,-0.020856765,0.001792811,-0.003557246
12-06-2025,0.001708721,0.013140527,0.003533115
13-06-2025,-0.016670042,-0.007901265,-0.011752267
16-06-2025,0.009896299,0.007099217,0.008255852
17-06-2025,-0.017166739,-0.002184256,-0.008359303
18-06-2025,0.005123113,0.003867914,-0.001148214
20-06-2025,0.019155874,-0.007223926,-0.00361499
23-06-2025,0.00489223,0.017255878,0.010638925
24-06-2025,-0.009687232,0.008425162,0.00943829
25-06-2025,0.008385462,0.005865437,0.002704005
26-06-2025,-0.004707453,0.009154718,0.004866765
27-06-2025,0.000386476,-0.000667666,0.007074653
30-06-2025,0.018026409,0.000614645,0.002989287
01-07-2025,0.01418295,-0.010245555,0.000129514
02-07-2025,0.020253505,-0.004888943,0.003813121
03-07-2025,0.00699853,0.01440242,0.007232541
07-07-2025,-0.017495034,-0.001663682,-0.006547429
08-07-2025,-0.000221916,-0.00365134,-0.003242762
09-07-2025,0.005027805,0.012854699,0.007045245
10-07-2025,0.004685376,-0.002944237,0.001790756
11-07-2025,-0.007237702,0.001829482,-0.003569801
14-07-2025,-0.012631876,-0.000764299,0.000951137
15-07-2025,0.000742241,0.004795654,-0.004686643
16-07-2025,0.004501558,-0.001244999,0.002749654
17-07-2025,-0.00241003,0.011554583,0.005411455
18-07-2025,0.004603987,-0.003276813,-5.74E-05
21-07-2025,0.0056547,-0.00045469,9.03E-05
22-07-2025,0.008456123,-0.011054415,0.000877333
23-07-2025,-0.001728118,-1.39E-05,0.007052689
24-07-2025,-0.002294543,0.007600794,0.001064449
25-07-2025,-0.000291943,0.006502519,0.003220612
28-07-2025,0.000287488,-0.003717708,-0.000572467
29-07-2025,-0.014490603,0.000130621,-0.002731126
30-07-2025,-0.011833753,-0.000184839,-0.002933832
31-07-2025,-0.008746161,0.038415417,-0.003136456
01-08-2025,-0.02673044,-0.01459602,-0.018542566
04-08-2025,0.001553676,0.019985048,0.014250469
05-08-2025,-0.002802967,-0.013498288,-0.004393979
06-08-2025,0.047391738,-0.005766898,0.006485919
07-08-2025,0.032098032,-0.012393426,-0.001152336
08-08-2025,0.042689569,0.003261634,0.008092169
11-08-2025,-0.006865878,-0.005128707,-0.00347822
12-08-2025,0.013184258,0.015754996,0.011651556
13-08-2025,0.015516986,-0.018459338,0.001741876
14-08-2025,-5.54E-06,0.003210217,0.001661515
15-08-2025,-0.008715035,-0.007291471,-0.005075333
18-08-2025,-0.000915403,-0.005294994,0.001069592
19-08-2025,-0.004323974,-0.018981348,-0.007542391
20-08-2025,-0.019721755,-0.008501795,-0.002500526
21-08-2025,-0.00831694,-0.00617337,-0.00529689
22-08-2025,0.012507455,0.005986021,0.014770923
25-08-2025,-0.004518992,-0.008484662,-0.003542684
26-08-2025,0.00810499,-0.004690405,0.002535324
27-08-2025,0.004808575,0.006369,0.002408801
28-08-2025,0.0088439,0.006949728,0.003414645
29-08-2025,-0.002822636,-0.007414563,-0.007134517
02-09-2025,-0.010352361,-0.003663461,-0.007410703
03-09-2025,0.035512004,-0.001452084,0.003138053
04-09-2025,0.00723038,0.004583458,0.009911183
05-09-2025,-0.00235335,-0.027106297,-0.004269273
08-09-2025,-0.007227344,0.002755307,0.002312398
09-09-2025,-0.014687937,-0.000821018,0.001691413
10-09-2025,-0.035430599,0.003292518,0.002671142
11-09-2025,0.012306122,-0.000963204,0.007799433
12-09-2025,0.015730559,0.018563694,-0.000149434
15-09-2025,0.01031275,0.010377873,0.004415556
16-09-2025,0.004368757,-0.010182574,-0.001418962
17-09-2025,0.005375723,-0.001357234,-0.001854217
18-09-2025,-0.006129603,-0.002250364,0.003634576
19-09-2025,0.031852706,0.015859154,0.005572455
22-09-2025,0.041961829,-0.005285344,0.003596088
23-09-2025,-0.004714413,-0.011840947,-0.004954043
24-09-2025,-0.009825492,-0.000507991,-0.00494453
25-09-2025,0.020003108,-0.006401833,-0.004790078
26-09-2025,-0.005807722,0.005641086,0.004773795
29-09-2025,-0.005797411,0.006449209,0.002686319
30-09-2025,-8.47E-06,0.006023679,0.003727478
01-10-2025,0.00308456,0.003341754,0.002373831
02-10-2025,0.004581974,-0.007606182,0.001762852
03-10-2025,0.003535475,0.001147276,-0.001575855
06-10-2025,-0.006464917,0.0210242,0.003994072
07-10-2025,-0.001211557,-0.007305997,-0.00469103
08-10-2025,0.004999089,-0.000171087,0.005479781
09-10-2025,-0.016143725,-0.005126069,-0.003062101
10-10-2025,-0.037420316,-0.023137228,-0.028209521
13-10-2025,0.007705259,0.001017696,0.012132535
14-10-2025,-0.000515841,-0.000896224,0.001114141
15-10-2025,0.003751343,-0.002672335,0.002662709
16-10-2025,-0.009052317,-0.004797719,-0.007257689
17-10-2025,0.019384979,0.002753147,0.005768046
20-10-2025,0.037705582,0.00511344,0.008462858
21-10-2025,0.003885759,0.001779655,0.002716635
22-10-2025,-0.018388982,0.004420883,-0.008968153
23-10-2025,0.005764736,0.000362812,0.007728032
24-10-2025,0.011711036,0.004741567,0.00619059
27-10-2025,0.021808587,0.014964093,0.013091381
28-10-2025,6.12E-05,0.0206719,0.002005517
29-10-2025,0.002893696,0.000825427,0.000180868
30-10-2025,0.00584165,-0.02976787,-0.011552793
31-10-2025,-0.003237386,-0.019337399,0.001578269
03-11-2025,-0.0069811,-0.0046703,0.002349236
04-11-2025,0.00363875,-0.007821084,-0.012697049
05-11-2025,-0.001063608,-0.017011745,0.001701463
06-11-2025,-0.002158261,-0.022935632,-0.01007462
07-11-2025,-0.006232263,-0.004731291,-0.001239147
10-11-2025,0.003935093,0.016343656,0.01572668
11-11-2025,0.020122917,0.005637879,0.003262439
12-11-2025,-0.006236587,0.004365372,-0.001187397
13-11-2025,-0.003599355,-0.015183482,-0.016125546
14-11-2025,-0.001783738,0.011329959,-0.003062647
17-11-2025,-0.019151528,-0.005193285,-0.008661193
18-11-2025,-0.002604087,-0.02856893,-0.010019943
19-11-2025,0.003665592,-0.01916546,0.002378281
20-11-2025,-0.010401394,-0.01807722,-0.014078143
21-11-2025,0.017699121,-0.018694259,0.006174821
24-11-2025,0.016627554,0.000658473,0.017214423
25-11-2025,0.003218624,0.004481866,0.008488079
26-11-2025,0.001520289,0.01709557,0.006908058
28-11-2025,0.005389774,0.014208131,0.005868236
01-12-2025,0.014247753,-0.009067246,-0.005885128
02-12-2025,0.011036817,0.004628579,0.002045896
03-12-2025,-0.00772812,-0.02466663,0.002007865
04-12-2025,-0.01271169,0.002029003,0.001662124
05-12-2025,-0.007750727,0.003669272,0.00010178
08-12-2025,-0.004455408,0.016087515,-0.002327535
09-12-2025,-0.00449297,0.001441868,-0.002481188
10-12-2025,0.004361491,-0.026307658,0.006546024
11-12-2025,-0.003667174,0.004641594,0.002356731
12-12-2025,-0.000244877,-0.008867166,-0.011709725
15-12-2025,-0.015991078,-0.011750634,-0.002576666
16-12-2025,0.000449206,0.001020912,-0.003389281
17-12-2025,-0.011404756,-0.000977838,-0.011386224
18-12-2025,-0.000154584,0.014202948,0.005470912
19-12-2025,0.003548895,0.00546984,0.010326545
22-12-2025,-0.00992795,-0.002467986,0.005433184
23-12-2025,0.002419027,0.003122923,0.004548006
24-12-2025,0.0059231,0.002480164,0.003386655
26-12-2025,-0.00324105,-0.001702533,-0.000895204
29-12-2025,0.00060615,-0.002094355,-0.003610206
30-12-2025,-0.003167438,-0.000417445,-0.002682551
