Date,SPY_Return,SPY_V,RollingVol21,RollingSkew21,Drawdown,VolOfVol,VIX,C_t,State,State_0_Prob,State_1_Prob,State_2_Prob,Regime,P_t
2016-01-04,-0.0140782760513423,0.625878053321144,0.0116950385735871,0.0982344393537106,-0.0438515960075276,0.0009807177257518,20.7000007629395,0.828264586778731,0,1.0,0.0,2.194985479054945e-143,Neutral,2.194985479054945e-143
2016-01-05,0.0016901050854336,1.04706914841798,0.0113442425567289,-0.0245218691589501,-0.0422342383603108,0.0008618037428195,19.3400001525879,0.801966958816156,0,0.999999209580295,1.0705849157634935e-14,7.904183903445823e-07,Neutral,7.904183903445823e-07
2016-01-06,-0.0126945784177588,0.76887208388995,0.0106478390716781,-0.0003682708004515,-0.0543158233656397,0.0008145769247825,20.5900001525879,0.75890379542371,0,0.999998906649723,5.492102120291371e-19,1.09334861078793e-06,Neutral,1.09334861078793e-06
2016-01-07,-0.0242838839717319,1.088436773881,0.0116685223236347,-0.115220349672268,-0.0770041133415864,0.0007997905102245,24.9899997711182,0.811197587587747,0,0.9998668887799487,9.144646493872504e-37,0.0001331112185196225,Neutral,0.0001331112185196225
2016-01-08,-0.0110371534185107,2.18255874775353,0.0117726651115977,-0.0729496216592425,-0.087135347705637,0.0007835623237329,27.0100002288818,0.79131984171363,0,0.9998172640006739,8.895319572989054e-46,0.00018273599827178582,Neutral,0.00018273599827178582
2016-01-11,0.0009893528501905,2.36767957301533,0.0117609965279954,-0.177366392413494,-0.086231755548018,0.0007428194934714,24.2999992370605,0.772648260953614,0,0.9999586962202652,3.455774359332746e-44,4.130378057158935e-05,Neutral,4.130378057158935e-05
2016-01-12,0.008035870884445,1.88190211572156,0.0119466784059077,-0.201839956659767,-0.0788592493366828,0.0006921536137441,22.4699993133545,0.778540406306827,0,0.9998841873877635,9.379754559786522e-37,0.00011581261389450604,Neutral,0.00011581261389450604
2016-01-13,-0.0252567449642216,1.47305601136307,0.0124054032655053,-0.293576075723364,-0.1018329249836,0.0007318965946941,25.2199993133545,0.777104349252059,0,0.9946893732284513,1.0996407370464791e-56,0.0053106267700722964,Neutral,0.0053106267700722964
2016-01-14,0.016283294230921,2.31284555968519,0.012993866906873,-0.229045658920732,-0.0870880847393133,0.0007849255533688,23.9500007629395,0.820052189293272,0,0.9886769959336992,3.6655757444966116e-47,0.011323004064955311,Neutral,0.011323004064955311
2016-01-15,-0.0216997475418168,1.85393427883401,0.0132993334707533,-0.0613943169819301,-0.106684653568483,0.0008339924139011,27.0200004577637,0.849948301328926,0,0.9715777627204136,5.473789054695546e-63,0.02842223727781024,Neutral,0.02842223727781024
2016-01-19,0.0013299909284887,2.34087944048709,0.012682920662964,-0.0717432163466359,-0.105495761829085,0.000789839406566,26.0499992370605,0.841082165264956,0,0.9748904742804592,4.2079340415145576e-60,0.025109525720007873,Neutral,0.025109525720007873
2016-01-20,-0.012897582815504,1.9454173917819,0.0125889567218717,-0.0843843441115671,-0.116958623812615,0.0007733033943422,27.5900001525879,0.824926785800894,0,0.9772253936231873,8.878020627227117e-70,0.02277460637756565,Neutral,0.02277460637756565
2016-01-21,0.0055864339935505,2.12840149133567,0.0123671237260576,-0.274000677384781,-0.112011766670742,0.000733041383011,26.6900005340576,0.801273556220474,0,0.9892708257927352,1.5780973966124002e-64,0.01072917420814992,Neutral,0.01072917420814992
2016-01-22,0.0203075885391861,1.68420537050221,0.0131838642753158,-0.100947137344152,-0.0937945188733335,0.0007502301437891,22.3400001525879,0.831635953831475,0,0.9960796857499293,3.698882462611003e-49,0.00392031424843867,Neutral,0.00392031424843867
2016-01-25,-0.01523185520883,1.31630482372657,0.0131666556116871,0.0887379319081718,-0.107493117169112,0.0007611613722283,24.1499996185303,0.837814903586066,0,0.998307032377328,2.5160992361677393e-58,0.0016929676217473572,Neutral,0.0016929676217473572
2016-01-26,0.0135506592072332,1.39380495578614,0.0132455593431629,0.0966208763470757,-0.0953167479635602,0.0007871823265729,22.5,0.8304934673988,0,0.999697341486346,9.646422149823872e-48,0.0003026585124011649,Neutral,0.0003026585124011649
2016-01-27,-0.0109426627452098,1.04490272675081,0.0133249828045404,0.188917530388553,-0.105162424478256,0.000805554492557,23.1100006103516,0.790292546213478,0,0.9999164317373639,2.277646833502819e-54,8.356826415074247e-05,Neutral,8.356826415074247e-05
2016-01-28,0.0051955805470669,0.941046639785624,0.0134791685286985,0.118680260609996,-0.100501125185737,0.000821555978372,22.4200000762939,0.79707592965089,0,0.9999669881027594,2.0659336430761983e-49,3.3011897287237126e-05,Neutral,3.3011897287237126e-05
2016-01-29,0.024084815504545,0.654571224908586,0.0144867773028338,0.276925198060046,-0.0785738636657122,0.0009286675781779,20.2000007629395,0.81227027938053,0,0.9998823342612838,4.1007272505309875e-37,0.00011766573828248118,Neutral,0.00011766573828248118
2016-02-01,-0.0003614540171819,0.429838952137118,0.0144716532801835,0.210870478754336,-0.0789068566597738,0.0010057580256673,19.9799995422363,0.809795187426109,0,0.9999850957193509,1.9175907667404817e-33,1.4904279736198262e-05,Neutral,1.4904279736198262e-05
2016-02-02,-0.0181864135075145,0.192767648736383,0.0147774707490679,0.227970809489339,-0.0955068328991568,0.0010831672655208,21.9799995422363,0.80966139874838,0,0.9998851807470047,1.4857826449838486e-47,0.00011481925187759409,Neutral,0.00011481925187759409
2016-02-03,0.0059772657644003,1.12327362721435,0.0146949320157849,0.0648402012942085,-0.0900842468831408,0.0011364878462385,21.6499996185303,0.793669791212305,0,0.9999492265936031,7.861720841328641e-44,5.0773405815928215e-05,Neutral,5.0773405815928215e-05
2016-02-04,0.001566875516322,0.812571263359075,0.0146932583228406,0.065995067857503,-0.0886574046174799,0.001146335514278,21.8400001525879,0.809302525493418,0,0.9998041916595758,9.648054907678942e-42,0.00019580834162944878,Neutral,0.00019580834162944878
2016-02-05,-0.0192340940545748,0.58020839050372,0.0149894203607769,0.0697811210452487,-0.106018753669552,0.0010848252218774,23.3799991607666,0.814847075221928,0,0.9968316312132522,8.51705740785976e-58,0.003168368786650049,Neutral,0.003168368786650049
2016-02-08,-0.0135525295880914,1.12689969394083,0.014386794772001,0.121104801007947,-0.11805273135179,0.0010497846218981,26.0,0.775743076970074,0,0.9938012031973701,7.095565812002882e-69,0.006198796803802046,Neutral,0.006198796803802046
2016-02-09,5.40759345337705e-05,1.67091682337721,0.0142477676359699,0.0232355043655334,-0.118005037939507,0.0009995092726275,26.5400009155273,0.786554994754878,0,0.9915173748697982,1.0266889893658063e-69,0.008482625130285113,Neutral,0.008482625130285113
2016-02-10,-0.0008633191429865,1.280133866833,0.0142364159349489,0.0420275215036911,-0.11876615248462,0.0009294889585912,26.2900009155273,0.783877198472958,0,0.9899877949962681,1.2212390002257336e-68,0.01001220500401794,Neutral,0.01001220500401794
2016-02-11,-0.0130930829225893,1.04608102915018,0.0142585983221502,0.216729687255224,-0.13022901446815,0.0008576000776399,28.1399993896484,0.772316135598892,0,0.9867996846448339,5.242615450248877e-81,0.01320031535458856,Neutral,0.01320031535458856
2016-02-12,0.0204071139999282,1.32211788583589,0.0141332228222352,0.177916836648493,-0.112297152341712,0.0008072444460469,25.3999996185303,0.753457827667521,0,0.9925229979738546,1.3419791234095415e-64,0.007477002025737021,Neutral,0.007477002025737021
2016-02-16,0.0167372112596267,1.00127261083938,0.014160588126592,0.179353533384294,-0.097314447660354,0.0007892516819002,24.1100006103516,0.752715599487763,0,0.9989238457835141,6.924757969412268e-50,0.0010761542176581562,Neutral,0.0010761542176581562
2016-02-17,0.0162029126086827,0.717752626001549,0.0137374578930196,0.0701363000342096,-0.0825691769701081,0.000779666379943,22.3099994659424,0.742435410996637,0,0.9999660688926808,1.7692223001472582e-37,3.393110800233938e-05,Neutral,3.393110800233938e-05
2016-02-18,-0.004104502057455,0.465536428707992,0.0137873374654866,0.12405263304185,-0.0863270562833919,0.000731184022958,21.6399993896484,0.74458350265302,0,0.9999952969048174,7.155215227415601e-38,4.703096983971132e-06,Neutral,4.703096983971132e-06
2016-02-19,-0.0004683047364899,0.441975546806813,0.0134224247695331,0.0557231742275279,-0.0867548334776762,0.0006755607826899,20.5300006866455,0.761496549348445,0,0.9999965754563593,3.2411766176553883e-37,3.424543843912252e-06,Neutral,3.424543843912252e-06
2016-02-22,0.0143752652119078,0.19235784119914,0.0136872936807362,-0.0010956843923004,-0.0735318779668488,0.0005731608614464,19.3799991607666,0.766929726084038,0,0.9999957383606529,1.3971670496739744e-29,4.261638384677686e-06,Neutral,4.261638384677686e-06
2016-02-23,-0.0127100059697511,-0.0125365463895158,0.0133743569877333,0.162528046977027,-0.0852327765658333,0.0005605140625198,20.9799995422363,0.747780374789999,0,0.9999953283768245,1.6885397416380655e-36,4.671622769029171e-06,Neutral,4.671622769029171e-06
2016-02-24,0.0045653092448452,0.225134809337642,0.0129033097211076,0.0495691799523869,-0.0810470339690733,0.0005834209187777,20.7199993133545,0.745005866003989,0,0.9999984415165594,1.774649416798588e-32,1.558482185180845e-06,Neutral,1.558482185180845e-06
2016-02-25,0.0120388031193475,-0.0048998414394267,0.0128361133338415,0.0532826123809138,-0.0699170788904136,0.0006166246009441,19.1100006103516,0.749530190627762,0,0.9999988158458754,9.004298464884909e-26,1.1841554893100393e-06,Neutral,1.1841554893100393e-06
2016-02-26,-0.0023045472328862,-0.188561603176009,0.0125589668788297,0.002612312463127,-0.0720580310024398,0.0006783812475957,19.8099994659424,0.794233955065343,0,0.9999987430354564,5.717430234071792e-26,1.2569657901764878e-06,Neutral,1.2569657901764878e-06
2016-02-29,-0.0078727517240251,-0.24911241846201,0.0127016128224656,0.130083555702381,-0.0793348060324418,0.0007259361739375,20.5499992370605,0.794168904674302,0,0.9999974468915602,6.693069294351558e-31,2.553110241180112e-06,Neutral,2.553110241180112e-06
2016-03-01,0.0232351176492704,0.006847493124568,0.0126258851433853,0.109283023767698,-0.0576925858266198,0.0007670813412471,17.7000007629395,0.793739664628995,0,0.9999944348465092,1.0722156072666702e-21,5.565153904224671e-06,Neutral,5.565153904224671e-06
2016-03-02,0.004482292715136,-0.166257043898829,0.0126427155441861,0.0538406424637572,-0.0534594080851525,0.00079533989973,17.0900001525879,0.79396935879132,0,0.999999344258173,1.3273050167343864e-16,6.557433339501647e-07,Neutral,6.557433339501647e-07
2016-03-03,0.0039117985547605,-0.35195491300217,0.0118336638763074,0.0207844606333927,-0.0497494804517272,0.0008626991086652,16.7000007629395,0.756878805877593,0,0.9999998059647812,5.550336898295768e-14,1.9403466727916913e-07,Neutral,1.9403466727916913e-07
2016-03-04,0.0032482135678009,-0.518742687676485,0.0118067932285183,0.053300920679453,-0.0466578453941421,0.0009107787607218,16.8600006103516,0.785730324879665,0,0.9999997426566882,9.407232931616582e-13,2.5734360103957877e-07,Neutral,2.5734360103957877e-07
2016-03-07,0.0007984069115458,-0.674463385554632,0.0118101094333092,0.0627004449370171,-0.0458963864922614,0.0009352990091115,17.3500003814697,0.782421954693974,0,0.9999997813720495,1.7846513916058623e-12,2.1862686124923692e-07,Neutral,2.1862686124923692e-07
2016-03-08,-0.0109781035520164,-0.808302275026727,0.0111822235742027,0.242190675444371,-0.0563133508840499,0.0009680180264413,18.6700000762939,0.693091608614706,0,0.9999999118263115,8.026781043663438e-17,8.817457785753301e-08,Neutral,8.817457785753301e-08
2016-03-09,0.004927206776955,-0.221245332647416,0.0105592511909112,0.213989821395932,-0.0516521376807227,0.0010791853182813,18.3400001525879,0.713328897487338,0,0.9999999193314612,5.593709251114708e-14,8.0668501753456e-08,Neutral,8.0668501753456e-08
2016-03-10,0.0008023377658821,-0.396202171768896,0.0105484523845534,0.205166987064933,-0.0508909370464176,0.0011601791107552,18.0499992370605,0.705443979925979,0,0.9999999451029014,2.2560183218849115e-13,5.489860848651834e-08,Neutral,5.489860848651834e-08
2016-03-11,0.0160081045354294,-0.538719757891844,0.0108386296861361,0.0430394334525218,-0.0355752393709979,0.0011865165993307,16.5,0.723602769514196,0,0.9999998863095307,8.090960200486507e-10,1.1287955770551446e-07,Neutral,1.1287955770551446e-07
2016-03-14,-0.0012832905730659,-0.661749263853454,0.0101775064857068,0.129032088491805,-0.036812082790254,0.0012408724813621,16.9200000762939,0.734834011524741,0,0.9999999179781331,2.821223279766119e-08,5.380853295643073e-08,Neutral,5.380853295643073e-08
2016-03-15,-0.0016307159950672,-0.735981214724659,0.0096146646812263,0.257516487203536,-0.0383814887576124,0.0013224292816083,16.8400001525879,0.731505736145744,0,0.9999999065221389,3.7787515703931424e-08,5.5689616838308866e-08,Neutral,5.5689616838308866e-08
2016-03-16,0.0057705029572812,-0.776673074272024,0.0091646295542789,0.329379043684858,-0.0328164251290907,0.0014044097510122,14.9899997711182,0.713546487069277,0,0.9998487589039637,0.00015119752570795993,4.357042483412836e-08,Neutral,4.357042483412836e-08
2016-03-17,0.0063239845214155,-0.895298936518084,0.0087107740568607,0.384906420944639,-0.0266805901586279,0.0015158336570183,14.4399995803833,0.689058814156352,0,0.9648401046319306,0.03515987360682771,2.1762587487486994e-08,Neutral,2.1762587487486994e-08
2016-03-18,0.003922090500227,-0.997310791058427,0.0085668387943131,0.294505242025868,-0.0228556473648959,0.0015914972218489,14.0200004577637,0.672528693052719,0,0.769816387467254,0.23018360285722017,9.677161706666682e-09,Neutral,9.677161706666682e-09
2016-03-21,0.0014178025664159,-1.09648908776295,0.0085363100453675,0.268926080583336,-0.0214692670194028,0.0016528605466328,13.789999961853,0.663194763164645,0,0.6114352326178343,0.3885647609843917,6.396157705548155e-09,Neutral,6.396157705548155e-09
2016-03-22,-0.0005377782285957,-1.18702273453244,0.008180740300892,0.440309509032726,-0.0219953580707756,0.0016867211222139,14.1700000762939,0.656253750238879,0,0.536616384578299,0.46338360903174214,6.3913590814072e-09,Neutral,6.3913590814072e-09
2016-03-23,-0.0066213084064825,-1.1936586600365,0.0077059422190533,0.723993877942245,-0.028449636961878,0.0017418015661447,14.9399995803833,0.57645914142639,0,0.512546901916634,0.48745309682394145,1.259433908231047e-09,Neutral,1.259433908231047e-09
2016-03-24,-0.0004429714647438,-0.951411024510047,0.0077282468981515,0.808068495632475,-0.0288799107427259,0.0017857171978353,14.7399997711182,0.574299716427904,0,0.3983489134891336,0.6016510858433367,6.667971350730001e-10,Neutral,6.667971350730001e-10
2016-03-28,0.000590850816196,-0.978629489841335,0.0074293057231281,1.03043288893568,-0.0283059541006865,0.0018202730382793,15.2399997711182,0.575579192791481,1,0.20190444681169062,0.7980955530840977,1.0457284321159873e-10,Bull,1.0457284321159873e-10
2016-03-29,0.0092076279224606,-1.07771356587121,0.0075135340635077,0.825330694535276,-0.0193176398475877,0.0018310595873404,13.8199996948242,0.602054690129064,1,0.01841784971567552,0.9815821502823533,1.5148087820741639e-12,Bull,1.5148087820741639e-12
2016-03-30,0.0043778968440468,-1.15238683823216,0.0071225240781712,0.881623864913927,-0.0150149020391086,0.0018233159958938,13.5600004196167,0.58576494280015,1,0.00015500500961804667,0.9998449949908738,1.0748730588335028e-15,Bull,1.0748730588335028e-15
2016-03-31,-0.0024299151799169,-1.22731149077866,0.0055422801783392,0.0918151850148679,-0.0174054267182972,0.001913504375224,13.9499998092651,0.393575964483911,1,1.0621022131199088e-06,0.9999989378962892,2.545184954602351e-22,Bull,2.545184954602351e-22
2016-04-01,0.0067887295539268,-1.19789575372084,0.0056164217934073,0.0555322367869865,-0.0107121642306295,0.0019307464722688,13.1000003814697,0.402646624363195,1,3.2986408929998543e-07,0.99999967013724,3.529109057635995e-24,Bull,3.529109057635995e-24
2016-04-04,-0.0032427082686998,-1.26337709494982,0.0057173289953492,0.192543073084976,-0.0139149404348882,0.0019520888776824,14.1199998855591,0.405151106264883,1,1.0794769432831872e-06,0.9999989205213211,8.54255356326321e-22,Bull,8.54255356326321e-22
2016-04-05,-0.0100384079023854,-1.23562458003056,0.0062546396850136,0.114318501653862,-0.0237641466064501,0.0018947093190689,15.4200000762939,0.50173443887904,1,0.00040145447415273583,0.9995985455257123,8.09299654212241e-18,Bull,8.09299654212241e-18
2016-04-06,0.0108622184460323,-0.684378332015003,0.0066037613306741,0.0376332117750678,-0.0131022584638589,0.0017770297157133,14.0900001525879,0.510488199165991,1,0.00011613597628308873,0.9998838640235057,8.864712154122967e-15,Bull,8.864712154122967e-15
2016-04-07,-0.0120382370865677,-0.793676978045029,0.0067080257177945,-0.0338978003552717,-0.0249115433553779,0.0016734762650177,16.1599998474121,0.627913846410461,1,0.005784738061494487,0.9942152619380247,2.5277358911337135e-13,Bull,2.5277358911337135e-13
2016-04-08,0.0026932334744218,-0.358433008984045,0.0066695394908733,0.0082000859183523,-0.0222818629012402,0.001594074199537,15.3599996566772,0.655452478129595,1,0.0017309229898829388,0.9982690770043408,6.924271612380782e-12,Bull,6.924271612380782e-12
2016-04-11,-0.0023502910863086,-0.5187338349841,0.006720192050687,0.0674647314047529,-0.024577086845055,0.0014858479373448,16.2600002288818,0.670635466727521,1,0.0010015914970612151,0.9989984085037653,2.356859016476673e-13,Bull,2.356859016476673e-13
2016-04-12,0.0092699196093635,-0.584512601108609,0.0061166955091189,-0.347882478402574,-0.0154929553214312,0.0013320846026502,14.8500003814697,0.662263235691884,1,3.8522878606232326e-05,0.999961477122147,2.301921565493945e-15,Bull,2.301921565493945e-15
2016-04-13,0.0100504136786199,-0.708536589775545,0.0064003157832088,-0.415487300959229,-0.0055483623253035,0.001192772444091,13.8400001525879,0.682956583830173,1,4.9624824721953185e-06,0.999995037518182,1.1158835432812274e-17,Bull,1.1158835432812274e-17
2016-04-14,4.81314896987328e-05,-0.81878616204828,0.0063693890798854,-0.454580993902034,-0.0055004967346369,0.0010782309326047,13.7200002670288,0.719605300068737,1,1.464809216739978e-06,0.999998535190734,3.7542561315481204e-19,Bull,3.7542561315481204e-19
2016-04-15,-0.0011063975394103,-0.931842690689519,0.0063209022968366,-0.324442991749515,-0.0066002000712818,0.0009819875271092,13.6199998855591,0.652301408710151,1,7.94671667227889e-07,0.9999992053275011,9.208152180241447e-21,Bull,9.208152180241447e-21
2016-04-18,0.0070020892778908,-0.873056849129005,0.0063496593304691,-0.323846756660958,0.0,0.000905865921774,13.3500003814697,0.550697681913044,1,4.968014139507354e-07,0.9999995031977376,2.258872403970855e-22,Bull,2.258872403970855e-22
2016-04-19,0.0031492641356685,-0.966543297833601,0.0063359628425059,-0.310441309067996,0.0,0.0008234108598472,13.2399997711182,0.623332170743635,1,5.468607167207002e-07,0.9999994531391753,8.532296712229436e-22,Bull,8.532296712229436e-22
2016-04-20,0.0009524559900491,-1.06165152253798,0.0063362303480987,-0.299658165553635,0.0,0.000719377806075,13.2799997329712,0.592571558117462,1,3.8752380152872897e-07,0.9999996124752966,5.850277796393398e-22,Bull,5.850277796393398e-22
2016-04-21,-0.0053930565634949,-1.14735652575005,0.0064912928219232,-0.222923946635281,-0.0053785401416313,0.0006289252458189,13.9499998092651,0.588061050625392,1,8.000459753796405e-07,0.9999991999542107,4.5065988606141077e-23,Bull,4.5065988606141077e-23
2016-04-22,0.0,-0.909901474890268,0.0062584255217198,-0.310877386640524,-0.0053785401416313,0.0005757259530317,13.2200002670288,0.427031242907654,1,4.373525533448711e-08,0.9999999562642198,2.8724157466061864e-26,Bull,2.8724157466061864e-26
2016-04-25,-0.0017242361238931,-0.995268910315993,0.0062827824296548,-0.282160498030982,-0.0070920247417817,0.0005041188600428,14.0799999237061,0.423425270764891,1,6.129781281809054e-08,0.999999938703697,1.4073831058761332e-27,Bull,1.4073831058761332e-27
2016-04-26,0.0014849198348212,-0.992120580746706,0.0062809792986102,-0.303174335749985,-0.0056165407785851,0.0004504247767338,13.960000038147,0.421963901785272,1,4.840702505402734e-08,0.9999999515930552,1.0864874552521585e-28,Bull,1.0864874552521585e-28
2016-04-27,0.0020561476294327,-1.08659722108376,0.0060199641053873,-0.285724951852318,-0.0035698381458542,0.0003742019914506,13.7700004577637,0.278123909965934,1,3.488938797550734e-09,0.9999999965111783,3.105086085098216e-31,Bull,3.105086085098216e-31
2016-04-28,-0.0091170860857925,-1.1708171147066,0.0063494762697139,-0.144724831603793,-0.0126130910120606,0.000325114342282,15.2200002670288,0.312758425154188,1,1.221505497235467e-07,0.999999877851231,8.319912694607687e-30,Bull,8.319912694607687e-30
2016-04-29,-0.0054135264290051,-0.779109404351524,0.0064469388066645,-0.102701161658708,-0.0179438938995389,0.0002802095313991,15.6999998092651,0.311701161185734,1,1.7537054230443587e-07,0.999999824631247,8.188694753197323e-29,Bull,8.188694753197323e-29
2016-05-02,0.0079169725955452,-0.579539846493157,0.0065091040870819,-0.0928072791946147,-0.0101381243595752,0.0002322909470886,14.6800003051758,0.308736703440253,1,3.625792378805684e-08,0.9999999637402659,2.3399074595379784e-28,Bull,2.3399074595379784e-28
2016-05-03,-0.0087413174422064,-0.703212658670971,0.0067619346522921,-0.076770896334514,-0.0187531132060271,0.0001971769693743,15.6000003814697,0.272852057773758,1,3.394761501132517e-07,0.9999996605220652,2.0232174909762423e-28,Bull,2.0232174909762423e-28
2016-05-04,-0.0055938108728534,-0.436432915460884,0.006497078170218,-0.0312581451023697,-0.0242266993348324,0.0001947782470989,16.0499992370605,0.256118531842557,1,8.842836178654241e-07,0.9999991157168824,5.35914972170555e-28,Bull,5.35914972170555e-28
2016-05-05,-0.0001950062935245,-0.248374674021168,0.0060195067064811,-0.0551609920644365,-0.024416962717633,0.0002085215033023,15.9099998474121,0.212556687944968,1,2.0378788385634075e-07,0.9999997962113619,1.791804178008888e-30,Bull,1.791804178008888e-30
2016-05-06,0.0036525057848972,-0.390576011843514,0.0054402271445889,0.0304511676008406,-0.0208471245717788,0.0002828941127423,14.7200002670288,0.19210043490724,1,1.1008261998392461e-08,0.9999999889914761,3.822900534446162e-33,Bull,3.822900534446162e-33
2016-05-09,0.0008254074047293,-0.538884528206915,0.0054162730551585,0.0775355754753775,-0.0200385908991025,0.0003354816716592,14.5699996948242,0.18649601456994,1,4.694108291789528e-09,0.9999999953070073,1.2163138895096556e-34,Bull,1.2163138895096556e-34
2016-05-10,0.0123575785639636,-0.677253012478727,0.0059754378927837,0.11888277061826,-0.0078535067941168,0.0003249941026413,13.6300001144409,0.248888977907066,1,1.0033409436342989e-08,0.9999999899664545,7.70823424447237e-33,Bull,7.70823424447237e-33
2016-05-11,-0.0093986638786374,-0.781637566395968,0.0060750212107901,0.179512717540316,-0.0171346745930506,0.0003258919181365,14.6899995803833,0.198103519593078,1,1.7044793654890764e-08,0.9999999829560694,3.9796599714841544e-35,Bull,3.9796599714841544e-35
2016-05-12,0.0002903283285027,-0.445183381676902,0.0056359096327485,0.19984541442679,-0.0168492795188496,0.0003484253617653,14.4099998474121,0.118636472330614,1,5.041295665639809e-10,0.999999999494321,7.055316304975216e-37,Bull,7.055316304975216e-37
2016-05-13,-0.0087525309316642,-0.557603943177336,0.0059260565180374,0.242614681810316,-0.0254167882238279,0.0003509869305381,15.039999961853,0.0950870369999225,1,2.2061930379820436e-08,0.9999999779392967,3.6221666063866283e-37,Bull,3.6221666063866283e-37
2016-05-16,0.0098169571270618,-0.250037836862893,0.006356935078708,0.179750169447549,-0.0158022309838605,0.000351809728602,14.6800003051758,0.216339927281142,1,3.1467449427628065e-08,0.9999999685314838,1.1950976265776705e-30,Bull,1.1950976265776705e-30
2016-05-17,-0.0093773569521609,-0.405351864012621,0.0064296826164574,0.328104719519585,-0.024988267091394,0.0003541727480886,15.5699996948242,0.238665837109316,1,1.2862518155252855e-06,0.9999987137497642,1.487786522246231e-28,Bull,1.487786522246231e-28
2016-05-18,0.0002927544181803,-0.0936089606792442,0.0063672094546506,0.389700721943142,-0.0247027863129665,0.0003549118978563,15.9499998092651,0.247932354869075,1,6.584557988199808e-07,0.9999993415442426,1.699638685503381e-26,Bull,1.699638685503381e-26
2016-05-19,-0.0034709273014019,-0.28212459601598,0.0063674934424129,0.487050637332402,-0.0280821039633405,0.0003556445705451,16.3299999237061,0.253599639786163,1,2.4578467224574692e-06,0.9999975421517966,8.96372317923166e-27,Bull,8.96372317923166e-27
2016-05-20,0.0062976452083303,-0.214615898184366,0.0065064604348244,0.288449998484756,-0.0219419960651476,0.0003563101838135,15.1999998092651,0.28263279905069,1,4.3497486071702433e-07,0.9999995650251585,2.143729475654719e-25,Bull,2.143729475654719e-25
2016-05-23,-0.0013635280427015,-0.380888014109959,0.0065048845303124,0.319216848800889,-0.0232746967870171,0.0003627872483189,15.8199996948242,0.427292504252103,1,4.489919015635714e-06,0.9999955100821196,2.1931833522060116e-22,Bull,2.1931833522060116e-22
2016-05-24,0.0128787995147306,-0.389087585045902,0.0071563190770022,0.30302190404168,-0.0106142970419358,0.0004187002473347,14.4200000762939,0.488778851623457,1,3.6843405339332e-06,0.9999963156583023,4.343321513609958e-21,Bull,4.343321513609958e-21
2016-05-25,0.0067602514871705,-0.524650625578545,0.0073082635213395,0.221882978639747,-0.0039031418826613,0.000479331286009,13.8999996185303,0.519374628654535,1,6.566995364434758e-07,0.9999993433013852,7.855303058170254e-22,Bull,7.855303058170254e-22
2016-05-26,0.0002865583548468,-0.660993048289914,0.0072945517828942,0.257635381086799,-0.0036176611042338,0.0005223227092746,13.4300003051758,0.578040461274324,1,5.458725241195454e-07,0.999999454128705,2.6681363921159354e-22,Bull,2.6681363921159354e-22
2016-05-27,0.0042904347603842,-0.78969024777797,0.0070391671907668,0.129938765162781,0.0,0.0005435560777452,13.1199998855591,0.496641401873171,1,2.1294824682636767e-07,0.9999997870509332,4.032116612311514e-24,Bull,4.032116612311514e-24
2016-05-31,-0.0019042921154452,-0.903422619448951,0.006929163784593,0.0936476148245136,-0.001902480101598,0.0005564436163299,14.1899995803833,0.467337610976182,1,1.57358558743978e-07,0.9999998426428771,2.556664277679167e-25,Bull,2.556664277679167e-25
2016-06-01,0.0020469700852574,-0.985525127753294,0.0067437655814454,0.169264733479471,0.0,0.0005609648472679,14.1999998092651,0.473850302751263,1,1.297780806748311e-07,0.9999998702223905,3.0386662006080726e-25,Bull,3.0386662006080726e-25
2016-06-02,0.003038672662929,-1.08335235339053,0.0064165521489699,0.0843670373778918,0.0,0.0005553730693221,13.6300001144409,0.531916865469027,1,1.8382443965228697e-07,0.9999998161765857,2.8936936629451677e-24,Bull,2.8936936629451677e-24
2016-06-03,-0.0029913176684299,-1.16672870316512,0.0063052823410772,0.0755259622043451,-0.0029868481354418,0.0005552787289931,13.4700002670288,0.525020184898862,1,1.7026312495999074e-07,0.9999998297353304,4.238062118981706e-24,Bull,4.238062118981706e-24
2016-06-06,0.0050756262392566,-1.09353912769981,0.0063513476178952,-0.0355322307755929,0.0,0.000548858391623,13.6499996185303,0.528125987077562,1,2.1826308582517494e-07,0.9999997817358474,5.167637513415047e-24,Bull,5.167637513415047e-24
2016-06-07,0.0015601940011622,-1.17233934519382,0.0063316080259168,0.0103839602469409,0.0,0.0005029012448439,14.0500001907349,0.541405077777797,1,2.2796056691475998e-07,0.999999772040636,1.1857621034080502e-23,Bull,1.1857621034080502e-23
2016-06-08,0.0032547952844792,-1.24375432554291,0.006343534981555,-0.044346094054839,0.0,0.000445034107297,14.0799999237061,0.539063512836073,1,2.684336705168853e-07,0.9999997315681318,9.697214513144622e-24,Bull,9.697214513144622e-24
2016-06-09,-0.0013668701366871,-1.30910189418438,0.0058544987678985,-0.0466283490357942,-0.0013659363951844,0.0004527890282081,14.6400003433228,0.52404206058263,1,1.919947291755205e-07,0.9999998080056869,1.5114835387801272e-22,Bull,1.5114835387801272e-22
2016-06-10,-0.0095227858836075,-1.3326181860477,0.0058653859090865,-0.0532685729355065,-0.010830578355784,0.0004645038481381,17.0300006866455,0.533555073353334,1,5.212215381736797e-06,0.9999947877831213,2.1101991500144498e-19,Bull,2.1101991500144498e-19
2016-06-13,-0.0077417145615559,-0.842965067104029,0.0061560720138996,0.0075658365621874,-0.0184588795065197,0.0004299481524205,20.9699993133545,0.658266001571135,1,0.00027340288331731963,0.9997265971153543,7.062151492368383e-15,Bull,7.062151492368383e-15
2016-06-14,-0.0019686964017102,-0.530736992382269,0.0058186650693781,0.0361124143911091,-0.0203893351145619,0.0004377168009302,20.5,0.672688665372269,1,0.0001743437805667902,0.9998256562177495,1.846150200033227e-13,Bull,1.846150200033227e-13
2016-06-15,-0.0013949929420489,-0.557125016968865,0.0054483679665796,0.107481897070146,-0.0217549323573205,0.0004936331338688,20.1399993896484,0.631990470993052,1,9.237660048762219e-05,0.9999076234013,5.386462231875525e-15,Bull,5.386462231875525e-15
2016-06-16,0.0029799040514513,-0.597758298720764,0.0050092898150323,0.144625642896549,-0.0188355082754464,0.0005858573161136,19.3700008392334,0.614170777470197,1,1.381416945599245e-05,0.9999861858313229,1.1279778231864039e-15,Bull,1.1279778231864039e-15
2016-06-17,-0.0037313871864457,-0.725738791206599,0.0051061519093661,0.215949851825026,-0.0224897908760706,0.000649150760628,19.4099998474121,0.612526579508568,1,4.490595223437798e-05,0.9999550940489282,6.167578863208848e-17,Bull,6.167578863208848e-17
2016-06-20,0.0064194501896288,-0.655144790493135,0.0051657617154347,0.0254253135054443,-0.0161945283352101,0.0006965929557944,18.3700008392334,0.586415601499172,1,4.819676289347221e-06,0.9999951803227036,2.567757349601346e-18,Bull,2.567757349601346e-18
2016-06-21,0.0028349586774743,-0.772701403089928,0.0050451003752566,0.0735925205425058,-0.0134015233200784,0.0007431531458213,18.4799995422363,0.575963225664513,1,1.631061122754914e-06,0.9999983689389979,2.853889235653393e-18,Bull,2.853889235653393e-18
2016-06-22,-0.0016328140695955,-0.88391634303527,0.005051548110068,0.0792260481661961,-0.0150111407332492,0.0007800663923567,21.1700000762939,0.628726837794336,1,7.850816539977908e-05,0.9999214918358256,2.1332536638214456e-15,Bull,2.1332536638214456e-15
2016-06-23,0.0129385878717487,-0.913340794236278,0.0050586411650246,0.0873785534858725,-0.0021839720463787,0.0007764371139253,17.25,0.55828853603216,1,0.002979389081064112,0.997020610918108,2.2758192620477965e-13,Bull,2.2758192620477965e-13
2016-06-24,-0.0365695337040499,-0.995322175787352,0.0094693853773752,-2.49598182487065,-0.0380144931701908,0.0010494638085507,25.7600002288818,0.71409025939397,0,0.9999990628025288,6.120907624487464e-17,9.371961904301317e-07,Neutral,9.371961904301317e-07
2016-06-27,-0.0180722747313924,1.43721717422199,0.0101531411489268,-1.99699156457835,-0.0552436059805121,0.0013499582547801,23.8500003814697,0.752489611603439,0,0.9999837924519069,2.6923842419396757e-24,1.6207549897573697e-05,Neutral,1.6207549897573697e-05
2016-06-28,0.0178752654376018,2.12280056945163,0.0109749385026129,-1.46700981718071,-0.0382039945881447,0.001692007357073,18.75,0.785661535558655,0,0.9999932651962223,1.5792073715961348e-20,6.7348022718617575e-06,Neutral,6.7348022718617575e-06
2016-06-29,0.0168840814358813,1.69890528853139,0.0116732275522174,-1.25919272398634,-0.021827087035924,0.0020392597300621,16.6399993896484,0.816472380964158,0,0.9999950865433423,1.920565042906542e-15,4.913455222422432e-06,Neutral,4.913455222422432e-06
2016-06-30,0.0135533486304453,1.33351387699596,0.0120613717545659,-1.20101844227666,-0.0084793193753456,0.0023531749419819,15.6300001144409,0.842872885746,0,0.9999956197485044,7.883599736091714e-13,4.380248957488003e-06,Neutral,4.380248957488003e-06
2016-07-01,0.0020985991888729,1.00446598694546,0.0120515344118364,-1.19306557315232,-0.0063963299637691,0.0025993593968039,14.7700004577637,0.849537983230904,0,0.9999971824730567,6.157767402427273e-11,2.8174646457983054e-06,Neutral,2.8174646457983054e-06
2016-07-05,-0.0072193055905254,0.703584074553663,0.0121394049449238,-1.12645084950032,-0.0135436281865172,0.0028022943637348,15.5799999237061,0.854286451736299,0,0.9999958824058203,2.10965565753094e-11,4.117572129964796e-06,Neutral,4.117572129964796e-06
2016-07-06,0.0059794886650159,0.848053723114195,0.0121605486600589,-1.1289453016886,-0.007627453269671,0.0029669569035602,14.960000038147,0.853958835046377,0,0.9999943324488948,1.6720335161288042e-11,5.667534649384224e-06,Neutral,5.667534649384224e-06
2016-07-07,-0.0006203998765377,0.56815052245353,0.0121546554552933,-1.10446781164104,-0.0082429301345154,0.0030961815122141,14.7600002288818,0.852742840090511,0,0.9999944333622222,7.241840621406271e-11,5.566564501546652e-06,Neutral,5.566564501546652e-06
2016-07-08,0.0147810175741832,0.365599775284794,0.0125733538753365,-1.04580157997651,0.0,0.003221790768874,13.1999998092651,0.858943171416776,0,0.9999810132414385,4.636540679773813e-12,1.898675339213098e-05,Neutral,1.898675339213098e-05
2016-07-11,0.0035210258777667,0.155291429379362,0.0125860011176551,-1.09853677583428,0.0,0.0032968716321333,13.539999961853,0.877342126919911,0,0.9999884712279437,9.33105345105504e-11,1.1528679129191665e-05,Neutral,1.1528679129191665e-05
2016-07-12,0.0072365296385168,-0.0477962875057966,0.0124464344955303,-1.29823428713318,0.0,0.0033312027105945,13.5500001907349,0.881171193187505,0,0.9999858073413082,1.4039497067592555e-10,1.4192517580332764e-05,Neutral,1.4192517580332764e-05
2016-07-13,-0.0001394326842216,-0.225456069552219,0.0122784885517306,-1.42225523349282,-0.0001394229639372,0.0033408075654912,13.039999961853,0.878181946170659,0,0.9999873178825704,6.218433892705796e-10,1.2681493832002529e-05,Neutral,1.2681493832002529e-05
2016-07-14,0.0055680833872857,-0.379235094943028,0.0122759625013228,-1.51006276529435,0.0,0.0033053630118725,12.8199996948242,0.852971049871063,0,0.9999893401386277,9.162921479916487e-10,1.065894666333573e-05,Neutral,1.065894666333573e-05
2016-07-15,-0.0013429901460178,-0.524703904081718,0.0122752356271418,-1.51090032577627,-0.0013420887383238,0.0032146225839509,12.6700000762939,0.851907580255112,0,0.999992504147385,2.802031510111069e-09,7.4930517493615015e-06,Neutral,7.4930517493615015e-06
2016-07-18,0.0026839307637285,-0.573228150040011,0.0122743012140324,-1.50773028557992,0.0,0.0030496902707442,12.4399995803833,0.848430598973282,0,0.9999950768081589,8.067836814906409e-09,4.915125051984083e-06,Neutral,4.915125051984083e-06
2016-07-19,-0.0010169920523406,-0.703785283843112,0.0122245685583176,-1.55410191227082,-0.0010164750911868,0.0028392369063685,11.9700002670288,0.864698222235079,0,0.999995965344123,3.548850769236983e-08,3.999166719053157e-06,Neutral,3.999166719053157e-06
2016-07-20,0.0041543639991781,-0.725642050349462,0.0121952413040391,-1.54008734949222,0.0,0.0025712367049062,11.7700004577637,0.775190114958021,0,0.9999990123801911,1.4976151135708594e-07,8.378565860093566e-07,Neutral,8.378565860093566e-07
2016-07-21,-0.0037845495061388,-0.838041232399657,0.0122598905610581,-1.44239086772658,-0.0037773971243493,0.0022041166743825,12.7399997711182,0.780465709550194,0,0.9999990318979283,5.688380193095469e-07,3.9926229344843724e-07,Neutral,3.9926229344843724e-07
2016-07-22,0.0044753786105804,-0.724135042824949,0.0122479235088668,-1.51799538879237,0.0,0.0016913210581946,12.0200004577637,0.757577878186779,0,0.9998711546971589,0.0001286273040503513,2.179974968933957e-07,Neutral,2.179974968933957e-07
2016-07-25,-0.0027197155062017,-0.835737854553734,0.0120263211309759,-1.4538636230334,-0.0027160204305953,0.0007853504666038,12.8699998855591,0.742814450293821,0,0.9688198110100917,0.031180188289145875,7.020097199910281e-10,Neutral,7.020097199910281e-10
2016-07-26,0.0004615134606718,-0.784571205989819,0.00834822776859,-0.223090470489312,-0.0022556542254823,0.000975887314914,13.0500001907349,0.610065911357368,1,0.005836743431667195,0.9941632565681296,4.200190253609698e-17,Bull,4.200190253609698e-17
2016-07-27,-0.0010617251035336,-0.892974181390815,0.0068932490114975,0.706878938527877,-0.0033144222845279,0.001421195193207,12.8299999237061,0.229668586004121,1,2.4687472516500852e-08,0.9999999753126761,4.017818614707893e-29,Bull,4.017818614707893e-29
2016-07-28,0.0011537047472556,-0.896903148448315,0.0061172254575168,0.795234562611511,-0.0021638778353173,0.001872279416481,12.7200002670288,0.181310116314015,1,1.294438204357825e-09,0.9999999987048795,1.3157875715504026e-35,Bull,1.3157875715504026e-35
2016-07-29,0.0016135973031179,-0.992799234503157,0.0052385729500321,0.75694141358035,-0.0005524724295643,0.0023148139480295,11.8699998855591,0.154685655737971,1,1.7191750628540423e-09,0.999999998279236,1.1610512062616482e-36,Bull,1.1610512062616482e-36
2016-08-01,-0.0008295106849862,-1.08074881998846,0.0046023434076326,0.821555253266801,-0.0013811810739107,0.0027114673075756,12.4399995803833,0.126711613854066,1,4.0438181978794675e-09,0.9999999959545676,6.359377668742189e-35,Bull,6.359377668742189e-35
2016-08-02,-0.0064280860615246,-1.13798530723703,0.0049269749387017,0.696346063403862,-0.0077798013111242,0.002982754468777,13.3699998855591,0.163744409307724,1,1.4810596269151845e-07,0.9999998518942558,3.394262289573748e-32,Bull,3.394262289573748e-32
2016-08-03,0.0029187094494345,-0.860149778854304,0.0045357158060793,0.901330145807565,-0.0048795684316264,0.0032240010810741,12.8599996566772,0.143739461172049,1,8.125418238718381e-08,0.9999999187457467,1.6928021177164858e-30,Bull,1.6928021177164858e-30
2016-08-04,0.0010633113444873,-0.957259437873577,0.0044318057476708,1.083831504087,-0.0038208828311523,0.0034155538483899,12.4200000762939,0.149307246597318,1,2.04189679077688e-07,0.9999997958111844,7.336935298620185e-29,Bull,7.336935298620185e-29
2016-08-05,0.008145551575998,-1.04732999676476,0.0046296296276954,0.8286980101637,0.0,0.0035438394685797,11.3900003433228,0.160420239923002,1,1.6704681088139259e-06,0.9999983295324765,6.425162463238831e-27,Bull,6.425162463238831e-27
2016-08-08,-0.000596001485924,-1.11594016189106,0.0035953447070148,0.0451638662268764,-0.0005958239123175,0.0036806981609984,11.5,0.160517463025206,1,3.464476215332006e-06,0.9999965355224035,1.6903643046325663e-25,Bull,1.6903643046325663e-25
2016-08-09,0.000596001485924,-1.16673758465144,0.0035571474373166,0.152485776902306,0.0,0.0037638165681171,11.6599998474121,0.165370357313986,1,6.807985788397504e-06,0.9999931920151363,3.848776920737263e-24,Bull,3.848776920737263e-24
2016-08-10,-0.0024779906571303,-1.23069489285513,0.0033379611543931,0.227270157666006,-0.0024749229727023,0.0038158342712235,12.0500001907349,0.195141269746018,1,2.1084889220245302e-05,0.9999789151119419,1.570497173476637e-22,Bull,1.570497173476637e-22
2016-08-11,0.0046298190502476,-1.15568475860052,0.0034461805707561,0.0865185799612839,0.0,0.0038199485486091,11.6800003051758,0.180297088982515,1,1.7193474712047225e-05,0.9999828065251842,8.111373477338919e-23,Bull,8.111373477338919e-23
2016-08-12,-0.0008692939407435,-1.21592079170389,0.0032852014253477,0.225885944646177,-0.0008689162142256,0.0037836433773649,11.5500001907349,0.176528157169039,1,9.441202373327568e-06,0.9999905587983481,2.042851687842221e-23,Bull,2.042851687842221e-23
2016-08-15,0.0028796411543954,-1.21336796541821,0.0032951462792249,0.0641531901479724,0.0,0.0036948421519117,11.8100004196167,0.172125332883758,1,5.58768886508701e-06,0.9999944123093562,2.6558984438297075e-24,Bull,2.6558984438297075e-24
2016-08-16,-0.0051708309963904,-1.27043060237719,0.0034997904996003,0.130693749393206,-0.0051574852625465,0.0035415627252386,12.6400003433228,0.184755586946368,1,4.7766850208916324e-06,0.9999952233161309,1.3478653948552986e-25,Bull,1.3478653948552986e-25
2016-08-17,0.0018793105553491,-1.05149475829569,0.003500715076034,0.0167536970730681,-0.0032861093261942,0.0033313222556312,12.1899995803833,0.16964463319497,1,4.092891437111271e-07,0.999999590709278,4.941614601624379e-28,Bull,4.941614601624379e-28
2016-08-18,0.0022411408212406,-1.1261323193224,0.003424309809894,0.0432914170357687,-0.0010498281642241,0.0030538457380213,11.4300003051758,0.17841744647085,1,9.605238434742893e-08,0.9999999039464502,1.0750401367944742e-30,Bull,1.0750401367944742e-30
2016-08-19,-0.0014630430722135,-1.19136078726448,0.0033187625925305,0.0379707275814356,-0.0025102666898762,0.0026760198237913,11.3400001525879,0.158472458871919,1,9.49960012559064e-09,0.9999999905012373,8.037547086450826e-34,Bull,8.037547086450826e-34
2016-08-22,-4.57392345660779e-05,-1.20742746635791,0.0031920161720808,0.150912514155134,-0.0025558900633682,0.002154799667002,12.2700004577637,0.185140617916701,1,1.9435136780847823e-09,0.9999999980573193,5.1453868265001884e-36,Bull,5.1453868265001884e-36
2016-08-23,0.002011776943803,-1.19536189238649,0.0031360473980886,-0.0085946338224323,-0.0005472351949495,0.0013837650883465,12.3800001144409,0.183201004964951,1,2.7228791090015624e-10,0.9999999997271516,9.988894698264994e-38,Bull,9.988894698264994e-38
2016-08-24,-0.0051281143709438,-1.26852555372986,0.0033687021936853,-0.003358437175623,-0.0056594241332765,0.001039240175221,13.4499998092651,0.186878583179907,1,3.881803364053696e-10,0.9999999996107363,1.8876594175018794e-36,Bull,1.8876594175018794e-36
2016-08-25,-0.0006890586166976,-1.05518235103873,0.0033624719238111,-0.0177058150683048,-0.0063443470718829,0.0008212948644983,13.6300001144409,0.514910681583637,1,3.7434716948765296e-08,0.9999999625651987,1.7884950899708025e-27,Bull,1.7884950899708025e-27
2016-08-26,-0.0018851000852038,-1.08573829659207,0.0033873300635729,0.100153624159721,-0.0082157230082351,0.0006502657895637,13.6499996185303,0.55073507225129,1,5.6206214643902405e-08,0.999999943793229,7.77669304655669e-25,Bull,7.77669304655669e-25
2016-08-29,0.0049121166688079,-1.05906313765438,0.003533655810803,0.0758220310819025,-0.0033319779866405,0.0005568555786036,12.9399995803833,0.54686049360692,1,4.080434843267455e-08,0.9999999591964305,1.810385159026156e-24,Bull,1.810385159026156e-24
2016-08-30,-0.0016499490227772,-1.13443350530315,0.0035509267659175,0.101957096085498,-0.0049750735308967,0.0005159360678913,13.1199998855591,0.642096575393079,1,9.343069817541457e-08,0.9999999065694326,4.05431971069109e-23,Bull,4.05431971069109e-23
2016-08-31,-0.002847911935869,-1.13149833176333,0.0032916532667952,0.351064259064997,-0.0078047855975349,0.0004267409660408,13.4200000762939,0.618522702270883,1,8.372278363287904e-08,0.9999999162755593,4.369381146068082e-23,Bull,4.369381146068082e-23
2016-09-01,4.61460013418957e-05,-1.04672288777129,0.0032411639371996,0.473508080876135,-0.0077589986994068,0.0003675723893879,13.4799995422363,0.587770358183349,1,4.4659813797690864e-08,0.9999999553401732,9.885347840813762e-24,Bull,9.885347840813762e-24
2016-09-02,0.0044977359030777,-1.10087882678506,0.0033675989718608,0.37373548755303,-0.0032861093261942,0.0002988284600879,11.9799995422363,0.591382716014328,1,3.901734511232873e-08,0.9999999609826781,1.5640996772789376e-24,Bull,1.5640996772789376e-24
2016-09-06,0.003017824511093,-1.17764402815736,0.0029387305491373,-0.0740097135757822,-0.0002736584786338,0.0001579616481312,12.0200004577637,0.430057415173017,1,1.0596872469140996e-08,0.9999999894025677,1.5495982402390756e-27,Bull,1.5495982402390756e-27
2016-09-07,-9.16030584940941e-05,-1.2554592378207,0.0029340842562119,-0.0986036132014382,-0.0003652322748901,0.0001744555708113,11.9399995803833,0.43655761875731,1,1.2737222682404884e-08,0.9999999872634362,1.2937694299006482e-24,Bull,1.2937694299006482e-24
2016-09-08,-0.0022856756013496,-1.32365243649349,0.0029820821368744,0.0175290802094648,-0.0026474638596245,0.0001822864213575,12.5100002288818,0.46324969839764,1,2.7479989105267934e-05,0.9999725200097197,2.474399136907374e-19,Bull,2.474399136907374e-19
2016-09-09,-0.0242256135313781,-1.22159730595523,0.0060794914737892,-2.73596529184568,-0.0265186267233759,0.0006326971056196,17.5,0.69226855705995,0,0.9999386860316354,6.131377763081362e-05,1.922608775138241e-10,Neutral,1.922608775138241e-10
2016-09-12,0.0142452417119676,0.578905909651681,0.0068367570173679,-1.59403534034309,-0.0125519057856079,0.0009754528871441,15.1599998474121,0.773886945411406,0,0.9999642558599668,3.5065509199892745e-05,6.786314384203174e-07,Neutral,6.786314384203174e-07
2016-09-13,-0.0144795161663591,0.349479183018556,0.007487114663594,-1.27996596266841,-0.0267466618285178,0.00128897870068,17.8500003814697,0.60497855635429,0,0.9999997942905096,1.9542997119163787e-07,1.0281128070979079e-08,Neutral,1.0281128070979079e-08
2016-09-14,-0.0003752558711793,0.792234307630506,0.0074329343782439,-1.25217655030007,-0.0271118123410898,0.0015064115227498,18.1399993896484,0.524793441283788,0,0.9999994701030613,5.293645166333945e-07,5.32836190458758e-10,Neutral,5.32836190458758e-10
2016-09-15,0.0099430251000178,0.651251878348286,0.0077646084811322,-1.22204787140472,-0.0173901091960287,0.0017102009130091,16.2999992370605,0.602110902061354,0,0.9999941961528006,5.797792484365929e-06,6.0543136903384054e-09,Neutral,6.0543136903384054e-09
2016-09-16,-0.0038730636225432,0.404572597720305,0.0077746315724492,-1.11447249696685,-0.0211884594450317,0.0018700659054622,15.3699998855591,0.602663707060887,0,0.9999832166493956,1.6778849282867717e-05,4.500522721374613e-09,Neutral,4.500522721374613e-09
2016-09-19,0.0001874287751091,0.248366062786749,0.0077464974910993,-1.09101753433026,-0.0210049848032467,0.0019912098018087,15.5299997329712,0.60101037608637,0,0.9999586652150529,4.1330942987385645e-05,3.841510937440952e-09,Neutral,3.841510937440952e-09
2016-09-20,4.66846799458409e-05,0.227299047519716,0.0077486093284096,-1.11852143923079,-0.0209592796674367,0.0020806532184122,15.9200000762939,0.600383517723664,0,0.9999348864684547,6.51094943983164e-05,4.0354329966469135e-09,Neutral,4.0354329966469135e-09
2016-09-21,0.0111830539041087,0.0160919183529766,0.0081848574704832,-0.985827373901409,-0.0099491659139763,0.0021690680809551,13.3000001907349,0.576906768740314,0,0.9989651615785853,0.001034835539414956,2.8821479763360193e-09,Neutral,2.8821479763360193e-09
2016-09-22,0.0062817971703079,-0.162994059002084,0.0082988218084171,-0.996094973881377,-0.0037102922324244,0.0022323794658809,12.0200004577637,0.577258120992611,0,0.996337500664257,0.0036624968234132103,2.510811883019666e-09,Neutral,2.510811883019666e-09
2016-09-23,-0.0054944214252801,-0.322162873035966,0.0083101835276446,-0.988175982117922,-0.0091693169240721,0.0022785180939852,12.289999961853,0.595531384258135,0,0.9972019942047552,0.0027980015622298044,4.234767747602327e-09,Neutral,4.234767747602327e-09
2016-09-26,-0.0081352911098973,-0.104472619229777,0.0084904156922747,-0.840429849913186,-0.0171973136499819,0.0023085269899122,14.5,0.599221801086065,0,0.9998590447501422,0.00014095077473526177,4.473959504718346e-09,Neutral,4.473959504718346e-09
2016-09-27,0.0061887560138824,0.194860845172977,0.008607644487538,-0.919468346051219,-0.0110961277120868,0.0023190286086405,13.1000003814697,0.570170070415332,0,0.9998069097961337,0.00019308793017508595,2.274678009147029e-09,Neutral,2.274678009147029e-09
2016-09-28,0.0049510708524565,-0.0029396617568904,0.0086087914451204,-0.919522033084157,-0.0061878539950663,0.0023104446621062,12.3900003433228,0.576605204097641,0,0.9992677219562914,0.0007322755394496767,2.503520596043193e-09,Neutral,2.503520596043193e-09
2016-09-29,-0.0090880640312889,-0.186168484286441,0.0088244803590686,-0.783493938781582,-0.0151787655410748,0.0022865583500663,14.0200004577637,0.599035945863817,0,0.9992999151904312,0.0007000804833190091,4.326015603345769e-09,Neutral,4.326015603345769e-09
2016-09-30,0.007517669165554,0.0878785033492892,0.0089746673285768,-0.876731870526296,-0.0077473066879205,0.0022205332052206,13.289999961853,0.601194700511504,0,0.9896707139947963,0.010329281931463716,4.073584701143906e-09,Neutral,4.073584701143906e-09
2016-10-03,-0.0024067696153951,-0.106609853138441,0.0089900236445486,-0.833289923284969,-0.0101325587934433,0.0021126199257705,13.5699996948242,0.603504845777661,0,0.9179503719706675,0.08204962568597496,2.3436916197170682e-09,Neutral,2.3436916197170682e-09
2016-10-04,-0.0051108995501589,-0.271867157109396,0.0089880866342425,-0.692919676879128,-0.0151787655410748,0.0019720144230805,13.6300001144409,0.598862340448377,0,0.7545043914128325,0.24549560776526766,8.220476107455601e-10,Neutral,8.220476107455601e-10
2016-10-05,0.0044151718190113,-0.0342418956817103,0.0090211001952605,-0.702588099806099,-0.0108209975117274,0.0017255307655834,12.9899997711182,0.597288534122208,1,0.34123419088469137,0.6587658090167667,9.828677461962749e-11,Bull,9.828677461962749e-11
2016-10-06,0.0006957277311476,-0.21820268013221,0.0090245398822042,-0.714440458540188,-0.0101325587934433,0.001374035568734,12.8400001525879,0.597916242430048,1,0.04535839074212976,0.9546416092486611,7.935877230051716e-12,Bull,7.935877230051716e-12
2016-10-07,-0.0034354984447055,-0.389842077356664,0.0090395977208249,-0.693652437984526,-0.0135274120026919,0.0008051555981914,13.4799995422363,0.604858686170975,1,0.00477808932185314,0.9952219106785801,1.6325209465780706e-14,Bull,1.6325209465780706e-14
2016-10-10,0.0051948009875175,-0.287144033845199,0.0072935205383794,-0.135403736747116,-0.008389549696486,0.0006788431666312,13.3800001144409,0.503598594745793,1,9.173675790536129e-06,0.9999908263255436,1.638876090238591e-16,Bull,1.638876090238591e-16
2016-10-11,-0.012710003422832,-0.444244156474009,0.0071947733203583,-0.260222138146947,-0.0209131657200362,0.0006449789808061,15.3599996566772,0.452608885547088,1,0.0001296949215789903,0.9998703050770177,5.5150616725300256e-18,Bull,5.5150616725300256e-18
2016-10-12,0.0013113128487649,0.208316112429619,0.0064353440247436,-0.187597312417538,-0.0196284344159509,0.0007427633038912,15.9099998474121,0.557080457914061,1,0.0001269102509314079,0.9998730897489011,6.621969499705092e-15,Bull,6.621969499705092e-15
2016-10-13,-0.0032807170126565,-0.0104144181632485,0.0064827070340054,-0.126804817418355,-0.0228394859341423,0.0008185903347146,16.6900005340576,0.65159393441544,1,0.00043001232008929124,0.9995699876788666,6.758370360982949e-14,Bull,6.758370360982949e-14
2016-10-14,0.0005159642442835,-0.0024181192418641,0.0060893941483208,-0.135237341174275,-0.0223351759561878,0.0009346139169445,16.1200008392334,0.561895212072868,1,0.0001294933684735613,0.9998705066312997,1.2682268601740572e-14,Bull,1.2682268601740572e-14
2016-10-17,-0.0034783689869453,-0.198773373186492,0.006078219660624,-0.1422982419641,-0.0257299474031184,0.0010324580072431,16.2099990844727,0.567020890215631,1,0.00023695265153594655,0.9997630473478915,1.5440285427074462e-15,Bull,1.5440285427074462e-15
2016-10-18,0.0062431217553182,-0.116193971100321,0.0062400817978175,-0.216723945715135,-0.0196284344159509,0.0011024154333064,15.2799997329712,0.559835259874506,1,3.701384464998331e-05,0.9999629861569679,6.274563043346452e-17,Bull,6.274563043346452e-17
2016-10-19,0.0026634765244528,-0.290167698505766,0.0062657325686986,-0.271570907430056,-0.0170137572458788,0.0011617761077307,14.4099998474121,0.55175815503191,1,5.126682243156069e-06,0.9999948733188369,1.2795571573622073e-18,Bull,1.2795571573622073e-18
2016-10-20,-0.0018683300603212,-0.456355979899782,0.0057467636810768,-0.37901852890698,-0.0188485854260467,0.0012482102462862,13.75,0.585702174065383,1,5.677568805924223e-06,0.999994322429958,4.504597575024733e-20,Bull,4.504597575024733e-20
2016-10-21,0.0004673057484714,-0.54890528870982,0.0055437043248478,-0.359248633926685,-0.0183899805839023,0.0013310246432936,13.3400001525879,0.398155178791141,1,3.4543321351713876e-07,0.9999996545666959,1.7914674211245187e-24,Bull,1.7914674211245187e-24
2016-10-24,0.0042433974662907,-0.61407545789682,0.0055304697223663,-0.550237759542119,-0.0142157689586579,0.0013966961164871,13.0200004577637,0.400105868518513,1,1.668785850932227e-07,0.999999833122288,1.1666443473283753e-25,Bull,1.1666443473283753e-25
2016-10-25,-0.0033558763783228,-0.740748683553675,0.0052822217690746,-0.603657220292581,-0.0175183942731056,0.0014569411441678,13.460000038147,0.388197646626443,1,3.3873103714662973e-07,0.9999996612678507,1.3837823923497892e-25,Bull,1.3837823923497892e-25
2016-10-26,-0.0020097054888932,-0.627412453246234,0.0051005868190808,-0.529968875735307,-0.0194909101969303,0.0015052676486168,14.2399997711182,0.386600918064364,1,6.404726837908799e-07,0.9999993595267601,2.2359713573904054e-24,Bull,2.2359713573904054e-24
2016-10-27,-0.0026706325622845,-0.634416924541717,0.0049698311510225,-0.417010179649559,-0.0221059961785928,0.0015414394419286,15.3599996566772,0.40430657682246,1,2.7610076961467407e-06,0.9999972389925378,2.836215041861332e-22,Bull,2.836215041861332e-22
2016-10-28,-0.0029598440034082,-0.587335029829052,0.0046248667642363,-0.418943790846649,-0.0249961305982966,0.001565882006913,16.1900005340576,0.342196297045884,1,1.957143456510598e-05,0.9999804285640328,2.063193657770321e-20,Bull,2.063193657770321e-20
2016-10-31,4.7043486680387e-05,-0.538740837546112,0.0042514050608392,-0.622083301160388,-0.0249502619378503,0.001577907311813,17.0599994659424,0.334173343611073,1,0.0029672832421721537,0.9970327167594719,4.7339141603580455e-18,Bull,4.7339141603580455e-18
2016-11-01,-0.0072715712888795,-0.648332857249711,0.0044684565929936,-0.527289424536418,-0.0320146897451166,0.001540750885301,18.5599994659424,0.364295341671206,0,0.5195169685133337,0.48048303148757787,4.478129714843548e-15,Neutral,4.478129714843548e-15
2016-11-02,-0.0060366746701623,-0.352649778662771,0.0045147008696015,-0.512786697546032,-0.0378405001956981,0.0014674996411901,19.3199996948242,0.373965210008736,0,0.9921576974798755,0.007842302518002046,1.4926682494665547e-12,Neutral,1.4926682494665547e-12
2016-11-03,-0.0045876732885332,-0.124656068221423,0.0043896662356742,-0.384233814073791,-0.0422444639347641,0.0013587936829021,22.0799999237061,0.389577444182383,0,0.9999989892790487,1.0107086607549276e-06,1.1725078534004387e-11,Neutral,1.1725078534004387e-11
2016-11-04,-0.0011021190832645,-0.0227033400266264,0.0043613790309819,-0.338233201068675,-0.0432994431250277,0.0011998243170398,22.5100002288818,0.387031145257504,0,0.9999965287339586,3.4712534240924114e-06,1.1361408567693449e-11,Neutral,1.1361408567693449e-11
2016-11-07,0.0218171905750255,-0.138019704026025,0.0066940927189593,1.54873200772591,-0.0221975699748491,0.0009594359016258,18.7099990844727,0.514597780493643,0,0.9444819234862009,0.05551807635510484,1.5693593382961958e-10,Neutral,1.5693593382961958e-10
2016-11-08,0.0044937446381956,-0.285679625258186,0.0066663802449118,1.57342530978557,-0.0177936879981012,0.0009126406117303,18.7399997711182,0.513548904700445,1,0.006323677560945322,0.9936763224389036,7.074777287145785e-15,Bull,7.074777287145785e-15
2016-11-09,0.0105460896456355,-0.444480846708532,0.0064569309020824,1.80259676466411,-0.0073804391666686,0.0008595445090902,14.3800001144409,0.507384102925397,1,1.753691147956288e-06,0.9999982463102158,8.913921983434278e-19,Bull,8.913921983434278e-19
2016-11-10,0.0024924625964981,-0.582310133881711,0.0064680806903418,1.76768170785164,-0.0049032862156172,0.0008612907636233,14.7399997711182,0.496691847637462,1,4.0561383017092617e-08,0.9999999594401751,1.509621084430762e-23,Bull,1.509621084430762e-23
2016-11-11,-0.0023076408435391,-0.717352669268285,0.006441493460257,1.77446183774347,-0.0071969645248836,0.0008590663496875,14.1700000762939,0.483096607559191,1,3.031537672133187e-08,0.999999969684723,1.4862712500164657e-25,Bull,1.4862712500164657e-25
2016-11-14,0.0007853584568735,-0.705723792256647,0.0064412592376684,1.76853578165807,-0.0064169520103432,0.0008737748804089,14.4799995422363,0.478640497564479,1,2.591500449624965e-08,0.9999999740866773,2.5949555391858655e-25,Bull,2.5949555391858655e-25
2016-11-15,0.0077722438595753,-0.782644519939694,0.0065374779945515,1.51611266064841,0.0,0.0008932049622404,13.3699998855591,0.522959597919226,1,9.267934961690046e-08,0.9999999073188562,5.011784045424345e-25,Bull,5.011784045424345e-25
2016-11-16,-0.0018797090960704,-0.881374745036979,0.0064706451100376,1.71868760665585,-0.0018779435493386,0.0009031987864209,13.7200002670288,0.470027568601842,1,2.1816382434979626e-08,0.9999999781830413,1.3543514069475503e-25,Bull,1.3543514069475503e-25
2016-11-17,0.0051272514216567,-0.812059175624466,0.0065259746003872,1.63283835321856,0.0,0.000914757645515,13.3500003814697,0.476594657413868,1,3.116578580609078e-08,0.999999968833436,3.556363509615838e-26,Bull,3.556363509615838e-26
2016-11-18,-0.0022400404119462,-0.9139602968927,0.0065347422800119,1.63264488081302,-0.0022375333937127,0.000937197779332,12.8500003814697,0.474361679477711,1,2.2817245415975502e-08,0.9999999771825971,2.455335272705003e-25,Bull,2.455335272705003e-25
2016-11-21,0.0075232320471325,-0.837580558654681,0.0066847068705482,1.4178146185032,0.0,0.0009644930666034,12.4200000762939,0.574667068207734,1,1.6117762856031583e-07,0.9999998388229999,1.2344906741119737e-23,Bull,1.2344906741119737e-23
2016-11-22,0.0019512471178178,-0.933206004805967,0.0066538048728415,1.48393324755727,0.0,0.0009863139018689,12.4099998474121,0.574738783742139,1,8.30458203087625e-08,0.9999999169558612,4.6288536477107916e-23,Bull,4.6288536477107916e-23
2016-11-23,0.0005439716900506,-1.03109790999937,0.0065729197443315,1.47001947125541,0.0,0.000996527155139,12.4300003051758,0.582033356372904,1,8.610558339437388e-08,0.9999999138926833,3.429603147964894e-23,Bull,3.429603147964894e-23
2016-11-25,0.0037083026190956,-1.12067014833139,0.0065416562636882,1.3727786751039,0.0,0.0009954716944728,12.3400001525879,0.580890795139343,1,1.0174515940934427e-07,0.9999998982566519,5.079827395638557e-23,Bull,5.079827395638557e-23
2016-11-28,-0.0047057563065662,-1.19794115208344,0.0066242339820761,1.33540965241434,-0.0046947015824352,0.000986089068376,13.1499996185303,0.563744400957413,1,1.6219210051781328e-07,0.9999998378080039,2.0282163207450394e-23,Bull,2.0282163207450394e-23
2016-11-29,0.0019484103196472,-1.0544950032937,0.0065411650254418,1.29447125068089,-0.002753548000063,0.0009452684826736,12.8999996185303,0.554894108113278,1,7.092525404178066e-08,0.9999999290739677,1.4284594952276555e-23,Bull,1.4284594952276555e-23
2016-11-30,-0.002402017181109,-1.14095404591869,0.0065963163448706,1.30403648342349,-0.0051460765139243,0.0008578742884582,13.3299999237061,0.563788436091857,1,1.0395768320220497e-07,0.999999896041123,1.415892768479722e-23,Bull,1.415892768479722e-23
2016-12-01,-0.0036820621325448,-1.11882128854321,0.00639503287195,1.46050996347238,-0.0088024548359553,0.0007670740085464,14.0699996948242,0.569871184258919,1,1.2275801640339997e-07,0.9999998772436887,2.2462938852171736e-23,Bull,2.2462938852171736e-23
2016-12-02,0.0005006340806703,-0.936797968531273,0.0061438782843635,1.60072752944142,-0.0083061033292964,0.0006581400989262,14.1199998855591,0.575421979953672,1,5.4348956836761354e-08,0.999999945652236,1.212485911893592e-23,Bull,1.212485911893592e-23
2016-12-05,0.0059907214060164,-1.00977863345343,0.0059908650860251,1.55502897201086,-0.0023473105617228,0.0004959683272879,12.1400003433228,0.541331690396758,1,2.632847283461741e-08,0.9999999736719477,1.007019230037989e-24,Bull,1.007019230037989e-24
2016-12-06,0.0031625363861564,-1.08336782163928,0.0059271719008088,1.51397108080031,0.0,0.0002096460504681,11.789999961853,0.520912695789948,1,1.9092588026666545e-08,0.9999999809078874,1.1938002857688779e-24,Bull,1.1938002857688779e-24
2016-12-07,0.0129958759282163,-1.15626590033053,0.0047074157258685,0.482074702693444,0.0,0.0004332963658504,12.2200002670288,0.46997855550826,1,1.0634500360792537e-07,0.9999998936546092,2.123217987221857e-26,Bull,2.123217987221857e-26
2016-12-08,0.0024457623951565,-1.20012518338749,0.0046850255814838,0.549020577543669,0.0,0.0005633818490372,12.6400003433228,0.455842419325407,1,1.3121298940946287e-08,0.9999999868778104,1.1589104374223501e-26,Bull,1.1589104374223501e-26
2016-12-09,0.0060224260552121,-1.25986846858747,0.0043859148891846,0.520317987668954,0.0,0.0006968494944031,11.75,0.524260967019637,1,3.5034097908907985e-08,0.9999999649662648,7.128263261498627e-26,Bull,7.128263261498627e-26
2016-12-12,-0.0011486161518341,-1.30607138686358,0.0044444709682355,0.59849421049661,-0.0011479567447947,0.0007894098445338,12.6400003433228,0.540167289234433,1,3.8443515484204635e-08,0.9999999615574787,7.245315582428062e-25,Bull,7.245315582428062e-25
2016-12-13,0.0066518840719282,-1.26469697335276,0.0044397775337481,0.409733553121213,0.0,0.0008620871733506,12.7200002670288,0.579647393341354,1,1.0286396730512767e-07,0.9999998971361546,2.682324250208405e-23,Bull,2.682324250208405e-23
2016-12-14,-0.0082887099766173,-1.30806459313094,0.0050126514784976,0.0509703918976805,-0.0082544533332123,0.0008810699036968,13.1899995803833,0.564869233406312,1,4.698755537799689e-07,0.9999995301260436,1.2509035844608322e-23,Bull,1.2509035844608322e-23
2016-12-15,0.0041089376347596,-0.817692420928141,0.004863241899782,0.0846354020527892,-0.0041710492511855,0.0008984137611944,12.789999961853,0.528104826017351,1,5.440081618299882e-08,0.9999999455976664,4.344017205907665e-24,Bull,4.344017205907665e-24
2016-12-16,-0.0019578308963623,-0.907335240532061,0.0048662467778521,0.085367878181776,-0.0061188066265069,0.0009106694816564,12.1999998092651,0.609955404638393,1,1.1111775996532478e-07,0.9999998888815815,1.0312088609129174e-23,Bull,1.0312088609129174e-23
2016-12-19,0.0021749304619591,-0.854243501842533,0.0048082758234742,0.161775397949651,-0.0039548317490556,0.0009163495722494,11.710000038147,0.614751951348546,1,8.255237217173225e-08,0.9999999174469884,2.726327723880409e-23,Bull,2.726327723880409e-23
2016-12-20,0.0038500580440139,-0.943257204600239,0.0047431676068626,0.0141750325302123,-0.0001126083914458,0.0009168413537515,11.4499998092651,0.60695725303387,1,1.0211488295606368e-07,0.9999998978855781,1.2880269923526772e-23,Bull,1.2880269923526772e-23
2016-12-21,-0.0027862210559135,-1.02314170776167,0.0046727847834417,0.199028897474917,-0.0028946382206966,0.0009029867144195,11.2700004577637,0.587671599085201,1,7.029443864452658e-08,0.9999999297069759,7.124905613499174e-24,Bull,7.124905613499174e-24
2016-12-22,-0.0017289565016938,-1.01517834213252,0.0047229773706615,0.290746916377787,-0.004617100558511,0.0008781800652201,11.4300003051758,0.589796117881418,1,5.946864208837611e-08,0.9999999405299622,3.863654385832392e-24,Bull,3.863654385832392e-24
2016-12-23,0.0014632603426427,-0.870373085835655,0.0047198305458125,0.263033036892244,-0.0031595300935557,0.0008484605183464,11.4399995803833,0.583488503063591,1,4.985364549959719e-08,0.9999999501451396,2.5476558122707052e-24,Bull,2.5476558122707052e-24
2016-12-27,0.0024775335137681,-0.954912851744162,0.0046966504934335,0.299524064931141,-0.0006867625040506,0.0008109076989979,11.9899997711182,0.581119988063484,1,5.5871515432667354e-08,0.999999944127923,1.5018856012010334e-23,Bull,1.5018856012010334e-23
2016-12-28,-0.0082985359136191,-1.03274898854769,0.0049827087657029,0.0805847023465808,-0.0089452850772596,0.0007471591368755,12.9499998092651,0.59243994694199,1,4.165445522418759e-07,0.9999995834551513,5.0623183529513795e-23,Bull,5.0623183529513795e-23
2016-12-29,-0.0002230105693667,-0.62971691331483,0.0049871659677421,0.142880650004133,-0.009166276110924,0.0006771284500152,13.3699998855591,0.603117456446729,1,1.5424510602275965e-07,0.9999998457533484,4.470724655531901e-22,Bull,4.470724655531901e-22
2016-12-30,-0.0036615860008515,-0.653357979376301,0.0050376434032727,0.150223170873572,-0.0127876649441,0.0005819583774637,14.039999961853,0.60792434741902,1,4.033772059175392e-07,0.9999995966209912,2.1628086440085465e-22,Bull,2.1628086440085465e-22
2017-01-03,0.0076209092995736,-0.547419723606065,0.0051204992147821,-0.0302653671993496,-0.0052354685287717,0.0004895319402188,12.8500003814697,0.558811124036575,1,1.6777234707857206e-07,0.9999998322273455,3.611913122012051e-23,Bull,3.611913122012051e-23
2017-01-04,0.0059316819527213,-0.650170333494402,0.0052042911995338,-0.149598911869459,0.0,0.000411755891918,11.8500003814697,0.534838575534947,1,9.642691983925344e-08,0.9999999035717384,4.64182476521493e-24,Bull,4.64182476521493e-24
2017-01-05,-0.0007950750672609,-0.746510538138506,0.0051382302189342,0.0031505570436624,-0.0007947590788302,0.0003341146501397,11.6700000762939,0.614143716629812,1,1.1410238401073256e-07,0.9999998858984392,4.907467330884783e-23,Bull,4.907467330884783e-23
2017-01-06,0.0035716614380696,-0.84168877895132,0.0051459000818531,-0.0067627377024998,0.0,0.0002402464045524,11.3199996948242,0.638299647132973,1,1.3717325544026362e-07,0.9999998628263805,8.492199620844178e-23,Bull,8.492199620844178e-23
2017-01-09,-0.0033064618476101,-0.932608152201215,0.0045068293911735,-0.396948127663555,-0.0033010015224113,0.0002490984701613,11.5600004196167,0.556942165544053,1,7.405597214765549e-08,0.9999999259453062,5.881548299387583e-24,Bull,5.881548299387583e-24
2017-01-10,0.0,-0.911271265264013,0.0044902869258816,-0.324927146654023,-0.0033010015224113,0.0002577814289342,11.4899997711182,0.59036831494684,1,7.075273045263936e-08,0.9999999292485907,5.262778452771289e-24,Bull,5.262778452771289e-24
2017-01-11,0.0028219834197909,-0.881227267252188,0.0043475242450094,-0.344778894191921,-0.0004843610870962,0.0002610475028119,11.2600002288818,0.536244913911253,1,4.470539894036814e-08,0.9999999552928794,1.1112434193471746e-24,Bull,1.1112434193471746e-24
2017-01-12,-0.0025128943807946,-0.965460652114108,0.0043819377281492,-0.303970040657033,-0.0029928851715633,0.0002657070891258,11.539999961853,0.577786459734095,1,7.275770562599276e-08,0.9999999272440645,1.2900536072434828e-24,Bull,1.2900536072434828e-24
2017-01-13,0.0022927695642192,-0.873748148654085,0.0041658442397525,-0.37348934035869,-0.0007043550698202,0.0002900980157767,11.2299995422363,0.488270720106093,1,2.3804168353513955e-08,0.999999976196705,2.3984368597653497e-26,Bull,2.3984368597653497e-26
2017-01-17,-0.0035296210348452,-0.968511986070546,0.0037981160709695,-0.164156920415346,-0.0042252725905589,0.0003570721372979,11.8699998855591,0.444365455912275,1,1.3975331228728261e-08,0.9999999860228854,8.421218327705794e-28,Bull,8.421218327705794e-28
2017-01-18,0.0022076191823279,-0.870731514514918,0.0037262066458119,-0.145138238567488,-0.0020245529193536,0.0004174859548078,12.4799995422363,0.443346179356406,1,1.1353060407511933e-08,0.9999999886458681,5.394860391488581e-28,Bull,5.394860391488581e-28
2017-01-19,-0.0037117770996371,-0.973396595240661,0.003797548506688,-0.118120425118006,-0.0057219491295303,0.0004568270151241,12.7799997329712,0.453896115696785,1,1.897908559048342e-08,0.9999999810206648,9.57752623970923e-28,Bull,9.57752623970923e-28
2017-01-20,0.0036677037017938,-0.866684031285831,0.0038502894864454,-0.139221335778643,-0.0020685361190191,0.0004849245598097,11.539999961853,0.484291539794129,1,1.769326777305165e-08,0.9999999823085092,4.707833435482613e-27,Bull,4.707833435482613e-27
2017-01-23,-0.0026057334038647,-0.969263661760983,0.0038063556788532,0.0398257943520025,-0.0046654945091966,0.0005117705603445,11.7700004577637,0.472437481389093,1,1.4865589087417829e-08,0.9999999851352186,2.8409443343864284e-27,Bull,2.8409443343864284e-27
2017-01-24,0.0063913770733403,-0.903235043366586,0.0039988016158109,-0.072248315003472,0.0,0.0005238904000937,11.0699996948242,0.452848204498318,1,1.6413647892481973e-08,0.9999999835854397,3.366152508068047e-27,Bull,3.366152508068047e-27
2017-01-25,0.0086181278560157,-0.995536033346048,0.0043476295090754,-0.0522730929966514,0.0,0.0005225180979361,10.8100004196167,0.496683506272997,1,4.48623240770566e-08,0.9999999551364464,1.508911056520448e-26,Bull,1.508911056520448e-26
2017-01-26,-0.0010459096076473,-1.0725004993976,0.004365159913579,0.0280162366077635,-0.001045362834835,0.0005203813422947,10.6300001144409,0.468556523224132,1,1.3912645822193896e-08,0.999999986088369,6.9581525021224855e-28,Bull,6.9581525021224855e-28
2017-01-27,-0.0015707636192789,-1.15104475033796,0.0043747889124419,0.152546300326337,-0.0026132527216365,0.0005181448525591,10.5799999237061,0.355802583765401,1,2.4582540960044835e-09,0.9999999975407263,8.492114576602495e-31,Bull,8.492114576602495e-31
2017-01-30,-0.0062209400367407,-0.985724506768613,0.0041836421475999,0.370283894729686,-0.0087986763471299,0.0005067377370232,11.8800001144409,0.361726379338964,1,5.636427423853291e-09,0.9999999943647708,3.6674772693787955e-31,Bull,3.6674772693787955e-31
2017-01-31,-8.81503022407415e-05,-0.69541600507354,0.0041823161002197,0.366106643374231,-0.0088860471924513,0.0004917397291878,11.9899997711182,0.367436071284328,1,3.2517987569549833e-09,0.999999996747647,2.8152305493635564e-34,Bull,2.8152305493635564e-34
2017-02-01,0.000395291835745,-0.675166788264102,0.0040642499838089,0.314732401769791,-0.0084941904948392,0.0004720858976431,11.8100004196167,0.0170491655613867,1,1.569653228679475e-12,1.0,9.462421539521001e-47,Bull,9.462421539521001e-47
2017-02-02,0.0006589653766493,-0.797937488537133,0.0037578760831233,0.372169419049789,-0.0078406071748907,0.0004516605783696,11.9300003051758,0.0203485677506255,1,1.3242580850619552e-12,1.0,2.133120347041702e-49,Bull,2.133120347041702e-49
2017-02-03,0.0068692496671358,-0.898582030614418,0.003830111970179,0.404191591065418,-0.0010017545948999,0.0004065642794387,10.9700002670288,0.0582822024189271,1,4.535636814032514e-12,0.999999999996362,7.66722329434729e-48,Bull,7.66722329434729e-48
2017-02-06,-0.001789244428588,-0.987213484818159,0.0038539830345768,0.424949179277218,-0.0027876084986516,0.0003517171872116,11.3699998855591,0.0544310473527504,1,2.9227698351446464e-12,0.999999999996362,4.526622103258605e-48,Bull,4.526622103258605e-48
2017-02-07,4.36517912163481e-05,-1.00350073062911,0.0037911093413579,0.556175156209671,-0.002744077441442,0.0002739665956089,11.289999961853,0.0300573525867145,1,1.2134622615237603e-12,1.0,3.830130533360066e-49,Bull,3.830130533360066e-49
2017-02-08,0.0013095187068517,-1.00434248391804,0.0037005615403364,0.465929350568905,-0.0014372967151726,0.000267154255043,11.4499998092651,0.0329209206853682,1,1.4821650958571218e-12,1.0,6.846692500593033e-49,Bull,6.846692500593033e-49
2017-02-09,0.005915234876479,-1.10792483715445,0.003875134178355,0.31569700060723,0.0,0.0002482264436287,10.8800001144409,0.0568865644249355,1,4.804005877834989e-12,0.999999999996362,7.339792973190602e-48,Bull,7.339792973190602e-48
2017-02-10,0.0039382482532959,-1.19334939913584,0.0039108451360974,0.283818731512349,0.0,0.0002365064805289,10.8500003814697,0.0400075048218601,1,2.7800688260374913e-12,0.999999999996362,4.1197742297679043e-48,Bull,4.1197742297679043e-48
2017-02-13,0.0054277144154086,-1.28173541914048,0.0039464692117121,0.0908786536846159,0.0,0.000218725367801,11.0699996948242,0.0263775870008829,1,3.0453903609926657e-12,0.999999999996362,1.0216585469090754e-48,Bull,1.0216585469090754e-48
2017-02-14,0.003987361157594,-1.35708925734545,0.0039850495690351,0.0410190886849754,0.0,0.0002140550189927,10.7399997711182,0.0375326200547171,1,4.022092625214116e-12,0.999999999996362,4.165948965615243e-48,Bull,4.165948965615243e-48
2017-02-15,0.0052070703668984,-1.42692386966115,0.0039026464949012,-0.135143956387556,0.0,0.0002113161925796,11.9700002670288,0.0281397132672889,1,5.393992007572513e-12,0.999999999996362,2.6629708907774764e-48,Bull,2.6629708907774764e-48
2017-02-16,-0.0008519861597333,-1.48275519357692,0.0039432040688029,-0.0328624833611304,-0.0008516233225769,0.0002042786283567,11.7600002288818,0.0364669728408502,1,5.4901664294684565e-12,0.999999999992724,2.821878738211621e-48,Bull,2.821878738211621e-48
2017-02-17,0.0015755023592349,-1.42660882142436,0.0037480376494614,-0.0955202339347661,0.0,0.0002066963021361,11.4899997711182,0.0102234925662177,1,2.3098153690632368e-12,0.999999999996362,2.823389931131461e-49,Bull,2.823389931131461e-49
2017-02-21,0.0059372057933417,-1.48972620819304,0.0038334015259898,-0.121028226875889,0.0,0.0002072269051274,11.5699996948242,0.0010506145306912,1,2.913321063165889e-12,0.999999999996362,8.4551156109209645e-50,Bull,8.4551156109209645e-50
2017-02-22,-0.0008883967594899,-1.53478914230613,0.0037474812335905,-0.124802836962046,-0.0008880022519233,0.0002099530661294,11.7399997711182,0.011810855506158,1,3.244290929856886e-12,0.999999999996362,2.500734105569698e-49,Bull,2.500734105569698e-49
2017-02-23,0.0006770131005477,-1.56381586097542,0.0036247308790911,0.0044819864085302,-0.0002113613189905,0.0002227491878489,11.710000038147,0.0166876725197682,1,3.4062119326237434e-12,0.999999999996362,2.998232508296309e-49,Bull,2.998232508296309e-49
2017-02-24,0.0012680812977601,-1.56081731852329,0.0032726927213834,-0.124399866385976,0.0,0.0002489822545181,11.4700002670288,-0.0017559272967749,1,2.0860653968760805e-12,0.999999999996362,1.4873272313178942e-49,Bull,1.4873272313178942e-49
2017-02-27,0.0015616957763162,-1.60610403908599,0.0032217526183635,-0.224695260566087,0.0,0.0002665074198671,12.0900001525879,0.0183183885877628,1,4.838242422158391e-12,0.999999999996362,1.2026658476613396e-47,Bull,1.2026658476613396e-47
2017-02-28,-0.0027028366140022,-1.64708088533215,0.003286090429141,-0.229902012806722,-0.0026991872397492,0.0002642265818554,12.9200000762939,0.112278872161475,1,7.933321028273588e-11,0.9999999999199645,2.0485890252618026e-42,Bull,2.0485890252618026e-42
2017-03-01,0.0139004958597289,-1.43284457737952,0.0038042618343123,1.25409958944504,0.0,0.0002487256004135,12.539999961853,0.194390786053551,1,7.337539951007901e-10,0.9999999992651283,9.043812112423054e-37,Bull,9.043812112423054e-37
2017-03-02,-0.00631749658295,-1.45296907179486,0.0042341590098666,0.675332217305822,-0.0062975831578113,0.0002531843697928,11.8100004196167,0.257384506210459,1,9.927313200268288e-10,0.9999999990068318,3.2957803763375e-33,Bull,3.2957803763375e-33
2017-03-03,0.0006294463403371,-1.01103889354611,0.004229484830525,0.670820518236133,-0.0056719039130483,0.000264831192457,10.960000038147,0.700376877796126,1,5.560786589442831e-08,0.9999999443934955,7.244737714152982e-24,Bull,7.244737714152982e-24
2017-03-06,-0.0029825781487238,-1.0636257730502,0.0043685121787563,0.647248972360687,-0.0086331469005747,0.0002935887357766,11.2399997711182,0.691574232738954,1,9.061893561829137e-08,0.99999990938159,5.096670542623666e-22,Bull,5.096670542623666e-22
2017-03-07,-0.0029912762503876,-0.85502280195795,0.0043527154149895,0.838212748605987,-0.0115941681994589,0.0003162320182708,11.4499998092651,0.685387924561723,1,1.0205785492210123e-07,0.9999998979437857,1.2968316168469934e-21,Bull,1.2968316168469934e-21
2017-03-08,-0.0018580911986365,-0.753868919871141,0.0043553928198224,0.837511425461157,-0.0134290111954981,0.0003356994666968,11.8599996566772,0.650214815738536,1,1.0826654086268524e-07,0.9999998917337566,7.4926486181280595e-22,Bull,7.4926486181280595e-22
2017-03-09,0.0012672139710918,-0.556833446696024,0.0043422406240308,0.806064730839954,-0.0121780221870427,0.0003509528830598,12.3000001907349,0.681456541251528,1,1.3124491794632297e-07,0.9999998687562852,1.0641676623105848e-21,Bull,1.0641676623105848e-21
2017-03-10,0.0034981436774348,-0.682504991999944,0.0043606551245972,0.726525621072064,-0.0087164279338625,0.0003625301353618,11.6599998474121,0.684764383833234,1,7.839283706877981e-08,0.9999999216088358,4.337868199594908e-22,Bull,4.337868199594908e-22
2017-03-13,0.0005049960883676,-0.798911436381831,0.0042592765148542,0.915799189697004,-0.0082157071871383,0.0003697105354265,11.3500003814697,0.671286538245246,1,4.52393057691282e-08,0.9999999547617345,4.756875314207544e-22,Bull,4.756875314207544e-22
2017-03-14,-0.0038342393319075,-0.904023237978101,0.0043699750754065,1.00827279956349,-0.0120111645356107,0.0003813256269484,12.3000001907349,0.699734539046714,1,1.2570463057202764e-07,0.9999998742969262,1.5520833916255434e-21,Bull,1.5520833916255434e-21
2017-03-15,0.0086161336966581,-0.560027859548748,0.0045784194867258,0.95840059888794,-0.0034617420456083,0.0004043345164539,11.6300001144409,0.694801723321413,1,1.4125261827976198e-07,0.9999998587482068,1.8092277671422136e-21,Bull,1.8092277671422136e-21
2017-03-16,-0.0019686943018655,-0.66810862771448,0.0045847010803973,1.11626893754267,-0.0054216913321144,0.0004245307036715,11.210000038147,0.697739245908026,1,5.357616688982714e-08,0.9999999464234876,7.52349271490611e-22,Bull,7.52349271490611e-22
2017-03-17,-0.001757675930416,-0.651975061929775,0.0045137895434135,1.34222033853561,-0.0071683022485213,0.0004368527738499,11.2799997329712,0.679722952797346,1,3.972930504958528e-08,0.9999999602696342,2.751744643980069e-22,Bull,2.751744643980069e-22
2017-03-20,-0.0010976967494675,-0.557538022364541,0.004518146363315,1.34524210891649,-0.0082575324443175,0.0004477646389769,11.3400001525879,0.648051453763914,1,4.10017587009076e-08,0.9999999589999797,1.4327585675671702e-19,Bull,1.4327585675671702e-19
2017-03-21,-0.0129225864076341,-0.579713872905888,0.0053887648218559,0.375353683935184,-0.0209909585765165,0.0005242097003225,12.4700002670288,0.710408860622779,1,6.285724812844254e-05,0.9999371427513277,1.4892230203429223e-16,Bull,1.4892230203429223e-16
2017-03-22,0.0023502689493701,0.50500852588869,0.0052437451312988,0.435557186148584,-0.0186873179982432,0.0005693971089039,12.8100004196167,0.734319584591094,1,9.483732570713178e-05,0.9999051626736051,2.303238453500048e-13,Bull,2.303238453500048e-13
2017-03-23,-0.0010676193526695,0.270150779144359,0.0052449982269245,0.440142702797093,-0.0197344273520038,0.0005999810447903,13.1199998855591,0.736682435305401,1,4.295145337201682e-05,0.9999570485472155,7.462778990799143e-14,Bull,7.462778990799143e-14
2017-03-24,-0.0007266629426583,0.101174792898679,0.0052415512613011,0.479894205048138,-0.0204464912710467,0.00061351438111,12.960000038147,0.751396416242332,1,2.2232915037396674e-05,0.9999777670852834,2.1162506802429548e-14,Bull,2.1162506802429548e-14
2017-03-27,-0.0010266436104391,0.0339371372395729,0.0052307898074279,0.545539555642994,-0.0214516275751999,0.0005866024350583,12.5,0.752087308440699,1,1.8958707900035618e-05,0.9999810412933609,2.396334812484769e-15,Bull,2.396334812484769e-15
2017-03-28,0.0072504643027651,-0.0325582022395229,0.0054801841277333,0.460636315323031,-0.0143309144885573,0.0005537036172725,11.5299997329712,0.746115131163184,1,3.7289343892931815e-06,0.9999962710641234,1.113032656074689e-16,Bull,1.113032656074689e-16
2017-03-29,0.0009344467942282,-0.196668419542539,0.0054530153788057,0.375518151328826,-0.0134094286987623,0.0005017849877231,11.4200000762939,0.744713635085111,1,1.1021743060844149e-06,0.9999988978239961,1.4702134884766978e-18,Bull,1.4702134884766978e-18
2017-03-30,0.0031791150596784,-0.364224886359126,0.0045084675724932,-0.463725815312312,-0.0102679528450523,0.0004627663128027,11.539999961853,0.646748940176151,1,3.385050749515125e-07,0.9999996614934052,1.4181283220597253e-20,Bull,1.4181283220597253e-20
2017-03-31,-0.0023302525764545,-0.507896935759717,0.0043313227833343,-0.537062291854738,-0.0125715934233256,0.0004582601615194,12.3699998855591,0.612560846533423,1,3.4979548676217857e-07,0.9999996502047609,2.408380761186285e-21,Bull,2.408380761186285e-21
2017-04-03,-0.0017408768116018,-0.384340465024311,0.0043367281718209,-0.457407877240377,-0.0142890892313781,0.0004531812842542,12.3800001144409,0.606677133457506,1,5.152074814707036e-07,0.999999484793212,2.3668876105173585e-21,Bull,2.3668876105173585e-21
2017-04-04,0.0006371700572982,-0.417105803978535,0.0043013436443587,-0.580394551927691,-0.0136608236191218,0.0004559944089698,11.789999961853,0.606156866576187,1,3.6084186359350236e-07,0.9999996391598611,7.660823734529985e-21,Bull,7.660823734529985e-21
2017-04-05,-0.0029768647173043,-0.495891317578135,0.0043008842196187,-0.580861741378713,-0.0165926559134374,0.0004581833237292,12.8900003433228,0.623006339861447,1,1.0406650387870893e-06,0.9999989593348758,1.3596690041423073e-20,Bull,1.3596690041423073e-20
2017-04-06,0.0028070823133514,-0.448746715169789,0.00433356393073,-0.705055350853855,-0.0138282724402665,0.0004590558698513,12.3900003433228,0.669873487639052,1,7.003379828586586e-07,0.999999299660221,1.02444342950427e-19,Bull,1.02444342950427e-19
2017-04-07,-0.0010199002875301,-0.58506200689265,0.0043283520722981,-0.632216212296073,-0.014833556536848,0.0004596227500274,12.8699998855591,0.684328299920714,1,8.050139166159905e-07,0.9999991949847357,8.66680393411236e-20,Bull,8.66680393411236e-20
2017-04-10,0.0005950932280853,-0.671226519112758,0.0042524356776877,-0.598233633623889,-0.0142471161817708,0.0004643174217507,14.0500001907349,0.678353811646755,1,7.447859065144537e-07,0.999999255215066,1.064777729809326e-19,Bull,1.064777729809326e-19
2017-04-11,-0.0011905408030008,-0.75456551642905,0.0042531528490687,-0.540397965660648,-0.0154199968919252,0.0004646130297895,15.0699996948242,0.671948989160455,1,1.210853752166082e-06,0.9999987891467809,7.593014418275538e-19,Bull,7.593014418275538e-19
2017-04-12,-0.0043916300064177,-0.746186689255078,0.0042776710818132,-0.527634125614251,-0.0197344273520038,0.0004683574569695,15.7700004577637,0.662415423580834,1,7.607260282333222e-06,0.9999923927387634,1.1194244947976766e-16,Bull,1.1194244947976766e-16
2017-04-13,-0.0065160315266297,-0.490332299466264,0.0039495338602735,-0.899906583978126,-0.0261011034699963,0.0004958265814637,15.960000038147,0.654440972854278,1,0.00015508884905383378,0.9998449111521013,2.9347306428395235e-15,Bull,2.9347306428395235e-15
2017-04-17,0.0088208736469557,0.0250667463019403,0.004494322109931,-0.413240889511818,-0.0174724642384814,0.0004969962205635,14.6599998474121,0.669509152186143,1,2.6260384810167173e-05,0.9999737396166188,9.842856106415672e-15,Bull,9.842856106415672e-15
2017-04-18,-0.0029885813808698,-0.13644955569157,0.0045184045424459,-0.373637628946069,-0.0204044443252252,0.0004969266379348,14.4200000762939,0.691012324445501,1,1.748341896919899e-05,0.9999825165796626,4.008797392703582e-15,Bull,4.008797392703582e-15
2017-04-19,-0.0018403556398594,-0.0617356519302926,0.0045250746574257,-0.348867605918888,-0.022205590647636,0.0004968258109887,14.9300003051758,0.710880354161016,1,4.2744369458414115e-05,0.9999572556302856,4.752172108784583e-16,Bull,4.752172108784583e-16
2017-04-20,0.0081062657098218,-0.065486337329959,0.0039721125183472,0.747588871893064,-0.0142471161817708,0.0004899674664397,14.1499996185303,0.686263128859714,1,2.065693661796637e-06,0.9999979343068351,5.595458882604083e-17,Bull,5.595458882604083e-17
2017-04-21,-0.003192043818772,-0.225038352823882,0.0040148457851622,0.885297777767938,-0.0173886659316949,0.0004824329314842,14.6300001144409,0.546579213138761,1,5.290452440124709e-07,0.9999994709543479,1.0395275889179938e-20,Bull,1.0395275889179938e-20
2017-04-24,0.0109378579069501,-0.233066655310828,0.0046502748676486,0.845780542076084,-0.0065820096858723,0.0004557204131137,10.8400001525879,0.621837641930779,1,3.4265507545871625e-07,0.9999996573461108,8.989589843333113e-21,Bull,8.989589843333113e-21
2017-04-25,0.0058018929847296,-0.370275812262295,0.0047713652382177,0.648678027226362,-0.0008015522343148,0.0004288479188653,10.7600002288818,0.631594098762786,1,1.2104498815839547e-07,0.9999998789535385,7.161776770743913e-22,Bull,7.161776770743913e-22
2017-04-26,-0.0006292633705831,-0.498563030924924,0.004763934797086,0.641291694210223,-0.0014301134314276,0.0003996141308263,10.8500003814697,0.637712129572488,1,7.505419762648377e-08,0.999999924944862,1.4590268229552195e-22,Bull,1.4590268229552195e-22
2017-04-27,0.0008386833976707,-0.521736656898417,0.0045411780440406,0.811489736834694,-0.0005922781559909,0.0003264732382106,10.3599996566772,0.676993371961929,1,6.958129081649806e-08,0.9999999304200198,3.8309375333047093e-22,Bull,3.8309375333047093e-22
2017-04-28,-0.0021816118161517,-0.655244896272482,0.0045824541708748,0.877119224264726,-0.0027702212740845,0.0002301829912558,10.8199996948242,0.673112438068578,1,6.238967365020373e-08,0.9999999376086655,2.6585322576857466e-22,Bull,2.6585322576857466e-22
2017-05-01,0.002517169202922,-0.636978202386267,0.0045654267382291,0.902314271505683,-0.0002568632402026,0.000232084046821,10.1099996566772,0.664543130881901,1,5.2817140023000406e-08,0.9999999471838251,1.8273902106682364e-22,Bull,1.8273902106682364e-22
2017-05-02,0.0003766009371588,-0.754861345672116,0.0045201259948577,0.854331287821169,0.0,0.0002335927191623,10.5900001525879,0.647755727061214,1,4.560950324160036e-08,0.9999999543906607,6.663161676554554e-23,Bull,6.663161676554554e-23
2017-05-03,-0.0012150768148453,-0.860578283518177,0.0045079033500405,0.848084632585282,-0.0012143389079136,0.0002345153653489,10.6800003051758,0.655838984302226,1,4.5708732653807874e-08,0.9999999542924353,7.042740670204996e-23,Bull,7.042740670204996e-23
2017-05-04,0.0011732556895554,-0.748815802767914,0.0045094447135572,0.829900761547237,-4.18202507988518e-05,0.0002344833906656,10.460000038147,0.65637094746243,1,4.813119762456287e-08,0.9999999518695415,7.494136270824131e-23,Bull,7.494136270824131e-23
2017-05-05,0.0039295224130242,-0.852796790872618,0.0044828078471059,0.666062307915342,0.0,0.0002335678450454,10.5699996948242,0.621517838180054,1,4.553986806164032e-08,0.9999999544597823,6.528279782312978e-24,Bull,6.528279782312978e-24
2017-05-08,-0.0001670138765623,-0.941563977892506,0.0044694107170678,0.765173565744169,-0.0001669999305209,0.0002329423596944,9.77000045776367,0.521963792450068,1,1.3551385872376966e-08,0.9999999864485289,1.1442226413497046e-25,Bull,1.1442226413497046e-25
2017-05-09,-0.0009185226483987,-1.0031876367096,0.004467348867638,0.763487610208874,-0.0010849475433272,0.0002319958455666,9.96000003814697,0.511756146871845,1,1.2053448996772834e-08,0.9999999879473762,1.8429365094194897e-26,Bull,1.8429365094194897e-26
2017-05-10,0.0017941335072606,-0.980784403370238,0.004471577896934,0.72255912601126,0.0,0.0002283766754443,10.210000038147,0.499785795358052,1,1.1211342679230597e-08,0.9999999887877493,4.847164777809912e-27,Bull,4.847164777809912e-27
2017-05-11,-0.0020444578820155,-1.06351234058607,0.0044954331977776,0.729622426859876,-0.0020423694015127,0.0002243776132098,10.6000003814697,0.447348036417398,1,6.416485335171808e-09,0.9999999935826054,1.59491830520548e-28,Bull,1.59491830520548e-28
2017-05-12,-0.0016727455530887,-0.99591933504039,0.0043739129302177,0.78013345129021,-0.0037103031869391,0.0002215439713952,10.3999996185303,0.412679795892078,1,3.1932112556705865e-09,0.9999999968058546,5.803304960135251e-30,Bull,5.803304960135251e-30
2017-05-15,0.0055083440420755,-0.851115205259423,0.00412099032396,0.880408622378081,0.0,0.0002043037766085,10.4200000762939,0.344935089533902,1,1.2754433775935224e-09,0.9999999987230694,1.2086334264923726e-31,Bull,1.2086334264923726e-31
2017-05-16,-0.0009158548665464,-0.929936743491054,0.0037995202496911,1.12987926362834,-0.0009154355994836,0.0002507335544659,10.6499996185303,0.26985682313323,1,1.6904300731357278e-09,0.9999999983083399,1.0546204602973059e-27,Bull,1.0546204602973059e-27
2017-05-17,-0.0179034692768782,-0.926311845476801,0.005579951988206,-1.25516344362875,-0.0186433463198079,0.0003541752250101,15.5900001525879,0.609093881474295,1,0.006125617480445365,0.9938743825209008,3.4269595242919226e-17,Bull,3.4269595242919226e-17
2017-05-18,0.0040203658440098,0.976963902682492,0.0056090261466739,-1.37175801524966,-0.0146899919079869,0.0004309681406229,14.6599998474121,0.603798149204984,1,0.008283039147601742,0.9917169608371049,1.4985656638898176e-11,Bull,1.4985656638898176e-11
2017-05-19,0.0064832700619268,0.715482758187673,0.0055118447362143,-1.46811584735995,-0.0082812085423819,0.0004601177796501,12.039999961853,0.581087585096292,1,0.0011430999077967484,0.9988569000901432,5.941716418384224e-13,Bull,5.941716418384224e-13
2017-05-22,0.0050646472074937,0.49565430308982,0.005522509220783,-1.63520186913493,-0.0032457621183072,0.000479821159825,10.9300003051758,0.62067105969579,1,6.094082585904554e-05,0.9999390591745009,2.0384993018670704e-14,Bull,2.0384993018670704e-14
2017-05-23,0.0022103287269246,0.29014152969991,0.0050441588899822,-2.28427042190774,-0.0010401709498343,0.0004861861855943,10.7200002670288,0.605956839273763,1,6.596688528318246e-06,0.9999934033111672,2.7754610519856e-16,Bull,2.7754610519856e-16
2017-05-24,0.0023299630141648,0.0957280924021605,0.0049196273284603,-2.41794405282821,0.0,0.0004883385483612,10.0200004577637,0.599158803643255,1,2.34627555425419e-06,0.9999976537247006,9.305019124627348e-18,Bull,9.305019124627348e-18
2017-05-25,0.0047680574908168,-0.0774291601665257,0.0050029296140793,-2.42289525681895,0.0,0.0004924855241224,9.98999977111816,0.594130860821609,1,1.3986074484068375e-06,0.9999986013909397,7.989471687144702e-19,Bull,7.989471687144702e-19
2017-05-26,-0.0002066824712159,-0.232827008927191,0.0050063298265642,-2.38766819354927,-0.0002066611138654,0.0004945471278846,9.8100004196167,0.593514263911527,1,7.082686348600931e-07,0.9999992917330708,1.3393108757002746e-19,Bull,1.3393108757002746e-19
2017-05-30,-0.000869161406019,-0.381567717315843,0.0049777607230778,-2.4598745436281,-0.0010752653646919,0.0004957292348252,10.3800001144409,0.589546516253902,1,4.798250077503499e-07,0.9999995201761763,3.776263361059346e-20,Bull,3.776263361059346e-20
2017-05-31,-0.0002487002974786,-0.329527318742327,0.0049632674642187,-2.40282771110775,-0.0013236673532505,0.0004955272745138,10.4099998474121,0.579558028232304,1,4.629564738145004e-07,0.9999995370418381,2.175008885015817e-20,Bull,2.175008885015817e-20
2017-06-01,0.0079210759060242,-0.466858914390384,0.0052168523092451,-2.13656590631895,0.0,0.0005006363842497,9.89000034332275,0.569699458010275,1,6.218989783716848e-07,0.9999993781022682,6.025873934505498e-21,Bull,6.025873934505498e-21
2017-06-02,0.0033227350243594,-0.577847199758385,0.0052185507552369,-2.25331873358004,0.0,0.0005030633557015,9.75,0.570536837211822,1,2.9995570417618585e-07,0.9999997000450543,3.1071150259398363e-21,Bull,3.1071150259398363e-21
2017-06-05,-0.0007374721952588,-0.688294851849884,0.0052342607308751,-2.18194809861005,-0.000737200329475,0.0005036915776257,10.0699996948242,0.554451848865591,1,2.1331752900650462e-07,0.9999997866834974,4.695927268039504e-22,Bull,4.695927268039504e-22
2017-06-06,-0.0032018674082685,-0.713244406600555,0.0052680901953472,-1.97685298143603,-0.0039315905839511,0.000501845975525,10.4499998092651,0.549783101603827,1,2.1915725404615435e-07,0.9999997808445427,3.371918051658882e-22,Bull,3.371918051658882e-22
2017-06-07,0.0018484570911745,-0.490204575573889,0.005270012264199,-2.02991784057147,-0.0020886981402002,0.0004964624936031,10.3900003433228,0.610688429427226,1,4.1451426175196903e-07,0.9999995854851427,4.173984710294158e-21,Bull,4.173984710294158e-21
2017-06-08,0.0004923019558598,-0.613967106952717,0.0052561412832214,-2.08358029866735,-0.0015973035071747,0.0004874079568645,10.1599998474121,0.616292289022371,1,3.623503428177394e-07,0.9999996376501005,8.999977087269834e-21,Bull,8.999977087269834e-21
2017-06-09,-0.001518655749118,-0.696413166291375,0.0052762330487957,-1.9728844357238,-0.0031123827690351,0.0004758198895465,10.6999998092651,0.61626612990988,1,3.545450631560159e-07,0.9999996454535622,6.400938805444848e-21,Bull,6.400938805444848e-21
2017-06-12,-0.0002054987187483,-0.705522834622544,0.0052436066732455,-2.05421843764325,-0.0033172208494096,0.0004614453884737,11.460000038147,0.642229122161798,1,4.395565523503954e-07,0.9999995604449452,2.5347190193917214e-20,Bull,2.5347190193917214e-20
2017-06-13,0.0048779332208805,-0.695298539160081,0.0052847594049583,-2.15932177574901,0.0,0.0004350537707456,10.4200000762939,0.68457543069996,1,7.471943921050228e-07,0.9999992528067259,2.0779950853331896e-19,Bull,2.0779950853331896e-19
2017-06-14,-0.0012685382281825,-0.786423144934107,0.005208284301865,-2.1010444050948,-0.0012677339736761,0.0003714134526052,10.6400003433228,0.696651254252947,1,6.023951859261777e-07,0.9999993976054606,4.217162861269718e-19,Bull,4.217162861269718e-19
2017-06-15,-0.0019261297814958,-0.743459109271568,0.0052293015052846,-2.05285770104344,-0.0031895704875744,0.0002010218340721,10.8999996185303,0.735708737944882,1,8.062567229511955e-07,0.9999991937441859,3.858828760396259e-20,Bull,3.858828760396259e-20
2017-06-16,0.0002184667356175,-0.65919001937514,0.0030369559122138,0.44823778661757,-0.0029717767775346,0.0005094357895608,10.3800001144409,0.595341364016278,1,2.935057071221381e-08,0.9999999706487874,4.147193920871273e-22,Bull,4.147193920871273e-22
2017-06-19,0.0082907497348276,-0.725358302207645,0.0033361141055705,0.545984406445724,0.0,0.0006261021664389,10.3699998855591,0.645581725474064,1,8.977131411345865e-08,0.999999910229239,3.41376991573226e-22,Bull,3.41376991573226e-22
2017-06-20,-0.0067670800009826,-0.804137094680572,0.0036434817126433,0.183418878477785,-0.0067442348757563,0.0006803277536341,10.8599996566772,0.673047926148795,1,1.7905349238949878e-07,0.9999998209459751,9.76300519640159e-22,Bull,9.76300519640159e-22
2017-06-21,-0.0002469668894846,-0.346790495627508,0.0035419390726711,0.347789788536145,-0.0069895058743767,0.0007271805996059,10.75,0.651909304265467,1,1.0843847175979316e-07,0.9999998915627716,8.549688543451965e-22,Bull,8.549688543451965e-22
2017-06-22,-0.0004526901148977,-0.364299156500566,0.0035406796750063,0.452851797119085,-0.0074389301764128,0.0007761663960126,10.4799995422363,0.650295049370281,1,9.688029990352149e-08,0.999999903120629,3.8051788315304843e-22,Bull,3.8051788315304843e-22
2017-06-23,0.0011934078806978,-0.441427612392193,0.003524483093717,0.502073150326227,-0.0062536928785156,0.0008191207189703,10.0200004577637,0.647267392893996,1,6.805250659198032e-08,0.9999999319479708,1.5507166097338004e-22,Bull,1.5507166097338004e-22
2017-06-26,0.0006577630677551,-0.56600627241344,0.0034008552040829,0.650061318636398,-0.0055998282385423,0.0008610716285083,9.89999961853027,0.627456481641193,1,4.084863074766818e-08,0.9999999591527748,8.94906932921848e-22,Bull,8.94906932921848e-22
2017-06-27,-0.0080888012566049,-0.66013482241279,0.0038867177984221,0.174592084123783,-0.0136108899749318,0.0008695163994078,11.0600004196167,0.660234463199276,1,6.903794899582439e-07,0.9999993096210001,8.263536462570103e-21,Bull,8.263536462570103e-21
2017-06-28,0.0089107576578291,-0.0885049808058944,0.0043194759112159,0.221575736160202,-0.0047821386454238,0.0008651943605462,10.0299997329712,0.684622891571565,1,8.250395597617789e-07,0.9999991749613166,1.8480117587885974e-18,Bull,1.8480117587885974e-18
2017-06-29,-0.0088276819718302,-0.233117148046217,0.0047864321695017,0.0318854669374843,-0.0135289416190441,0.0008615074238421,11.4399995803833,0.706095834475849,1,4.2337945368574935e-06,0.9999957662056244,1.09963631217307e-17,Bull,1.09963631217307e-17
2017-06-30,0.0018626611839387,0.320394462925465,0.0044708438485991,-0.0221199783996909,-0.0116897679225432,0.0008461746937646,11.1800003051758,0.720042355318714,1,5.986753574455644e-06,0.9999940132472184,4.2676000474038946e-17,Bull,4.2676000474038946e-17
2017-07-03,0.0016940920790853,0.158309959017665,0.004422833041707,0.0111177829108413,-0.0100140603860356,0.0008288577457992,11.2200002670288,0.698665671666294,1,1.9107527901261614e-06,0.9999980892480446,5.125041067258726e-18,Bull,5.125041067258726e-18
2017-07-05,0.0023094415905777,-0.0386604791910794,0.004452548086435,-0.0805393639337691,-0.0077251035943467,0.0008085776593138,11.0699996948242,0.716766024593355,1,8.398594057860898e-07,0.9999991601402033,2.0864469350128828e-17,Bull,2.0864469350128828e-17
2017-07-06,-0.0091864430050527,-0.224998342184225,0.0048417595039845,-0.215899076651187,-0.0167988388879536,0.000790849662184,12.539999961853,0.718313945194744,1,2.06183567066492e-05,0.9999793816438919,1.8148743235328034e-15,Bull,1.8148743235328034e-15
2017-07-07,0.0064639719645054,0.854614795350573,0.0050443040866237,-0.205775917596632,-0.0104228693032797,0.0007795984640839,11.1899995803833,0.738464321714288,1,0.00032948747124356706,0.9996705125301557,2.170461209166336e-13,Bull,2.170461209166336e-13
2017-07-10,0.0010733625802421,0.605954441655423,0.005049146901812,-0.221503878735712,-0.0093601239874319,0.0007690575558646,11.1099996566772,0.741636741375126,1,5.139757282849721e-05,0.9999486024283628,1.3823612444367682e-13,Bull,1.3823612444367682e-13
2017-07-11,-0.0007428238872586,0.376540772037674,0.005040652978523,-0.244011607044384,-0.0100957217074019,0.0007566280928686,10.8900003433228,0.774508434226172,1,1.2728167104226648e-05,0.9999872718336197,5.105751500765059e-15,Bull,5.105751500765059e-15
2017-07-12,0.0074864862069841,0.128736783227353,0.005298436945665,-0.277996409594158,-0.0026570068068801,0.0007599609228426,10.3000001907349,0.797424067056793,1,5.256414394562216e-06,0.9999947435855481,1.6965183255833468e-16,Bull,1.6965183255833468e-16
2017-07-13,0.0016788336838962,-0.0828330171675851,0.0052072084113923,-0.235563215927518,-0.0009812275117422,0.0007553684766024,9.89999961853027,0.785901294642739,1,1.218828684512766e-06,0.999998781172341,9.61692774378357e-18,Bull,9.61692774378357e-18
2017-07-14,0.0046533795434795,-0.28335860367752,0.0052831406176398,-0.358128119081067,0.0,0.0007598007927002,9.51000022888184,0.792661544399764,1,9.360960014062236e-07,0.9999990639048353,1.059367375311766e-18,Bull,1.059367375311766e-18
2017-07-17,-0.0001220505043928,-0.472503410116034,0.0052565173259083,-0.408957641440457,-0.0001220430565329,0.0007613965194416,9.81999969482422,0.785406132823,1,5.382213367361924e-07,0.9999994617793703,2.5326435117743546e-19,Bull,2.5326435117743546e-19
2017-07-18,0.0005293497003719,-0.651138016638697,0.0052559030252208,-0.417743789876516,0.0,0.0007228177207397,9.89000034332275,0.812636291348611,1,4.209455358693639e-07,0.9999995790531988,1.697910590862352e-19,Bull,1.697910590862352e-19
2017-07-19,0.0053992017304143,-0.743881403223478,0.0050789441656591,-0.514713941033425,0.0,0.00068680503838,9.78999996185303,0.830556631108106,1,4.6871999469340553e-07,0.9999995312792823,1.4560310152939607e-19,Bull,1.4560310152939607e-19
2017-07-20,0.0004454408900826,-0.881687705319037,0.0048027634656533,-0.654992047606767,0.0,0.0006570627817961,9.57999992370605,0.800679799105927,1,3.063317154921219e-07,0.9999996936676795,7.944956334382903e-20,Bull,7.944956334382903e-20
2017-07-21,-0.0008907247193077,-1.0224939036672,0.004811791310786,-0.633409723783264,-0.0008903281418011,0.0006121529252388,9.35999965667725,0.805369802216826,1,2.961545438295211e-07,0.9999997038467411,4.9607393467490983e-20,Bull,4.9607393467490983e-20
2017-07-24,-0.0002430238839998,-0.865067009953465,0.0048093571437132,-0.640394420893825,-0.0011331061531756,0.0005566698365535,9.43000030517578,0.767672416585065,1,2.555245744837975e-07,0.9999997444756772,2.8188160119392184e-20,Bull,2.8188160119392184e-20
2017-07-25,0.0024278690288905,-1.00896822393036,0.0048222651854444,-0.670708229190791,0.0,0.0004851804333985,9.43000030517578,0.777226487374024,1,2.8160613838639055e-07,0.9999997183950141,3.4095532368619916e-20,Bull,3.4095532368619916e-20
2017-07-26,4.03743776304921e-05,-1.13601703363685,0.0048252674169607,-0.650951573084217,0.0,0.0003685486485625,9.60000038146973,0.780804121746842,1,3.0599632490758936e-07,0.9999996940023734,3.275636071987807e-20,Bull,3.275636071987807e-20
2017-07-27,-0.0009300886675358,-1.25307901192207,0.0043997497755986,-0.677504372314004,-0.0009296562691379,0.0003148754129573,10.1099996566772,0.711019752000859,1,2.3106726675989462e-07,0.9999997689338027,7.658428759228383e-21,Bull,7.658428759228383e-21
2017-07-28,-0.0011738899236855,-1.1355826632865,0.0040458079669007,-0.876694427123144,-0.0021017667797386,0.0003432071771905,10.289999961853,0.702384830813104,1,1.9426573856910974e-07,0.9999998057355886,2.221262942290896e-21,Bull,2.221262942290896e-21
2017-07-31,-0.0005669365617135,-1.08062313251398,0.0034317776712167,-0.708777594944276,-0.0026673514325625,0.000463456363031,10.2600002288818,0.619914656282066,1,8.110435077138894e-08,0.9999999188949038,1.4178095426701638e-22,Bull,1.4178095426701638e-22
2017-08-01,0.0022262104108143,-1.0855122777083,0.0034369552762584,-0.719707788053492,-0.0004446058756234,0.000546800348615,10.0900001525879,0.602917815924248,1,7.609376758612928e-08,0.9999999239080382,4.65768672440783e-24,Bull,4.65768672440783e-24
2017-08-02,0.0004851484421548,-1.2016944716408,0.0034361893301691,-0.669240755421455,0.0,0.0006140045571736,10.2799997329712,0.420112240482046,1,1.0684042978753974e-08,0.9999999893152562,1.3241166083101068e-27,Bull,1.3241166083101068e-27
2017-08-03,-0.0019420075833549,-1.30756818140928,0.0034811996681107,-0.49872376960858,-0.0019401231067143,0.0006675669878592,10.4399995803833,0.445501098784619,1,1.6402319597047534e-08,0.9999999835963537,8.83249745170459e-29,Bull,8.83249745170459e-29
2017-08-04,0.0018208134979032,-1.07079385043733,0.0026228975807463,1.05442709101538,-0.0001211867417447,0.0007985227643214,10.0299997329712,0.408917738923948,1,2.0210660328893607e-09,0.9999999979772838,3.181235295492956e-29,Bull,3.181235295492956e-29
2017-08-07,0.0018575235359312,-1.18391831942298,0.0023514343693346,1.22113992665036,0.0,0.0009211046211002,9.93000030517578,0.364598206118642,1,1.0729379200200912e-09,0.9999999989267963,5.203608390006587e-31,Bull,5.203608390006587e-31
2017-08-08,-0.0024640694015669,-1.28760092749366,0.0024782032666788,1.09752037765665,-0.0024610360745135,0.0010002724252538,10.960000038147,0.333070291940303,1,1.0258496685150188e-09,0.99999999897409,2.51910805703082e-32,Bull,2.51910805703082e-32
2017-08-09,-4.04021368876073e-05,-1.08273665406829,0.0024588605464618,1.09519893014185,-0.0025013379661384,0.0010607624196748,11.1099996566772,0.32995079400597,1,9.161962942400085e-10,0.9999999990832293,2.8344432221893192e-27,Bull,2.8344432221893192e-27
2017-08-10,-0.0142157537636418,-1.09671544056236,0.0037899202006154,-2.40505486087808,-0.0165812181569017,0.0010312761586327,16.0400009155273,0.543285370984283,1,0.00017732200148984565,0.9998226779972054,3.4581765359323906e-18,Bull,3.4581765359323906e-18
2017-08-11,0.0014756819987091,0.89552341347004,0.0037855466213462,-2.40706855674707,-0.0151289334717055,0.0010011359077585,15.5100002288818,0.535369930979687,1,0.0011855562553654197,0.9988144437457331,2.825388413097658e-13,Bull,2.825388413097658e-13
2017-08-14,0.0098643488751868,0.630079853331671,0.0042519116714212,-1.29685628422375,-0.005365747103576,0.0009611735888028,12.3299999237061,0.560164939829199,1,0.0001425600398741371,0.9998574399596237,1.7705840813743357e-14,Bull,1.7705840813743357e-14
2017-08-15,-0.0001217077529167,0.393107594305577,0.004251910415682,-1.29686916699249,-0.0054867944371206,0.0009186557943514,12.039999961853,0.567536930856359,1,1.4817892886966635e-05,0.9999851821055118,1.4991914813948307e-14,Bull,1.4991914813948307e-14
2017-08-16,0.0017427321536418,0.140936844758055,0.0042649813642141,-1.32418317992148,-0.0037521131932102,0.0008716454325487,11.7399997711182,0.554898883949269,1,0.001158843581665599,0.9988411564191519,5.837043870287604e-14,Bull,5.837043870287604e-14
2017-08-17,-0.0157135475713686,-0.0869473649353836,0.00534223126877,-1.50045597087305,-0.0192843488985047,0.000891311175492,15.5500001907349,0.617088786202236,0,0.759817989587131,0.2401820103686645,4.4682999754569555e-11,Neutral,4.4682999754569555e-11
2017-08-18,-0.0015644703058281,1.66816315399992,0.0053375970033718,-1.45000290816301,-0.0208174498549557,0.0009253848438965,14.2600002288818,0.625215533182817,0,0.9999793053934313,2.0630674686358588e-05,6.393110689233614e-08,Neutral,6.393110689233614e-08
2017-08-21,0.0007822881237187,1.74783840268774,0.005349487609651,-1.48467453219274,-0.0200511472794027,0.0009579975192603,13.1899995803833,0.621768760970427,0,0.9999998499406614,5.18556097796251e-08,9.820250287363108e-08,Neutral,9.820250287363108e-08
2017-08-22,0.0104029694063197,1.3597028480956,0.005880412174575,-1.03168503146926,-0.0098035590890894,0.0010316528589302,11.3500003814697,0.652670800023001,0,0.9999901693782971,9.699924889820675e-06,1.306958503845747e-07,Neutral,1.306958503845747e-07
2017-08-23,-0.0035918422108398,1.04628586534185,0.0058891921565244,-0.89145303909214,-0.0133538086775002,0.0010981880646515,12.25,0.654299749806854,0,0.9993947715862593,0.0006051710098987489,5.7403744307511295e-08,Neutral,5.7403744307511295e-08
2017-08-24,-0.00233338872708,1.12208261057218,0.0058999914163254,-0.829122349152728,-0.0156533538681741,0.0011593202630252,12.2299995422363,0.654219322418064,0,0.9956399940736942,0.004359951286435141,5.4638661815447914e-08,Neutral,5.4638661815447914e-08
2017-08-25,0.00233338872708,1.06216639459199,0.0059355786562827,-0.888182427814766,-0.0133538086775002,0.0012254596955856,11.2799997329712,0.658340315475368,0,0.9201474455833939,0.07985252370635885,3.07119482574193e-08,Neutral,3.07119482574193e-08
2017-08-28,4.09900952984543e-05,0.744938419806077,0.0059347179842841,-0.918423384830835,-0.0133133651272052,0.0012832881909156,11.3199996948242,0.658235071892752,1,0.4124111353473566,0.5875888620703087,2.5827953079182083e-09,Bull,2.5827953079182083e-09
2017-08-29,0.0011442446320115,0.463736471894613,0.0059448204194176,-0.954893069154512,-0.0121837080630132,0.0013181875364133,11.6999998092651,0.660593755245977,1,0.046204270407223885,0.9537957295098776,8.407540874851645e-11,Bull,8.407540874851645e-11
2017-08-30,0.0047264412936032,0.336630685562528,0.0060239656983786,-0.951562776156407,-0.0075038014104103,0.0013455755748159,11.2200002670288,0.650822277558404,1,0.0019882110286152553,0.9980117889683557,2.2864444355039847e-12,Bull,2.2864444355039847e-12
2017-08-31,0.0059976063920288,0.11145229666996,0.0061759218441006,-0.960754430977004,-0.001533313444456,0.0013688679629555,10.5900001525879,0.789812166332824,1,9.471739433227528e-05,0.9999052826063983,4.127134951462992e-13,Bull,4.127134951462992e-13
2017-09-01,0.0014132938363378,-0.0970794775543181,0.0061663020634255,-1.04270118847273,-0.0001211889922147,0.0013805196479306,10.1300001144409,0.765551258201856,1,1.0216382649251772e-05,0.999989783618167,9.409906949352402e-15,Bull,9.409906949352402e-15
2017-09-05,-0.0072078165091529,-0.296251245192311,0.0063571999920104,-0.824292186805665,-0.0073022211229509,0.0013299234909747,12.2299995422363,0.771850079703777,1,1.935093268723148e-05,0.9999806490685509,6.7691186826638406e-15,Bull,6.7691186826638406e-15
2017-09-06,0.0034077305803892,0.465129181225801,0.0063919302147053,-0.838612769861705,-0.0039136040770498,0.0012238025223108,11.6300001144409,0.789123218549138,1,0.000113684544723375,0.9998863154557323,2.8468261262030286e-14,Bull,2.8468261262030286e-14
2017-09-07,-0.0001211747294149,0.211936377580149,0.0063706046068291,-0.89856349241917,-0.0040342972639194,0.0010879448544063,11.5500001907349,0.770327050547882,1,2.560365954090653e-05,0.9999743963420743,8.77077254381742e-15,Bull,8.77077254381742e-15
2017-09-08,-0.001175602135091,-0.0258595698608108,0.0063751096353833,-0.870856352804801,-0.0052044687077414,0.0008898959352534,12.1199998855591,0.773471946447717,1,8.09218382641029e-06,0.9999919078145468,1.0226235701766954e-15,Bull,1.0226235701766954e-15
2017-09-11,0.0106094774452812,0.0066341077226598,0.0059176951886283,-0.714248715776313,0.0,0.0008008855516668,10.7299995422363,0.73559534742854,1,1.3616382121500422e-05,0.999986383618242,1.1584948415393462e-16,Bull,1.1584948415393462e-16
2017-09-12,0.0033649403329389,-0.161216040866566,0.005938766759471,-0.750240531129044,0.0,0.0006848146537379,10.5799999237061,0.737348064360198,1,2.205136864146303e-06,0.9999977948634052,8.049910302906589e-18,Bull,8.049910302906589e-18
2017-09-13,0.0004797827809728,-0.346080594435888,0.0055926793882989,-0.846517103848446,0.0,0.0005987498555384,10.5,0.681223904114783,1,7.380226837223967e-07,0.9999992619780637,1.296061452784616e-19,Bull,1.296061452784616e-19
2017-09-14,-0.000319712608114,-0.509788841092073,0.0055942936119047,-0.840750017595294,-0.0003196615054842,0.000489316944362,10.4399995803833,0.70318990218188,1,5.766203933450476e-07,0.9999994233805253,4.8429423352178394e-20,Bull,4.8429423352178394e-20
2017-09-15,0.0013453314939866,-0.606877726622253,0.0055912136511287,-0.831997217026577,0.0,0.0003376820896839,10.1700000762939,0.708250346135347,1,4.913431426640761e-07,0.999999508658341,3.2554099554836276e-21,Bull,3.2554099554836276e-21
2017-09-18,0.0021246238270968,-0.78266429123135,0.0041464422485098,0.482487687581082,0.0,0.0004994419949298,10.1499996185303,0.605900940759986,1,3.674536360936108e-08,0.9999999632564147,7.446666840641742e-23,Bull,7.446666840641742e-23
2017-09-19,0.0010004502440645,-0.943634118094177,0.0040885036405714,0.433262792869717,0.0,0.0006225178714271,10.1800003051758,0.606492026607709,1,3.653207144224517e-08,0.9999999634674175,4.9608536166214975e-24,Bull,4.9608536166214975e-24
2017-09-20,0.0003601351782611,-1.09753488835396,0.0040939619927128,0.445534182515217,0.0,0.0007195481198325,9.77999973297119,0.610932811686347,1,4.00270192383372e-08,0.99999995997132,5.504685272331324e-24,Bull,5.504685272331324e-24
2017-09-21,-0.0026831653084524,-1.18765545615044,0.0036633998178251,0.360767506774648,-0.0026795688377776,0.0008474897634797,9.67000007629395,0.573405127319006,1,3.526096286759088e-08,0.9999999647407101,1.917867797444469e-24,Bull,1.917867797444469e-24
2017-09-22,0.0002005330768444,-0.952360344838869,0.0035164589392477,0.363080646184555,-0.0024795530488959,0.0009608705890217,9.59000015258789,0.583953310779914,1,3.057698546477639e-08,0.9999999694227886,3.434081270520016e-24,Bull,3.434081270520016e-24
2017-09-25,-0.002046793288243,-1.00719798321883,0.0035026847913301,0.367028962134342,-0.0045191831419455,0.0010505041306265,10.210000038147,0.598854386672384,1,4.5569433040807855e-08,0.9999999544306785,3.3197289331998604e-24,Bull,3.3197289331998604e-24
2017-09-26,0.0006025196700996,-0.869684501803346,0.0034947955854899,0.439997632625014,-0.0039192056376088,0.0011205440201072,10.1700000762939,0.555106779220434,1,2.6744673846602417e-08,0.9999999732535801,1.916079225457337e-24,Bull,1.916079225457337e-24
2017-09-27,0.0038867342155661,-1.01337624317644,0.0035366087477039,0.291507903134905,-4.0170827316442e-05,0.001171529278868,9.86999988555908,0.591657435584449,1,5.830996774280818e-08,0.9999999416904773,6.687719574653296e-24,Bull,6.687719574653296e-24
2017-09-28,0.0011991442226611,-1.15319272652851,0.003536515183996,0.28926137216612,0.0,0.0012087490108142,9.55000019073486,0.599652060497998,1,6.368964679696407e-08,0.999999936309907,2.5471545395151846e-23,Bull,2.5471545395151846e-23
2017-09-29,0.0035087952053416,-1.28999385228859,0.0034870528426616,0.317118533534134,0.0,0.0012331921701582,9.51000022888184,0.599376844482747,1,7.934981373897836e-08,0.9999999206484094,3.870053926155865e-23,Bull,3.870053926155865e-23
2017-10-02,0.0043294430297038,-1.41537883969123,0.0033908205190386,0.313925096777692,0.0,0.0012422720956965,9.44999980926514,0.573960756123434,1,8.246436041520414e-08,0.9999999175342998,3.294148124507786e-23,Bull,3.294148124507786e-23
2017-10-03,0.0021376771872088,-1.51797516486983,0.0033972459021053,0.282146423430652,0.0,0.0012366936819508,9.51000022888184,0.588517805677114,1,1.051845764973203e-07,0.9999998948151243,2.2414259752020374e-23,Bull,2.2414259752020374e-23
2017-10-04,0.0011858952168548,-1.62233463406938,0.0028012218989193,1.44228166653726,0.0,0.0012369850504364,9.63000011444092,0.581554142599128,1,3.990457374351422e-08,0.9999999600950112,5.217532011532263e-22,Bull,5.217532011532263e-22
2017-10-05,0.0059077861517504,-1.72715986229932,0.0029323776372428,1.28373762876939,0.0,0.0012018117682761,9.1899995803833,0.643757973318548,1,1.3310403637916937e-07,0.9999998668972783,3.004197480939826e-21,Bull,3.004197480939826e-21
2017-10-06,-0.001139758175503,-1.79606997532396,0.0029723224011302,1.24968652030483,-0.0011391088978502,0.0011408062227932,9.64999961853027,0.678611769599217,1,1.502289807506307e-07,0.9999998497696765,9.770916979358776e-21,Bull,9.770916979358776e-21
2017-10-09,-0.001652260118429,-1.72179606174313,0.0029967853233736,1.21682719234476,-0.002788124235792,0.0010487915899568,10.3299999237061,0.633809414060764,1,8.183431530080546e-08,0.999999918167308,1.517990862965063e-21,Bull,1.517990862965063e-21
2017-10-10,0.0026346366953031,-1.48145666929099,0.0022033447446468,0.143203914480007,-0.0001573692147948,0.0010237329964638,10.0799999237061,0.575578705359274,1,8.146211831562475e-08,0.9999999185383819,6.858325018292066e-23,Bull,6.858325018292066e-23
2017-10-11,0.0015697568448569,-1.58239272291996,0.0021517503226264,0.228032690336231,0.0,0.0009660334258475,9.85000038146973,0.593551946259294,1,1.0363221381266066e-07,0.999999896368541,1.8098247646639606e-22,Bull,1.8098247646639606e-22
2017-10-12,-0.0014912687667028,-1.69479788887878,0.0022252313779635,0.249543078282103,-0.0014901573779642,0.0009053554569082,9.90999984741211,0.567569091721987,1,1.029005229592626e-07,0.9999998970997748,4.56090435632069e-23,Bull,4.56090435632069e-23
2017-10-13,0.0012166689028116,-1.45958713653058,0.0022020788605721,0.168469594568042,-0.0002745621647993,0.0008089120009002,9.60999965667725,0.552530336616215,1,4.634720418724519e-08,0.9999999536521511,1.2914746948478145e-23,Bull,1.2914746948478145e-23
2017-10-16,0.001332761932888,-1.5812316574112,0.0022020254573722,0.169311127044586,0.0,0.0006595185604833,9.90999984741211,0.52279272127363,1,4.2602398273853714e-08,0.9999999573992691,2.750542085369844e-24,Bull,2.750542085369844e-24
2017-10-17,0.0007049338028704,-1.68952654787092,0.0021924321801594,0.261453634259904,0.0,0.0006524721147794,10.3100004196167,0.531430528712611,1,6.036673728901075e-08,0.9999999396350194,6.299591517540692e-24,Bull,6.299591517540692e-24
2017-10-18,0.0009780119661764,-1.79307547669547,0.0021924804167436,0.262931556654716,0.0,0.0006362837809145,10.0699996948242,0.532212380695507,1,8.159470527755055e-08,0.9999999184037767,8.870588570564902e-24,Bull,8.870588570564902e-24
2017-10-19,0.0002738414088749,-1.88348441968121,0.0021939832537435,0.267411589003626,0.0,0.0006050762031034,10.0500001907349,0.470173969663156,1,5.414789115313803e-08,0.9999999458523249,4.0041334464743542e-25,Bull,4.0041334464743542e-25
2017-10-20,0.0051470030163622,-1.95649376880954,0.0021880211432761,0.330143972421676,0.0,0.0005969755103092,9.97000026702881,0.38412679936792,1,2.4392180150328505e-08,0.9999999756073524,5.5639998448880776e-27,Bull,5.5639998448880776e-27
2017-10-23,-0.0038967830309895,-2.00212169014986,0.0024697195724514,-0.0407587405085692,-0.0038892004244493,0.0005797696071182,11.0699996948242,0.36598039845594,1,3.243768517996929e-08,0.9999999675637815,1.5571598567837564e-29,Bull,1.5571598567837564e-29
2017-10-24,0.0017554623820315,-1.46536051946925,0.0023520019479245,-0.141888709203586,-0.0021390296574379,0.0005616228362077,11.1599998474121,0.27093767223294,1,8.949874752903065e-10,0.9999999991050572,6.831103978249157e-32,Bull,6.831103978249157e-32
2017-10-25,-0.004962469545326,-1.56966428507622,0.0027333845131583,-0.447629516432948,-0.00707861791818,0.0005329438173899,11.2299995422363,0.355170160729071,1,1.1116367407552189e-08,0.9999999888823368,1.5777270365589015e-31,Bull,1.5777270365589015e-31
2017-10-26,0.0012917600761381,-0.854696511395148,0.0026622845466812,-0.395946259288422,-0.0057951729450424,0.0004958407442945,11.3000001907349,0.32440993664996,1,1.6444725822875148e-09,0.9999999983556336,4.229502276917459e-30,Bull,4.229502276917459e-30
2017-10-27,0.0081431437696695,-1.01228659705445,0.0030802760881805,0.0388808098642894,0.0,0.0004636390955238,9.80000019073486,0.611435206478245,1,8.706648751338022e-08,0.999999912932257,7.88383407327043e-25,Bull,7.88383407327043e-25
2017-10-30,-0.0037321361135651,-1.12117108698949,0.0032315943581837,0.145530452630716,-0.0037251803495567,0.0004426369905363,10.5,0.520143662540974,1,2.302641284087246e-08,0.9999999769752324,2.6310950911140346e-25,Bull,2.6310950911140346e-25
2017-10-31,0.0015568120797908,-0.845699061301659,0.0031457643617667,0.22825525021361,-0.0021729597311346,0.0004238013656211,10.1800003051758,0.514396462879786,1,1.3500155381156336e-08,0.9999999864994606,4.573467365570356e-26,Bull,4.573467365570356e-26
2017-11-01,0.0013211634349925,-0.930489650646251,0.0031347666212509,0.26578772635848,-0.0008537959074603,0.0004023309478443,10.1999998092651,0.51397874040608,1,1.3662793220042685e-08,0.9999999863357516,2.9481291031239406e-26,Bull,2.9481291031239406e-26
2017-11-02,0.000388413085111,-1.07515379804798,0.0031355030711328,0.302599635936333,-0.0004656390701345,0.0004176755827106,9.93000030517578,0.519438410674914,1,1.4688089887080019e-08,0.9999999853134796,3.122485920326921e-26,Bull,3.122485920326921e-26
2017-11-03,0.0033328822170908,-1.11953740167034,0.0029729794864774,0.256693288076117,0.0,0.000419382008968,9.14000034332275,0.486782508146324,1,1.1128070089289374e-08,0.9999999888714228,1.2831144255967227e-26,Bull,1.2831144255967227e-26
2017-11-06,0.001546579995086,-1.25477174939553,0.0029473880084418,0.143660402829764,0.0,0.0004183146072903,9.39999961853027,0.481041564040835,1,1.236424168661754e-08,0.99999998763451,9.214856790454685e-27,Bull,9.214856790454685e-27
2017-11-07,-0.0006955907236587,-1.3873970419383,0.0029142882242435,0.124896233114003,-0.0006953488565145,0.0004147809671852,9.89000034332275,0.486517418754265,1,1.6965124044214656e-08,0.9999999830361049,1.292178534282973e-26,Bull,1.292178534282973e-26
2017-11-08,0.0016994719600944,-1.26760857571154,0.0028931550239734,0.164661940743833,0.0,0.0004093485039211,9.77999973297119,0.496348829262724,1,1.5253052888686164e-08,0.999999984745955,4.566330322383681e-26,Bull,4.566330322383681e-26
2017-11-09,-0.0036343162414702,-1.39351390290674,0.0030456949207069,0.229504262917222,-0.0036277201074305,0.0004036153056066,10.5,0.512270966071304,1,2.6908386030167054e-08,0.9999999730898711,7.04866168075631e-26,Bull,7.04866168075631e-26
2017-11-10,-0.0003099661099215,-0.786465213544314,0.0030162041191925,0.194328857244294,-0.0039365138867866,0.0003966710397225,11.289999961853,0.526175839722627,1,1.8641364625551273e-08,0.9999999813589968,1.1724058517449096e-25,Bull,1.1724058517449096e-25
2017-11-13,0.0009293397384393,-0.847699034312942,0.0030141123721334,0.208376089526516,-0.0030104022376087,0.000384081119226,11.5,0.522818814473165,1,1.7351480385007542e-08,0.9999999826468412,7.90150669900585e-26,Bull,7.90150669900585e-26
2017-11-14,-0.0023252418740042,-1.01410401369877,0.0030763538990026,0.324334008166722,-0.0053259510494437,0.0003689752125299,11.5900001525879,0.534920346229131,1,2.160715484709391e-08,0.9999999783940441,6.093753352943382e-25,Bull,6.093753352943382e-25
2017-11-15,-0.005017613316566,-0.798412896931006,0.0032983588764595,0.283949247958274,-0.0103043405415555,0.0003581691256957,13.1300001144409,0.563645523944466,1,8.868363225859787e-08,0.9999999113169945,1.80855770146488e-23,Bull,1.80855770146488e-23
2017-11-16,0.0084648138965013,0.0515103514901193,0.0037610412536957,0.446255964228631,-0.0018911933429994,0.0003787390440915,11.7600002288818,0.535166100155905,1,2.8908227979414765e-07,0.9999997109189698,7.484587310614266e-23,Bull,7.484587310614266e-23
2017-11-17,-0.0029428172012888,-0.14888922010326,0.0038370278907017,0.504852069024041,-0.0048241274468788,0.0003913097143909,11.4300003051758,0.588389612445371,1,1.2635903246971374e-07,0.9999998736420901,6.42247770184787e-22,Bull,6.42247770184787e-22
2017-11-20,0.0017048735164664,0.0450659367405008,0.0036942429999192,0.594693585393451,-0.0031260313493108,0.0003734981860484,10.6499996185303,0.596290181446449,1,1.7123102020511197e-07,0.9999998287676282,8.216105319927618e-22,Bull,8.216105319927618e-22
2017-11-21,0.0065214329444787,-0.195123120385563,0.0038114462329049,0.435101108212978,0.0,0.0003808267787967,9.72999954223633,0.619400376117857,1,1.68676112113755e-07,0.9999998313251268,6.675615408882652e-22,Bull,6.675615408882652e-22
2017-11-22,-0.0008848661882066,-0.384919105830887,0.0038189839577665,0.528967377498385,-0.0008844748095688,0.0003649402070823,9.88000011444092,0.61048916227797,1,6.000145001534244e-08,0.9999999399988173,1.1230824180544539e-22,Bull,1.1230824180544539e-22
2017-11-24,0.0023070907630273,-0.519740227347098,0.0036144904657933,0.519811952385366,0.0,0.0003590713812806,9.67000007629395,0.601559803757747,1,4.106379461440897e-08,0.9999999589344961,1.7062375856521627e-23,Bull,1.7062375856521627e-23
2017-11-27,-0.0004992033521702,-0.711805969452591,0.0036267954435881,0.583613996942528,-0.0004990787709081,0.0003423552927501,9.86999988555908,0.59330105225604,1,2.8236529985685883e-08,0.9999999717620089,8.705999031022495e-25,Bull,8.705999031022495e-25
2017-11-28,0.0100933444007474,-0.891538895424077,0.0038414629876476,0.779878380365995,0.0,0.0003590331095651,10.0299997329712,0.36724065705537,1,4.049514988696666e-09,0.9999999959509296,4.166798430858103e-29,Bull,4.166798430858103e-29
2017-11-29,-0.0006086732129402,-1.00499736346241,0.0037095592161692,0.841608519390598,-0.0006084880089781,0.0003678365902156,10.6999998092651,0.476901354140381,1,6.199060938184292e-09,0.9999999938008841,4.693536099610844e-27,Bull,4.693536099610844e-27
2017-11-30,0.0087167331654942,-1.15609998780914,0.0040662333271114,0.718231115890031,0.0,0.0003962667770992,11.2799997329712,0.557957603735531,1,4.779807640325753e-08,0.9999999522005976,2.9368819234110607e-25,Bull,2.9368819234110607e-25
2017-12-01,-0.0020776191014366,-1.251508445618,0.0041379447408926,0.77052911318437,-0.0020754623447688,0.0004232654100694,11.4300003051758,0.565271619296109,1,2.622529566468651e-08,0.9999999737738111,5.828685176538573e-25,Bull,5.828685176538573e-25
2017-12-04,-0.001210854396394,-1.07254410419862,0.00416961229615,0.798930477146902,-0.0032830723909452,0.0004456696131006,11.6800003051758,0.517542300837586,1,1.2531971180081413e-08,0.999999987467163,3.441526953671575e-26,Bull,3.441526953671575e-26
2017-12-05,-0.0036028193354686,-0.983389319803309,0.0042654482534103,0.905415398489796,-0.0068676023254881,0.0004598736935901,11.3299999237061,0.510472222027676,1,1.3536157535639658e-08,0.9999999864630809,2.347606441764346e-26,Bull,2.347606441764346e-26
2017-12-06,0.000189687555034,-0.28813340789874,0.0042648914018892,0.951934306705269,-0.0066791996008868,0.0004633417563847,11.0200004577637,0.487150462592747,1,1.6125225541340976e-08,0.999999983876478,1.320468501696443e-26,Bull,1.320468501696443e-26
2017-12-07,0.0031483450560596,-0.494935939583618,0.0042799181972127,0.821029721519246,-0.0035469548635062,0.0004561206527172,10.1599998474121,0.489288775814729,1,1.0628485866572292e-08,0.9999999893698259,1.3236323605199592e-26,Bull,1.3236323605199592e-26
2017-12-08,0.0054383441910754,-0.682583237895606,0.0043875882922237,0.690635588649512,0.0,0.0004439255192757,9.57999992370605,0.496834679818324,1,1.4398266178566807e-08,0.9999999856008799,1.098962405461761e-26,Bull,1.098962405461761e-26
2017-12-11,0.0030086443549182,-0.823865861138082,0.0042621822158563,0.601990509552108,0.0,0.000426536760971,9.34000015258789,0.507131676129006,1,1.2170931932733292e-08,0.9999999878273229,1.5675111941325458e-26,Bull,1.5675111941325458e-26
2017-12-12,0.0017631332844318,-0.98268925130672,0.004242657105595,0.542649782024272,0.0,0.0003956436171751,9.92000007629395,0.500655985595543,1,1.1473936027419886e-08,0.9999999885258148,7.25095529079889e-27,Bull,7.25095529079889e-27
2017-12-13,-0.0001123110347558,-1.12108597017111,0.0042566731968667,0.570108825407349,-0.0001123047281076,0.0003524724896116,10.1800003051758,0.495123686297324,1,1.1651938214357975e-08,0.9999999883475539,7.657573015882893e-27,Bull,7.657573015882893e-27
2017-12-14,-0.0040946928424441,-1.0667048746658,0.0043531664049591,0.517690665018027,-0.0041981668332247,0.0003058174534186,10.4899997711182,0.496579719525445,1,1.649092199947619e-08,0.9999999835090422,2.7567207229835197e-26,Bull,2.7567207229835197e-26
2017-12-15,0.008292628432267,-0.534246831816742,0.004334398618987,0.443421317739973,0.0,0.0002709726467418,9.42000007629395,0.509540792118383,1,4.151672514506834e-08,0.9999999584833867,1.2263076164969105e-25,Bull,1.2263076164969105e-25
2017-12-18,0.0063214643321281,-0.680027353789706,0.0041995976894653,0.434821448564152,0.0,0.0002656475037199,9.52999973297119,0.486588925496553,1,1.7815702867798406e-08,0.9999999821848179,4.6351240055557665e-26,Bull,4.6351240055557665e-26
2017-12-19,-0.0038477876004599,-0.816224568920125,0.0042568361236548,0.396510938696739,-0.0038403943513411,0.000264143246121,10.0299997329712,0.491310152281366,1,1.5931714283483582e-08,0.9999999840692909,1.9828650648723723e-26,Bull,1.9828650648723723e-26
2017-12-20,-0.000524356153039,-0.376000997831585,0.0042904396613445,0.453737980185924,-0.0043625998471748,0.0002528694391737,9.72000026702881,0.494352120511615,1,2.078009817957751e-08,0.9999999792198653,2.4882237606420173e-26,Bull,2.4882237606420173e-26
2017-12-21,0.0020575835238965,-0.254428404618206,0.004154585370227,0.583174928419422,-0.0023118837004681,0.0002439279228998,9.61999988555908,0.455149056289508,1,1.461605444012308e-08,0.9999999853826012,7.506403167647215e-27,Bull,7.506403167647215e-27
2017-12-22,-0.0002613521993,-0.450468189354701,0.0041380363178311,0.574650159640812,-0.0025725976133173,0.0002339310565143,9.89999961853027,0.485989563770086,1,1.4141408486739426e-08,0.9999999858591764,1.1626654509953751e-26,Bull,1.1626654509953751e-26
2017-12-26,-0.001196998882472,-0.433417833983391,0.0041803401706969,0.663886858803512,-0.0037658028241998,0.0002011727337699,10.25,0.469999147884845,1,1.2064638869843185e-08,0.9999999879364623,5.965813683149873e-27,Bull,5.965813683149873e-27
2017-12-27,0.0004863967214197,-0.44551010709573,0.0041625519022337,0.642557126590765,-0.0032811199123928,0.0001594462782161,10.4700002670288,0.476326435645424,1,1.2567883582734208e-08,0.9999999874307832,8.312937652573357e-27,Bull,8.312937652573357e-27
2017-12-28,0.0020552234847128,-0.567007288150667,0.003676202580666,0.605034347082501,-0.0012305333773753,0.0001801536655858,10.1800003051758,0.521251439327906,1,1.6491636637300492e-08,0.9999999835090422,8.268984371124202e-26,Bull,8.268984371124202e-26
2017-12-29,-0.0037776987781423,-0.736011095907963,0.0038140346337488,0.55858965674651,-0.0049964658132644,0.0001674985115414,11.039999961853,0.504754264813547,1,1.768877876994265e-08,0.9999999823121472,1.11461073402666e-25,Bull,1.11461073402666e-25
2018-01-02,0.0071319776173366,-0.243815055442698,0.0036663083038936,0.453388865511574,0.0,0.0002010910224753,9.77000045776367,0.489316196393,1,4.497455054203767e-08,0.999999955023669,1.7881350261517423e-25,Bull,1.7881350261517423e-25
2018-01-03,0.006305168285043,-0.416397306962406,0.0037789590897246,0.262250339431802,0.0,0.0002181607567116,9.14999961853027,0.477903573446706,1,2.5879428628760485e-08,0.9999999741194191,1.0271161053952463e-25,Bull,1.0271161053952463e-25
2018-01-04,0.0042058270927745,-0.57111581972712,0.0037829470591762,0.0896032794602445,0.0,0.0002322210758278,9.22000026702881,0.490345635091318,1,2.0554167410655404e-08,0.99999997944542,1.1148106284781972e-25,Bull,1.1148106284781972e-25
2018-01-05,0.006642298749889,-0.729298462345567,0.0037427910929095,-0.0477796763255357,0.0,0.0002447440618595,9.22000026702881,0.543061202929703,1,4.5291086723240094e-08,0.9999999547071649,1.0162120770190558e-24,Bull,1.0162120770190558e-24
2018-01-08,0.0018268807856456,-0.860232867038871,0.0037188894910781,-0.106670162231693,0.0,0.000255769287408,9.52000045776367,0.579394064306793,1,4.158558150884481e-08,0.9999999584142651,5.028998911585228e-24,Bull,5.028998911585228e-24
2018-01-09,0.0022607954962738,-1.00304649035307,0.0037118531475547,-0.0733095058886277,0.0,0.0002634870318795,10.0799999237061,0.588406026979928,1,4.5278260473819464e-08,0.9999999547217168,5.94245224791499e-24,Bull,5.94245224791499e-24
2018-01-10,-0.0015312302820973,-1.13638247378978,0.0037094905111589,0.11698694287458,-0.0015300585471509,0.0002619670835482,9.81999969482422,0.614997592286593,1,5.094348503124283e-08,0.9999999490573841,2.8225234246004297e-23,Bull,2.8225234246004297e-23
2018-01-11,0.0072694847104717,-1.04234571353593,0.0038930467309125,0.0841862618306123,0.0,0.0002572903306072,9.88000011444092,0.596865972358349,1,7.340740100179379e-08,0.9999999265928663,3.8197603020986236e-23,Bull,3.8197603020986236e-23
2018-01-12,0.0064983269220393,-1.14412549202238,0.0040159400509417,-0.0224142539230074,0.0,0.0002514227454353,10.1599998474121,0.631973048058098,1,1.0487075626065144e-07,0.9999998951279905,1.8733970794521734e-22,Bull,1.8733970794521734e-22
2018-01-16,-0.003424380044521,-1.23240986460352,0.004172884530918,-0.0199597200809962,-0.0034185235420461,0.0002476531386991,11.6599998474121,0.654288881766697,1,1.344360358525314e-07,0.9999998655657781,1.0127484665703568e-21,Bull,1.0127484665703568e-21
2018-01-17,0.0094862909623181,-0.785221482594398,0.0042277412210188,-0.0565595403704382,0.0,0.0002398004459569,11.9099998474121,0.707215560979641,1,4.114274503794738e-07,0.9999995885737853,5.067642083493168e-21,Bull,5.067642083493168e-21
2018-01-18,-0.0016819456397518,-0.895821646675623,0.0041246811044252,0.105045759660892,-0.0016805319618717,0.0002285039564594,12.2200002670288,0.691315912396548,1,1.2587017613572825e-07,0.9999998741295791,3.3510950142410523e-21,Bull,3.3510950142410523e-21
2018-01-19,0.0045392086446227,-0.944562682857085,0.0040534637187062,0.131172789654171,0.0,0.0002234038459189,11.2700004577637,0.733569970972525,1,1.4327661945209504e-07,0.9999998567218529,3.663515914036942e-21,Bull,3.663515914036942e-21
2018-01-22,0.0080979345452396,-1.06811860840871,0.0040120920333989,0.0344433257160259,0.0,0.0002136055047526,11.0299997329712,0.628717006036494,1,1.3810790402298874e-07,0.9999998618914201,2.449052091175524e-22,Bull,2.449052091175524e-22
2018-01-23,0.0021203650465029,-1.15175782676699,0.0039471708958274,-0.0344608137309015,0.0,0.0001991946753721,11.1000003814697,0.627679509285816,1,7.893188365684982e-08,0.9999999210667769,1.3116498590632837e-22,Bull,1.3116498590632837e-22
2018-01-24,-0.000388199739346,-1.25928449402008,0.0040062700361467,0.0305986511602318,-0.0003881243995759,0.0001936590869253,11.4700002670288,0.641862159813249,1,9.990030467932384e-08,0.999999900101107,9.619909933759446e-23,Bull,9.619909933759446e-23
2018-01-25,0.0004232321690409,-1.12904988647575,0.0039837047004789,0.0174322427467144,0.0,0.0001882327579074,11.5799999237061,0.623264180411709,1,7.862112489695913e-08,0.9999999213796431,2.706966766837624e-22,Bull,2.706966766837624e-22
2018-01-26,0.0115117151601112,-1.24625474754964,0.0043091837879669,0.0513690649636213,0.0,0.0001988435259726,11.0799999237061,0.608539456975627,1,3.554102370332426e-07,0.9999996445913616,5.028227279033183e-20,Bull,5.028227279033183e-20
2018-01-29,-0.0066525226045302,-1.30321319192598,0.0047989890335082,-0.195925083002192,-0.0066304435635983,0.0002714542360745,13.8400001525879,0.637436887685797,1,2.0770385325660803e-05,0.9999792296159038,2.471368975478423e-16,Bull,2.471368975478423e-16
2018-01-30,-0.0103096565824563,-0.538699808080403,0.0056101876280979,-0.482038926917955,-0.0168191313684681,0.0004438849465941,14.789999961853,0.64040211462981,1,0.02574461206569096,0.9742553879351913,4.5168807364173926e-13,Bull,4.5168807364173926e-13
2018-01-31,0.0004968886896756,1.56543322044947,0.0054498129920165,-0.568046581486404,-0.0163304785219577,0.0005344288728833,13.539999961853,0.580182814633915,0,0.9966649942087746,0.003335005392415542,4.0042170226605666e-10,Neutral,4.0042170226605666e-10
2018-02-01,-0.0011358616748378,1.24305432538682,0.0054053300710562,-0.404907365057311,-0.0174471567160685,0.0005908461347492,13.4700002670288,0.575477723027816,0,0.999773793179872,0.00022611208830338757,9.473094362954086e-08,Neutral,9.473094362954086e-08
2018-02-02,-0.0220105111498174,1.05757536451112,0.0074714152394253,-1.34760887712404,-0.0388373786131017,0.0009156361554743,17.3099994659424,0.747705639227517,0,0.9959072073156182,1.6240864799887745e-20,0.004092792682896322,Neutral,0.004092792682896322
2018-02-05,-0.042722376594849,3.0,0.0120428965044731,-2.1753690921807,-0.0790357315188303,0.0018940741756757,37.3199996948242,0.759845762335584,2,3.9863934157691014e-07,4.99231692358194e-72,0.9999996013612757,Panic,0.9999996013612757
2018-02-06,0.0195105245902276,3.0,0.0127758265925667,-1.75867978244912,-0.0608908025551383,0.0025563482111836,29.9799995422363,0.797415251677459,2,1.3870331698281634e-05,8.890923987711357e-51,0.9999861296689836,Panic,0.9999861296689836
2018-02-07,-0.0054393899357272,3.0,0.0128008314876666,-1.66821178622994,-0.065985116132834,0.0030177908819256,27.7299995422363,0.79767599371401,2,5.945061169824516e-05,4.878515561513848e-55,0.9999405493900851,Panic,0.9999405493900851
2018-02-08,-0.0382303888190387,3.0,0.0151105848736429,-1.3804844258444,-0.101018923365017,0.003618275618263,33.4599990844727,0.815512151582396,2,1.0136471171332334e-10,5.082509157177159e-97,0.9999999998981366,Panic,0.9999999998981366
2018-02-09,0.0149098463635848,3.0,0.0156096530656056,-1.32888635377753,-0.0875148318299136,0.004109436535583,29.0599994659424,0.824751621251924,2,4.652144017979953e-08,3.7724361792861624e-81,0.9999999534775281,Panic,0.9999999534775281
2018-02-12,0.0145776850823438,3.0,0.015910923781717,-1.27247199926121,-0.0741154819438012,0.0045086031884625,25.6100006103516,0.807818907359132,2,8.480373349752082e-08,3.1678370662716495e-70,0.9999999151950796,Panic,0.9999999151950796
2018-02-13,0.002484308835295,3.0,0.015828932813638,-1.26178107321133,-0.0718124393050346,0.0048023721076172,24.9699993133545,0.804480936013716,2,7.813439460383902e-08,1.3539476666222086e-68,0.9999999218671322,Panic,0.9999999218671322
2018-02-14,0.0134058335394398,3.0,0.0161800333785573,-1.2887951115681,-0.0592855321639952,0.0050464876074469,19.2600002288818,0.813720801801684,2,4.7339483054991076e-08,1.458581506090231e-63,0.9999999526589829,Panic,0.9999999526589829
2018-02-15,0.0126795166106959,3.0,0.0163008861070675,-1.27158660764789,-0.0472817874226082,0.0052247849165238,19.1299991607666,0.812549181373195,2,2.656157977314778e-08,4.821031090073454e-60,0.9999999734391171,Panic,0.9999999734391171
2018-02-16,0.0002930449767983,3.0,0.0163032637672989,-1.28872744708927,-0.0470025572246022,0.0053273994111574,19.4599990844727,0.810745775633227,2,2.6622001103065198e-08,5.63584394216742e-60,0.9999999733772714,Panic,0.9999999733772714
2018-02-20,-0.0062807878325301,2.69739969531967,0.0162890957981172,-1.19858815193741,-0.0529693741968493,0.0053577589154889,20.6000003814697,0.810309081436414,2,2.3851760990869958e-08,7.862810493407748e-61,0.9999999761494113,Panic,0.9999999761494113
2018-02-21,-0.0049867262601672,2.65587893837991,0.0161510571250631,-1.12235911388675,-0.0576802011233739,0.0053116889179522,20.0200004577637,0.821253935316846,2,3.50508189407833e-08,2.7636770292839294e-61,0.9999999649480749,Panic,0.9999999649480749
2018-02-22,0.001295087561143,2.59080960468076,0.016141075643526,-1.11741524520992,-0.0564590238781848,0.0051930864126389,18.7199993133545,0.821038640956639,2,9.424272242233135e-08,1.5014010703439002e-58,0.9999999057581634,Panic,0.9999999057581634
2018-02-23,0.0158135293115595,2.19323083339241,0.0166131878882111,-1.10226404825053,-0.0414197120993526,0.0050269741003571,16.4899997711182,0.83462598951498,2,1.1759265530960774e-07,2.0161017489228243e-50,0.9999998824059799,Panic,0.9999998824059799
2018-02-26,0.0115455618254972,1.87562646787467,0.0168513459136765,-1.12943082883333,-0.0302882281546038,0.00478496806167,15.8000001907349,0.851902126451395,2,5.988677679439535e-07,3.723768479647392e-43,0.99999940113066,Panic,0.99999940113066
2018-02-27,-0.0125653630849349,1.59469095705824,0.0167824190804493,-0.97098969033829,-0.0423967751944604,0.0044723121890786,18.5900001525879,0.858206909528359,2,2.1547264644951786e-06,3.1559386608988287e-43,0.9999978452747678,Panic,0.9999978452747678
2018-02-28,-0.0101815291002332,2.07630815771617,0.0168482135200375,-0.933692676203301,-0.0520971740496894,0.0041032711422106,19.8500003814697,0.868024065281002,2,4.07257881915912e-06,5.839707730982838e-46,0.9999959274219856,Panic,0.9999959274219856
2018-03-01,-0.0146476787713983,2.38564703537567,0.016978308480961,-0.889510354086438,-0.0658805564322775,0.0037083938803149,22.4699993133545,0.867246061852442,2,3.2511103208055405e-05,5.9453964816605654e-52,0.9999674888977906,Panic,0.9999674888977906
2018-03-02,0.0051417594284428,2.84494373478483,0.0170485584584578,-0.914203969461961,-0.0610651698051963,0.0031493550301774,19.5900001525879,0.879512213916558,2,0.006391355850827786,1.3037711181844638e-46,0.9936086441489211,Panic,0.9936086441489211
2018-03-05,0.011491955489932,2.41015134260988,0.0173092812629291,-0.954913925641884,-0.0502127341100186,0.0023337488324699,18.7299995422363,0.875327662981638,2,0.1572612142435193,4.12910621153603e-36,0.8427387857557616,Panic,0.8427387857557616
2018-03-06,0.0025314874032202,2.05278820958986,0.0166804706045606,-1.18833197322353,-0.0478053137191303,0.0014783808178103,18.3600006103516,0.87400390089939,0,0.7450002897205388,4.8806896336114083e-29,0.25499971028124035,Neutral,0.25499971028124035
2018-03-07,-0.0003665010912312,1.72710774649108,0.0135869044176216,-1.11531762010973,-0.0481542301676813,0.0013089947920074,17.7600002288818,0.850700245666318,0,0.9962718768824689,2.8195419106653557e-22,0.003728123116694951,Neutral,0.003728123116694951
2018-03-08,0.0048274379870356,1.51853335581271,0.0129818682120008,-1.2473082613434,-0.043548144890148,0.0012848816681394,16.5400009155273,0.830938957938897,0,0.9999699492186361,9.058518990631037e-19,3.0050783158167967e-05,Neutral,3.0050783158167967e-05
2018-03-09,0.0172526127867707,1.26324946734453,0.0133689515500214,-1.29146261037238,-0.0269036840191293,0.0012202949130481,14.6400003433228,0.838738553655454,0,0.9999912430631936,3.550278997776693e-15,8.756935445916907e-06,Neutral,8.756935445916907e-06
2018-03-12,-0.0012559150577322,1.05795899788702,0.0097599890016438,-0.306461670801078,-0.0281250432127533,0.0018164872909512,15.7799997329712,0.761547832865274,0,0.999999788902664,6.03388537588015e-10,2.1049505618552234e-07,Neutral,2.1049505618552234e-07
2018-03-13,-0.0064832805745833,0.845463670195122,0.0096486602714175,-0.131890429902128,-0.0344055999361482,0.0022451205306313,16.3500003814697,0.794567300584219,0,0.9999993831226759,1.3825910752619416e-11,6.168634353064169e-07,Neutral,6.168634353064169e-07
2018-03-14,-0.0051449570423223,1.08977919769431,0.0093905098694971,0.0318137157103208,-0.0393607836106672,0.0025955844962568,17.2299995422363,0.82117901615089,0,0.9999979030675762,3.6193841926286266e-14,2.096931057975688e-06,Neutral,2.096931057975688e-06
2018-03-15,-0.0010900428429634,1.1671280567322,0.009408999951506,0.0858026449800496,-0.0404073510078852,0.0028687961618941,16.5900001525879,0.820559827823737,0,0.9999964117660769,5.713386041772332e-15,3.5882352218274152e-06,Neutral,3.5882352218274152e-06
2018-03-16,0.0010835399681399,1.01767292058945,0.0090107237535002,0.182475972913804,-0.0393670305069302,0.0031116128053096,15.8000001907349,0.801218574156587,0,0.9999946981328809,3.376189484996829e-14,5.301866844036851e-06,Neutral,5.301866844036851e-06
2018-03-19,-0.0136229416577329,0.811009715932006,0.0091329623676148,0.282187741633185,-0.0523649414963003,0.0032866680971892,19.0200004577637,0.815296936320001,0,0.9999135719324919,1.6772280804438088e-20,8.64280667788989e-05,Neutral,8.64280667788989e-05
2018-03-20,0.0016995064255782,1.34658010544925,0.0091423324932462,0.259290001735641,-0.0507530603120246,0.0034165240506038,18.2000007629395,0.818150120004817,0,0.9986537739015553,1.5265465058550554e-20,0.0013462261000872747,Neutral,0.0013462261000872747
2018-03-21,-0.0019212940700992,1.14828824938213,0.0090460492207297,0.212394190915837,-0.0525750919385441,0.0035134977014904,17.8600006103516,0.803676829656275,0,0.9720119192107026,3.781989351009732e-21,0.027988080790120565,Neutral,0.027988080790120565
2018-03-22,-0.0253148534466465,0.96851930686263,0.0105681658968625,-0.28479465158195,-0.0762579854135579,0.0035079643679898,23.3400001525879,0.81790645866852,2,0.3390835558411847,8.430375467800901e-41,0.6609164441599525,Panic,0.6609164441599525
2018-03-23,-0.0215448289960847,2.39620299702556,0.0114631388743979,-0.228156015503863,-0.0959469894448074,0.003457163341235,24.8700008392334,0.847785418103219,2,0.01411341518705806,7.414761865077784e-62,0.9858865848134587,Panic,0.9858865848134587
2018-03-26,0.0269913914461313,3.0,0.0125421301924733,0.182719965627721,-0.0712130405111829,0.0033531345108741,21.0300006866455,0.874306972319556,2,0.0006471070560795852,2.2174032864878302e-50,0.9993528929446772,Panic,0.9993528929446772
2018-03-27,-0.017158100308678,2.80265724065394,0.0126128001731888,0.35947300519595,-0.0870133212940076,0.0032181654439579,22.5,0.87816907408212,2,0.0006020663270573398,8.122963822974006e-57,0.9993979336737828,Panic,0.9993979336737828
2018-03-28,-0.0029593026305843,3.0,0.0124162701889624,0.287898487772059,-0.0897111313869056,0.0030678112303626,22.8700008392334,0.880077805357848,2,0.005011497217582851,3.8136191347911687e-57,0.9949885027840152,Panic,0.9949885027840152
2018-03-29,0.0126967093826273,2.83803413912059,0.0127009860287737,0.102591318601054,-0.0780797744421643,0.0028908450942167,19.9699993133545,0.888791218707468,2,0.024186298457032924,2.2420124644791313e-47,0.975813701544366,Panic,0.975813701544366
2018-04-02,-0.0218211525500465,2.4109097408513,0.0131652395836891,0.0316393415399263,-0.0979792321630491,0.0026836327298838,23.6200008392334,0.875713961273802,2,0.05144882488291689,2.1010644896028558e-61,0.9485511751153658,Panic,0.9485511751153658
2018-04-03,0.0127356741180114,2.92248146764986,0.013462491065528,0.0030844076327273,-0.0864179253657224,0.0024467284196783,21.1000003814697,0.878454063412211,2,0.3438029736041296,1.5494476659442097e-52,0.656197026394746,Panic,0.656197026394746
2018-04-04,0.0106423423959026,2.47344794740554,0.0134233350212655,0.0041110690474421,-0.0766433521985557,0.0021347731342799,20.0599994659424,0.888652954304487,0,0.7961126470967177,1.4333626233628943e-41,0.2038873529024664,Neutral,0.2038873529024664
2018-04-05,0.0078608528903085,2.10379583162484,0.0135500463392061,-0.0387222038950159,-0.0693563780325649,0.001852620255079,18.9400005340576,0.886622666956218,0,0.9328523834158688,2.973032206263644e-34,0.0671476165858626,Neutral,0.0671476165858626
2018-04-06,-0.0225377948155243,1.77013849549421,0.0143320359656317,0.0224501446973378,-0.0900964375224251,0.0019021324109673,21.4899997711182,0.896544016893515,0,0.9429545435764142,2.598373062605473e-50,0.057045456424605505,Neutral,0.057045456424605505
2018-04-09,0.0049162212713111,2.47294258032526,0.0143342088051899,0.0217614475327364,-0.0856121363972803,0.0019768639983083,21.7700004577637,0.896914336564444,0,0.9699424212425829,1.179311273959884e-47,0.030057578758796583,Neutral,0.030057578758796583
2018-04-10,0.0157755769691228,2.08242548328192,0.01423758478773,0.0100020271524989,-0.0710727582679188,0.0020253914633042,20.4699993133545,0.89824614873089,0,0.9891774706949017,1.7207360719635807e-37,0.010822529303436636,Neutral,0.010822529303436636
2018-04-11,-0.0052561690722985,1.76510290705393,0.0142509070410373,0.0505522437664214,-0.0759425474770181,0.0020595264224505,20.2399997711182,0.902130233974885,0,0.9980217319240096,1.3808222275698083e-37,0.0019782680767644217,Neutral,0.0019782680767644217
2018-04-12,0.0081936132902296,1.56562455787023,0.0143998867413644,-0.0787444987864399,-0.0683400747250092,0.002072091474371,18.4899997711182,0.90752025892684,0,0.9997271005868371,2.549340872407941e-32,0.000272899411510474,Neutral,0.000272899411510474
2018-04-13,-0.002937444217931,1.29668196912167,0.014381554557133,-0.100846326911193,-0.0710727582679188,0.0020404237039741,17.4099998474121,0.904996990279815,0,0.999945139627597,3.4419510694216094e-32,5.486037395407676e-05,Neutral,5.486037395407676e-05
2018-04-16,0.0081880052739897,1.05692950287867,0.0145396014938139,-0.175413356470026,-0.0634354727153766,0.0019877366646052,16.5599994659424,0.905462228284631,0,0.9999693710303791,1.4716717285614316e-27,3.06289701490173e-05,Neutral,3.06289701490173e-05
2018-04-17,0.0106416161969483,0.850023929408908,0.0147611504769076,-0.236468724839239,-0.0534156937075196,0.0018744159708313,15.25,0.909817023002156,0,0.999975338867763,1.2122404246388064e-22,2.4661132441747693e-05,Neutral,2.4661132441747693e-05
2018-04-18,0.0007398210657143,0.679782987379214,0.0144622317250786,-0.360336221791929,-0.0527151315838951,0.0017088479523228,15.6000003814697,0.906033380067037,0,0.9999908494847044,8.411225277531253e-21,9.150515390233735e-06,Neutral,9.150515390233735e-06
2018-04-19,-0.0055628502995466,0.511756033781647,0.0145058828649454,-0.286738080677416,-0.0579701056295574,0.0014834888280317,15.960000038147,0.883553075948405,0,0.9999915879406239,1.0555285479634475e-22,8.412059178162435e-06,Neutral,8.412059178162435e-06
2018-04-20,-0.0085157400667039,0.644194681826703,0.0146122811648715,-0.223281629301429,-0.0659581271149989,0.0011454668518985,16.8799991607666,0.866163890983745,0,0.9999874895020588,3.790324301552646e-27,1.2510497736815548e-05,Neutral,1.2510497736815548e-05
2018-04-23,-0.0001498100152712,0.827910368741223,0.0134786789392304,-0.245644922866375,-0.0660980454613933,0.0009193637991489,16.3400001525879,0.872542899545626,0,0.9999944547570566,1.6594627591558377e-25,5.545244012126806e-06,Neutral,5.545244012126806e-06
2018-04-24,-0.0135585951086181,0.757792927339065,0.0129263192171389,-0.180318892065266,-0.0786749884220146,0.0007876260831463,18.0200004577637,0.867383527870233,0,0.9999876961366913,2.7658306530781912e-33,1.2303861570008414e-05,Neutral,1.2303861570008414e-05
2018-04-25,0.0024685489018976,1.10168826913573,0.0114780565071116,-0.545251670743727,-0.076397843110474,0.0008969666491074,17.8400001525879,0.815172549794957,0,0.9999981324416853,3.222518357621098e-30,1.8675580850102265e-06,Neutral,1.8675580850102265e-06
2018-04-26,0.0101143360601599,0.923323261067617,0.0110044006796568,-0.754981051832029,-0.06700881867674,0.0010512572118202,16.2399997711182,0.798223764001844,0,0.9999989208851185,2.7123147349304846e-24,1.0791145775693127e-06,Neutral,1.0791145775693127e-06
2018-04-27,0.0009382378996418,0.739884516398549,0.0109665188089579,-0.812392711965582,-0.0661330402103615,0.0011758063233831,15.4099998474121,0.775352283861398,0,0.9999995285980933,1.1010605611129515e-22,4.714009898597129e-07,Neutral,4.714009898597129e-07
2018-04-30,-0.0077203172640141,0.559429342669607,0.0108017626743347,-0.663176535712749,-0.0733150301294478,0.0013112439351178,15.9300003051758,0.692006147448926,0,0.9999998756975479,2.2678528600619498e-26,1.2430097066478512e-07,Neutral,1.2430097066478512e-07
2018-05-01,0.0017753305191101,0.771967595703151,0.0095458157010459,-0.691388775000225,-0.0716683967941171,0.0015674839166851,15.4899997711182,0.698190105353194,0,0.9999998866296729,1.101959090236508e-24,1.1336879088282689e-07,Neutral,1.1336879088282689e-07
2018-05-02,-0.0067401340921007,0.588532220886608,0.0093299277476825,-0.560158807910476,-0.0779044368004538,0.0017905704590705,15.9700002670288,0.568942802520183,0,0.9999999945830496,7.123043908659799e-28,5.415558271725125e-09,Neutral,5.415558271725125e-09
2018-05-03,-0.0022061738662255,0.756113817865409,0.0090444677617923,-0.481390098709361,-0.0799364975702606,0.00199556053569,15.8999996185303,0.539808369265085,0,0.9999999973770173,3.711117103698067e-29,2.6236018231707547e-09,Neutral,2.6236018231707547e-09
2018-05-04,0.0128632975149587,0.663504581084799,0.0093279952666107,-0.410275530369832,-0.0680250006853391,0.002134835707928,14.7700004577637,0.575586273222626,0,0.9999999887259037,3.0078754138333246e-23,1.1272563321515374e-08,Neutral,1.1272563321515374e-08
2018-05-07,0.0033775410865031,0.504903141421288,0.0077723096748093,0.062921722464653,-0.0648718949589852,0.0023530118992231,14.75,0.516314267186302,0,0.9999999984174792,2.3646350165213383e-19,1.580747776043671e-09,Neutral,1.580747776043671e-09
2018-05-08,0.0,0.353938344672611,0.0077319435134018,0.15154155710819,-0.0648718949589852,0.0025155241882202,14.710000038147,0.513388107687227,0,0.9999999982501322,3.383816165202549e-19,1.7493102377213348e-09,Neutral,1.7493102377213348e-09
2018-05-09,0.0096194624392076,0.294067543123309,0.0072479978264972,-0.0355688556358096,-0.055833060612846,0.0026724852965042,13.4200000762939,0.485479773192105,0,0.9999999990359356,3.5200537569901306e-15,9.627168167159778e-10,Neutral,9.627168167159778e-10
2018-05-10,0.0093071907208228,0.171112167244367,0.0073382439892216,-0.216716032624533,-0.0470044980079072,0.0027718083421605,13.2299995422363,0.481552955245419,0,0.9999999993451638,9.012582909070542e-12,6.472688905249127e-10,Neutral,6.472688905249127e-10
2018-05-11,0.0030466166352356,0.0586463562731689,0.0071867831464278,-0.167270005317887,-0.0440966587717219,0.0028293931209158,12.6499996185303,0.471319140027744,0,0.9999999991996447,4.047818505558656e-10,3.967211117817869e-10,Neutral,3.967211117817869e-10
2018-05-14,0.000476375676957,-0.0523922998937691,0.0071263184756215,-0.231563458014483,-0.0436411811898312,0.0028475509486785,12.9300003051758,0.470895361510914,0,0.9999999988722266,7.862065289297238e-10,3.398458238065437e-10,Neutral,3.398458238065437e-10
2018-05-15,-0.0069106004749972,-0.156761888367007,0.0071672670171551,-0.0414183057753794,-0.0502274112837627,0.0028076997146994,14.6300001144409,0.482766046911203,0,0.9999999994251993,1.5774158578522181e-12,5.738126853113406e-10,Neutral,5.738126853113406e-10
2018-05-16,0.0041960296837446,0.098030355469903,0.0068497273798761,-0.060813507328612,-0.0462337644379116,0.0027187137652599,13.4200000762939,0.46253586187336,0,0.9999999995816324,1.5422192669160212e-10,2.6318099986071635e-10,Neutral,2.6318099986071635e-10
2018-05-17,-0.0008450157000572,-0.0168028576754141,0.006854061864892,-0.0271358554314818,-0.0470393714579188,0.002597962915957,13.4300003051758,0.467809494304912,0,0.9999999995307007,2.2649713797357764e-10,2.430981770520195e-10,Neutral,2.430981770520195e-10
2018-05-18,-0.0025031630765211,-0.0721533612713137,0.0067553581348258,-0.0650287249879722,-0.0494218042637554,0.0024152259808378,13.4200000762939,0.4516698761278,0,0.9999999997962732,9.841781450377368e-11,1.0352270347844594e-10,Neutral,1.0352270347844594e-10
2018-05-21,0.007490263201185,-0.0554822511240593,0.0065966411394276,-0.236090995293306,-0.0422749910420721,0.0021461498351516,13.0799999237061,0.376007830825211,0,0.999999834966743,1.6503191296252376e-07,3.0177095522993684e-12,Neutral,3.0177095522993684e-12
2018-05-22,-0.0027838461658662,-0.148075188149398,0.006648277441229,-0.183167064000147,-0.0449374424891322,0.0019204582214806,13.2200002670288,0.383072616265185,0,0.9999999181272903,8.187098217822836e-08,2.87767546272027e-12,Neutral,2.87767546272027e-12
2018-05-23,0.0027473693731447,-0.168701346947092,0.0057456453541093,0.144474651158703,-0.0423099251415619,0.0017338224735715,12.5799999237061,0.26879835397087,0,0.9999705189928305,2.948100602913539e-05,1.957206254383186e-14,Neutral,1.957206254383186e-14
2018-05-24,-0.0020507920040566,-0.259185743117275,0.0058053859325296,0.238543924334886,-0.0442719357639542,0.0016393841700325,12.5299997329712,0.286732135793514,0,0.9999921379730781,7.862027921305952e-06,5.176836619134947e-14,Neutral,5.176836619134947e-14
2018-05-25,-0.002385344661409,-0.278855638474578,0.0055258656677524,0.403881884203387,-0.0465489597765382,0.0015622995550278,13.2200002670288,0.293821590494848,0,0.9999983006506113,1.699349437393097e-06,9.468994077977615e-14,Neutral,9.468994077977615e-14
2018-05-29,-0.011567806264436,-0.215055220981358,0.0061726278512802,0.151454931014448,-0.0575147493466232,0.0014005808071163,17.0200004577637,0.351618478668195,0,0.999999999996362,5.672551278160405e-13,1.3187333792388861e-12,Neutral,1.3187333792388861e-12
2018-05-30,0.0132565735567569,0.298620193776996,0.0064763183207612,0.152773493047531,-0.0449374424891322,0.0011854662324778,14.9399995803833,0.375218834282719,0,0.9999999883111741,1.168659573759173e-08,3.980767031793412e-12,Neutral,3.980767031793412e-12
2018-05-31,-0.0061446070935575,0.178376782708257,0.0066828995408107,0.23791817402841,-0.0507879337620362,0.0010669315620765,15.4300003051758,0.372341403487924,0,0.9999999994324753,5.652232035318049e-10,2.4012801180438203e-12,Neutral,2.4012801180438203e-12
2018-06-01,0.0097696466794046,0.305570145006165,0.0066906108730747,0.0683448368073627,-0.0414690201251951,0.0009407994657001,13.460000038147,0.702763677935548,0,0.9999998298553836,2.1175458432152715e-08,1.489685629811469e-07,Neutral,1.489685629811469e-07
2018-06-04,0.0047399454883763,0.178648909927431,0.0066518844019469,-0.0676482812985154,-0.0369148508010704,0.0008158770718677,12.7399997711182,0.713374764948709,0,0.9999840581801593,1.581052512206548e-05,1.3129626138028982e-07,Neutral,1.3129626138028982e-07
2018-06-05,0.0007275905830645,0.0562719618328383,0.0061879778416776,-0.060665466524141,-0.036213864131098,0.000603828629548,12.3999996185303,0.733882090814815,0,0.9951745505075612,0.00482528149570157,1.6799817108434016e-07,Neutral,1.6799817108434016e-07
2018-06-06,0.0083258424001888,-0.0572082610981052,0.006351180789401,-0.110445613767689,-0.0281560350961549,0.000558454233744,11.6400003433228,0.722398008685079,0,0.6628084183592657,0.3371915297752588,5.186554294963133e-08,Neutral,5.186554294963133e-08
2018-06-07,-0.0001082189011043,-0.154152669400624,0.0063527868907469,-0.108099540101205,-0.0282612012914943,0.0005041510960412,12.1300001144409,0.704946633627791,1,0.22805732247434551,0.7719426760246229,1.502286405347195e-09,Bull,1.502286405347195e-09
2018-06-08,0.002951847551567,-0.246575876144423,0.0061057637446472,-0.0678657259712284,-0.0253885387527119,0.0004911902499304,12.1800003051758,0.643237076376498,1,0.013267304819784697,0.9867326951742882,6.6800644655688605e-12,Bull,6.6800644655688605e-12
2018-06-11,0.0013292693753506,-0.325364185481463,0.0058388027662102,0.000747565464174,-0.0240921561544543,0.0004776512417856,12.3500003814697,0.609852512172124,1,0.00024490806158269566,0.9997550919394739,2.868089941828187e-14,Bull,2.868089941828187e-14
2018-06-12,0.0012912585663293,-0.401676489641596,0.0058225548046395,0.0430660163598301,-0.0228311928515129,0.0004672840596491,12.3400001525879,0.615437690557921,1,9.55123705710526e-06,0.999990448761448,1.560727459107487e-15,Bull,1.560727459107487e-15
2018-06-13,-0.0031958174261266,-0.463711113595534,0.0058952612145081,0.113641605861158,-0.0259490612309855,0.0004485017624034,12.9399995803833,0.631316462827136,1,3.462935878533678e-05,0.9999653706429655,8.829588647273408e-17,Bull,8.829588647273408e-17
2018-06-14,0.0025147777902629,-0.387617425879441,0.005625677897535,0.0219391649960927,-0.0234964569787778,0.0004325050794576,12.1199998855591,0.5970181677063,1,7.1232276927028475e-06,0.9999928767719165,6.823343853122397e-17,Bull,6.823343853122397e-17
2018-06-15,-0.0012768404260894,-0.459930508148244,0.0056126171732542,0.152974590152064,-0.0247425005100621,0.0004336078788881,11.9799995422363,0.612454586430433,1,1.514868874169873e-05,0.9999848513126933,9.732446533348621e-16,Bull,9.732446533348621e-16
2018-06-18,-0.0020589919624001,-0.430955585546341,0.0056394189865571,0.175618305467089,-0.0267484820042081,0.0004242312270998,12.3100004196167,0.595137390749944,1,0.0004080795880633257,0.9995919204113061,6.052405742999433e-14,Bull,6.052405742999433e-14
2018-06-19,-0.0038401307298938,-0.434038574023501,0.0056883183196147,0.185908717230715,-0.0304787281658846,0.000412027093133,13.3500003814697,0.582852969854876,1,0.012703354052486376,0.9872966459442277,2.891752801360044e-12,Bull,2.891752801360044e-12
2018-06-20,0.0017047014851083,-0.244300130560615,0.0054919020979065,0.274118534602698,-0.028824574295247,0.000416057589801,12.789999961853,0.556810573265254,1,0.062112242138672,0.9378877578024372,5.824570340087953e-11,Bull,5.824570340087953e-11
2018-06-21,-0.0062886689518615,-0.328889741889546,0.0056528205507544,0.258450228989788,-0.0349128115230127,0.0004006920865367,14.6400003433228,0.573233303006004,0,0.8039796284106097,0.19602037116983997,4.2086562954265364e-10,Neutral,4.2086562954265364e-10
2018-06-22,0.001821681686839,-0.0511760765547039,0.0056379864495858,0.281937898976275,-0.0331531275601661,0.0004047873458071,13.7700004577637,0.552547175727567,0,0.9200823730271268,0.07991762382465932,3.1478058348798692e-09,Neutral,3.1478058348798692e-09
2018-06-25,-0.0137064199045769,-0.15558203274589,0.0064167438686566,-0.0896343830742093,-0.0463147314914168,0.0004123334092036,17.3299999237061,0.640999316436929,0,0.9999999315477931,2.279827276216768e-08,4.5654239642413544e-08,Neutral,4.5654239642413544e-08
2018-06-26,0.002211480630125,0.473608391737997,0.006413358467139,-0.19002467115326,-0.0442033412040183,0.0004040407227769,15.9200000762939,0.644604083414958,0,0.9999999614919951,2.829149471442784e-09,3.568031281613337e-08,Neutral,3.568031281613337e-08
2018-06-27,-0.0083189191110326,0.314055900827918,0.0061512222495173,-0.0736624203451645,-0.0521215551399584,0.0004037879074505,17.9099998474121,0.652058572755759,0,0.9999999262581722,1.3926864305349312e-12,7.373971802867026e-08,Neutral,7.373971802867026e-08
2018-06-28,0.0057016209604077,0.551858371398424,0.005544862727379,-0.510675118391898,-0.0467016751628499,0.0004076034342056,16.8500003814697,0.709256888225082,0,0.9999997498162287,1.4185372481561454e-10,2.500408263247362e-07,Neutral,2.500408263247362e-07
2018-06-29,0.0014386368105059,0.390004733600609,0.0053750372532911,-0.693002226490601,-0.0453292381188279,0.0004013860938406,16.0900001525879,0.715851396250152,0,0.9999997458471949,1.7998804445629587e-09,2.523538520160252e-07,Neutral,2.523538520160252e-07
2018-07-02,0.0021353493396967,0.239679260425714,0.0049412960813082,-1.02634776264997,-0.0432885044736268,0.0004229811632013,15.6000003814697,0.658061942837958,0,0.9999998796774962,3.08274507613724e-08,8.949524856459683e-08,Neutral,8.949524856459683e-08
2018-07-03,-0.0035372776972888,0.10733143381453,0.0048662773564047,-0.893303665325844,-0.0466666804138817,0.0004384191515089,16.1399993896484,0.646175620966496,0,0.9999999315405171,3.2710736717831044e-09,6.51869335851936e-08,Neutral,6.51869335851936e-08
2018-07-05,0.0081248104610525,0.216146216040041,0.005213733935244,-0.704313876734752,-0.0388894765149451,0.0004458000992154,14.9700002670288,0.665795584410276,0,0.9999354663064971,6.445204112835284e-05,8.165388116598142e-08,Neutral,8.165388116598142e-08
2018-07-06,0.0084227643862187,0.0946663555266133,0.0052216326622046,-0.69626755136995,-0.0307600810956304,0.0004370161969225,13.3699998855591,0.712027659455548,0,0.8984453370697061,0.10155462942426344,3.350439611800258e-08,Neutral,3.350439611800258e-08
2018-07-09,0.0089640769092129,-0.0157872067385746,0.0055859234646131,-0.58606184618841,-0.0220326818204644,0.0004101539308995,12.6899995803833,0.747632614637285,1,0.1339301018138261,0.8660698964026031,1.783327859357018e-09,Bull,1.783327859357018e-09
2018-07-10,0.0035914547759636,-0.110701371491429,0.0056027996712266,-0.592552208913286,-0.0185140416885106,0.0003969480491559,12.6400003433228,0.774925531671287,1,0.004625288354630202,0.9953747108256056,8.20696107028649e-10,Bull,8.20696107028649e-10
2018-07-11,-0.0073408838250896,-0.209091956160637,0.0058402619829325,-0.422035954161154,-0.0256926352368132,0.0003969864817106,13.6300001144409,0.773717606500226,1,0.002359169083640882,0.9976408308696101,4.744976780341951e-11,Bull,4.744976780341951e-11
2018-07-12,0.0090248218389072,-0.0049628039639929,0.0061656879348034,-0.37819439231815,-0.016859887817873,0.0004120634438661,12.5799999237061,0.803395595863496,1,0.00018761597193531337,0.9998123840284183,1.3744299707718623e-12,Bull,1.3744299707718623e-12
2018-07-13,0.0007874038733088,-0.107334639904687,0.0061141404569783,-0.473716416834744,-0.0160854546297022,0.0004213263333121,12.1800003051758,0.791452726498268,1,1.3235037370301279e-05,0.9999867649642505,1.7095669237858862e-14,Bull,1.7095669237858862e-14
2018-07-16,-0.0008945026796487,-0.20771039403295,0.0061026561603264,-0.397081712661891,-0.0169651753121689,0.0004322555841652,12.8299999237061,0.791106692288267,1,1.0891552146011012e-05,0.999989108449168,4.492010264197663e-16,Bull,4.492010264197663e-16
2018-07-17,0.0040371953606879,-0.219063638007665,0.0061432825811439,-0.503687017471364,-0.0129884496707582,0.0004434886761114,12.0600004196167,0.796311434755464,1,4.703255547595671e-06,0.9999952967447471,1.0553007138717718e-16,Bull,1.0553007138717718e-16
2018-07-18,0.0021010193261421,-0.307794905127702,0.0061212854679761,-0.603794005026161,-0.0109125393281542,0.0004522930289181,12.1000003814697,0.791508238405057,1,2.5855515610335753e-06,0.9999974144481486,5.1229684846351926e-17,Bull,5.1229684846351926e-17
2018-07-19,-0.0037782236447236,-0.388917555301479,0.0061189694463018,-0.605090512804175,-0.0146424822424393,0.0004600922863554,12.8699998855591,0.780427086807186,1,6.355856634815578e-06,0.9999936441438044,6.361013710804986e-17,Bull,6.361013710804986e-17
2018-07-20,-0.0011435892250437,-0.221631923062725,0.0061288102036844,-0.535882240587959,-0.0157686824046402,0.0004633017252213,12.8599996566772,0.739073704951126,1,7.67976203814763e-06,0.9999923202380379,4.286252852384867e-17,Bull,4.286252852384867e-17
2018-07-23,0.0018575689959217,-0.285699817936309,0.0059229600146852,-0.713035168716006,-0.0139387056964659,0.0004633736838565,12.6199998855591,0.715799760684092,1,3.3590874884591203e-06,0.99999664091429,7.821742041606074e-18,Bull,7.821742041606074e-18
2018-07-24,0.0050192540384852,-0.373738313437732,0.0059852701819754,-0.754099917013471,-0.0089769718782925,0.000463804649385,12.4099998474121,0.706718731557291,1,1.6438248109552097e-06,0.9999983561769891,5.695441425714198e-19,Bull,5.695441425714198e-19
2018-07-25,0.0084861984145572,-0.445783076395945,0.0051233061831694,-0.441195032050394,-0.0005311681307855,0.0004648589801768,12.289999961853,0.643191773192047,1,6.780948780869622e-07,0.9999993219064461,2.2468436242272694e-20,Bull,2.2468436242272694e-20
2018-07-26,-0.0023609975949812,-0.508592677541921,0.0052205022965491,-0.323627120017656,-0.0028881281557439,0.0004520401636739,12.1400003433228,0.665128545103493,1,3.3854219954435467e-07,0.9999996614570255,2.64860429392662e-20,Bull,2.64860429392662e-20
2018-07-27,-0.0067999622406222,-0.499790266369057,0.0050787611145433,-0.23154839416386,-0.0096454504279063,0.000457870872743,13.0299997329712,0.719828184374677,1,1.3538003423923478e-06,0.9999986461998629,9.299846029913031e-19,Bull,9.299846029913031e-19
2018-07-30,-0.005237231695788,-0.191234801121753,0.0052477009077468,-0.059766510084473,-0.0148186083273674,0.0004654524253344,14.2600002288818,0.726151499849422,1,6.076897377645762e-06,0.9999939231022853,7.556583987969634e-18,Bull,7.556583987969634e-18
2018-07-31,0.0049170168379486,-0.0147622286837514,0.0052981142983768,-0.14125797432703,-0.0099625259003597,0.0004678127754436,12.8299999237061,0.724633562405817,1,2.5620604093654505e-06,0.9999974379385173,1.8316817670240853e-18,Bull,1.8316817670240853e-18
2018-08-01,-0.001671582970335,-0.124033311377857,0.0053485203805969,-0.0462942381524252,-0.0116160732762145,0.0004461633573861,13.1499996185303,0.490746513001342,1,2.958706113795882e-07,0.9999997041305033,6.015625234068513e-23,Bull,6.015625234068513e-23
2018-08-02,0.0054330178089836,-0.140073995117884,0.0052795956156154,-0.231185536683603,-0.0062315519449438,0.0004185646568583,12.1899995803833,0.47656488993794,1,1.48840711027746e-07,0.9999998511593842,1.3386568866175062e-24,Bull,1.3386568866175062e-24
2018-08-03,0.0042751397118623,-0.237438148893572,0.0051199172551486,-0.227410362830218,-0.0019739585696135,0.0004240329744055,11.6400003433228,0.478123834316657,1,8.368839992057085e-08,0.9999999163119391,2.526238694081275e-25,Bull,2.526238694081275e-25
2018-08-06,0.0036607872833469,-0.327760235176199,0.0049129565392896,-0.238378818335118,0.0,0.0004446800638017,11.2700004577637,0.460559825217939,1,4.83079094963697e-08,0.9999999516912806,2.7035498125284644e-26,Bull,2.7035498125284644e-26
2018-08-07,0.00329687384228,-0.409496614592293,0.0046341152884468,-0.31044911406006,0.0,0.0004961093077802,10.9300003051758,0.443858828338737,1,2.774198649117665e-08,0.999999972256774,4.171299620300548e-27,Bull,4.171299620300548e-27
2018-08-08,-0.0004198090663818,-0.487298651745545,0.0046175008547638,-0.195485572475708,-0.0004197209588852,0.0005400497555491,10.8500003814697,0.447674063888155,1,2.1622367393354644e-08,0.9999999783758542,1.1661136173150332e-27,Bull,1.1661136173150332e-27
2018-08-09,-0.0013671848692222,-0.560817233075824,0.0042395778830996,-0.06395591206198,-0.0017853982125982,0.0006058095531636,11.2700004577637,0.426026636217605,1,1.1693630065635026e-08,0.9999999883075361,6.8947834304887845e-28,Bull,6.8947834304887845e-28
2018-08-10,-0.006723193863281,-0.50380016706007,0.0042145824982418,-0.182156956212455,-0.0084740786551645,0.0006426851723155,13.1599998474121,0.394770947681165,1,3.337594197939863e-08,0.999999966625183,5.304181021424904e-28,Bull,5.304181021424904e-28
2018-08-13,-0.0037501500561978,-0.265282026059116,0.0043216927556356,-0.0688865446309914,-0.0121854861276943,0.0006590776483797,14.7799997329712,0.398365629971184,1,7.881268936114621e-08,0.9999999211868302,2.0215482458188004e-27,Bull,2.0215482458188004e-27
2018-08-14,0.006360477534332,-0.124919942856995,0.0044973004094125,-0.178720801058547,-0.0058824903218261,0.00065370786297,13.3100004196167,0.391878041385975,1,4.705497360917851e-08,0.9999999529463832,1.338215788602685e-26,Bull,1.338215788602685e-26
2018-08-15,-0.0074957321810931,-0.220898958753413,0.0047741653604306,-0.0765439039093849,-0.0133062708363092,0.0006244130158087,14.6400003433228,0.401771242598971,1,2.7338108778489276e-07,0.999999726620482,3.150298581689664e-26,Bull,3.150298581689664e-26
2018-08-16,0.0080592210495291,0.0121529992190984,0.0050599171975764,-0.0490932144679585,-0.0053221583156075,0.0005837178023087,13.4499998092651,0.400531653041939,1,1.3694828380263448e-07,0.9999998630519351,3.27486577503116e-26,Bull,3.27486577503116e-26
2018-08-17,0.0035141914899368,-0.0977149859935603,0.0050011156911193,-0.221302980038788,-0.001820520800387,0.000535313634535,12.6400003433228,0.402082023585037,1,4.9399435020422217e-08,0.999999950599887,6.814727235116517e-27,Bull,6.814727235116517e-27
2018-08-20,0.0021373283666665,-0.196845352538062,0.0049868554321587,-0.31538562985023,0.0,0.0004746947894646,12.4899997711182,0.434952901810106,1,6.24699243280388e-08,0.9999999375286299,1.2413818278179995e-26,Bull,1.2413818278179995e-26
2018-08-21,0.0023426671968227,-0.290903443254456,0.0049921029240438,-0.32789177058716,0.0,0.0004244645201916,12.8599996566772,0.451312895185811,1,6.596216164698752e-08,0.9999999340361705,1.6319129241460962e-26,Bull,1.6319129241460962e-26
2018-08-22,-0.0005935084869292,-0.375784351043535,0.004917662460307,-0.204915744726391,-0.0005933323956057,0.0003520476888461,12.25,0.442131640105826,1,3.667333829299867e-08,0.9999999633255363,5.3432966402796866e-27,Bull,5.3432966402796866e-27
2018-08-23,-0.0013290549697586,-0.444381246540987,0.0046035167091034,-0.183126514075639,-0.0019207165153753,0.0003537815400149,12.4099998474121,0.428940350933749,1,2.2568288617088274e-08,0.9999999774299797,1.7152133537402482e-27,Bull,1.7152133537402482e-27
2018-08-24,0.0059999153093865,-0.389611419080237,0.004722117121416,-0.330137200895276,0.0,0.0003460478272356,11.9899997711182,0.412784828995679,1,3.063118032690385e-08,0.9999999693682189,2.806149706147936e-28,Bull,2.806149706147936e-28
2018-08-27,0.0078647435960155,-0.457505502900696,0.004641864120679,-0.409208660881945,0.0,0.000344791355036,12.1599998474121,0.334898324366508,1,1.1096497766343093e-08,0.9999999889041646,6.551161807557156e-31,Bull,6.551161807557156e-31
2018-08-28,0.0004828075423182,-0.518586897399601,0.0043945254856551,-0.49747752429874,0.0,0.0003433799447835,12.5,0.269202921993656,1,1.6866996912487878e-09,0.9999999983119778,2.12057212369308e-33,Bull,2.12057212369308e-33
2018-08-29,0.0053666275003694,-0.583354314187839,0.0044122140179028,-0.496703817276818,0.0,0.0003319886364362,12.25,0.297861818234525,1,3.1316284271698695e-09,0.9999999968677002,2.9494720557898683e-32,Bull,2.9494720557898683e-32
2018-08-30,-0.0040568487659751,-0.637832330886531,0.0045320922789,-0.464737273841093,-0.0040486308716943,0.0003047393489739,13.5299997329712,0.423974173832075,1,3.150002636276849e-08,0.999999968498742,2.720246632767581e-29,Bull,2.720246632767581e-29
2018-08-31,3.46696669417668e-05,-0.533458417375847,0.0044547122513482,-0.3471946064147,-0.0040141009708696,0.0002795472587147,12.8599996566772,0.35189759689039,1,6.224301998563008e-09,0.9999999937754183,3.488370318242904e-30,Bull,3.488370318242904e-30
2018-09-04,-0.0017238964938286,-0.54795045475632,0.0044478851513366,-0.182519595376061,-0.0057295984751974,0.000263352334576,13.1599998474121,0.36253334942233,1,7.836883190122701e-09,0.9999999921637936,4.612209513140477e-30,Bull,4.612209513140477e-30
2018-09-05,-0.0026946400075527,-0.517803339217679,0.0044761639125088,-0.0108447244768,-0.0084051927767704,0.000257660765039,13.9099998474121,0.410414243694768,1,2.3588474866015215e-08,0.9999999764113457,3.988361159523019e-28,Bull,3.988361159523019e-28
2018-09-06,-0.0030147261665538,-0.459604131275516,0.0045069019808456,0.155856332924047,-0.011390078022203,0.0002587135283565,14.6499996185303,0.439054766631957,1,6.180772656988957e-08,0.999999938190742,2.4361312495454805e-26,Bull,2.4361312495454805e-26
2018-09-07,-0.0019454039605673,-0.329131543875326,0.0045334732978575,0.195378616362746,-0.0133114541475437,0.0002592444205392,14.8800001144409,0.456549136942102,1,1.3090478201364983e-07,0.9999998690946171,7.251074641186085e-26,Bull,7.251074641186085e-26
2018-09-10,0.0017367727403137,-0.345292489003474,0.0045250870451937,0.100301732018843,-0.0115963114024709,0.0002462146157075,14.1599998474121,0.400761802651953,1,3.2837788845082467e-08,0.9999999671636038,2.6795983396106148e-27,Bull,2.6795983396106148e-27
2018-09-11,0.0032921057905435,-0.427362023856698,0.0042444326030046,0.0420127110404345,-0.0083370198732587,0.0002438328677375,13.2200002670288,0.431996417733433,1,2.3578393279551456e-08,0.9999999764222597,1.696246242000875e-27,Bull,1.696246242000875e-27
2018-09-12,0.0002419830171209,-0.496181135535927,0.0041092135760759,-0.0181547944555311,-0.0080970252372186,0.0002607083701895,13.1400003433228,0.426598704238105,1,1.7706737495515068e-08,0.9999999822939573,1.0871766092271598e-27,Bull,1.0871766092271598e-27
2018-09-13,0.0058972402775463,-0.530883169676698,0.0040811069411616,-0.0276888163431852,-0.0022302531834026,0.0002845241320427,12.3699998855591,0.460950991882222,1,2.6845738490431514e-08,0.9999999731553547,1.99837259267907e-27,Bull,1.99837259267907e-27
2018-09-14,0.0001719539753013,-0.587980744071755,0.0035814897116418,0.363795752981337,-0.0020586679570443,0.0003562021886379,12.0699996948242,0.447952717399203,1,9.343848139231304e-09,0.9999999906576704,1.0534199282406952e-26,Bull,1.0534199282406952e-26
2018-09-17,-0.0053081552179321,-0.648022423437589,0.0035476881203047,0.246014528822184,-0.0073418610363061,0.000395375153146,13.6800003051758,0.539786656255259,1,7.942754188417406e-08,0.9999999205720118,5.58815524849935e-25,Bull,5.58815524849935e-25
2018-09-18,0.0054115977756792,-0.424666668047314,0.003641141465232,0.230752413841173,-0.0019554330138253,0.0004136933770397,12.789999961853,0.5528869791487,1,7.021375338014583e-08,0.9999999297870115,3.458005974459462e-24,Bull,3.458005974459462e-24
2018-09-19,0.0010647295777648,-0.494153261969691,0.0036314188349875,0.27413851123606,-0.000892219526446,0.0004228185989849,11.75,0.543234064176654,1,3.60956724435126e-08,0.9999999639039749,3.4247476944745996e-24,Bull,3.4247476944745996e-24
2018-09-20,0.008071240663189,-0.562806663628122,0.0039455063518044,0.303975041089655,0.0,0.0004024590397195,11.8000001907349,0.571478353474891,1,9.210321611453993e-08,0.9999999078972948,5.065665992699768e-24,Bull,5.065665992699768e-24
2018-09-21,-0.0009140807113539,-0.616064958361294,0.0039533603490117,0.311020159707682,-0.0009136630668435,0.0003809011664653,11.6800003051758,0.573531599968304,1,4.4099436341158934e-08,0.9999999559004219,5.0731089342921405e-24,Bull,5.0731089342921405e-24
2018-09-24,-0.0033271966441255,-0.640483941411315,0.0040397133854787,0.305237028699454,-0.0042322958408606,0.0003736069535634,12.1999998092651,0.54036046797664,1,3.975068848254833e-08,0.9999999602478064,5.342655738752623e-25,Bull,5.342655738752623e-25
2018-09-25,-0.0009282349146655,-0.523965026989413,0.0038981316122251,0.490456974788512,-0.0051561733367475,0.0003602263302529,12.4200000762939,0.537745529713714,1,3.1165112396877715e-08,0.999999968833436,7.16776600148107e-25,Bull,7.16776600148107e-25
2018-09-26,-0.0029968933053865,-0.497835795179452,0.0036172001536311,0.609572004218568,-0.0081331510703488,0.0003626940534966,12.8900003433228,0.543609427370194,1,4.5425986347825545e-08,0.9999999545725596,1.1223481803381045e-24,Bull,1.1223481803381045e-24
2018-09-27,0.0027902263905188,-0.452767344333914,0.0036600075023712,0.513605752124536,-0.0053617533971488,0.0003704872978447,12.4099998474121,0.54464630939139,1,3.425066839769448e-08,0.9999999657484301,5.155014419457665e-25,Bull,5.155014419457665e-25
2018-09-28,0.0001029256984779,-0.526089898309226,0.0034741727953138,0.667632982085723,-0.0052593742922545,0.0003856277675462,12.1199998855591,0.509295711882319,1,1.598756465988903e-08,0.9999999840110833,1.4016202697444427e-25,Bull,1.4016202697444427e-25
2018-10-01,0.0034684856280975,-0.593702155536518,0.0034125329997079,0.52208298441857,-0.0018031402442281,0.0003919529669827,12.0,0.549515011463439,1,2.7147481635069116e-08,0.9999999728534025,2.857745814033797e-25,Bull,2.857745814033797e-25
2018-10-02,-0.000582973599454,-0.653602769711558,0.0034189388976831,0.544281479815784,-0.0023848930707778,0.0003956484953125,12.0500001907349,0.542817418698228,1,2.2293710390778486e-08,0.9999999777064661,2.816267106534303e-25,Bull,2.816267106534303e-25
2018-10-03,0.0005486281698212,-0.694755393013712,0.0033834796908577,0.476249710091461,-0.0018374231555001,0.0003955462073212,11.6099996566772,0.54142105287929,1,2.019552977748426e-08,0.9999999798055799,5.055442521872178e-24,Bull,5.055442521872178e-24
2018-10-04,-0.0078460661836379,-0.741541474314885,0.0037909986261179,0.0170618184175995,-0.0096384291710943,0.000372318250055,14.2200002670288,0.627657912307197,1,5.098318961645584e-07,0.999999490166504,2.114288374376891e-21,Bull,2.114288374376891e-21
2018-10-05,-0.0056131152414646,-0.365949756515559,0.0039433418245344,-0.0296243868712765,-0.0151818702572615,0.0003422223115363,14.8199996948242,0.652286864151625,1,2.035214097732744e-06,0.9999979647857591,2.8070007562387444e-18,Bull,2.8070007562387444e-18
2018-10-08,0.0,-0.164367889418641,0.003914179603991,-0.0951042392973454,-0.0151818702572615,0.0003030193326042,15.6899995803833,0.63281025606272,1,1.5690303157327608e-05,0.9999843096951221,1.9580466356865545e-15,Bull,1.9580466356865545e-15
2018-10-09,-0.0014605226391584,-0.208178509340863,0.0039157000103187,0.0175195656017942,-0.0166191695716151,0.0002556490620387,15.9499998092651,0.650393545567444,1,0.004532988303378644,0.9954670116923346,3.65266762346718e-12,Bull,3.65266762346718e-12
2018-10-10,-0.0321750107530061,-0.269004006509141,0.0079943282293757,-2.7128366658725,-0.0477558605873672,0.0009551264557731,22.9599990844727,0.809714882024626,0,0.9999960280626266,1.4082086727984754e-16,3.971938337541419e-06,Neutral,3.971938337541419e-06
2018-10-11,-0.0222724748253951,1.98170189074758,0.0091609787829635,-2.03131986440496,-0.0687302513700543,0.0014858881440985,24.9799995422363,0.765097119801048,0,0.9998372566643219,4.229018451966198e-34,0.0001627433367485273,Neutral,0.0001627433367485273
2018-10-12,0.0137923092366439,2.74324513792316,0.0096772488635685,-1.62634258046613,-0.0557969056854804,0.0019072994178184,21.3099994659424,0.799530372302177,0,0.9999626481139952,1.9313818384213217e-29,3.73518849165492e-05,Neutral,3.73518849165492e-05
2018-10-15,-0.0056325732121154,2.3043414372034,0.0096864296417141,-1.53692755781345,-0.0611002489855135,0.0022086060274889,21.2999992370605,0.80924908943274,0,0.9999832310992051,6.803892793848065e-29,1.6768899990282785e-05,Neutral,1.6768899990282785e-05
2018-10-16,0.02163051350687,2.05155506907672,0.0109993890576915,-0.863909452106076,-0.0405701271625972,0.0025744398534751,17.6200008392334,0.836319078618062,0,0.9999669962988551,9.694025536163451e-23,3.300370084859641e-05,Neutral,3.300370084859641e-05
2018-10-17,0.0001780964007913,1.72068509507561,0.0108990394823076,-0.82942030264664,-0.0403992409387741,0.0028417137500461,17.3999996185303,0.837280614424235,0,0.9999916380642755,7.358185726792739e-19,8.361934940003546e-06,Neutral,8.361934940003546e-06
2018-10-18,-0.0145462037640893,1.40902670784151,0.0112403447444581,-0.632732528151747,-0.054256757637311,0.0030740463827228,20.0599994659424,0.856627428585008,0,0.9998957179731113,2.293147417662886e-25,0.00010428202675057738,Neutral,0.00010428202675057738
2018-10-19,-0.0005430860552326,1.81029087841603,0.010998588800014,-0.603085001724525,-0.0547702381593928,0.0032408439765524,19.8899993896484,0.851520708504826,0,0.9991684582036994,6.300751758199984e-26,0.0008315417968617993,Neutral,0.0008315417968617993
2018-10-22,-0.0044986899575594,1.60268102503298,0.010997591252409,-0.555975435886394,-0.0590129832437575,0.0033646740396204,19.6399993896484,0.858177637507669,0,0.9885870983955463,2.7834695424253657e-27,0.011412901605652037,Neutral,0.011412901605652037
2018-10-23,-0.0051040057695228,1.39715879492002,0.0110082521079621,-0.53116765409953,-0.0638035504650911,0.0034542017373666,20.7099990844727,0.850360966453994,0,0.8787126488290183,2.2744165427711675e-31,0.1212873511693941,Neutral,0.1212873511693941
2018-10-24,-0.0307667324662635,1.46415417527841,0.0125532088774078,-0.567110680365048,-0.0921686676967977,0.0036020954942578,25.2299995422363,0.876540567540754,2,0.006097404406405373,5.37341030675243e-60,0.9939025955954104,Panic,0.9939025955954104
2018-10-25,0.017781424216472,2.50104807748096,0.0134525494097583,-0.458999188281655,-0.0758817605871677,0.0037459443385749,24.2199993133545,0.873329702085205,2,0.00017986405727056016,8.345548624387529e-53,0.9998201359442886,Panic,0.9998201359442886
2018-10-26,-0.0177440493712773,2.09049638559235,0.0137259773964963,-0.276209874242003,-0.0921347370072169,0.0038465679230089,24.1599998474121,0.876733324434467,2,8.985264443115747e-06,1.8693028005298336e-63,0.9999910147347553,Panic,0.9999910147347553
2018-10-29,-0.0055557013282934,2.28301373251757,0.0136897508298665,-0.219687086276783,-0.0971645801640719,0.0038684230870321,24.7000007629395,0.868746749686791,2,2.7824763691804382e-05,4.906059927477456e-66,0.9999721752370883,Panic,0.9999721752370883
2018-10-30,0.0147099760507192,2.21891889506911,0.0142307914050516,-0.192330589696769,-0.0837857327438081,0.003854969088169,23.3500003814697,0.850978271690255,2,0.0008141924418387176,1.6537883606194432e-55,0.9991858075592924,Panic,0.9991858075592924
2018-10-31,0.0106240270054894,1.84741952301514,0.0145745128828238,-0.239741408402905,-0.0739999574985826,0.0037901563618289,21.2299995422363,0.862449757541076,2,0.030125164951815126,5.637843816464834e-45,0.9698748350474166,Panic,0.9698748350474166
2018-11-01,0.0105855479936618,1.52726360135342,0.0148769824019219,-0.281354337198798,-0.0641456751344283,0.0036590183362929,19.3400001525879,0.850408601323604,2,0.27180037953937064,3.036276940244949e-36,0.7281996204592156,Panic,0.7281996204592156
2018-11-02,-0.0059404467074566,1.23694600449717,0.0148521805824805,-0.300214152477336,-0.0696885878880588,0.0034736077997482,19.5100002288818,0.746748033448891,0,0.8555604576047791,4.0642039067430074e-36,0.14443954239507492,Neutral,0.14443954239507492
2018-11-05,0.0055016357062989,1.02650689220708,0.0149513151021265,-0.393522753349379,-0.0645562482190791,0.0032108941183935,19.9599990844727,0.717611349418279,0,0.9929783923535719,1.587348886914135e-31,0.007021607645546065,Neutral,0.007021607645546065
2018-11-06,0.0063083206212812,0.786722267261357,0.015065919684865,-0.436069369389675,-0.0586365169595331,0.0028266690329442,19.9099998474121,0.720834186971376,0,0.9998634831341876,3.1951995325128712e-27,0.00013651686545701112,Neutral,0.00013651686545701112
2018-11-07,0.0211828683881121,0.586677355369425,0.0159045944498777,-0.41765801379678,-0.0384830375316867,0.0023106776800141,16.3600006103516,0.747742051956875,0,0.9999682128650393,3.431488320357538e-21,3.178713337404312e-05,Neutral,3.178713337404312e-05
2018-11-08,-0.0018166363818004,0.421232132869629,0.0142272841648412,-0.361591019034405,-0.0402281786041055,0.0021069002378628,16.7199993133545,0.697277843646188,0,0.9999996367333301,4.040736996182699e-16,3.6326654903488936e-07,Neutral,3.6326654903488936e-07
2018-11-09,-0.0098163640664665,0.251087813401952,0.0134756832956189,-0.339890890708243,-0.0496035568755259,0.0019486034568328,17.3600006103516,0.728013606445522,0,0.9999994613719169,1.3793009034881657e-18,5.386289232168546e-07,Neutral,5.386289232168546e-07
2018-11-12,-0.0188619369704943,0.532374852204373,0.01380194742253,-0.161533112527932,-0.0673618700999359,0.0018094838397514,20.4500007629395,0.72840952097809,0,0.9999953437362994,8.950598553000351e-30,4.6562650353605405e-06,Neutral,4.6562650353605405e-06
2018-11-13,-0.0018730667626831,1.30609171113978,0.013757538117493,-0.200621539497622,-0.069107128579585,0.0016344990112924,20.0200004577637,0.724697561803625,0,0.9999982217575402,2.59208370433642e-30,1.7782427425719611e-06,Neutral,1.7782427425719611e-06
2018-11-14,-0.0068598595393885,1.07162311356789,0.0128504562952264,-0.185279720274178,-0.0754710700952865,0.0015521078256652,21.25,0.707044273860177,0,0.9999989804824249,1.832449152950513e-32,1.0195192695468867e-06,Neutral,1.0195192695468867e-06
2018-11-15,0.0103823873781206,1.20473296300478,0.0131177354164505,-0.247597123633331,-0.0658222503843032,0.001446155821953,19.9799995422363,0.722127359790212,0,0.9999988206225359,9.886687084800694e-28,1.1793780813026022e-06,Neutral,1.1793780813026022e-06
2018-11-16,0.0025972525410304,0.953983195635821,0.0127798619156101,-0.405649591640961,-0.0633928012695948,0.0013628747359994,18.1399993896484,0.716114972669822,0,0.9999996388106154,2.765015990696537e-24,3.611895538645622e-07,Neutral,3.611895538645622e-07
2018-11-19,-0.0170591036756154,0.715982226871896,0.0132833676843778,-0.278949920629878,-0.0792349697905326,0.0012326148502016,20.1000003814697,0.743926865786158,0,0.9999952830369074,2.65269579879004e-35,4.7169642473842196e-06,Neutral,4.7169642473842196e-06
2018-11-20,-0.0186796226240196,1.13151189008497,0.01380698196902,-0.200350584743867,-0.0962748681722265,0.001069092563928,22.4799995422363,0.766820700055682,0,0.9999479710133975,7.063065473629595e-50,5.20289859655948e-05,Neutral,5.20289859655948e-05
2018-11-21,0.0034017416569973,1.84476905848345,0.0138337649401583,-0.285675884305349,-0.0931953939265005,0.0008554531669044,20.7999992370605,0.783342040108703,0,0.9999751650130585,1.322569672221584e-47,2.4834985185930634e-05,Neutral,2.4834985185930634e-05
2018-11-23,-0.006701232602178,1.49868591025943,0.0121887380858568,-0.0036199158257705,-0.0992517872022127,0.0008881418435449,21.5200004577637,0.775595623507784,0,0.999988256735209,3.596320965615586e-49,1.1743264603705899e-05,Neutral,1.1743264603705899e-05
2018-11-26,0.0160156152844495,1.4786037118103,0.0120626735467942,-0.0284731365918418,-0.0847096102396951,0.0009729341266263,18.8999996185303,0.775947931451037,0,0.9999921024412189,7.206780656007587e-39,7.897558010118124e-06,Neutral,7.897558010118124e-06
2018-11-27,0.0033588306607548,1.19384864007992,0.0114120055127642,-0.125049813991533,-0.081630135993969,0.001110210084075,19.0200004577637,0.791688293090602,0,0.9999979228690535,6.531201079216562e-34,2.0771310442804136e-06,Neutral,2.0771310442804136e-06
2018-11-28,0.0227643481401651,0.928611679292768,0.0122939148283272,-0.130024467786014,-0.060484271951307,0.00115486617177,18.4899997711182,0.827969771049009,0,0.9999890828926455,3.450350793341364e-25,1.0917108109087172e-05,Neutral,1.0917108109087172e-05
2018-11-29,-0.0021875409637433,0.718005468599001,0.0119618163522759,0.0009400865987523,-0.062537254781791,0.0012060823974061,18.7900009155273,0.84325327008988,0,0.9999981335694567,2.256601975645671e-22,1.8664300108920873e-06,Neutral,1.8664300108920873e-06
2018-11-30,0.0060768976498506,0.538050822257295,0.0118209640424221,0.0342672959626904,-0.0568230448790312,0.0012411765187714,18.0699996948242,0.834817829529914,0,0.9999987409581731,4.568360998857836e-19,1.2590415086996663e-06,Neutral,1.2590415086996663e-06
2018-12-03,0.0131543509662322,0.346468050804983,0.0119391711927785,0.029935599975869,-0.0443342029686888,0.0012371529753926,16.4400005340576,0.856361262376275,0,0.9999949878418292,1.9513768260432113e-14,5.012157927512827e-06,Neutral,5.012157927512827e-06
2018-12-04,-0.0329389150461319,0.184500264337022,0.0139994882111286,-0.421893918291827,-0.0753000077606179,0.0011971525647439,20.7399997711182,0.905070868403706,0,0.9990041211968755,3.9072379848939534e-38,0.0009958788017004438,Neutral,0.0009958788017004438
2018-12-06,-0.0015184188035855,1.53455779023914,0.0139380044718813,-0.357465806453887,-0.0767030241636995,0.0011450107591367,21.1900005340576,0.929000076163386,0,0.9993535252745293,8.81680098924473e-36,0.0006464747250646647,Neutral,0.0006464747250646647
2018-12-07,-0.0235101216050193,1.50895591945138,0.0146949535658226,-0.205971513549112,-0.0981566712608116,0.001117565271008,23.2299995422363,0.932868722540972,0,0.9962113938739278,1.251254482739921e-55,0.0037886061271621726,Neutral,0.0037886061271621726
2018-12-10,0.0018951409452681,2.0029170390906,0.013742657524382,-0.292152048751791,-0.0964459305068952,0.0009414355640437,22.6399993896484,0.916023618934817,0,0.9984507904354407,2.851688871256288e-51,0.0015492095641336688,Neutral,0.0015492095641336688
2018-12-11,0.0002270432415389,1.71338897675884,0.0137583919073382,-0.312287524830106,-0.0962407613718002,0.0009185124588144,21.7600002288818,0.915949109753764,0,0.9990542941319228,1.8684494789882867e-49,0.0009457058686388217,Neutral,0.0009457058686388217
2018-12-12,0.0050230589452127,1.37075439227018,0.0137645105697498,-0.453592966395512,-0.0916897049004486,0.0009269767453999,21.4599990844727,0.916667806008058,0,0.9980024763486792,1.0826801316958211e-44,0.0019975236509126274,Neutral,0.0019975236509126274
2018-12-13,-0.0003391683530198,1.07696517901843,0.0132233506868339,-0.613531937080996,-0.0919977227693595,0.0009131325973206,20.6499996185303,0.906764451522526,0,0.9859524568944238,4.766703869082081e-43,0.014047543106988684,Neutral,0.014047543106988684
2018-12-14,-0.0186371661978315,0.926183254597033,0.0137565474422282,-0.469324072816193,-0.108763592675339,0.0009130947068951,21.6299991607666,0.911965090906575,0,0.7014980857287033,9.125641372307898e-60,0.2985019142698269,Neutral,0.2985019142698269
2018-12-17,-0.0198138037752909,1.29871415932485,0.0142630317919429,-0.384700210743294,-0.126248581867416,0.0009483491116882,24.5200004577637,0.896092176946274,2,0.13988273515867689,9.998084226098064e-80,0.8601172648419445,Panic,0.8601172648419445
2018-12-18,-0.001097005200072,2.07430563982528,0.0139535989800996,-0.332422955877313,-0.127206566163729,0.0009653814397972,25.5799999237061,0.887368482523298,2,0.03645159047108604,1.7175404293494335e-82,0.9635484095293323,Panic,0.9635484095293323
2018-12-19,-0.0150889224830868,1.67854961168737,0.0141166714259716,-0.171346984767719,-0.140277219604237,0.0009825946911003,25.5799999237061,0.877395838830926,2,0.003210031776827637,2.520854761881179e-98,0.9967899682225846,Panic,0.9967899682225846
2018-12-20,-0.016411899033633,2.03022385753106,0.0140875925820822,-0.173434326408095,-0.154271750540631,0.0010003210408824,28.3799991607666,0.874758089097438,2,2.6897395335168102e-05,3.3287738579773978e-121,0.9999731026052713,Panic,0.9999731026052713
2018-12-21,-0.0207025285649403,2.23823122666092,0.01419911899616,-0.175139469081292,-0.171600470709068,0.0010144541573915,30.1100006103516,0.879954100574092,2,1.9210558856596304e-07,1.0455202784633923e-153,0.9999998078929095,Panic,0.9999998078929095
2018-12-24,-0.0267781630199657,2.68658809763907,0.0149068401362543,-0.040019146539812,-0.193489111594751,0.0010689733535248,36.0699996948242,0.879266069944477,2,5.047989481417181e-11,1.2890566540612982e-202,0.9999999999490683,Panic,0.9999999999490683
2018-12-26,0.0492898027156636,3.0,0.0191109759815542,0.761909685253861,-0.152740349331125,0.001621541728193,30.4099998474121,0.924511434128469,2,1.323661398135818e-13,9.139538049328995e-164,1.0,Panic,1.0
2018-12-27,0.0076481712159584,2.69593288265753,0.0187809259678126,0.824662680110969,-0.146235519138964,0.0019237659175073,29.9599990844727,0.920625882206158,2,2.720313937592547e-09,7.676081668583294e-137,0.9999999972787919,Panic,0.9999999972787919
2018-12-28,-0.0012908120597199,2.21953534245413,0.0187256565689112,0.866082578482631,-0.147336857663575,0.0020892148747588,28.3400001525879,0.919280155739931,2,1.2074741459288276e-08,2.394248877338118e-128,0.9999999879255483,Panic,0.9999999879255483
2018-12-31,0.0087204905216227,1.89635208860485,0.0179751951883831,0.949348834609528,-0.139868701146118,0.0021776437768166,25.4200000762939,0.910936890115698,2,1.7178281281188704e-07,1.244553949635361e-113,0.9999998282182935,Panic,0.9999998282182935
2019-01-02,0.0010400605669236,1.52822053793629,0.0180070673037734,0.919271287603611,-0.13897364712529,0.0022099968594012,23.2199993133545,0.910590438112015,2,7.169724946243506e-07,5.005876932703118e-110,0.9999992830273937,Panic,0.9999992830273937
2019-01-03,-0.0241520594016968,1.20475593623488,0.01836179307759,1.03270712522359,-0.159520088553229,0.0022162162145548,25.4500007629395,0.870903834925589,2,9.785431107416359e-09,1.1679125184898388e-140,0.999999990213837,Panic,0.999999990213837
2019-01-04,0.032946906199661,2.02014090278948,0.019816938562456,1.00636444979148,-0.131367654519362,0.002300880450873,21.3799991607666,0.886804040501727,2,1.2632127544555729e-09,7.352446683811144e-116,0.9999999987376214,Panic,0.9999999987376214
2019-01-07,0.007853561751439,1.66551200572234,0.0188714863174945,1.03673544844914,-0.124518938549408,0.002377867135162,21.3999996185303,0.880913164592668,2,3.821599564943768e-07,1.2920995834343154e-97,0.9999996178413133,Panic,0.9999996178413133
2019-01-08,0.0093516008894694,1.32584993261658,0.0190509888623335,0.936815435692579,-0.116293387988747,0.0024373934269577,20.4699993133545,0.883157354858944,2,7.515710702744372e-07,3.0625464748235344e-85,0.9999992484302407,Panic,0.9999992484302407
2019-01-09,0.0046624499912786,1.03289529844124,0.0184494042457959,0.890256850574604,-0.112163529956396,0.0024700728038272,19.9799995422363,0.8791728037032,2,4.017112648207656e-06,9.312901918294852e-78,0.9999959828863862,Panic,0.9999959828863862
2019-01-10,0.0035213529284572,0.763940424772627,0.0184644484188793,0.875672333075754,-0.109031633382304,0.0024467089361888,19.5,0.884954485374809,2,6.42001109246838e-06,6.534496708184501e-73,0.9999935799884581,Panic,0.9999935799884581
2019-01-11,0.0003864209895887,0.530714984975993,0.018464867431378,0.87435291753032,-0.108687277975589,0.0024020889464482,18.1900005340576,0.88689933857023,2,9.509472882648078e-06,2.2151251647396598e-71,0.9999904905286846,Panic,0.9999904905286846
2019-01-14,-0.0061198781210078,0.417839944882747,0.0184534806393604,0.961567544770756,-0.114125346072487,0.0023341711234413,19.0699996948242,0.886714369563152,2,6.1287083600989895e-06,6.691418914253793e-76,0.9999938712905073,Panic,0.9999938712905073
2019-01-15,0.0113960342989721,0.347306717620364,0.0186571279317143,0.854046318623091,-0.103972144899777,0.0022029344954776,18.6000003814697,0.889170678307534,2,1.3525443461789778e-05,3.909155531562825e-66,0.9999864745555641,Panic,0.9999864745555641
2019-01-16,0.0024167572206668,0.159813120557049,0.0182013408402374,0.800154497902416,-0.101804044279902,0.0020684581592768,19.0400009155273,0.88392019518699,2,0.000299685174435839,1.3077000223779066e-60,0.9997003148238025,Panic,0.9997003148238025
2019-01-17,0.0075579703583388,-0.0124090009935658,0.0176555345946048,0.729312558360015,-0.0949897873320651,0.0019416824437594,18.0599994659424,0.895849243504874,2,0.0035901787663651856,3.0569760575175543e-52,0.996409821232553,Panic,0.996409821232553
2019-01-18,0.0132223948131758,-0.165772561064969,0.0178189308900235,0.605877219509627,-0.0829439229019592,0.0017595075158537,17.7999992370605,0.90014543552809,2,0.016821233568854444,3.025674378396554e-43,0.9831787664324589,Panic,0.9831787664324589
2019-01-22,-0.0136027714697979,-0.294743010236438,0.017748998202875,0.612213211311558,-0.095333966627934,0.0015538084829868,20.7999992370605,0.908789566802532,2,0.05970066239067431,7.283252763627419e-52,0.9402993376110869,Panic,0.9402993376110869
2019-01-23,0.0020903805156748,0.0429172649812767,0.0172183999394072,0.580227048750376,-0.0934408924452322,0.0012995576925862,19.5200004577637,0.905535974389012,2,0.3509926614883994,1.462446978869705e-47,0.6490073385115346,Panic,0.6490073385115346
2019-01-24,0.0005312327903972,-0.06636934465548,0.0163389422754258,0.650890989025393,-0.0929591705789691,0.0010411511124874,18.8899993896484,0.897630356517611,0,0.7569082846957426,1.594476880628121e-44,0.24309171530432194,Neutral,0.24309171530432194
2019-01-25,0.0084260779488092,-0.223009880135124,0.0147140458481062,1.02413960665437,-0.085284083817961,0.0010715535562509,17.4200000762939,0.899888502856483,0,0.9598865995763188,3.609061263321626e-36,0.04011340042432584,Neutral,0.04011340042432584
2019-01-28,-0.0076295635240235,-0.359981290047848,0.0111511905851754,0.023518212482469,-0.0922364116687289,0.0018412988216083,18.8700008392334,0.868348170641425,0,0.9997050858328896,2.9761999872176103e-38,0.00029491416748931724,Neutral,0.00029491416748931724
2019-01-29,-0.0013277472151829,-0.247631463816853,0.0111475953591185,0.134767293049557,-0.0934408924452322,0.0023204570233933,19.1299991607666,0.864416017528552,0,0.9999909344962189,1.6739885722938126e-39,9.065503954566214e-06,Neutral,9.065503954566214e-06
2019-01-30,0.0157065561715433,-0.291499105901462,0.0114444757460921,-0.0182894235350182,-0.0790895609357028,0.0026344152032732,17.6599998474121,0.873398194599592,0,0.9999881900009117,1.0220388785191065e-31,1.1810000331969177e-05,Neutral,1.1810000331969177e-05
2019-01-31,0.0087441524179396,-0.412657505080451,0.0114449993564587,-0.0185273011971177,-0.0710016703526667,0.0028923070229563,16.5699996948242,0.844978528970168,0,0.999994163654925,2.703794351851707e-26,5.836343682442565e-06,Neutral,5.836343682442565e-06
2019-02-01,0.0004818989184576,-0.523769141500597,0.0114520526971921,-0.0118425188161454,-0.0705538791759844,0.0030950238000209,16.1399993896484,0.839186357180508,0,0.9999935767361259,5.1484032042897676e-26,6.4232628526024635e-06,Neutral,6.4232628526024635e-06
2019-02-04,0.0070102964485165,-0.572950886256972,0.0095279526480424,0.770556276935229,-0.0640152944050876,0.003403580643548,15.7299995422363,0.803710240628995,0,0.9999823507816911,1.4351115047478294e-21,1.7649217656280477e-05,Neutral,1.7649217656280477e-05
2019-02-05,0.0041832213917398,-0.672414899976327,0.0070819188351368,-0.627767125140972,-0.0600916621729049,0.0038015820652852,15.5699996948242,0.766175282415064,0,0.9999898752470073,1.281487589909065e-19,1.0124751703803133e-05,Neutral,1.0124751703803133e-05
2019-02-06,-0.0013193318183457,-0.763815601949772,0.0070993725998162,-0.462326174226073,-0.0613308954896017,0.0041185171046987,15.3800001144409,0.782016602612672,0,0.9999562489395872,4.046969784021124e-21,4.3751059526595934e-05,Neutral,4.3751059526595934e-05
2019-02-07,-0.0095781999277493,-0.826540503292812,0.0074862758388227,-0.311016736897809,-0.0702787353315809,0.00429627978145,16.3700008392334,0.780399771624738,0,0.9998455907923375,3.1882463816317747e-27,0.00015440920938827003,Neutral,0.00015440920938827003
2019-02-08,0.0012208451572313,-0.444293730656348,0.0074723226491143,-0.246929175972145,-0.0691429964884671,0.0044301850746617,15.7200002670288,0.777590180632201,0,0.9997517430928199,2.04590941568174e-26,0.0002482569083496603,Neutral,0.0002482569083496603
2019-02-11,0.0005543685253854,-0.559564693331212,0.0074751956364611,-0.189387101806644,-0.0686268156000866,0.0044957495242175,15.9700002670288,0.781412955392326,0,0.9996765524255734,2.5046201102358568e-26,0.00032344757498774197,Neutral,0.00032344757498774197
2019-02-12,0.0127774065724866,-0.666483282077935,0.007813558890803,-0.2675833331675,-0.0566499279178309,0.0044776954863953,15.4300003051758,0.773080932131293,0,0.999736857514975,1.9714284424311557e-21,0.0002631424844105406,Neutral,0.0002631424844105406
2019-02-13,0.0032417802977953,-0.747186538886724,0.0075476036770275,-0.396836881177919,-0.0535868319807433,0.0044130883641489,15.6499996185303,0.764815932996744,0,0.9999119463016146,5.296247443664952e-19,8.805369960141004e-05,Neutral,8.805369960141004e-05
2019-02-14,-0.0022209389826066,-0.831275328375786,0.007386767714301,-0.243751639455721,-0.0556864254816896,0.0042734690160812,16.2199993133545,0.752709407312457,0,0.9999648603833069,2.427694789311371e-19,3.513961554590581e-05,Neutral,3.513961554590581e-05
2019-02-15,0.0108386408123309,-0.798765961396454,0.0076073839626714,-0.317879158794128,-0.0453956817385851,0.0040860230739812,14.9099998474121,0.733128468654477,0,0.9999873037492021,3.2766766054824567e-15,1.2696251472419975e-05,Neutral,1.2696251472419975e-05
2019-02-19,0.0017287347587293,-0.867932013838587,0.0075349442873207,-0.226127542322189,-0.0437439968215515,0.0038745770085305,14.8800001144409,0.734822899308718,0,0.9999958705424202,2.534090470895032e-13,4.129455806179888e-06,Neutral,4.129455806179888e-06
2019-02-20,0.0020133732023719,-0.939769299559044,0.0071328304910209,-0.204238674747432,-0.041816757134808,0.0035823478584607,14.0200004577637,0.743885695625625,0,0.9999977335563235,1.5916376164477123e-11,2.266426029742885e-06,Neutral,2.266426029742885e-06
2019-02-21,-0.0035618816742433,-1.0074501831303,0.0063184013399654,0.221229156941312,-0.0452236214424582,0.0032257997147613,14.460000038147,0.657841822472064,0,0.9999997122140899,3.701475864451049e-11,2.877501722837485e-07,Neutral,2.877501722837485e-07
2019-02-22,0.0061807982875281,-0.937435564308288,0.0063658379913703,0.131621831198924,-0.0393040662937578,0.002790608777046,13.5100002288818,0.665074604551605,0,0.9999998435269057,3.006423657982541e-08,1.264078367888485e-07,Neutral,1.264078367888485e-07
2019-02-25,0.0013601951178561,-0.997422592595401,0.0063538724432645,0.114935383324814,-0.0379964432653628,0.0023082795817695,14.8500003814697,0.660564641472458,0,0.9999993809689938,5.825059166433413e-07,3.652432423025413e-08,Neutral,3.652432423025413e-08
2019-02-26,-0.0007157418860002,-1.0563363679087,0.0062617435351405,0.287947053681727,-0.0386847431534854,0.0018976124594361,15.1700000762939,0.651585064856345,0,0.9999982263050056,1.7503917262024371e-06,2.330166962596041e-08,Neutral,2.330166962596041e-08
2019-02-27,-0.000429630066054,-1.07511783601728,0.0058720627137472,0.416645884962553,-0.0390976643827438,0.001841968851648,14.6999998092651,0.625106780065664,0,0.9999965217454256,3.461397313557709e-06,1.685643535323883e-08,Neutral,1.685643535323883e-08
2019-02-28,-0.0018644986548341,-1.05807318050061,0.0058916476583373,0.418354447734251,-0.0408875963135539,0.0017463216890388,14.7799997329712,0.61591706510435,0,0.9999978480141598,2.1390616311382792e-06,1.2922666307058263e-08,Neutral,1.2922666307058263e-08
2019-03-01,0.0062246583524547,-1.05976958211681,0.0051618188784807,0.0854277531254848,-0.0348988296025425,0.0016133155083503,13.5699996948242,0.475452848079373,0,0.9995062890442397,0.0004937108124557158,1.4245660493209045e-10,Neutral,1.4245660493209045e-10
2019-03-04,-0.0036441713998609,-1.10521677594646,0.00508772265215,0.260953678506652,-0.0384094231982364,0.0014080804032762,14.6300001144409,0.559043002492123,0,0.9999495964481971,5.040090704468752e-05,2.6462592110508e-09,Neutral,2.6462592110508e-09
2019-03-05,-0.0013611464760119,-1.05453993844932,0.0051244985402972,0.298311608231443,-0.0397173984483226,0.0010772751942811,14.7399997711182,0.585723142266787,0,0.9999764170950161,2.3576877773547166e-05,6.028470868603934e-09,Neutral,6.028470868603934e-09
2019-03-06,-0.0060750907949103,-0.973664640224033,0.0052225177451059,0.432284910152951,-0.0455335178270552,0.0009408512632938,15.7399997711182,0.509483524257539,0,0.9999996608385693,3.384030137163806e-07,7.599573076881046e-10,Neutral,7.599573076881046e-10
2019-03-07,-0.008400669066118,-0.781651110273061,0.0055428292410847,0.440446782204455,-0.0535180900473539,0.0009638190416697,16.5900001525879,0.543152078115778,0,0.9999999970423232,7.78933506178637e-11,2.8798493688482135e-09,Neutral,2.8798493688482135e-09
2019-03-08,-0.0020019952130017,-0.454471658908787,0.0055549860594227,0.453097108864973,-0.0554110468228253,0.0009793972404703,16.0499992370605,0.55355523130496,0,0.9999999961728463,3.197713552147806e-11,3.794587577935262e-09,Neutral,3.794587577935262e-09
2019-03-11,0.0143973625667622,-0.427829047034905,0.0058778036441148,0.72758007663449,-0.0417130865503795,0.0009599969369774,14.3299999237061,0.62866126962134,0,0.9999891217531117,1.0802973922673189e-05,7.527399507715246e-08,Neutral,7.527399507715246e-08
2019-03-12,0.0037637008078643,-0.518708599533296,0.0058991937386429,0.659715171712604,-0.0380995855172546,0.0009339669323859,13.7700004577637,0.631511462162416,0,0.9690093866429252,0.03099059860650971,1.475176496721827e-08,Neutral,1.475176496721827e-08
2019-03-13,0.0065974322356483,-0.616474348827923,0.0059942019346793,0.511756153049571,-0.0317325327099479,0.0008988127176743,13.4099998474121,0.628070169330637,1,0.40851061490198676,0.5914893830612292,2.036172595236452e-09,Bull,2.036172595236452e-09
2019-03-14,-0.000639824543736,-0.700177037677552,0.0054627169051865,0.622435999459644,-0.0323518558502203,0.0008407403039634,13.5,0.600641545335624,1,0.08298578629719654,0.9170142136651451,3.837831637981568e-11,Bull,3.837831637981568e-11
2019-03-15,0.0049283762520326,-0.726083645045927,0.0055062912463692,0.576128820733485,-0.0275711508362389,0.0007877027809565,12.8800001144409,0.625703488833942,1,0.002443657956886893,0.9975563420422023,5.424559917263338e-13,Bull,5.424559917263338e-13
2019-03-18,0.0036192672388724,-0.799425963479524,0.0054673762917779,0.44954753701098,-0.0240452943005951,0.0007350750130994,13.1000003814697,0.631125383053971,1,2.2458492690158132e-05,0.9999775415065343,3.3856228885550883e-15,Bull,3.3856228885550883e-15
2019-03-19,0.0002480275835745,-0.869074332023056,0.0050414817266935,0.562604666913857,-0.0238032005915446,0.0006573700155413,13.5600004196167,0.68135390187994,1,5.615495965059978e-06,0.9999943845044399,3.220451704063441e-15,Bull,3.220451704063441e-15
2019-03-20,-0.0030144771886098,-0.934446807110203,0.0051159654151272,0.648108277557282,-0.0267414926427346,0.0005487926821255,13.9099998474121,0.670178520557482,1,0.0001346942715705625,0.9998653057290232,9.100583879384691e-14,Bull,9.100583879384691e-14
2019-03-21,0.011230854353637,-0.806736170989946,0.0055947442901612,0.58168788015364,-0.0157493581053197,0.000444426987706,13.6300001144409,0.751983262831625,1,0.0048898267656881595,0.9951101731581586,7.602588851259944e-11,Bull,7.602588851259944e-11
2019-03-22,-0.0194340469066026,-0.861219906382086,0.0071400161321916,-0.628178855035496,-0.0346926625059892,0.0005332096603403,16.4799995422363,0.889217676405064,0,0.9999714437583969,2.854668369879654e-05,9.558489637986401e-09,Neutral,9.558489637986401e-09
2019-03-25,-0.000752240475486,0.0759557060209641,0.0070246504019722,-0.542136320786415,-0.0354185327078346,0.0005910593108806,16.3299999237061,0.865459125086292,0,0.9999981970375185,1.2232668254538333e-06,5.796959177179266e-07,Neutral,5.796959177179266e-07
2019-03-26,0.0074268084503899,0.0310899359624782,0.0071976974391343,-0.575609668148089,-0.0282281029938492,0.0006606296681688,14.6800003051758,0.820702211694633,0,0.9999352599773145,6.437605889227976e-05,3.63965243265803e-07,Neutral,3.63965243265803e-07
2019-03-27,-0.0052428298448319,-0.107929474031159,0.0073023691999615,-0.48488103516536,-0.0333096053320728,0.0007347141332519,15.1499996185303,0.800986674258232,0,0.999759414805931,0.00024035248905082823,2.3270662007412305e-07,Neutral,2.3270662007412305e-07
2019-03-28,0.0037832540958451,-0.070998517341936,0.0073400885478868,-0.555801539174185,-0.0296454430790375,0.000806865643163,14.4300003051758,0.796940266452434,0,0.9662265561609608,0.03377334354552166,1.0029419254958113e-07,Neutral,1.0029419254958113e-07
2019-03-29,0.0062858132436112,-0.208609408058681,0.0074256704952068,-0.67138121577292,-0.0235267652676069,0.0008742776872509,13.710000038147,0.797635246717651,1,0.499581023007484,0.500418963704834,1.328714176352224e-08,Bull,1.328714176352224e-08
2019-04-01,0.0117893483281168,-0.32346151582595,0.0077203376671945,-0.574616148052484,-0.0119466553204319,0.0009342262213598,13.3999996185303,0.786006906133613,1,0.06942723946793118,0.9305727602544155,2.7665811230674613e-10,Bull,2.7665811230674613e-10
2019-04-02,0.0004896842098078,-0.424261541413416,0.0076451451541236,-0.65854534659562,-0.0114627027167916,0.0009648358059845,13.3599996566772,0.781304412079398,1,0.0016147134233078268,0.9983852865724661,2.7113752122724754e-12,Bull,2.7113752122724754e-12
2019-04-03,0.0015724475360583,-0.526873983054797,0.0076205422473117,-0.719079584955097,-0.0099070569142115,0.0009793514029665,13.7399997711182,0.779482135169053,1,4.1391654722686e-05,0.9999586083448827,2.4615691454266357e-14,Bull,2.4615691454266357e-14
2019-04-04,0.0026497591908141,-0.622050644403696,0.0074247562125514,-0.896007776288796,-0.0072800701343831,0.0009739753449251,13.5799999237061,0.772160340095609,1,8.200936734711318e-06,0.9999917990616943,2.122905638121155e-16,Bull,2.122905638121155e-16
2019-04-05,0.0048289224073956,-0.704992625049068,0.0070620162284432,-1.1548570081141,-0.0024747096020211,0.0009616133309909,12.8199996948242,0.748250862468634,1,4.636383104214057e-06,0.9999953636177612,1.9514223567491257e-17,Bull,1.9514223567491257e-17
2019-04-08,0.0007616899295044,-0.775812244657986,0.0069993741264996,-1.23109105329526,-0.001714615192519,0.000942397329724,13.1800003051758,0.734952708254236,1,3.72357199657554e-06,0.9999962764264841,9.312101318503964e-18,Bull,9.312101318503964e-18
2019-04-09,-0.0051379839987539,-0.831560422649686,0.006646928064656,-1.37025065668948,-0.0068306352564755,0.000929213278714,14.2799997329712,0.692237360955951,1,5.357504722043848e-06,0.9999946424939296,2.5932041556925027e-18,Bull,2.5932041556925027e-18
2019-04-10,0.0034051631447908,-0.704568024266054,0.0066418276708724,-1.36617577484208,-0.003442967030993,0.0009151740802703,13.3000001907349,0.688474474533699,1,2.3673284291588584e-06,0.9999976326717669,1.2182815236101983e-18,Bull,1.2182815236101983e-18
2019-04-11,-0.0002774877724345,-0.779784435990125,0.0065564968213719,-1.28950384732248,-0.0037194610585459,0.0009035833514273,13.0200004577637,0.687922721266097,1,1.7560932546240724e-06,0.9999982439055161,5.508376232500509e-19,Bull,5.508376232500509e-19
2019-04-12,0.0067433150459601,-0.848120728791285,0.0066414072340374,-1.37485881678551,0.0,0.0008608534121726,12.0100002288818,0.684264115285867,1,2.555689700792437e-06,0.9999974443086019,4.660312362434187e-19,Bull,4.660312362434187e-19
2019-04-15,-0.0006548949354883,-0.903413852218982,0.0066178274003975,-1.2742685366941,-0.0006546805386055,0.0008154875315858,12.3199996948242,0.677804979406644,1,1.5074524278608212e-06,0.9999984925464098,2.3374765899617103e-19,Bull,2.3374765899617103e-19
2019-04-16,0.0006548949354883,-0.958601731050425,0.0066006977607954,-1.22038459227283,0.0,0.0007604258117733,12.1800003051758,0.680738647963071,1,1.3609308836491695e-06,0.9999986390694341,1.233665257384401e-19,Bull,1.233665257384401e-19
2019-04-17,-0.0024500033965884,-1.00187993881993,0.0066483375980566,-1.14393315308547,-0.002447004587797,0.0006436966066834,12.6000003814697,0.655883494948996,1,1.2756138424921002e-06,0.9999987243872006,4.270424179567089e-20,Bull,4.270424179567089e-20
2019-04-18,0.0019668066503051,-0.914191219230882,0.0065799300304458,-1.27754731539905,-0.0004830800255364,0.0005047369627075,12.0900001525879,0.650502590282547,1,9.81239307592806e-07,0.9999990187611996,1.517065740710105e-20,Bull,1.517065740710105e-20
2019-04-22,0.0008620273416237,-0.967187595289446,0.0061833241061218,-1.49868992402119,0.0,0.0004360510679989,12.4200000762939,0.556479134777739,1,3.8484732754133526e-07,0.999999615152848,2.246326957206135e-24,Bull,2.246326957206135e-24
2019-04-23,0.0089515060453688,-0.996628348565651,0.0043396613413208,0.284275764696574,0.0,0.0007243053496318,12.2799997329712,0.282143493338746,1,1.8344510939415724e-09,0.9999999981664587,1.5525187884430053e-31,Bull,1.5525187884430053e-31
2019-04-24,-0.0022218330559775,-1.02857045885382,0.0044022212316662,0.283363390776705,-0.0022193666119266,0.0009005048969439,13.1400003433228,0.31664422976463,1,2.1929952854060896e-09,0.9999999978062988,7.506909111856141e-35,Bull,7.506909111856141e-35
2019-04-25,-0.0006160629864906,-0.937819543619206,0.0042726510356366,0.477774445572213,-0.0028338730220321,0.0010417500868191,13.25,0.146256945784557,1,5.568090406444739e-11,0.9999999999454303,2.3051520061590254e-40,Bull,2.3051520061590254e-40
2019-04-26,0.0046456860883124,-0.966567181758817,0.0039914130548412,0.52330377776051,0.0,0.0011729626698361,12.7299995422363,0.13579120375076,1,5.3013083714430475e-11,0.9999999999454303,5.239462970375126e-42,Bull,5.239462970375126e-42
2019-04-29,0.0015667010874977,-1.00855179021211,0.0039791627680469,0.606687330429331,0.0,0.0012701006381735,13.1099996566772,0.144791043085763,1,6.595545953627983e-11,0.9999999999345164,7.313688985617727e-42,Bull,7.313688985617727e-42
2019-04-30,0.0005102526103719,-1.04759501336299,0.0038796660529584,0.808125788410241,0.0,0.0013445039951163,13.1199998855591,0.130581246817794,1,4.4516946491623074e-11,0.9999999999563443,8.765721971382298e-44,Bull,8.765721971382298e-44
2019-05-01,-0.0075449583099045,-1.04815491634154,0.0037074326976201,-0.113412800063113,-0.007516566561681,0.0013896233625728,14.8000001907349,-0.0970312230341397,1,9.952882091386515e-13,1.0,9.413336831692968e-53,Bull,9.413336831692968e-53
2019-05-02,-0.0021612840206124,-0.753999295231387,0.0037697842733518,-0.0345941490406179,-0.0096592887973481,0.0014070855121688,14.4200000762939,-0.0426608724590527,1,2.1323727762091027e-12,0.999999999996362,4.050827470039808e-51,Bull,4.050827470039808e-51
2019-05-03,0.0097403192235852,-0.666276531276013,0.0042391346129512,0.163583373784317,0.0,0.001374366703641,12.8699998855591,0.0396904785572051,1,2.9160263386909934e-11,0.9999999999708962,3.770935402150261e-46,Bull,3.770935402150261e-46
2019-05-06,-0.0041237544153007,-0.724535694550171,0.0043824687879775,0.278668839361558,-0.0041152634156709,0.001329832077468,15.4399995803833,0.1061049980741,1,1.7647803829618216e-10,0.999999999821739,1.8269999084316196e-36,Bull,1.8269999084316196e-36
2019-05-07,-0.0168408268318911,-0.648058340824085,0.0057541001173522,-0.843632132048144,-0.0207463521018732,0.0012795134486967,19.3199996948242,0.30490457076853,1,0.0002817424864572307,0.9997182575126964,4.154525682462868e-25,Bull,4.154525682462868e-25
2019-05-08,-0.0013900646158271,0.235381301560448,0.0057570387411381,-0.788365987696956,-0.0221066322900206,0.0012282526480307,19.3999996185303,0.307513364179137,1,0.00010510675775004308,0.9998948932423579,5.624236255339052e-19,Bull,5.624236255339052e-19
2019-05-09,-0.003030102620019,0.169293528017094,0.005684710823222,-0.845981092662464,-0.025065264801826,0.0011934928553344,19.1000003814697,0.30794259958799,1,0.0004990633732970719,0.9995009366267302,1.8792308633678023e-18,Bull,1.8792308633678023e-18
2019-05-10,0.0050105015489485,0.145709602335753,0.0057447900153279,-0.8361053746734,-0.0201680944064022,0.0011573725155678,16.0400009155273,0.277512025384071,1,0.0031155109486225596,0.9968844890497063,4.122872226772157e-18,Bull,4.122872226772157e-18
2019-05-13,-0.0254513536446197,-0.0029305767493868,0.0079874550071612,-1.49751793986744,-0.0447914645190504,0.0012757351021686,20.5499992370605,0.536699862598997,0,0.9999999999563443,6.519108213388194e-12,3.682229323302916e-11,Neutral,3.682229323302916e-11
2019-05-14,0.0090027062087196,1.12692966731469,0.0081144342331377,-1.41493336067466,-0.0361531770674503,0.0013890200297983,18.0599994659424,0.55706115664357,0,0.9999999967840267,6.372075262028649e-11,3.1516109936416677e-09,Neutral,3.1516109936416677e-09
2019-05-15,0.0058407887216178,0.869119818687096,0.0082557286943247,-1.42802060342549,-0.0305070786319573,0.0015041776187737,16.4400005340576,0.569918768163589,0,0.9999999755491448,2.1579372371788797e-08,2.8720221810540415e-09,Neutral,2.8720221810540415e-09
2019-05-16,0.0092188511380921,0.641336215001033,0.0085385482484384,-1.35487016228274,-0.0215281435687025,0.0016327838907779,15.289999961853,0.561032700014459,0,0.9999981229829581,1.875175643504343e-06,1.8410062005058785e-09,Neutral,1.8410062005058785e-09
2019-05-17,-0.0064861215195177,0.444337807116697,0.0086317868972454,-1.26020812609296,-0.0278540933159602,0.0017533859012072,15.960000038147,0.57120608610404,0,0.9999997373452406,2.6062319331108873e-07,2.0314959634263633e-09,Neutral,2.0314959634263633e-09
2019-05-20,-0.0066341988670259,0.578798519408706,0.0087077437168339,-1.10119237689914,-0.0342821564876678,0.0018688069068894,16.3099994659424,0.588794446371092,0,0.999999993648089,2.3382796921783483e-09,4.012738054048402e-09,Neutral,4.012738054048402e-09
2019-05-21,0.0089748770515001,0.592584093759724,0.0089708128786805,-1.06947418004307,-0.0255759474369993,0.0019972222742761,14.9499998092651,0.593031510846308,0,0.9999998845160074,1.1058197252524666e-07,4.902573841689722e-09,Neutral,4.902573841689722e-09
2019-05-22,-0.0030757473632823,0.393652448432158,0.0087092401302993,-1.03547340454901,-0.0285684252354153,0.0020573570108268,14.75,0.569400782297678,0,0.999999713505572,2.8458542428875237e-07,1.9094565238445704e-09,Neutral,1.9094565238445704e-09
2019-05-23,-0.0122942183995791,0.208441571651423,0.0090397804794085,-0.85751779075681,-0.0404383022372543,0.0021173540905044,16.9200000762939,0.579183366734072,0,0.999999995703547,1.63895126346527e-11,4.2800734284735315e-09,Neutral,4.2800734284735315e-09
2019-05-24,0.0022660692234408,0.735028452834564,0.0090784293561724,-0.888984013145672,-0.0382614034358164,0.0021477530162513,15.8500003814697,0.626864709121844,0,0.9999999863539415,4.342712773447608e-11,1.360296467678817e-08,Neutral,1.360296467678817e-08
2019-05-28,-0.0093441177459716,0.514125400256611,0.0091153482404269,-0.701322982853,-0.0472061466736899,0.002137135111824,17.5,0.618318662770777,0,0.9999999855353963,3.088716898126304e-14,1.4463176737601178e-08,Neutral,1.4463176737601178e-08
2019-05-29,-0.0067333952829216,0.722880361404522,0.0091237011229969,-0.576028055854418,-0.0536001335329397,0.0020963985742335,17.8999996185303,0.615427510637184,0,0.999999985091563,7.00639911267394e-17,1.4909494333895087e-08,Neutral,1.4909494333895087e-08
2019-05-30,0.0027271386224292,0.816730589655092,0.0091741422008529,-0.593928642885156,-0.0510156473806289,0.0020181233401964,17.2999992370605,0.635040654287397,0,0.9999999807259885,1.2833718833341713e-15,1.9275295805751794e-08,Neutral,1.9275295805751794e-08
2019-05-31,-0.0135663705823932,0.585573997320296,0.0094304884226883,-0.528392687212576,-0.0638029857780489,0.001897004654605,18.7099990844727,0.828172310217014,0,0.9999982780879054,1.4935402444348178e-22,1.7219130731181044e-06,Neutral,1.7219130731181044e-06
2019-06-03,-0.0025463948545958,0.953045875242677,0.0094296023947797,-0.52257679445659,-0.0661838804025394,0.0017302232585742,18.8600006103516,0.784971862136755,0,0.9999993785242735,2.6345006325849604e-23,6.214743705000302e-07,Neutral,6.214743705000302e-07
2019-06-04,0.0214746731030457,0.860675889552699,0.0104969497697928,0.0034649051100263,-0.0459136148152255,0.0016211267763825,16.9699993133545,0.815518219356252,0,0.9999968105999799,4.0921634795551187e-17,3.189399959576539e-06,Neutral,3.189399959576539e-06
2019-06-05,0.0086247189184831,0.649447464574,0.0107480839708366,-0.117425371948486,-0.0376493004537348,0.001479986925815,16.0900001525879,0.826107136096792,0,0.999999406107412,1.0918853666779666e-11,5.938822182234026e-07,Neutral,5.938822182234026e-07
2019-06-06,0.0064813267549777,0.447098213162718,0.010293200747932,-0.276334902750139,-0.0313917343572399,0.0014030211339723,15.9300003051758,0.82008077037326,0,0.999999685765992,5.230177418194599e-09,3.0900296447365953e-07,Neutral,3.0900296447365953e-07
2019-06-07,0.0099573793653915,0.259293091147473,0.0105401559117381,-0.364744095572599,-0.0216987561568388,0.0012993249264141,16.2999992370605,0.833119479303722,0,0.9999994166757342,2.639551465343888e-07,3.1936982704384416e-07,Neutral,3.1936982704384416e-07
2019-06-10,0.0045782526818056,0.0990404444208563,0.0105608188933509,-0.46275706342784,-0.0172095774075204,0.0011304143457332,15.9399995803833,0.833849889112253,0,0.9999201875708823,7.960651380208735e-05,2.059136235519118e-07,Neutral,2.059136235519118e-07
2019-06-11,-0.0002416825253197,-0.0534291447851042,0.01050778748891,-0.401004743115537,-0.0174470719784129,0.0008771057928421,15.9899997711182,0.842305894800799,0,0.9909951743847147,0.009004693203487133,1.3241346655020058e-07,Neutral,1.3241346655020058e-07
2019-06-12,-0.0017672554801269,-0.167060957626753,0.00874830617841,0.187333604204117,-0.0191819605777494,0.0008345400017804,15.9099998474121,0.796004075410601,0,0.6196177437534,0.38038223139853755,2.4849209822399366e-08,Neutral,2.4849209822399366e-08
2019-06-13,0.0041177708907245,-0.219861232559596,0.0085957460266128,0.24513399940392,-0.0151348497869942,0.0008051884647505,15.8199996948242,0.789961260462183,1,0.15230799128526828,0.847692005183773,3.531829683076444e-09,Bull,3.531829683076444e-09
2019-06-14,-0.0011056991686393,-0.343390364015949,0.0085346897405475,0.359648511442562,-0.0162232125530204,0.0007880660384762,15.2799997329712,0.784683387315373,1,0.022888353650906468,0.9771116460542841,2.9635057190566016e-10,Bull,2.9635057190566016e-10
2019-06-17,0.0003805961294167,-0.429487901332743,0.008308332003157,0.490413390429748,-0.015848719654755,0.0008018343783694,15.3500003814697,0.813548117777606,1,0.0019149721666349942,0.9980850277908754,4.337748150088152e-11,Bull,4.337748150088152e-11
2019-06-18,0.0104166501747729,-0.505544798626053,0.0084382542478788,0.289242078018447,-0.0055435807158104,0.0008117794439299,15.1499996185303,0.823512101040423,1,0.00023013455985063376,0.9997698654411475,7.439523892536664e-13,Bull,7.439523892536664e-13
2019-06-19,0.0022546163204992,-0.591134476612585,0.0082528247985614,0.193368120360823,-0.0032989335846894,0.0008357600680652,14.3299999237061,0.819706036218604,1,1.5738660486393047e-05,0.9999842613398677,3.327655873460501e-14,Bull,3.327655873460501e-14
2019-06-20,0.0095088205074418,-0.67965507662057,0.0082777779605346,0.190849528421205,0.0,0.0008641812535464,14.75,0.823198144502684,1,4.0147055326896724e-05,0.9999598529449144,3.962156404419997e-15,Bull,3.962156404419997e-15
2019-06-21,-0.0014548653754342,-0.75004799150353,0.0082401643438938,0.171188105369497,-0.0014538075718532,0.0008861318286206,15.3999996185303,0.859301884241717,1,1.8460316440266578e-05,0.9999815396834946,2.19177719630441e-15,Bull,2.19177719630441e-15
2019-06-24,-0.0012249034682714,-0.791925661501516,0.0076385892487564,0.308572448005079,-0.0026761814683387,0.0009553770998321,15.2600002288818,0.844703706884341,1,8.320687562635971e-06,0.9999916793113351,9.865728743373989e-15,Bull,9.865728743373989e-15
2019-06-25,-0.0098564095142812,-0.770464225468437,0.0080737328372834,0.313707833034863,-0.0124579278030251,0.0009872294519503,16.2800006866455,0.861592313607233,1,0.00019207368202852986,0.9998079263171836,3.855582604336287e-14,Bull,3.855582604336287e-14
2019-06-26,-0.0009980102847322,-0.37212465498341,0.0077074404352375,0.344995269475952,-0.0134430133031888,0.0010375115556747,16.2099990844727,0.846237470780981,1,5.367296017458506e-05,0.9999463270394571,7.744425121713056e-14,Bull,7.744425121713056e-14
2019-06-27,0.0035398809803117,-0.409269527868061,0.0074502285531018,0.261533574181042,-0.0099445305369043,0.0010981744916557,15.8199996948242,0.838541158389215,1,1.870305231613069e-05,0.9999812969475073,4.613904680053989e-15,Bull,4.613904680053989e-15
2019-06-28,0.0051322725865121,-0.511902689861692,0.0074732681454476,0.214391952551891,-0.0048502345160137,0.001147933538782,15.0799999237061,0.819175440538372,1,1.0645728992900176e-05,0.9999893542720247,3.357982834257065e-16,Bull,3.357982834257065e-16
2019-07-01,0.0090375939904934,-0.598464024673666,0.0066131736093647,0.59517764447624,0.0,0.0012480451509689,14.0600004196167,0.80574967973473,1,4.942368599775567e-06,0.9999950576324672,6.662043479124285e-17,Bull,6.662043479124285e-17
2019-07-02,0.0026008268342261,-0.674123749418688,0.0064664215164185,0.564564674091463,0.0,0.0013382796386946,12.9300003051758,0.815701698370423,1,1.533910337129279e-06,0.9999984660910681,1.7473943786001645e-17,Bull,1.7473943786001645e-17
2019-07-03,0.0079637372151948,-0.748102796684632,0.005170462866262,-0.505075333569314,0.0,0.001471819549403,12.5699996948242,0.767573222177879,1,2.633633286458965e-06,0.9999973663651082,2.5444358825164382e-18,Bull,2.5444358825164382e-18
2019-07-05,-0.0011388487722303,-0.811704734365945,0.0051001259195125,-0.337987486380187,-0.0011382005300743,0.0015380265165377,13.2799997329712,0.76108629110246,1,1.5254736462099303e-06,0.9999984745275281,3.725300189456349e-18,Bull,3.725300189456349e-18
2019-07-08,-0.0055096983570361,-0.869007602790438,0.0053299719406871,-0.174857802826233,-0.0066264944396494,0.0015719702479869,13.960000038147,0.745101146021528,1,3.172834960122468e-06,0.9999968271636447,1.327320171368495e-18,Bull,1.327320171368495e-18
2019-07-09,0.0012460221288206,-0.639690304400425,0.0050263506067144,-0.142912381971187,-0.0053879576076296,0.0015704917906145,14.0900001525879,0.691688290923427,1,1.2224153902639904e-06,0.9999987775852983,3.414026454697337e-19,Bull,3.414026454697337e-19
2019-07-10,0.0047663692695278,-0.721951707104572,0.0050317428442338,-0.146033066953267,-0.0006359534267618,0.0015196081375568,13.0299997329712,0.690791560650586,1,9.99123794094234e-07,0.9999990008769135,9.089695938889392e-20,Bull,9.089695938889392e-20
2019-07-11,0.0023413231890225,-0.789726062177257,0.0050110283328516,-0.219823444687068,0.0,0.001424380448987,12.9300003051758,0.702860622717168,1,7.548072150839274e-07,0.999999245192442,7.081849592277934e-20,Bull,7.081849592277934e-20
2019-07-12,0.0044670717582153,-0.856789393411541,0.004966337242589,-0.381950128642622,0.0,0.0014469220473747,12.3900003433228,0.698225246061962,1,8.320018411787532e-07,0.999999167998231,4.90151997558625e-20,Bull,4.90151997558625e-20
2019-07-15,0.0003327157515284,-0.911266635109056,0.0049624569305462,-0.276826172057691,0.0,0.0014560340901813,12.6800003051758,0.691809632039821,1,6.948630261942094e-07,0.9999993051353754,4.384446624951016e-20,Bull,4.384446624951016e-20
2019-07-16,-0.0032304448344051,-0.944028111721115,0.0050505368305439,-0.246702928231556,-0.0032252325616548,0.001442792490699,12.8599996566772,0.698938450459668,1,8.498803500753582e-07,0.9999991501212181,2.1231619559477134e-19,Bull,2.1231619559477134e-19
2019-07-17,-0.0068285606155571,-0.868698695045375,0.0053945640992054,-0.224768077749372,-0.0100085828632913,0.0014099716662009,13.9700002670288,0.705972914963976,1,3.484004658070613e-06,0.9999965159938011,2.3558379848333944e-19,Bull,2.3558379848333944e-19
2019-07-18,0.0036546079654202,-0.574846447949958,0.0050308376269818,-0.353362518213204,-0.0063839330417534,0.0013664104740319,13.5299997329712,0.651733384312787,1,7.587537229578361e-07,0.999999241245238,2.0861980712853056e-19,Bull,2.0861980712853056e-19
2019-07-19,-0.0055708687536686,-0.659337745974768,0.0052395102522706,-0.207999384737851,-0.0119038481054596,0.001307882038829,14.4499998092651,0.643011812020798,1,2.2744035917451508e-06,0.999997725596444,3.051024934211885e-20,Bull,3.051024934211885e-20
2019-07-22,0.0024536404957977,-0.502883288744863,0.0048728818334288,-0.327676423287062,-0.0094764385961146,0.0012408987957539,13.5299997329712,0.642164297247917,1,6.706457473760238e-07,0.9999993293533838,2.985302093255246e-20,Bull,2.985302093255246e-20
2019-07-23,0.007124611729794,-0.596533420563829,0.0050520230566817,-0.427465318387507,-0.0023941434685669,0.0011434008715277,12.6099996566772,0.645108769611412,1,6.155821980795201e-07,0.9999993844177956,6.3164367205743184e-21,Bull,6.3164367205743184e-21
2019-07-24,0.0046883949833853,-0.673601838622195,0.0050884195566258,-0.564516786751134,0.0,0.0010764024226429,12.0699996948242,0.642901624409601,1,4.187080095033328e-07,0.9999995812905549,1.8151839292498078e-21,Bull,1.8151839292498078e-21
2019-07-25,-0.0047887756130728,-0.746431236411839,0.004635451160452,-0.315672944003796,-0.0047773277082428,0.0009550735843671,12.7399997711182,0.59323921619578,1,2.1683351209374256e-07,0.9999997831655727,3.699427888935009e-22,Bull,3.699427888935009e-22
2019-07-26,0.0066781413322889,-0.584417891724704,0.0047311382374641,-0.459884398085979,0.0,0.0008328385322868,12.1599998474121,0.637768340536494,1,3.584386362316882e-07,0.9999996415609264,6.1546609206597155e-22,Bull,6.1546609206597155e-22
2019-07-29,-0.0018231002371331,-0.664927921198501,0.0047801461274623,-0.307074431252936,-0.0018214393993402,0.0006996140870299,12.8299999237061,0.618401234384353,1,1.8174280729859188e-07,0.9999998182575093,3.950174724545623e-22,Bull,3.950174724545623e-22
2019-07-30,-0.0024574495553473,-0.663887430292715,0.0047866308606897,-0.125049677235413,-0.004271401297402,0.0004957844466018,13.9399995803833,0.662224766472839,1,2.7777598916549017e-07,0.9999997222258047,3.2448135216414704e-20,Bull,3.2448135216414704e-20
2019-07-31,-0.0110007363609821,-0.631834561522011,0.0051385151997559,-0.394804248120164,-0.0151651197768477,0.0003673186641464,16.1200008392334,0.383468439978312,1,8.70368183571072e-06,0.9999912963191004,1.0582317508334161e-20,Bull,1.0582317508334161e-20
2019-08-01,-0.0087463528759661,-0.161356855282787,0.0054687310247829,-0.257340438730693,-0.0237412734586566,0.0002118535774844,17.8700008392334,0.304110293039666,1,0.006201400025849735,0.9937985999735153,8.497673265272029e-19,Bull,8.497673265272029e-19
2019-08-02,-0.0075578010266879,0.093874759963531,0.0053498460425681,-0.16343239136914,-0.0310918306512382,0.0002207503644866,17.6100006103516,0.344941555553192,1,0.4791313553839041,0.5208686446151171,6.759341767401317e-15,Bull,6.759341767401317e-15
2019-08-05,-0.0305344880265865,0.315429691151398,0.0083779969492181,-1.76957346123862,-0.060229824802711,0.0007595026481492,24.5900001525879,0.636791874980042,0,0.999997250277517,1.8505430666975117e-22,2.7497210905209424e-06,Neutral,2.7497210905209424e-06
2019-08-06,0.0139253343071832,1.60927282814784,0.0090622365684786,-1.41199092942135,-0.0470516687798348,0.0011342192702363,20.1700000762939,0.676862131619244,0,0.9999997166742507,3.737675301196351e-18,2.8332497386618856e-07,Neutral,2.8332497386618856e-07
2019-08-07,0.0005905601193925,1.2875971406013,0.0090535404908351,-1.40624441423653,-0.0464887292911294,0.0013837796407717,19.4899997711182,0.682448172068285,0,0.9999998932980873,1.2457735853080755e-15,1.0670140590313928e-07,Neutral,1.0670140590313928e-07
2019-08-08,0.0194300645944168,0.996737663888748,0.0100695455890843,-0.787822897375003,-0.0277807839766157,0.0016880402223636,16.9099998474121,0.710976238624805,0,0.9999997481827767,4.726643307597509e-12,2.518109945573799e-07,Neutral,2.518109945573799e-07
2019-08-09,-0.0068345040698112,0.760407490650314,0.0101252343961315,-0.654516055553806,-0.0344027654094613,0.0019192742533032,17.9699993133545,0.721587447384959,0,0.9999998895873493,1.2802407308067049e-11,1.1039821033571236e-07,Neutral,1.1039821033571236e-07
2019-08-12,-0.0122484316919644,0.762669071694474,0.0103095499100132,-0.453272277673517,-0.0461576805818668,0.0021117202370582,21.0900001525879,0.715579953228703,0,0.9999996580009468,5.948843883458666e-17,3.419994555580958e-07,Neutral,3.419994555580958e-07
2019-08-13,0.0154322196072316,1.01998236781329,0.0109872410205249,-0.370580606513083,-0.0313236095142817,0.0023181828532818,17.5200004577637,0.751980799517834,0,0.9999989478425129,8.334978832952957e-14,1.0521590977247513e-06,Neutral,1.0521590977247513e-06
2019-08-14,-0.0300137558175777,0.770129448046094,0.0126493197919526,-0.5298829512044,-0.0599652544346593,0.0026355261436281,22.1000003814697,0.785820531865744,0,0.9998283361040464,3.589955233799427e-31,0.00017166389484365516,Neutral,0.00017166389484365516
2019-08-15,0.0026382414559895,1.63082293079858,0.0126594646124341,-0.632592784963411,-0.0574819414495927,0.0028845276279972,21.1800003051758,0.780307576098556,0,0.9999819712854258,2.3416077598585784e-27,1.8028713804279692e-05,Neutral,1.8028713804279692e-05
2019-08-16,0.0146473103399618,1.47165379037766,0.0131296312537604,-0.586964318001296,-0.0435749858341818,0.0030983250215515,18.4699993133545,0.794415433664036,0,0.9999694144737923,6.977087280397932e-23,3.058552438896045e-05,Neutral,3.058552438896045e-05
2019-08-19,0.0119757856720595,1.17457352083132,0.0134205660149324,-0.686714539010785,-0.0320521852740178,0.0032831363198538,16.8799991607666,0.807419722513606,0,0.9999693879973927,1.128100221769074e-18,3.0612002261534104e-05,Neutral,3.0612002261534104e-05
2019-08-20,-0.0076915661770504,0.903114297494148,0.0134807348766999,-0.57495322641114,-0.0394686612258136,0.0033976303244224,17.5,0.80648518505513,0,0.9999687694182422,6.702076244639507e-20,3.123058069941677e-05,Neutral,3.123058069941677e-05
2019-08-21,0.0081022880227008,0.951476271229651,0.0135128075549182,-0.576654472082666,-0.0316545463071449,0.0034700489269577,15.8000001907349,0.808672960683279,0,0.9999584039971787,9.073440554025018e-18,4.159600390914622e-05,Neutral,4.159600390914622e-05
2019-08-22,-0.0003078232499289,0.702331161956346,0.0134474320048651,-0.535038795476485,-0.0319525796786007,0.0034908077198552,16.6800003051758,0.811361195501747,0,0.9998516036863536,6.499803540894782e-17,0.00014839631386785135,Neutral,0.00014839631386785135
2019-08-23,-0.0260234080836366,0.558238584989159,0.014470018891942,-0.464355818860475,-0.0568195082818695,0.0034942564545325,19.8700008392334,0.840238009953743,0,0.9970747793271545,2.2375416910330343e-31,0.0029252206710340426,Neutral,0.0029252206710340426
2019-08-26,0.0109980358380781,1.36493148574413,0.0146362888116867,-0.464520421717238,-0.0463891236957123,0.0034493900092614,19.3199996948242,0.847425397710951,0,0.9984215446342402,7.715510823914864e-26,0.0015784553652398886,Neutral,0.0015784553652398886
2019-08-27,-0.0039314368390357,1.05804696312809,0.0146403589535749,-0.44312943134648,-0.0501308246750144,0.0033392080897361,20.3099994659424,0.845103687716249,0,0.999478631675899,1.4710572005986754e-25,0.0005213683239739213,Neutral,0.0005213683239739213
2019-08-28,0.007016778383261,0.783167888215564,0.0147825667292927,-0.511227338330116,-0.0434423649009579,0.003161293546226,19.3500003814697,0.841605837111205,0,0.999872353486609,6.973023877234859e-22,0.00012764651306458927,Neutral,0.00012764651306458927
2019-08-29,0.0126920250906295,0.54184647781084,0.0149572488620931,-0.666684466516795,-0.0312243396680627,0.0029416033325134,17.8799991607666,0.913108989850453,0,0.9999194628926777,6.121211702391947e-18,8.053710869427681e-05,Neutral,8.053710869427681e-05
2019-08-30,-0.0004441711393674,0.343302268033453,0.0148455411559689,-0.755823153065867,-0.0316545463071449,0.0026545279827121,18.9799995422363,0.946399319385959,0,0.9999750745642418,3.2042086338994725e-16,2.4925433946946162e-05,Neutral,2.4925433946946162e-05
2019-09-03,-0.0058643253853754,0.145769721155303,0.0148091996398107,-0.774917039575453,-0.0373166207828082,0.0022199583661615,19.6599998474121,0.947754557628715,0,0.9999860358468159,7.729756879306583e-17,1.3964154789765834e-05,Neutral,1.3964154789765834e-05
2019-09-04,0.0112862420509146,0.302853148680083,0.0132733920973447,-0.901840640425751,-0.0263899988819552,0.002007465717689,17.3299999237061,0.936660193972001,0,0.9999962350118884,2.9681560750930282e-12,3.764985251994083e-06,Neutral,3.764985251994083e-06
2019-09-05,0.0127734956110581,0.126009997418239,0.013222563069303,-0.909958104452403,-0.0138738283612048,0.0018189458017603,16.2700004577637,0.937023986842135,0,0.9999974035233266,5.701100453964651e-10,2.5959063964348886e-06,Neutral,2.5959063964348886e-06
2019-09-06,0.0007720078627926,-0.035462791150216,0.013221909355454,-0.912091075042886,-0.0131122372636619,0.0015815202257536,15.0,0.936512553083804,0,0.9999987079653854,2.501770338326766e-08,1.2670155493734605e-06,Neutral,1.2670155493734605e-06
2019-09-09,0.0005031575566345,-0.190430262099974,0.0125778820268575,-0.983867740888377,-0.0126155522833687,0.0014220240056362,15.2700004577637,0.927090666054155,0,0.999998949701518,2.98598472592571e-07,7.517005939382944e-07,Neutral,7.517005939382944e-07
2019-09-10,-0.0002349945425308,-0.231256005279843,0.012461149055081,-1.07785219180942,-0.012847554979211,0.0012417553182317,15.1999998092651,0.911814722648353,0,0.9999987598865532,5.625796234948501e-07,6.775339350769055e-07,Neutral,6.775339350769055e-07
2019-09-11,0.0070857027326427,-0.369379013618834,0.012139470256486,-1.32577174631674,-0.0058280464958919,0.0010653916726183,14.6099996566772,0.896847243070104,0,0.9999953267979491,3.957392929222781e-06,7.158087849107502e-07,Neutral,7.158087849107502e-07
2019-09-12,0.0034580941556967,-0.488706663807032,0.0117506125467454,-1.38940769733056,-0.0023841550552469,0.0009857123356068,14.2200002670288,0.880023963586766,0,0.9997522562479556,0.0002472491231153577,4.946295266287169e-07,Neutral,4.946295266287169e-07
2019-09-13,-0.0006637878084445,-0.598303456684711,0.0093216085147762,-1.28703496498987,-0.0030461405573727,0.0013384124788509,13.7399997711182,0.847464013726818,0,0.9898146466518826,0.010185156223367239,1.9712487857117909e-07,Neutral,1.9712487857117909e-07
2019-09-16,-0.0030937939779489,-0.661710183159949,0.0094100664826842,-1.17446870185012,-0.0061257441181496,0.001588984356845,14.6700000762939,0.843286171237064,0,0.9885548576381805,0.011444973994473792,1.683670523085755e-07,Neutral,1.683670523085755e-07
2019-09-17,0.0025291996202803,-0.587402758140032,0.0089918829430579,-1.27399734302867,-0.0036088562132795,0.001837226366154,14.4399995803833,0.82707875338771,0,0.9880574651206164,0.011942358890086035,1.7598809333418287e-07,Neutral,1.7598809333418287e-07
2019-09-18,0.000597373259823,-0.69128984797587,0.0086954404788864,-1.29571416113753,-0.003013460968764,0.0020611305054322,13.9499998092651,0.811865303763874,0,0.9897955240755308,0.01020429209116516,1.8383501153031787e-07,Neutral,1.8383501153031787e-07
2019-09-19,-6.6120189128327e-05,-0.756013779108537,0.0084522842227915,-1.4792886324107,-0.0030793797279782,0.0022597305117675,14.0500001907349,0.770770209480917,0,0.994037801146132,0.005962044551224719,1.543012871744697e-07,Neutral,1.543012871744697e-07
2019-09-20,-0.0047359719069053,-0.846259602419716,0.0084357013106114,-1.31001284666443,-0.0077896052272121,0.002417998472119,15.3199996948242,0.774867179154049,0,0.9986666018489284,0.0013332322266722076,1.659244580570589e-07,Neutral,1.659244580570589e-07
2019-09-23,-0.000235318113722,-0.662000644524998,0.0084350856071413,-1.31151998108661,-0.0080230628362458,0.0025443540435269,14.9099998474121,0.77451250093494,0,0.9994997561652171,0.000500040332207685,2.0350112674518967e-07,Neutral,2.0350112674518967e-07
2019-09-24,-0.0078771195636253,-0.757740975542759,0.0061235744311714,0.453728759704239,-0.0158062888286953,0.002791104204308,17.0499992370605,0.640247729469909,0,0.999372970458094,0.0006269579208050238,7.162036810094812e-08,Neutral,7.162036810094812e-08
2019-09-25,0.0058970598830931,-0.463362195115707,0.00584474624755,0.479249658830625,-0.009985293065962,0.002977874552777,15.960000038147,0.624651927054441,0,0.9985963037228317,0.0014036202293800182,7.604723616090924e-08,Neutral,7.604723616090924e-08
2019-09-26,-0.0020851430472657,-0.577880675008931,0.0057678543790892,0.486196398243801,-0.0120474646402934,0.0031006912030354,16.0699996948242,0.630898476324831,0,0.9991308306060346,0.0008690583362405515,1.1105935554280692e-07,Neutral,1.1105935554280692e-07
2019-09-27,-0.0054019894387895,-0.603930613936391,0.0058500387669234,0.644516551457885,-0.0173699847603439,0.003144358434292,17.2199993133545,0.656973402979106,0,0.9998979729344543,0.00010168314716046858,3.439198932087607e-07,Neutral,3.439198932087607e-07
2019-09-30,0.0046271861337059,-0.464236495119808,0.0053025471080063,0.590746098882866,-0.0128126370626153,0.0031518943348274,16.2399997711182,0.637292992553747,0,0.9997050211868891,0.0002947329175021057,2.458966439543089e-07,Neutral,2.458966439543089e-07
2019-10-01,-0.0119662077990874,-0.582815800524238,0.0059986269399137,0.185469699812296,-0.0245551295146936,0.0030544560758651,18.5599994659424,0.610682595399981,0,0.9999993885905547,5.354017958843299e-07,7.600721104889151e-08,Neutral,7.600721104889151e-08
2019-10-02,-0.0178223947743641,-0.203868161402143,0.0070867049901529,-0.469037824767053,-0.0417858902742523,0.0028444797197794,20.5599994659424,0.651709985903221,0,0.9999997411905832,1.380016089043089e-13,2.588083707319708e-07,Neutral,2.588083707319708e-07
2019-10-03,0.0081596851820844,0.596240457942499,0.0068621347059209,-0.598191419377388,-0.0339351786929978,0.0027223708582111,19.1200008392334,0.637936294617399,0,0.9999999356259671,2.8645815744046075e-10,6.408877289689041e-08,Neutral,6.408877289689041e-08
2019-10-04,0.0134407433304116,0.367241977850443,0.0069272737630702,-0.539521869204774,-0.020862895583902,0.0025590773717679,17.0400009155273,0.644068016059366,0,0.999999547573782,4.021592497408142e-07,5.026866100814849e-08,Neutral,5.026866100814849e-08
2019-10-07,-0.004323741353966,0.172307495565095,0.0069755030071474,-0.431185382226552,-0.0250872919935791,0.0023434512526487,17.8600006103516,0.649624374165272,0,0.9999978422261481,2.134193390849215e-06,2.3579161425318447e-08,Neutral,2.3579161425318447e-08
2019-10-08,-0.0156464813273063,0.149918290149402,0.0077023219179056,-0.395790290966954,-0.0402225300918017,0.0021254068888649,20.2800006866455,0.673058741566895,0,0.9999998932144137,4.101447549197221e-12,1.0678056913952376e-07,Neutral,1.0678056913952376e-07
2019-10-09,0.0094516347498538,0.698708763156932,0.0080544602557954,-0.398915998622483,-0.0311080585291432,0.0018674564131741,18.6399993896484,0.708611902761873,0,0.9999999085848728,3.875018244540284e-09,8.753921221716227e-08,Neutral,8.753921221716227e-08
2019-10-10,0.0067405541932865,0.456066668772791,0.0080377082008759,-0.401349698934282,-0.0245551295146936,0.0015858801209549,17.5699996948242,0.742897090528899,0,0.9998871570540896,0.0001127611626507502,8.178443693135144e-08,Neutral,8.178443693135144e-08
2019-10-11,0.0103137377672207,0.24010519485315,0.0083566978967585,-0.360589551731371,-0.0144425875026762,0.0012890804477293,15.5799999237061,0.748301912231397,0,0.943685113106206,0.05631484161903472,4.527574940646779e-08,Neutral,4.527574940646779e-08
2019-10-14,-0.0011144960212714,0.0588167239131378,0.0083575050319675,-0.352604154915474,-0.0155403754638515,0.0012354693131048,14.5699996948242,0.775093607701527,1,0.5521636786117136,0.4478363041708163,1.7217943887312164e-08,Bull,1.7217943887312164e-08
2019-10-15,0.009851518493809,-0.0724717617237126,0.0086371502539507,-0.447217395524987,-0.005794023910491,0.0011834093503768,13.539999961853,0.750309906719649,1,0.19083688304938834,0.8091631153890553,1.5618444776498165e-09,Bull,1.5618444776498165e-09
2019-10-16,-0.0016070820955373,-0.220180384021164,0.0086241228680277,-0.380635051557186,-0.0073905113471477,0.0011608061838795,13.6800003051758,0.751097001570353,1,0.02149265432851978,0.9785073455706048,1.0072733031594381e-10,Bull,1.0072733031594381e-10
2019-10-17,0.0029447405471057,-0.286963328847843,0.0086498909188949,-0.414590574579676,-0.0044632260058794,0.0011582227199311,13.789999961853,0.744233037637521,1,0.002049623626672884,0.9979503763617357,1.3207140203234592e-11,Bull,1.3207140203234592e-11
2019-10-18,-0.0043867205742715,-0.423378073094864,0.0087010444047812,-0.340877295629164,-0.0088208029307771,0.0011711920301901,14.25,0.78544199913106,1,0.00047572449186339074,0.9995242755037891,5.212552857126816e-12,Bull,5.212552857126816e-12
2019-10-21,0.0067560468213647,-0.301735367224878,0.0087675846870765,-0.492137151441928,-0.0021016780633001,0.0011884304027549,14.0,0.788974889260285,1,0.00026779424678443904,0.9997322057534762,1.173183221601759e-12,Bull,1.173183221601759e-12
2019-10-22,-0.0032718890636083,-0.42944338059954,0.0088013485823336,-0.439321102527728,-0.0053613551106232,0.0012071680522208,14.460000038147,0.786470837994635,1,0.00016467899820819413,0.9998353210017373,2.713877592261892e-13,Bull,2.713877592261892e-13
2019-10-23,0.0029054209889203,-0.358094937631091,0.0086237436951525,-0.60759711591002,-0.0024673089399603,0.0011980996243268,14.0100002288818,0.780325949817126,1,9.573429399048548e-05,0.9999042657062672,5.5142176111731884e-14,Bull,5.5142176111731884e-14
2019-10-24,0.001632312451627,-0.486152281143525,0.0085436234204338,-0.563614764092445,-0.0008376942490974,0.0011532782456659,13.710000038147,0.73685552094322,1,4.4977767957885204e-05,0.9999550222311784,6.154694866635444e-15,Bull,6.154694866635444e-15
2019-10-25,0.0040867319205419,-0.602319356148592,0.0085586314388105,-0.660978315093501,0.0,0.0010844158094475,12.6499996185303,0.745714465137803,1,3.2974097357411134e-05,0.99996702590375,3.0346034296860935e-15,Bull,3.0346034296860935e-15
2019-10-28,0.0056208555042625,-0.702762854732645,0.0085014571845435,-0.835469779191327,0.0,0.0009992591564127,13.1099996566772,0.720920160276933,1,3.066670770302651e-05,0.9999693332911436,6.599053332035463e-16,Bull,6.599053332035463e-16
2019-10-29,-0.0002968877729454,-0.795099982210435,0.0084717029880462,-0.762738707590699,-0.0002968437061313,0.0008068723908911,13.1999998092651,0.699492699180961,1,1.5249070854126976e-05,0.9999847509278319,7.83478222553718e-17,Bull,7.83478222553718e-17
2019-10-30,0.0030627131811762,-0.884158364380088,0.007937574104996,-0.97991118845386,0.0,0.0006561783231517,12.3299999237061,0.701709145134466,1,6.19497189787279e-06,0.9999938050287696,2.4783800596896777e-18,Bull,2.4783800596896777e-18
2019-10-31,-0.0026668824012077,-0.964177279892966,0.0066556721715227,-0.711195315894156,-0.0026633294294915,0.0006966394007871,13.2200002670288,0.568179764206199,1,5.785083150510429e-07,0.9999994214924154,5.769960062385127e-21,Bull,5.769960062385127e-21
2019-11-01,0.0092213756876748,-0.942939216500988,0.006704984386388,-0.697729625079092,0.0,0.0007116318177382,12.3000001907349,0.559520141651647,1,1.0287236440423576e-06,0.9999989712747099,2.7742282964510867e-22,Bull,2.7742282964510867e-22
2019-11-04,0.0040095309698715,-1.00477040446702,0.0062356712745138,-0.920863212988723,0.0,0.0007822509077468,12.8299999237061,0.519584523523528,1,2.671876793611769e-07,0.9999997328123202,2.7260405828969344e-23,Bull,2.7260405828969344e-23
2019-11-05,-0.0011066983644214,-1.06591849305275,0.0061092056692766,-1.00500082294876,-0.0011060861996344,0.0008626913845276,13.1000003814697,0.513203529165102,1,2.4690676287476993e-07,0.9999997530940469,7.272885386327858e-25,Bull,7.272885386327858e-25
2019-11-06,0.0002276823632705,-1.08009555073998,0.0045792354066159,0.137221954537773,-0.0008786297797591,0.0011476121110887,12.6199998855591,0.482784415810608,1,3.545167799070744e-08,0.9999999645478972,1.1447412089297126e-25,Bull,1.1447412089297126e-25
2019-11-07,0.0035104549324414,-1.07943434019086,0.0043358388914687,0.191491881551889,0.0,0.0013849976018897,12.7299995422363,0.462744972128076,1,4.138304517534019e-08,0.999999958617992,1.005588731408112e-26,Bull,1.005588731408112e-26
2019-11-08,0.0024632602131298,-1.13167480181771,0.0042352094740867,0.308508813497532,0.0,0.0015770884961454,12.0699996948242,0.444079354587999,1,3.6774792987831095e-08,0.9999999632236729,7.762305940764868e-27,Bull,7.762305940764868e-27
2019-11-11,-0.0019113315676273,-1.18391963975428,0.003934639251824,0.367864278453533,-0.0019095061366326,0.0017487823250395,12.6899995803833,0.413807270558072,1,3.911290959985527e-08,0.9999999608880906,3.459205873869179e-27,Bull,3.459205873869179e-27
2019-11-12,0.0021053779803921,-1.18209244900127,0.0038734972513652,0.288001763235239,0.0,0.0018856603184715,12.6800003051758,0.400104094024473,1,4.876448112700031e-08,0.9999999512365333,8.624867970278562e-27,Bull,8.624867970278562e-27
2019-11-13,0.0003239801159411,-1.2283424023647,0.0034493747382158,0.216468378598383,0.0,0.0020122824092549,13.0,0.448739060173261,1,1.634897551187369e-07,0.9999998365092457,3.1859325444655043e-25,Bull,3.1859325444655043e-25
2019-11-14,0.0014545479258973,-1.26869865856354,0.0033708043365624,0.143082512555989,0.0,0.0021077346531616,13.0500001907349,0.410299488106685,1,1.4583665879415187e-07,0.9999998541643542,5.275554868969024e-25,Bull,5.275554868969024e-25
2019-11-15,0.0072103111416179,-1.30464096227702,0.0035692727330011,0.127187058635893,0.0,0.0021542776567359,12.0500001907349,0.436922485455468,1,3.666932811521652e-07,0.9999996333063554,2.5093223835746487e-24,Bull,2.5093223835746487e-24
2019-11-18,0.0007372764996125,-1.32685117069662,0.0032776552519547,0.302589537611563,0.0,0.00218683154089,12.460000038147,0.427626838533154,1,2.056493011242269e-07,0.9999997943523551,2.8023330862252437e-24,Bull,2.8023330862252437e-24
2019-11-19,-0.0002883738034649,-1.35477531666726,0.0031452144094016,0.490077507520206,-0.0002883322277363,0.0021907528054512,12.8599996566772,0.423265622115315,1,1.896625757248422e-07,0.9999998103376309,1.5783619082198451e-24,Bull,1.5783619082198451e-24
2019-11-20,-0.0037258081028346,-1.31424427008123,0.0031835618572078,0.431352267395488,-0.0040061358478261,0.0021554464610105,12.7799997329712,0.418391866315183,1,1.8271676636970988e-07,0.9999998172825311,7.132683575029074e-25,Bull,7.132683575029074e-25
2019-11-21,-0.0016100653560862,-1.18068603068668,0.0032593759324563,0.542647932639885,-0.0056084607932867,0.0020943872282359,13.1300001144409,0.431108050120993,1,1.1749922125507945e-07,0.9999998825005674,5.843875605494177e-25,Bull,5.843875605494177e-25
2019-11-22,0.0022214491593688,-1.09681687369717,0.0032620041878611,0.515216745937383,-0.003397015146823,0.0020043844306897,12.3400001525879,0.462066511878389,1,9.427667251921654e-08,0.9999999057217837,1.9951494187518783e-24,Bull,1.9951494187518783e-24
2019-11-25,0.007720173475997,-1.14201709666384,0.0034863611485596,0.522258326767303,0.0,0.0018648136246705,11.8699998855591,0.492126100054535,1,1.792285251149598e-07,0.9999998207713522,1.8772725741944074e-24,Bull,1.8772725741944074e-24
2019-11-26,0.0022633439522161,-1.1742793064943,0.0033788138075458,0.646663116718222,0.0,0.0016881899175977,11.539999961853,0.466538402181794,1,3.793824612568797e-08,0.9999999620631577,9.160224445719073e-26,Bull,9.160224445719073e-26
2019-11-27,0.0044473922339847,-1.21046860223661,0.0033997530658967,0.468154934170855,0.0,0.0014518180005595,11.75,0.392178365604207,1,1.1034577660475956e-08,0.9999999889660103,3.5560657793501354e-28,Bull,3.5560657793501354e-28
2019-11-29,-0.0037153824178952,-1.23933311650676,0.0035986847209416,0.475924782805839,-0.0037084889246032,0.0012034690742234,12.6199998855591,0.454493963859453,1,2.2377715506366403e-08,0.9999999776227926,2.204515689991063e-25,Bull,2.204515689991063e-25
2019-12-02,-0.008531173404819,-1.07916044657149,0.0041316568882434,-0.170178125762861,-0.0121718719422749,0.0010573564732214,14.9099998474121,0.672141538933456,1,2.4785329718930293e-06,0.9999975214663002,7.429682755777537e-20,Bull,7.429682755777537e-20
2019-12-03,-0.0067291433776972,-0.67777786798819,0.00406571831485,-0.370768426171521,-0.0187967940244421,0.0008615869855727,15.960000038147,0.718060508758497,1,1.2141354221575228e-05,0.9999878586468562,1.6231277993924257e-17,Bull,1.6231277993924257e-17
2019-12-04,0.0061512850539644,-0.374364446941146,0.0041826154197332,-0.320535894065564,-0.0127425317523501,0.0006806919256032,14.8000001907349,0.708473255926847,1,1.700007979241912e-06,0.9999982999921384,3.713406401988978e-18,Bull,3.713406401988978e-18
2019-12-05,0.001796302587266,-0.47843775787306,0.0041703203312897,-0.420499510452888,-0.0109675248603878,0.0004414625956971,14.5200004577637,0.684159841645956,1,6.105171193259936e-07,0.999999389481859,1.6612919518349576e-19,Bull,1.6612919518349576e-19
2019-12-06,0.0090927579373092,-0.576303025146695,0.0045448001178423,-0.296291722523744,-0.0019334820326409,0.0004381199703257,13.6199998855591,0.729904747510837,1,8.696171848882825e-07,0.9999991303815621,2.1477316757863216e-19,Bull,2.1477316757863216e-19
2019-12-09,-0.0031490746427991,-0.653098582441689,0.0046066973675419,-0.121899106031925,-0.0050715244380717,0.0004609389776475,15.8599996566772,0.750877374386869,1,8.348605889322151e-07,0.999999165138782,2.2589168995709743e-19,Bull,2.2589168995709743e-19
2019-12-10,-0.0011161392333294,-0.590339908872495,0.0046111216134263,-0.0140761385844734,-0.0061813836500792,0.0004884161546645,15.6800003051758,0.759000399037248,1,6.722594537621368e-07,0.9999993277417601,1.763335839776765e-19,Bull,1.763335839776765e-19
2019-12-11,0.0028350455328061,-0.606574798975184,0.0045928960699908,-0.151077976334797,-0.0033598649442004,0.0005216467431266,14.9899997711182,0.775600593702345,1,5.56174232814397e-07,0.9999994438259546,2.450498001075774e-19,Bull,2.450498001075774e-19
2019-12-12,0.0085819986856847,-0.692078677646008,0.0048841076615493,-0.123574171053378,0.0,0.0005755492614567,13.9399995803833,0.766305465368272,1,9.742088498683677e-07,0.9999990257897677,1.033506612349532e-19,Bull,1.033506612349532e-19
2019-12-13,0.0005991262100293,-0.757711887401323,0.0048819053177083,-0.131771134092022,0.0,0.0006133681112656,12.6300001144409,0.762954435727542,1,3.1131632923100614e-07,0.99999968868365,8.524273578177978e-20,Bull,8.524273578177978e-20
2019-12-16,0.0068463206130662,-0.823635584894583,0.0050326670002794,-0.206799764061489,0.0,0.0006497205038611,12.1400003433228,0.786679565389116,1,5.190366906378744e-07,0.9999994809624223,3.685326266811417e-20,Bull,3.685326266811417e-20
2019-12-17,0.0002187970006373,-0.88018035144773,0.0048649384798522,-0.101736130789103,0.0,0.0006714185848208,12.289999961853,0.765950971194731,1,2.741802250849629e-07,0.9999997258201269,2.355218207440968e-20,Bull,2.355218207440968e-20
2019-12-18,6.29558111473472e-05,-0.928528163849512,0.0048701851117522,-0.0817099027214986,0.0,0.000672519987852,12.5799999237061,0.767686220596697,1,2.8745608622574497e-07,0.9999997125451459,1.4166374910038595e-20,Bull,1.4166374910038595e-20
2019-12-19,0.0040905691995787,-0.989090036818791,0.0048995576761612,-0.198716795187566,0.0,0.0006564243914259,12.5,0.753669987407696,1,3.2541106449139705e-07,0.9999996745901246,1.2203661667904304e-20,Bull,1.2203661667904304e-20
2019-12-20,0.0043750006360658,-1.04284032545644,0.0047977840502427,-0.385845380163859,0.0,0.0006270130668865,12.5100002288818,0.715333441839981,1,3.1210522503214966e-07,0.9999996878942089,5.148736516315533e-21,Bull,5.148736516315533e-21
2019-12-23,0.0015260098406315,-1.09229571018772,0.0047368532738022,-0.479825167812426,0.0,0.0005906089918343,12.6099996566772,0.684973590095448,1,2.4927183586858564e-07,0.9999997507293612,2.089834513239022e-21,Bull,2.089834513239022e-21
2019-12-24,3.12677151175222e-05,-1.15459344879324,0.0047531611900224,-0.410497999527415,0.0,0.0005430969028696,12.6700000762939,0.688417061141625,1,2.6098537991229967e-07,0.9999997390150724,2.287407567673067e-21,Bull,2.287407567673067e-21
2019-12-26,0.0053090232146928,-1.23118328655908,0.0046300449939391,-0.453353338715321,0.0,0.0005022506912596,12.6499996185303,0.677024881673571,1,3.1283005670444514e-07,0.9999996871702513,3.0166931103811963e-21,Bull,3.0166931103811963e-21
2019-12-27,-0.0002474962275167,-1.29124253300977,0.0046462395708972,-0.373191926706642,-0.0002474656028514,0.0004380323792907,13.4300003051758,0.702439942128126,1,3.580499104093256e-07,0.9999996419501899,1.4133192420024648e-20,Bull,1.4133192420024648e-20
2019-12-30,-0.0055284556698804,-1.3445760172984,0.0048407165284298,-0.198287302191105,-0.0057593031567674,0.000359790802706,14.8199996948242,0.679565343969631,1,8.275098063907211e-07,0.999999172491131,6.463038327274558e-21,Bull,6.463038327274558e-21
2019-12-31,0.0024262967477,-1.01290426839597,0.0047211061959129,-0.349816954920835,-0.0033440513136048,0.0002800480896195,13.7799997329712,0.667419325626918,1,2.2981072899711693e-07,0.9999997701889052,6.1073816830538114e-21,Bull,6.1073816830538114e-21
2020-01-02,0.0093083632041199,-1.08307736254795,0.0044487371124508,-0.157025551568138,0.0,0.0002589557919324,12.4700002670288,0.659186347409214,1,3.7435377346313246e-07,0.9999996256447748,1.2153294989012205e-20,Bull,1.2153294989012205e-20
2020-01-03,-0.0076009798338878,-1.12864350909258,0.0045395041759825,-0.245765226929158,-0.0075721654387679,0.0002230844124208,14.0200004577637,0.696877764676754,1,9.390401397285634e-07,0.9999990609580752,2.6824267794750765e-20,Bull,2.6824267794750765e-20
2020-01-06,0.0038080221052334,-0.698030292258667,0.0044649841898212,-0.215186734751861,-0.0037857735504537,0.0001988747371421,13.8500003814697,0.700918859822609,1,2.9203634748180457e-07,0.9999997079649319,3.0053498736007976e-20,Bull,3.0053498736007976e-20
2020-01-07,-0.002816194018278,-0.79748961099173,0.0045903094440757,-0.112244514277658,-0.0065873593397305,0.0001613322402333,13.789999961853,0.731930250794358,1,3.7491669884021185e-07,0.9999996250845263,2.0826669086034404e-20,Bull,2.0826669086034404e-20
2020-01-08,0.0053155770863488,-0.723660780728109,0.0043601681305807,-0.213899146890852,-0.0012927383535291,0.0001753395983244,13.4499998092651,0.717037546037729,1,3.38763003922757e-07,0.9999996612387468,2.565833614296134e-20,Bull,2.565833614296134e-20
2020-01-09,0.0067580183065238,-0.815085254678218,0.0043496836252785,-0.398509475950744,0.0,0.0001907293602798,12.539999961853,0.732794695579641,1,4.152814845016114e-07,0.9999995847175295,3.065350909540289e-20,Bull,3.065350909540289e-20
2020-01-10,-0.0028819951623004,-0.89464189448422,0.004431918744399,-0.37243571148537,-0.0028778462009621,0.0001983511897077,12.5600004196167,0.739019804478347,1,3.0120288709229897e-07,0.999999698797228,4.047334836086416e-20,Bull,4.047334836086416e-20
2020-01-13,0.0068536593887387,-0.854301243538929,0.0045526939065336,-0.412889565168233,0.0,0.0001994525893131,12.3199996948242,0.75530427696083,1,4.684170309190068e-07,0.9999995315812344,4.051042110509617e-20,Bull,4.051042110509617e-20
2020-01-14,-0.0015257520306164,-0.932182984567143,0.0043796765770016,-0.312658975872908,-0.0015245886627323,0.0002040678469005,12.3900003433228,0.798952232305939,1,2.988935814698582e-07,0.9999997011073438,7.959435284275848e-20,Bull,7.959435284275848e-20
2020-01-15,0.0022574583349346,-1.00999826329873,0.0043726722522043,-0.368655530003631,0.0,0.000206225982401,12.4200000762939,0.787404178055837,1,3.038795693718913e-07,0.9999996961196764,8.182642713796265e-20,Bull,8.182642713796265e-20
2020-01-16,0.0082833918731948,-1.08224195937897,0.0044652451807408,-0.311502563358719,0.0,0.0001875035254001,12.3199996948242,0.786792593492516,1,6.125048748843616e-07,0.9999993874955238,1.0998868220778555e-19,Bull,1.0998868220778555e-19
2020-01-17,0.0031082340126298,-1.12877602045325,0.0044551661959536,-0.40480321118531,0.0,0.0001803432906425,12.1000003814697,0.789060972768422,1,3.362244178194237e-07,0.9999996637744172,1.2827120972804744e-19,Bull,1.2827120972804744e-19
2020-01-21,-0.0019600826955654,-1.18239423528173,0.0045215110571221,-0.352999031680123,-0.0019581629879459,0.0001685372406028,12.8500003814697,0.794559397623052,1,4.0867732225547155e-07,0.9999995913240962,6.04617371313085e-20,Bull,6.04617371313085e-20
2020-01-22,0.00012045166154,-1.04960909364791,0.0045103945578791,-0.235587949687024,-0.0018379399500045,0.0001508930342828,12.9099998474121,0.805480443709908,1,3.15826623144074e-07,0.9999996841725577,6.256602727783144e-19,Bull,6.256602727783144e-19
2020-01-23,0.0011463937421014,-1.11530479680919,0.0044715921889904,-0.14643732238101,-0.000692997058469,0.000140647646248,12.9799995422363,0.835299902007991,1,2.743470241197769e-06,0.9999972565311853,1.5039016159849908e-15,Bull,1.5039016159849908e-15
2020-01-24,-0.0089329674979943,-1.16772521459234,0.0050285309068713,-0.26889990504876,-0.009580021190319,0.0001723669061559,14.5600004196167,0.846368747802584,1,0.0053224820064950275,0.9946775179900728,2.9672571582125856e-12,Bull,2.9672571582125856e-12
2020-01-27,-0.0161592163735405,-0.618688711420201,0.0062856274786553,-0.820215103938052,-0.0254558162685371,0.0004156820358356,18.2299995422363,0.876371798812247,0,0.9847266094348724,0.015273381411095603,9.153382417749781e-09,Neutral,9.153382417749781e-09
2020-01-28,0.0104244273355221,0.694913187564322,0.0065802300101953,-0.666214834104866,-0.0152436155464929,0.0005961746929762,16.2800006866455,0.891371613913429,0,0.9957527581299913,0.004245931214785111,1.3106546442188018e-06,Neutral,1.3106546442188018e-06
2020-01-29,-0.000826047065666,0.480768722382777,0.0065850723617385,-0.652281368662609,-0.01605673478465,0.0007218590266363,16.3899993896484,0.867030276739032,0,0.993783149072289,0.006216258934606992,5.919919634294132e-07,Neutral,5.919919634294132e-07
2020-01-30,0.0032400263558018,0.27627815573778,0.0064570389529832,-0.844466279587921,-0.0128635624849658,0.0008067645696948,15.4899997711182,0.810844285552378,0,0.991154029752926,0.008845677391545376,2.928537874536232e-07,Neutral,2.928537874536232e-07
2020-01-31,-0.0183248843327046,0.089196189004724,0.0076924905123914,-0.911001112444199,-0.0307879904043458,0.0010113309611861,18.8400001525879,0.834517661485539,0,0.999998830455981,5.19632081207799e-08,1.1175818655081817e-06,Neutral,1.1175818655081817e-06
2020-02-03,0.0074011222682539,1.23577906529313,0.0075873993327755,-0.95984957968804,-0.0235881231338071,0.0011448811801616,17.9699993133545,0.790778781489265,0,0.9999995648323458,1.3806098958424891e-08,4.213618485032336e-07,Neutral,4.213618485032336e-07
2020-02-04,0.0151261658393738,0.951110886069227,0.0080709512938141,-0.826611641062503,-0.0087064878584313,0.001296178045927,16.0499992370605,0.817429851800887,0,0.9999989755602445,4.2812505695632113e-07,5.963137283841392e-07,Neutral,5.963137283841392e-07
2020-02-05,0.0114819863377544,0.718119893765584,0.0083738128428603,-0.775063733237744,0.0,0.0014367505187669,15.1499996185303,0.787754099214985,0,0.9999879595922716,1.182533025365161e-05,2.1507612655532596e-07,Neutral,2.1507612655532596e-07
2020-02-06,0.0033592398548894,0.505770285187794,0.0083289607764817,-0.889147966904865,0.0,0.0015422935953354,14.960000038147,0.784765763543972,0,0.999329016792209,0.0006708577218875857,1.254845647304334e-07,Neutral,1.254845647304334e-07
2020-02-07,-0.0053436895139418,0.290462186069184,0.0084175586902447,-0.70921068584771,-0.0053294374027182,0.0016173634643361,15.4700002670288,0.783159698117994,0,0.9943334724097681,0.005666417389466825,1.1020071145382872e-07,Neutral,1.1020071145382872e-07
2020-02-10,0.0074374233895184,0.316638636069294,0.0084415665980472,-0.70875707661327,0.0,0.0016668676958794,15.039999961853,0.774087307798795,0,0.9646501059239817,0.035349814611683635,7.946529075497224e-08,Neutral,7.946529075497224e-08
2020-02-11,0.0017316160100309,0.128549384246467,0.0083910939815823,-0.796400796566765,0.0,0.0016929713108239,15.1800003051758,0.742869430024358,0,0.7526715725306251,0.2473284087762908,1.8693850211464773e-08,Neutral,1.8693850211464773e-08
2020-02-12,0.0064219634800997,-0.0421722787842167,0.0083775217291197,-0.795860631865982,0.0,0.0017030838281821,13.7399997711182,0.721650897454719,1,0.3932210495265137,0.6067789455343714,4.9385117573677294e-09,Bull,4.9385117573677294e-09
2020-02-13,-0.0010677156542673,-0.195123603164984,0.008370238049522,-0.805103943065434,-0.0010671458487232,0.0016810989071181,14.1499996185303,0.720232358257547,1,0.1277943193440172,0.8722056794255265,1.230324495263718e-09,Bull,1.230324495263718e-09
2020-02-14,0.0016007991830449,-0.317014171176621,0.008368012203696,-0.794317938527127,0.0,0.001635173377042,13.6800003051758,0.721875614934832,1,0.042858317366373584,0.9571416818420234,7.902425287050327e-10,Bull,7.902425287050327e-10
2020-02-18,-0.0025799693140387,-0.451091103513438,0.0082527009972179,-0.671073008070747,-0.0025766440535127,0.0015668202128607,14.8299999237061,0.69805314954457,1,0.02904967471748539,0.970950324908089,3.762331977087639e-10,Bull,3.762331977087639e-10
2020-02-19,0.0047699285461897,-0.35388869727155,0.0082835577719215,-0.688517245161056,0.0,0.0014724981460121,14.3800001144409,0.693043446413387,1,0.03782238208953219,0.9621776175338251,3.760829063894852e-10,Bull,3.760829063894852e-10
2020-02-20,-0.0041168100961828,-0.47615929872057,0.008334109716719,-0.647320898068763,-0.0041083476502424,0.0013548729277139,15.5600004196167,0.696061351879908,1,0.1297114642959111,0.8702885352064927,4.960665826339351e-10,Bull,4.960665826339351e-10
2020-02-21,-0.0103517300112381,-0.244536257023573,0.0086831294049468,-0.504270671307598,-0.014364373764443,0.0012094875645937,17.0799999237061,0.727820392589273,0,0.903211671562299,0.09678621336841901,2.1150678588127564e-06,Neutral,2.1150678588127564e-06
2020-02-24,-0.0337274913647931,0.241842178168825,0.0114184792195721,-1.12807143317063,-0.0470530388295157,0.0012628886559878,25.0300006866455,0.794464036696172,0,0.825160625706891,2.67158352402662e-23,0.17483937429359808,Neutral,0.17483937429359808
2020-02-25,-0.0307711200001819,3.0,0.0130246804306696,-1.09428217270141,-0.0759297217054106,0.0015255176578803,27.8500003814697,0.79382084320484,2,0.05097016327457139,2.4602391118139745e-53,0.9490298367259146,Panic,0.9490298367259146
2020-02-26,-0.0036849121392128,3.0,0.0126444085108328,-1.2744897238542,-0.0793285734104669,0.0017236612619759,27.5599994659424,0.774587581494587,2,0.030307583527899553,3.981024659458752e-58,0.9696924164734001,Panic,0.9696924164734001
2020-02-27,-0.0459514259048834,3.0,0.0155662941538265,-1.34130353371918,-0.120677442956823,0.0022355502131091,39.1599998474121,0.845788415260025,2,1.0698365268638672e-11,4.85113171798943e-122,0.9999999999890861,Panic,0.9999999999890861
2020-02-28,-0.004210409081673,3.0,0.015544026774652,-1.31587068186001,-0.124371967449078,0.0025744240652201,40.1100006103516,0.841761733359462,2,1.1383406213205416e-10,5.315646673718664e-121,0.9999999998872227,Panic,0.9999999998872227
2020-03-02,0.0423950463780614,3.0,0.0185876002980458,-0.252447035521654,-0.0864515366771801,0.0031613150932655,33.4199981689453,0.887802328433633,2,3.310479591829126e-12,9.81767339907286e-104,0.999999999996362,Panic,0.999999999996362
2020-03-03,-0.0290502611228991,3.0,0.0191741462546541,-0.252533198932855,-0.112608584049937,0.0036851835988919,36.8199996948242,0.895646053663985,2,1.7122146044447078e-13,4.369095469606684e-128,1.0,Panic,1.0
2020-03-04,0.0411733690912328,3.0,0.0214026465914137,0.0400243214489908,-0.0753090859218391,0.0043047513862997,31.9899997711182,0.903011365777996,2,5.0951970101902e-15,1.2333878098412204e-113,1.0,Panic,1.0
2020-03-05,-0.0338065365439428,3.0,0.022132272575479,0.181999060302557,-0.106047181381401,0.0048465472028508,39.6199989318848,0.898054211562456,2,2.8177217647347696e-19,4.281409167319069e-147,1.0,Panic,1.0
2020-03-06,-0.0166694607363596,3.0,0.0219989266195646,0.345236344285554,-0.120825378303832,0.0052450604974013,41.939998626709,0.9006080183673,2,4.9648994823917307e-20,1.703889425344882e-162,1.0,Panic,1.0
2020-03-09,-0.0813122767424233,3.0,0.0274147181400548,-0.457479131131566,-0.189483855058587,0.0060649030799296,54.4599990844727,0.910815197859396,2,3.994113494624027e-47,0.0,1.0,Panic,1.0
2020-03-10,0.0504503503156242,3.0,0.0303703702433996,-0.214410316571548,-0.147543986274766,0.0069745822332689,47.2999992370605,0.929058578657085,2,1.4761938114308908e-40,2.2040802033695645e-288,1.0,Panic,1.0
2020-03-11,-0.0499767652747938,3.0,0.0315910117227911,-0.0598312071060943,-0.18909991583023,0.007752924273542,53.9000015258789,0.931213939752771,2,1.3843597491273406e-50,0.0,1.0,Panic,1.0
2020-03-12,-0.100568927865003,3.0,0.0371728081571291,-0.387105986349821,-0.266684583830657,0.0088747478831386,75.4700012207031,0.949647703945464,2,8.908323611160029e-100,0.0,1.0,Panic,1.0
2020-03-13,0.0820282733002395,3.0,0.042555359331078,0.0702020914822029,-0.203996015739925,0.010245159432704,57.8300018310547,0.961480043971068,2,1.1479395222706166e-90,0.0,1.0,Panic,1.0
2020-03-16,-0.115886580043106,3.0,0.0482466926365797,-0.132713480508669,-0.291097775270078,0.0118252361432313,82.6900024414062,0.969928710779271,2,1.8890038783716865e-153,0.0,1.0,Panic,1.0
2020-03-17,0.0525849012776698,3.0,0.0504211310056908,-0.136576780104828,-0.252822695478997,0.0131520633126789,75.9100036621094,0.968616237476488,2,3.216413392422674e-139,0.0,1.0,Panic,1.0
2020-03-18,-0.0519598872593958,3.0,0.0510208340406787,-0.0120550931153281,-0.290654562949508,0.0141095492138349,76.4499969482422,0.968215237882272,2,1.5546252968715164e-149,0.0,1.0,Panic,1.0
2020-03-19,0.0021228124946075,3.0,0.0509698717871937,-0.0056676326869175,-0.289147156187863,0.0147106783167595,72.0,0.966923319076451,2,5.936469288550204e-144,0.0,1.0,Panic,1.0
2020-03-20,-0.0440502750470522,3.0,0.0512387103913332,0.0997008858865303,-0.319780756847131,0.0150252805631178,66.0400009155273,0.96592382923979,2,2.4784474980123047e-145,0.0,1.0,Panic,1.0
2020-03-23,-0.0259008520628532,3.0,0.0512326799429047,0.143809111819399,-0.337172808078081,0.0150701398018197,61.5900001525879,0.967818822222,2,3.842812346909345e-140,0.0,1.0,Panic,1.0
2020-03-24,0.0867309587912777,3.0,0.05600953828644,0.138651342839408,-0.277118528174905,0.015362980327976,61.6699981689453,0.969549569604446,2,3.614236585425686e-164,0.0,1.0,Panic,1.0
2020-03-25,0.0148595400065616,3.0,0.0561769349090342,0.0263845548022148,-0.26629663698922,0.0154744091552382,63.9500007629395,0.966416178560319,2,2.1094007218855165e-155,0.0,1.0,Panic,1.0
2020-03-26,0.056748565903038,2.69727496596778,0.0580851016897446,-0.0474251382669964,-0.223455945843195,0.0153935736519317,61.0,0.967510686169313,2,6.665799246983884e-161,0.0,1.0,Panic,1.0
2020-03-27,-0.030238311903009,2.26169553283011,0.0576729668800978,-0.0767534406997187,-0.246585859993196,0.0152038432167941,65.5400009155273,0.967803458503159,2,2.057584129530451e-159,0.0,1.0,Panic,1.0
2020-03-30,0.031959655293849,1.98657473447486,0.0583083007086564,-0.149404108777932,-0.222118095748506,0.0147624610552567,57.0800018310547,0.967043197746051,2,1.7047572332665926e-149,0.0,1.0,Panic,1.0
2020-03-31,-0.0150176369175412,1.6542230641327,0.0572805252037092,-0.041184917747688,-0.23371276358467,0.0142252741223329,53.5400009155273,0.969456915851103,2,8.959761837958332e-139,0.0,1.0,Panic,1.0
2020-04-01,-0.0460490933782172,1.46723842601929,0.0577059083139342,-0.0090605044509983,-0.268199461574709,0.013480217044054,57.060001373291,0.970116493104919,2,4.741036613469209e-142,0.0,1.0,Panic,1.0
2020-04-02,0.0228131324038472,2.05011306424854,0.0570401116393003,0.0115359031878664,-0.251312913835527,0.0126141113880088,50.9099998474121,0.970353205513183,2,9.815006534448255e-127,0.0,1.0,Panic,1.0
2020-04-03,-0.0145596401889216,1.70220750201626,0.0567934734212242,-0.0342041724079073,-0.262134557637689,0.0114965219365891,46.7999992370605,0.970325595066133,2,1.4875069068190757e-116,0.0,1.0,Panic,1.0
2020-04-06,0.0650067364178311,1.40234125031158,0.0590054973520936,-0.131675854400302,-0.212574929995411,0.0100465143977789,45.2400016784668,0.97201721566123,2,1.9773926727793685e-119,0.0,1.0,Panic,1.0
2020-04-07,0.0010189548766828,1.16973873252831,0.0563754156618434,-0.239208111264456,-0.211772170461893,0.0087161673084635,46.7000007629395,0.97014459104367,2,1.9950842982268867e-99,0.0,1.0,Panic,1.0
2020-04-08,0.0330170389702777,0.954618971535503,0.0556991328737474,-0.231353589544421,-0.185312820423509,0.0073316903569466,43.3499984741211,0.96622752335978,2,2.9631153278913704e-91,0.0,1.0,Panic,1.0
2020-04-09,0.0151029642933018,0.765982485027184,0.0547071688964118,-0.382678312154482,-0.172915244623713,0.0055744615113994,41.6699981689453,0.96568060489018,2,1.003173865909746e-80,0.0,1.0,Panic,1.0
2020-04-13,-0.0091721141227134,0.604074056044616,0.0496274645433357,-0.344921271428538,-0.180466676153,0.0042559745695888,41.1699981689453,0.957238604143885,2,5.184205536703606e-64,0.0,1.0,Panic,1.0
2020-04-14,0.0290661689180203,0.603087777926809,0.046797984159218,-0.464664994313408,-0.156296415333583,0.0037511367479586,37.7599983215332,0.952260564170431,2,3.0680252117633914e-55,0.0,1.0,Panic,1.0
2020-04-15,-0.0214767838003498,0.459414408911213,0.0386554441796906,0.285552832563896,-0.174223260265476,0.004925723368424,40.8400001525879,0.927022271433123,2,1.9945698266696638e-41,5.4e-322,1.0,Panic,1.0
2020-04-16,0.0048123667648702,0.480763934835859,0.0372347302155564,0.415176609767604,-0.170239742341155,0.00608790850754,40.1100006103516,0.925545285095836,2,2.177145769976619e-40,1.2165738124604568e-297,1.0,Panic,1.0
2020-04-17,0.0266572817998556,0.497296208431531,0.0351141248823918,0.396616365934338,-0.1478231338426,0.0072533344327183,38.1500015258789,0.915761309068825,2,8.003961979659791e-40,4.95344690104891e-269,1.0,Panic,1.0
2020-04-20,-0.0177752269475899,0.374502912417555,0.0355670379293789,0.442684065733501,-0.162836938832742,0.0081368780309355,43.8300018310547,0.920699078719843,2,3.019967718734433e-46,4.7520585016274247e-303,1.0,Panic,1.0
2020-04-21,-0.0308336551024349,0.677509773935841,0.0347105058590117,0.520608978857376,-0.1882558432483,0.0089459099612965,45.4099998474121,0.918559292028083,2,7.906797349736486e-51,0.0,1.0,Panic,1.0
2020-04-22,0.0219516002501692,1.04411385512342,0.0339063080273976,0.408000849377203,-0.170239742341155,0.0096862035879138,41.9799995422363,0.919142905805787,2,1.2311509113859755e-49,0.0,1.0,Panic,1.0
2020-04-23,-7.15558130277572e-05,0.837603996408546,0.0291278555800823,0.168937402655068,-0.170299114386777,0.0106016625096752,41.3800010681152,0.893999633583973,2,5.209476562526437e-46,3.098607e-318,1.0,Panic,1.0
2020-04-24,0.0138424854471992,0.647809923794856,0.0291142131932673,0.173903938512251,-0.158734132573424,0.011287562889468,35.9300003051758,0.900229452453082,2,3.70566932537803e-47,5.31469468538281e-304,1.0,Panic,1.0
2020-04-27,0.014315444670757,0.48882514916693,0.0268369091066,0.119192692228123,-0.146604423652794,0.0118736388694257,33.2900009155273,0.883070417796109,2,2.089395049519009e-46,2.4837066267450317e-287,1.0,Panic,1.0
2020-04-28,-0.0046089358714303,0.347640500501991,0.0257387399654587,0.11285677445967,-0.150528619008198,0.0123475929998348,33.5699996948242,0.8690537616921,2,7.56666606305274e-48,8.815884114102403e-294,1.0,Panic,1.0
2020-04-29,0.0258416085818771,0.215840181759095,0.025459930797174,0.120972262960238,-0.128290819320376,0.0125944109492807,31.2299995422363,0.884889766323346,2,7.437837700598645e-49,8.674948000284573e-276,1.0,Panic,1.0
2020-04-30,-0.0093543559429694,0.110583927933264,0.0252618149225926,0.107909417516972,-0.13640707691035,0.0127136644591655,34.1500015258789,0.872610556387257,2,1.5315554996453552e-49,4.342000281209489e-285,1.0,Panic,1.0
2020-05-01,-0.026830076704961,0.0408388719259542,0.0235861387038962,0.419812443535748,-0.159269272611299,0.0127127276380286,37.189998626709,0.858448432496322,2,9.153500485878217e-51,1.549239156e-315,1.0,Panic,1.0
2020-05-04,0.0027543683951014,0.629124285803161,0.0233014962086577,0.544007741835289,-0.156950398416112,0.012559544125104,35.9700012207031,0.851933318225741,2,4.970080598747403e-48,3.3868578779392454e-304,1.0,Panic,1.0
2020-05-05,0.0091970284284101,0.463024711726999,0.0228433222805742,0.46071733509991,-0.149161082890698,0.0122299416112939,33.6100006103516,0.848469257022356,2,1.41005949283216e-44,1.910636672322551e-282,1.0,Panic,1.0
2020-05-06,-0.0068019165450277,0.320811836399736,0.0186888637813354,-0.15846974044622,-0.154928780262674,0.0116899614472656,34.1199989318848,0.766812979255602,2,7.075043059430109e-38,3.914925459545975e-265,1.0,Panic,1.0
2020-05-07,0.0119946249371727,0.323322526989016,0.0187732729035667,-0.236870642708002,-0.14473143352023,0.0110642994840546,31.4400005340576,0.76879259083907,2,1.6877227273696797e-33,1.1707006511537665e-234,1.0,Panic,1.0
2020-05-08,0.0164108954027578,0.200422065950914,0.0178099337849533,-0.347204752121198,-0.130579908539343,0.0102161396904305,27.9799995422363,0.77443844793004,2,1.3671035065678583e-27,3.791987356809211e-198,1.0,Panic,1.0
2020-05-11,0.000205188142484,0.0935321384662104,0.0176032731357715,-0.252104620213179,-0.130401495542248,0.0090715482352908,27.5699996948242,0.781099786897419,2,8.69605695201636e-22,2.5008959543719078e-174,1.0,Panic,1.0
2020-05-12,-0.0201327880215407,-0.0087011075816118,0.0181180970083243,-0.22771371897808,-0.147733877867348,0.0080987322556525,33.0400009155273,0.80873976150303,2,6.745695564994757e-21,1.2387424053247078e-185,1.0,Panic,1.0
2020-05-13,-0.0178442642263068,0.349832499688164,0.0174772206619492,-0.125172435517307,-0.162807054903112,0.0071335258185671,35.2799987792969,0.784485938345479,2,3.458838126683996e-18,1.0569307972093139e-192,1.0,Panic,1.0
2020-05-14,0.0118961349334334,0.526416523351512,0.0169719130123929,-0.30752022065428,-0.152788220111172,0.0068379102509802,32.6100006103516,0.778606585816048,2,1.8023804653718626e-15,6.219131810496946e-168,1.0,Panic,1.0
2020-05-15,0.0045865538192977,0.376517493259936,0.016969594747594,-0.305784343131714,-0.148893512871761,0.0065049882466945,31.8899993896484,0.778552245118091,2,6.056411504765261e-14,2.0341024816240623e-155,1.0,Panic,1.0
2020-05-18,0.030005080164532,0.243353714150082,0.0172342750852384,-0.246310543498274,-0.122969006011024,0.0061992657216819,29.2999992370605,0.835739243858416,2,1.2264241850386066e-13,6.303627256856409e-126,1.0,Panic,1.0
2020-05-19,-0.0103243852122441,0.139257844653477,0.0168937792601873,-0.26850979500128,-0.131977229633063,0.0057135324781254,30.5300006866455,0.827962662733998,2,1.8942951152704034e-11,9.338012737112869e-123,0.9999999999818101,Panic,0.9999999999818101
2020-05-20,0.0168455047193525,0.166750581062198,0.0154408944134789,-0.278689594353587,-0.117231093615269,0.0052112832162827,27.9899997711182,0.784382527520474,2,1.0222017942392336e-08,4.681085740787151e-97,0.9999999897772796,Panic,0.9999999897772796
2020-05-21,-0.0069280590621136,0.0630866228675231,0.015042499949627,-0.126338146009909,-0.123325832005214,0.0046051709437324,29.5300006866455,0.771436693465566,2,1.9734591759638662e-07,5.323934039924039e-94,0.9999998026542211,Panic,0.9999998026542211
2020-05-22,0.0018972980788731,0.0765049388486726,0.0150310234959007,-0.145514229547556,-0.121660940892556,0.0043624697133605,28.1599998474121,0.773397577686236,2,2.4509851318001783e-06,3.619937717236975e-86,0.9999975490166458,Panic,0.9999975490166458
2020-05-26,0.0122449622948606,-0.023714742229161,0.0149758202298055,-0.139332041882595,-0.110839593950622,0.0039933016822348,28.0100002288818,0.738454445831318,2,0.00033200922378081964,5.092227545060196e-72,0.9996679907754411,Panic,0.9996679907754411
2020-05-27,0.0147698934127725,-0.109273322563465,0.0149938576358879,-0.140328833211361,-0.0976093252109736,0.0037373492964159,27.6200008392334,0.745141492816274,2,0.013327034865520743,4.980318507103388e-58,0.9866729651331891,Panic,0.9866729651331891
2020-05-28,-0.0018470118362161,-0.178188670755869,0.0149389376950743,-0.164453940988914,-0.0992745131838596,0.0034933972978028,28.5900001525879,0.746656975995834,2,0.16666722156334413,3.7083636147576073e-56,0.8333327784365332,Panic,0.8333327784365332
2020-05-29,0.0044460102563306,-0.145394862844326,0.0139874884798356,-0.205261841018002,-0.095260962899794,0.0032291384843916,27.5100002288818,0.686435924230652,0,0.8648117575770194,1.6470098839525554e-49,0.13518824242209215,Neutral,0.13518824242209215
2020-06-01,0.0040338167457445,-0.217661601668984,0.0137582856606117,-0.330928254294944,-0.0916040407030996,0.0028744597514745,28.2299995422363,0.725563934939493,0,0.9809449273289301,2.5075921464179636e-45,0.019055072670288175,Neutral,0.019055072670288175
2020-06-02,0.0082458325404992,-0.28558571374803,0.0120548760569371,-0.183901234759338,-0.0840825920568515,0.0027218211699924,26.8400001525879,0.650988165350933,0,0.9999127516613358,3.169108088307719e-37,8.724833881727491e-05,Neutral,8.724833881727491e-05
2020-06-03,0.0132207090490528,-0.34023346025315,0.0122127080429989,-0.280833165918451,-0.0718931152769617,0.0024617019531185,25.6599998474121,0.675316238611305,0,0.9999982576788797,1.0463707689785572e-29,1.7423209557788982e-06,Neutral,1.7423209557788982e-06
2020-06-04,-0.0026303240817302,-0.388651899754401,0.0122616250740219,-0.149326896250804,-0.0743311293770309,0.0021080455730755,25.8099994659424,0.680517784887334,0,0.9999992330015842,1.03686877378242e-29,7.669973973493279e-07,Neutral,7.669973973493279e-07
2020-06-05,0.0253066182312294,-0.418050955862238,0.0128340329569994,-0.233635739979088,-0.0506066536668274,0.0020902508812089,24.5200004577637,0.762140584533286,0,0.9999865023893639,2.7601464227501123e-22,1.349760986671162e-05,Neutral,1.349760986671162e-05
2020-06-08,0.0120149606450886,-0.451236620320739,0.0128345448512416,-0.233777993299992,-0.0391309278287267,0.0020251903086383,25.8099994659424,0.759397815304076,0,0.9999974621346527,6.516842417276464e-16,2.537863957498768e-06,Neutral,2.537863957498768e-06
2020-06-09,-0.0074843363442482,-0.487474153768533,0.0128820926333485,-0.0426799228782649,-0.0462955504807849,0.0019943335541062,27.5699996948242,0.668061629128261,0,0.9999987158670651,2.309601410527964e-18,1.2841332658180682e-06,Neutral,1.2841332658180682e-06
2020-06-10,-0.005595880932085,-0.404011160650285,0.01303793559032,0.0025576939060561,-0.0516174627435466,0.001941873146833,27.5699996948242,0.583118176548189,0,0.9997824344085067,7.197103721939371e-32,0.00021756559059692162,Neutral,0.00021756559059692162
2020-06-11,-0.0593771716236491,-0.298770799202345,0.0183995657467817,-1.67498023131106,-0.106290507815043,0.0019670219223581,40.7900009155273,0.771483112660113,2,1.2655214021478993e-12,2.8148801062707938e-109,1.0,Panic,1.0
2020-06-12,0.0119043443094409,1.37559920884644,0.0179129956660747,-1.97841560333733,-0.095587904964354,0.0019990150899498,36.0900001525879,0.760930776697861,2,1.7427760785257715e-08,4.394342625894083e-82,0.9999999825704436,Panic,0.9999999825704436
2020-06-15,0.0092924766568165,1.10862373655207,0.0178622062220953,-1.97740101168408,-0.0871445074030014,0.002056143386119,34.4000015258789,0.762895479886289,2,1.5387071133110888e-07,6.646938922301869e-69,0.9999998461280603,Panic,0.9999998461280603
2020-06-16,0.0190650152153573,0.884056369099624,0.0181806507947723,-1.96012967298147,-0.0695739442215464,0.0021344646109603,33.6699981689453,0.792558281116493,2,8.830665380691989e-08,8.366167829965363e-58,0.9999999116917063,Panic,0.9999999116917063
2020-06-17,-0.00416268569424,0.690709882557892,0.0172657283374576,-2.1740596466655,-0.0734389654381469,0.0021361993812268,33.4700012207031,0.792626622672414,2,6.983366475955893e-07,5.582438312075924e-55,0.9999993016647459,Panic,0.9999993016647459
2020-06-18,0.0003849270311846,0.580070307405552,0.0170208234232154,-2.33899423124201,-0.0730822383973664,0.0021423131751005,32.939998626709,0.782051446679516,2,1.3067219331597624e-06,4.205145866793311e-53,0.999998693278884,Panic,0.999998693278884
2020-06-19,-0.0057315404091724,0.415368062657251,0.0168227958802298,-2.26110106834205,-0.0783797091680136,0.0021805961699932,35.1199989318848,0.779086124200121,2,2.8971905623009856e-07,2.7381731782821747e-56,0.9999997102823237,Panic,0.9999997102823237
2020-06-22,0.0063948047622517,0.436171825974685,0.0167181390967119,-2.41170974812727,-0.072467242958129,0.0022138938569847,31.7700004577637,0.76770369621486,2,4.133154454404996e-06,4.81111963820593e-50,0.9999958668462491,Panic,0.9999958668462491
2020-06-23,0.0045930870566648,0.293096323517005,0.0167221346971009,-2.43349929119747,-0.0681972054369753,0.0022438393110813,31.3700008392334,0.761987099920839,2,7.2272368582558155e-06,2.4616902085616356e-48,0.9999927727628487,Panic,0.9999927727628487
2020-06-24,-0.0258394981389971,0.165548580509115,0.0176855701759802,-1.96633738111321,-0.0919661112279861,0.0023115733246634,33.8400001525879,0.809233365589496,2,1.9648157891147616e-08,3.410045831451651e-71,0.9999999803512767,Panic,0.9999999803512767
2020-06-25,0.0106634040123028,0.435029387814392,0.0175478742758839,-1.99493176062762,-0.0822315695811678,0.0023636634736842,32.2200012207031,0.822602738707603,2,6.391451982191072e-07,2.0542055690589404e-63,0.9999993608546216,Panic,0.9999993608546216
2020-06-26,-0.0240379712005954,0.287280000088563,0.0183646844422104,-1.68999035158903,-0.104029818224566,0.0024485279383449,34.7299995422363,0.836320574950854,2,3.1262122474290536e-09,1.5864287028252447e-84,0.9999999968749762,Panic,0.9999999968749762
2020-06-29,0.014590320903495,0.495044722097598,0.0186259991704187,-1.67449606071946,-0.0908614943191837,0.0025098057534178,31.7800006866455,0.842187618330312,2,1.2203450314469484e-07,3.8334883093870806e-71,0.9999998779640084,Panic,0.9999998779640084
2020-06-30,0.0127283880347466,0.342180931873607,0.0188104764439236,-1.67878302995304,-0.0792156675703752,0.0025499392581315,30.4300003051758,0.840414862956304,2,4.408891473782468e-07,1.5736851543900717e-59,0.9999995591098075,Panic,0.9999995591098075
2020-07-01,0.006980136814481,0.210300021965805,0.0187869177314014,-1.67667276386902,-0.0727659833010185,0.0024500179419306,28.6200008392334,0.836944697273758,2,3.2498170230999607e-06,7.656542699216841e-52,0.9999967501842604,Panic,0.9999967501842604
2020-07-02,0.0054918019287226,0.0904722583269632,0.0186017911879969,-1.68152026249074,-0.0676597894706844,0.0023065381411385,27.6800003051758,0.841508934653912,2,1.0559826645925577e-05,1.048285854557793e-46,0.9999894401747076,Panic,0.9999894401747076
2020-07-06,0.0153195216802215,-0.0205663148500681,0.0188748236670116,-1.72248676717246,-0.0532668181709333,0.0021249551815583,27.9400005340576,0.850939487568773,2,5.281710380677318e-06,6.402619270234208e-41,0.9999947182908148,Panic,0.9999947182908148
2020-07-07,-0.0103672596692936,-0.107780814394788,0.0181770181532565,-1.77460539268351,-0.0630311447939721,0.0019182568210463,29.4300003051758,0.845046634060889,2,9.279547922993144e-06,4.823897409683594e-43,0.9999907204504233,Panic,0.9999907204504233
2020-07-08,0.00761950070454,0.0751305970740176,0.0180490204775652,-1.78969731919968,-0.0558646420271358,0.0016430979740573,28.0799999237061,0.853164813495846,2,7.440258858436945e-05,1.3838987908091237e-36,0.9999255974102735,Panic,0.9999255974102735
2020-07-09,-0.0057093602606652,-0.0294501884043024,0.0180204663852616,-1.81107789999642,-0.0612396922707294,0.0012697854139796,29.2600002288818,0.883256621404029,2,0.0007399053170431389,3.267804230361606e-37,0.9992600946841699,Panic,0.9992600946841699
2020-07-10,0.0101587342901492,0.026914340827201,0.0181363008221264,-1.89170372309842,-0.0516544713186512,0.0006916632269039,27.2900009155273,0.912497489363308,2,0.026956424304990872,3.1103338131632628e-31,0.9730435756933623,Panic,0.9730435756933623
2020-07-13,-0.0086966269196171,-0.0723046981931652,0.0122604423929794,-0.935610169330239,-0.0598661199952582,0.0014094214652856,32.189998626709,0.815079372406512,0,0.7214494406959301,2.3670344059185783e-27,0.27855055930557704,Neutral,0.27855055930557704
2020-07-14,0.0128756968550174,0.0159192389251108,0.0122998157393057,-0.930218940812574,-0.047682976233568,0.0018258657497368,29.5200004577637,0.81449763814124,0,0.9792374816490618,1.661659908091836e-20,0.02076251834953934,Neutral,0.02076251834953934
2020-07-15,0.0091450865862663,-0.0824117674742964,0.0122957620622505,-0.929941639874298,-0.0389340105440795,0.0021300188591114,27.7600002288818,0.806143400607653,0,0.9995617852161273,1.3559188870425682e-16,0.0004382147840071405,Neutral,0.0004382147840071405
2020-07-16,-0.0032986786582114,-0.172673133117098,0.0117407855457202,-0.939710873256741,-0.0420990353427934,0.0024126821010648,28.0,0.786152109461587,0,0.9999846278823586,3.9972083207086826e-17,1.537211935374331e-05,Neutral,1.537211935374331e-05
2020-07-17,0.0028948825990822,-0.221968522509334,0.0116748462052187,-1.03863005063246,-0.039322006862221,0.002655156267963,25.6800003051758,0.785509588484735,0,0.9999961448376513,1.3819275061429185e-15,3.855160771324883e-06,Neutral,3.855160771324883e-06
2020-07-20,0.0080492924174349,-0.301871986392561,0.0117505153296978,-1.10613161101817,-0.031558023409606,0.0028489510217615,24.4599990844727,0.776573624030953,0,0.9999968133248174,7.913422245600321e-14,3.186674145433486e-06,Neutral,3.186674145433486e-06
2020-07-21,0.002125085185594,-0.367559696209557,0.0116134128878468,-1.22920587812686,-0.0294978134265131,0.0030212855948502,24.8400001525879,0.761220966209465,0,0.9999967116436389,1.9429308299224067e-13,3.288354493990572e-06,Neutral,3.288354493990572e-06
2020-07-22,0.0056762423475689,-0.431671508634065,0.0116022961299279,-1.22458311742634,-0.0239733435347701,0.0031663058830455,24.3199996948242,0.759356866206051,0,0.9999963103104931,1.2443060132169312e-12,3.6896883835977163e-06,Neutral,3.6896883835977163e-06
2020-07-23,-0.0120037324291724,-0.486545886905623,0.0120056122239285,-0.991867392115033,-0.0356192692369881,0.0032628679810644,26.0799999237061,0.784433288741596,0,0.9999738064554504,2.6526451944798728e-17,2.6193542814165007e-05,Neutral,2.6193542814165007e-05
2020-07-24,-0.006461240322241,-0.311484774232781,0.0104294259072368,-0.872881352468212,-0.0418302778829433,0.0034083522628037,25.8400001525879,0.785637893362062,0,0.99998208591244,2.9954999035761694e-17,1.791408713694959e-05,Neutral,1.791408713694959e-05
2020-07-27,0.0072661857334219,-0.238191612229237,0.0103232420279617,-0.871848897529426,-0.0348426828802488,0.0035245161116258,24.7399997711182,0.779595392117211,0,0.999987196834006,4.785587124144408e-15,1.2803166877854996e-05,Neutral,1.2803166877854996e-05
2020-07-28,-0.0063625391267638,-0.313551850312292,0.0086441193753675,-0.373232523085361,-0.0409640397373143,0.0036786839785948,25.4400005340576,0.772815917384964,0,0.9999763542031236,4.2941516919033887e-16,2.3645796368100463e-05,Neutral,2.3645796368100463e-05
2020-07-29,0.0122234352317427,-0.281034100396296,0.0085029917278397,-0.412831381351519,-0.0291693870608126,0.003761659662095,24.1000003814697,0.77325538576383,0,0.9999787249224381,3.1197621569026865e-13,2.1275077060579108e-05,Neutral,2.1275077060579108e-05
2020-07-30,-0.0035742166618666,-0.349888767712016,0.0083248475809641,-0.257699900277472,-0.0326331522024159,0.0037777949877893,24.7600002288818,0.755718373261817,0,0.9999853383944156,2.0885578001541135e-13,1.4661605050597319e-05,Neutral,1.4661605050597319e-05
2020-07-31,0.0078712656741091,-0.377745553550528,0.0083518559988276,-0.264754578520166,-0.0249887044683204,0.0037244083222675,24.4599990844727,0.619956005808951,0,0.9999994632272851,2.2307539460380675e-11,5.367505422766054e-07,Neutral,5.367505422766054e-07
2020-08-03,0.0069280776255764,-0.437500291516187,0.0083843230279702,-0.281245166513514,-0.018210296973035,0.0036131178612293,24.2800006866455,0.603017811142236,0,0.9999998187704642,7.323109712201974e-10,1.8049778533709613e-07,Neutral,1.8049778533709613e-07
2020-08-04,0.0038546872957843,-0.490089691394271,0.0078621793274613,-0.351113738663801,-0.0144185012793686,0.0034285529013598,23.7600002288818,0.581549947765326,0,0.9999999254068853,3.2269125886450273e-08,4.232379002917311e-08,Neutral,4.232379002917311e-08
2020-08-05,0.0061923991214163,-0.536364458817191,0.0073846532445921,-0.507614784784391,-0.0082964517484374,0.0032488847142888,22.9899997711182,0.578105137860177,0,0.9999994286992473,5.512566210196252e-07,2.0044421859915196e-08,Neutral,2.0044421859915196e-08
2020-08-06,0.0066620049439372,-0.578177317653575,0.0073556820690865,-0.501890005856418,-0.0016676618081202,0.0029838615801162,22.6499996185303,0.578432629732768,0,0.999995964332769,4.026290929511263e-06,9.377388159357088e-09,Neutral,9.377388159357088e-09
2020-08-07,0.0007174611122779,-0.613302233267351,0.0071200705606331,-0.603485088641618,-0.0009511401708687,0.0026082886535199,22.2099990844727,0.603080309585735,0,0.9999010751601721,9.891726412960522e-05,7.576842983205504e-09,Neutral,7.576842983205504e-09
2020-08-10,0.0029846993996294,-0.628889922172895,0.0069270960156573,-0.561012570040365,0.0,0.0020239982720798,22.1299991607666,0.60802773082949,0,0.9991315368838993,0.000868458906913889,4.208967827494748e-09,Neutral,4.208967827494748e-09
2020-08-11,-0.0082891736761041,-0.661562074383395,0.0068942997629369,-0.554093714983186,-0.0082549132050071,0.0020431364305676,24.0300006866455,0.628525834386856,0,0.9993712978131446,0.0006286839522898227,1.8235987607266856e-08,Neutral,1.8235987607266856e-08
2020-08-12,0.0138464020677755,-0.50973111000765,0.0069691931325917,-0.506129017773149,0.0,0.0020212644992034,22.2800006866455,0.660189966017787,0,0.9919991545685588,0.008000818438391264,2.699448560606794e-08,Neutral,2.699448560606794e-08
2020-08-13,-0.0018096917636683,-0.547855888099311,0.0068710017668956,-0.351172468045326,-0.0018080552588668,0.00197075091586,22.1299991607666,0.664154606442697,0,0.8083645967436334,0.1916353931115309,1.0143910152140558e-08,Neutral,1.0143910152140558e-08
2020-08-14,2.99079984733552e-05,-0.568545003793588,0.0067763696629718,-0.412740882520639,-0.0017782008892673,0.00193333032815,22.0499992370605,0.652938547737443,1,0.527682600229107,0.47231739630384245,3.4667046255731186e-09,Bull,3.4667046255731186e-09
2020-08-17,0.003171364281294,-0.591087851533388,0.0067778010308723,-0.418381483080271,0.0,0.0018693500616408,21.3500003814697,0.650499995746112,1,0.25364182191276613,0.7463581770086826,1.0781642183734847e-09,Bull,1.0781642183734847e-09
2020-08-18,0.0021584143623849,-0.625989103150947,0.0066503104513583,-0.345611413358549,0.0,0.0017699984890449,21.5100002288818,0.651850779826191,1,0.1037550782001985,0.896244921258075,5.427037121802383e-10,Bull,5.427037121802383e-10
2020-08-19,-0.0041725147226809,-0.6573426461899,0.0067876809758686,-0.228756332119027,-0.0041638218776693,0.0016360519871299,22.5400009155273,0.653308077793865,1,0.0510579608966729,0.9489420388875612,2.1472452175769318e-10,Bull,2.1472452175769318e-10
2020-08-20,0.0031091229788362,-0.585205733781235,0.0067365022944295,-0.187890662288655,-0.0010628265432048,0.0014558596838065,22.7199993133545,0.658518963741391,1,0.015081783385203773,0.9849182166062819,8.14373640983526e-12,Bull,8.14373640983526e-12
2020-08-21,0.0035404130879559,-0.619786386132243,0.0059737269298201,-0.0409428365728028,0.0,0.0011750627191923,22.5400009155273,0.533522062388212,1,0.000543350616365096,0.9994566493834699,1.637406793359917e-14,Bull,1.637406793359917e-14
2020-08-24,0.01008251706837,-0.651503095993747,0.0058394509280451,-0.165855994446341,0.0,0.0010464622023884,22.3700008392334,0.512009729206244,1,6.805645684975365e-05,0.9999319435432056,9.085081510875812e-17,Bull,9.085081510875812e-17
2020-08-25,0.0034930743738756,-0.673527932021879,0.0057644654201172,-0.0950282409416672,0.0,0.0008679450566527,22.0300006866455,0.49097351102945,1,6.991419984706431e-06,0.9999930085785965,2.979282220579533e-18,Bull,2.979282220579533e-18
2020-08-26,0.0099755570150108,-0.698223281912802,0.0055380723799009,-0.192640703348051,0.0,0.0008716231105223,23.2700004577637,0.463981073268134,1,2.8201703500726528e-05,0.9999717982948358,5.209309501265818e-19,Bull,5.209309501265818e-19
2020-08-27,0.0021843037451416,-0.716271656720273,0.0051937097156664,-0.172769993131472,0.0,0.0008923715613825,24.4699993133545,0.442204594295652,1,1.6200826363269707e-05,0.9999837991747829,2.5941777199716542e-18,Bull,2.5941777199716542e-18
2020-08-28,0.0064387938172973,-0.737712628972308,0.004988202350708,-0.343697955846585,0.0,0.0009189327408279,22.9599990844727,0.441711123326601,1,6.744776703162591e-05,0.9999325522340425,4.5580016131123145e-17,Bull,4.5580016131123145e-17
2020-08-31,-0.003629318458473,-0.754586999422226,0.0051432211136055,-0.163049503458558,-0.0036227404425479,0.0009008305621789,26.4099998474121,0.433894621277234,1,0.006871778843505727,0.993128221156018,5.565640328514199e-15,Bull,5.565640328514199e-15
2020-09-01,0.0093747032095121,-0.701536166573257,0.0052580188987809,-0.156342493786961,0.0,0.0008421549220767,26.1200008392334,0.439332091762432,1,0.07027084036342479,0.9297291596341727,8.17715979458773e-13,Bull,8.17715979458773e-13
2020-09-02,0.0143602602480284,-0.719551299197186,0.0057839688164106,-0.0286624163663465,0.0,0.0007842782290883,26.5699996948242,0.361321802768653,1,0.39064230007692524,0.6093576999098963,1.2674649633720191e-11,Bull,1.2674649633720191e-11
2020-09-03,-0.0350204406093981,-0.732674091285939,0.01022727809499,-2.21671695352882,-0.0344143211038582,0.0011411998462686,33.5999984741211,0.694280861869293,0,0.9949062360376525,8.29400893798778e-20,0.005093763962072279,Neutral,0.005093763962072279
2020-09-04,-0.0081986055543286,0.362726949636807,0.0103917126167341,-1.95506200577803,-0.0422984137689524,0.0014192988530534,30.75,0.683968797717353,0,0.9973314782530033,2.3900593631227313e-17,0.0026685217482308424,Neutral,0.0026685217482308424
2020-09-08,-0.0277026889583176,0.44654376650348,0.0121534277997088,-1.56455210218444,-0.0684652042682418,0.001866092606698,31.4599990844727,0.766538971002858,0,0.9808671384473985,7.7976588354358e-36,0.019132861551425708,Neutral,0.019132861551425708
2020-09-09,0.0195547138039931,0.768533147471074,0.012885936976311,-1.3174412942691,-0.0500700380021011,0.0022858021190114,28.8099994659424,0.802148488333839,0,0.9822469661862382,2.3920055399206223e-25,0.01775303381470872,Neutral,0.01775303381470872
2020-09-10,-0.0175160413223683,0.586185669790536,0.0133528583405096,-1.19557547618957,-0.0665641727826395,0.0026576041115146,29.7099990844727,0.807509780622797,0,0.9805268683319153,7.124636517094369e-34,0.019473131667260925,Neutral,0.019473131667260925
2020-09-11,0.0005091185765344,0.684962389549799,0.0129811327855506,-1.21082908046154,-0.0660888222683789,0.0029165044692268,26.8700008392334,0.795278051283449,0,0.9849443805480378,1.6268389183085514e-30,0.0150556194530401,Neutral,0.0150556194530401
2020-09-14,0.013085036587908,0.512880044037627,0.0133076209202546,-1.23357513181003,-0.0537882591850763,0.0031517891228526,25.8500003814697,0.799786312702209,0,0.9797412609778289,6.864807103429074e-26,0.020258739020941847,Neutral,0.020258739020941847
2020-09-15,0.0050396892359083,0.357699544874355,0.0133486975541151,-1.27476990567184,-0.049007609684514,0.0033422276478243,25.5900001525879,0.796864565181794,0,0.9582680915782884,2.185939847156592e-23,0.04173190842010386,Neutral,0.04173190842010386
2020-09-16,-0.0039764709038223,0.221159879816377,0.0133674477532231,-1.19342773403366,-0.0527816945120223,0.0034943666651385,26.0400009155273,0.799310362583053,0,0.8482011742213414,2.049734721349136e-25,0.15179882578040058,Neutral,0.15179882578040058
2020-09-17,-0.0088342339001288,0.259497586088912,0.0134985550182234,-1.05488766633955,-0.0611127889762408,0.003615751275059,26.4599990844727,0.799862696104163,0,0.5341965529842786,1.355450662191972e-30,0.465803447016889,Neutral,0.465803447016889
2020-09-18,-0.0115795612762888,0.198867582502391,0.0136974930306782,-0.95722803397349,-0.0719219873005168,0.0037194515866165,25.8299999237061,0.803781034850444,2,0.2096851051953751,2.1392306460473534e-37,0.7903148948029964,Panic,0.7903148948029964
2020-09-21,-0.0111917802275947,0.373639973916269,0.0138507757962787,-0.797598258061614,-0.0822509250389563,0.0037968750758919,27.7800006866455,0.771840618077321,2,0.036738451548215686,9.749438589692294e-46,0.9632615484502072,Panic,0.9632615484502072
2020-09-22,0.0101329040414306,0.374494249837431,0.0140424250474201,-0.80779340071517,-0.0729041869014113,0.0038149936338809,26.8600006103516,0.807359196613306,2,0.006684894493308767,7.504763041383826e-42,0.993315105505266,Panic,0.993315105505266
2020-09-23,-0.0234643448620107,0.231466909802215,0.0146018863063535,-0.587548186087627,-0.0944046491892823,0.0038130153869281,28.5799999237061,0.821455651272657,2,4.002092299205467e-05,6.116267898782681e-61,0.9999599790758597,Panic,0.9999599790758597
2020-09-24,0.002661995650306,0.490274356665416,0.0145853430025889,-0.582591250184855,-0.091990746831151,0.0037568924759306,28.5100002288818,0.826870037106363,2,0.00014233265470033453,1.0511617614630749e-55,0.9998576673445602,Panic,0.9998576673445602
2020-09-25,0.0160378401811663,0.333463739909156,0.0149063149066915,-0.534575913655129,-0.077310837176468,0.003647138622485,26.3799991607666,0.833636917855736,2,0.0028746538205212343,4.7561519538636904e-45,0.9971253461792959,Panic,0.9971253461792959
2020-09-28,0.0164726190975655,0.199513671940165,0.0154454170383713,-0.523022565781829,-0.0619858552881471,0.0034689027435748,26.1900005340576,0.848324841807771,2,0.03297797054853275,1.8006875871816315e-35,0.9670220294518331,Panic,0.9670220294518331
2020-09-29,-0.0054610766716916,0.0837385294341792,0.0153466643463432,-0.428206311901902,-0.0670944605128338,0.0031758231578262,26.2700004577637,0.850779841097628,2,0.24252815439108516,1.2825364352066617e-34,0.7574718456077575,Panic,0.7574718456077575
2020-09-30,0.007553590301053,0.110374990368632,0.0154933644845362,-0.508450541688049,-0.0600209928720584,0.0027903043870411,26.3700008392334,0.880616271223178,0,0.5666699516727393,1.0431847257140404e-29,0.43333004832576494,Neutral,0.43333004832576494
2020-10-01,0.0063993795649333,-0.0007605122457002,0.0153992180766431,-0.501435155229101,-0.0539864222624498,0.002246746610555,26.7000007629395,0.886991159410622,0,0.8577000832563401,1.992869336778644e-25,0.1422999167445121,Neutral,0.1422999167445121
2020-10-02,-0.0095397448486194,-0.101659062040453,0.015011111471961,-0.380235116445324,-0.0629682401747615,0.0014814871316975,27.6299991607666,0.916812903342393,0,0.9508366498747609,1.9126639086961616e-28,0.049163350126178194,Neutral,0.049163350126178194
2020-10-05,0.0175778401022111,-0.0839562510640888,0.0137536830751847,-0.245962532140467,-0.0463516315334061,0.0012486315571488,27.9599990844727,0.894478671232646,0,0.9866850827551781,8.522533546412394e-21,0.01331491724373735,Neutral,0.01331491724373735
2020-10-06,-0.0143178320358572,-0.170125173895975,0.0139857540545062,-0.210047878547151,-0.0599085244401129,0.0009599404742953,29.4799995422363,0.904106832619308,0,0.9938711606101782,1.0011518813204778e-26,0.0061288393894577695,Neutral,0.0061288393894577695
2020-10-07,0.0172568300523182,-0.0733617539194183,0.0130873939406393,-0.186596400526988,-0.043544738163485,0.0008865918650189,28.0599994659424,0.878021494283022,0,0.9992175101159925,7.985253071651619e-19,0.0007824898822206346,Neutral,0.0007824898822206346
2020-10-08,0.0088237040825234,-0.159890967564609,0.0125350833263072,-0.23505902983138,-0.0350679164806089,0.0009133732418435,26.3600006103516,0.861576271833995,0,0.9999832684424319,1.0310615983063516e-13,1.6731557688991558e-05,Neutral,1.6731557688991558e-05
2020-10-09,0.0088902286788936,-0.238415943656032,0.011920946993651,-0.398276598990898,-0.0264512040792504,0.0010175706859779,25.0,0.84487146455666,0,0.9999981398558723,1.1144077577039219e-10,1.8600314957063255e-06,Neutral,1.8600314957063255e-06
2020-10-12,0.0159598930159808,-0.309226216742553,0.0122950316507556,-0.47217877184276,-0.0107888168950931,0.0010622212852,25.0699996948242,0.846619307542955,0,0.999996932431871,3.1764270312419617e-10,3.067250157247097e-06,Neutral,3.067250157247097e-06
2020-10-13,-0.0065478054452139,-0.370364230284597,0.0122151948260435,-0.299382725524124,-0.0172448198744875,0.0011216397855193,26.0699996948242,0.835827712939526,0,0.9999978230140236,5.582963310620215e-10,2.1764281677016535e-06,Neutral,2.1764281677016535e-06
2020-10-14,-0.0063031962871384,-0.399881923577219,0.0123153570033615,-0.172768182313662,-0.023419837059738,0.001169740017161,26.3999996185303,0.837409837700489,0,0.9999969844657236,5.820455278287758e-11,3.015477326121463e-06,Neutral,3.015477326121463e-06
2020-10-15,-0.0012364700388687,-0.237201910257074,0.0122714931930105,-0.203756646980083,-0.0246266029530838,0.0012169658819579,26.9699993133545,0.838892788843053,0,0.9999964173539923,3.096945463642189e-11,3.582616363093505e-06,Neutral,3.582616363093505e-06
2020-10-16,-0.0006047428841862,-0.313521646302205,0.0120580491374089,-0.283668538739529,-0.0252162747564882,0.0012752986637357,27.4099998474121,0.831594891036914,0,0.9999963482253691,2.9836872254541577e-11,3.6517458597003367e-06,Neutral,3.6517458597003367e-06
2020-10-19,-0.0153200171398939,-0.314885438222487,0.0122907433036299,-0.295554299798319,-0.0400361677725136,0.0013147106481337,29.1800003051758,0.836658815551482,0,0.9999639777028129,1.770241770324787e-17,3.6022295433190696e-05,Neutral,3.6022295433190696e-05
2020-10-20,0.0039975063675177,-0.128876031865395,0.0119417739344514,-0.445153016571235,-0.0361910258714451,0.0013676964652557,29.3500003814697,0.887792045657895,0,0.9999772952209307,9.54669090651454e-15,2.2704778595501922e-05,Neutral,2.2704778595501922e-05
2020-10-21,-0.0018945238875671,-0.218232899374305,0.0118368848280489,-0.325226779563181,-0.038015256426172,0.0014154952566931,28.6499996185303,0.889444449058908,0,0.999985307846756,1.0414208949797212e-14,1.4692154505619639e-05,Neutral,1.4692154505619639e-05
2020-10-22,0.0054701910794348,-0.271208470711063,0.0103438829226166,-0.154114787105891,-0.0327385970535865,0.0015471531436665,28.1100006103516,0.857604351265902,0,0.9999864936692464,8.579645879520045e-12,1.3506321016777663e-05,Neutral,1.3506321016777663e-05
2020-10-23,0.003389692598688,-0.342716163643803,0.0103434311068702,-0.164428019098545,-0.0294543150264866,0.0016431743790554,27.5499992370605,0.857754866942125,0,0.999316854821684,8.167798494133373e-11,0.00068314509778911,Neutral,0.00068314509778911
2020-10-26,-0.0186528605996674,-0.409264449817485,0.010938903977224,-0.161327654529954,-0.0473899727074135,0.0016514220644893,32.4599990844727,0.804993173565529,0,0.9099386398047348,3.277935578584264e-21,0.09006136019532261,Neutral,0.09006136019532261
2020-10-27,-0.0034536237647246,-0.153892951896292,0.0104293533756621,-0.0622095292473721,-0.0506742547345134,0.0016269138019298,33.3499984741211,0.788888295055716,0,0.7333346473112852,1.8991336856944647e-25,0.2666653526875942,Neutral,0.2666653526875942
2020-10-28,-0.0347767105403918,-0.0992370498684128,0.012937479548023,-0.739287476152306,-0.0831212120650649,0.0015084545084924,40.2799987792969,0.836807331074174,2,4.974607485171182e-06,2.4845812655123824e-59,0.9999950253928589,Panic,0.9999950253928589
2020-10-29,0.0101124663973273,0.458347742927614,0.0130320451760705,-0.735380894340825,-0.0738022667854966,0.0013556363809369,37.5900001525879,0.831944244113122,2,4.1137462569241885e-06,6.155100256203289e-47,0.999995886254786,Panic,0.999995886254786
2020-10-30,-0.0104796177641742,0.298680716523507,0.0130924498700015,-0.56579046283445,-0.0834577835751621,0.0011854332626663,38.0200004577637,0.810625768089283,2,8.010496308750263e-06,3.87601584633532e-51,0.9999919895047032,Panic,0.9999919895047032
2020-11-02,0.0111461617325066,0.281563125881498,0.013235273712855,-0.72068293114575,-0.0731847094812556,0.0010376973354961,37.1300010681152,0.796357835964277,2,0.0011178969752060686,4.495570409217014e-42,0.9988821030263283,Panic,0.9988821030263283
2020-11-03,0.0175014822617729,0.145210108917506,0.0132300620219817,-0.722343468302873,-0.0568212937760674,0.0010050691387521,35.5499992370605,0.785948553545223,2,0.060134152274311216,2.021755882140076e-31,0.9398658477269757,Panic,0.9398658477269757
2020-11-04,0.0221035196870654,0.028860143294383,0.0137101796924826,-0.75759699302198,-0.0357416153579627,0.0009822161971424,29.5699996948242,0.798318346907883,0,0.7808494308409486,1.0520358734481608e-20,0.21915056915758876,Neutral,0.21915056915758876
2020-11-05,0.0193148903542202,-0.0686042677378081,0.0138373960976486,-0.723804780949314,-0.016936041222367,0.001028875913259,27.5799999237061,0.81200722735526,0,0.9881903467186479,1.1877883573118115e-14,0.011809653281876598,Neutral,0.011809653281876598
2020-11-06,-0.0002283669132001,-0.161753016926734,0.0137321144263036,-0.652527458364245,-0.0171605148719583,0.0010786314600597,24.8600006103516,0.817189001393028,0,0.9999458478779988,3.3670066703527235e-11,5.415208914555964e-05,Neutral,5.415208914555964e-05
2020-11-09,0.0124871886996623,-0.251206923002139,0.0138589281338207,-0.652548722991954,-0.0048106657871771,0.0011276198769807,25.75,0.76746826862701,0,0.9999975482381203,1.1986747488381504e-11,2.4517515301410286e-06,Neutral,2.4517515301410286e-06
2020-11-10,-0.0014675339111285,-0.330387580059945,0.0134366298397636,-0.596295603628894,-0.0062700687595306,0.0011506826875746,24.7999992370605,0.730933172790395,0,0.9999996408806245,6.783335188098245e-10,3.584413098180935e-07,Neutral,3.584413098180935e-07
2020-11-11,0.0074010900979208,-0.403472069332636,0.0134302696016889,-0.734921701272392,0.0,0.0011695904690317,23.4500007629395,0.75430289682087,0,0.9999996284642074,1.1214544195174976e-09,3.704151598264542e-07,Neutral,3.704151598264542e-07
2020-11-12,-0.0097481385167954,-0.469006791458329,0.0135429786763827,-0.696609472403198,-0.0097007794271072,0.0011908789139948,25.3500003814697,0.752322700924737,0,0.9999990084548158,5.091948726914885e-11,9.914934656280231e-07,Neutral,9.914934656280231e-07
2020-11-13,0.0137495088598678,-0.383632830763563,0.013826740151179,-0.770355163387185,0.0,0.0012207392248101,23.1000003814697,0.745333527438398,0,0.9999993991297729,7.69650815970629e-11,6.007948087634469e-07,Neutral,6.007948087634469e-07
2020-11-16,0.0124051918098518,-0.446708311728896,0.0140210695680953,-0.849963202083884,0.0,0.0012501107185541,22.4500007629395,0.746865883986123,0,0.9999994824539928,1.1586675663851476e-10,5.174311478187804e-07,Neutral,5.174311478187804e-07
2020-11-17,-0.0053928090682067,-0.503911250599383,0.013566108190413,-0.946450845353379,-0.0053782939774759,0.0012593330100338,22.7099990844727,0.732431433142918,0,0.9999997692976006,1.4090870673141993e-09,2.292948025769599e-07,Neutral,2.292948025769599e-07
2020-11-18,-0.0121077109222343,-0.517560252513834,0.0139289637848943,-0.764395766159931,-0.0173482753045636,0.0012680388471862,23.8400001525879,0.736927889525537,0,0.9999992387313965,6.632861775452912e-12,7.612615638099353e-07,Neutral,7.612615638099353e-07
2020-11-19,0.0042015209928223,-0.238452786700317,0.0139125900860546,-0.830044823623555,-0.0132109580281871,0.0012642154600793,23.1100006103516,0.738323470628466,0,0.9999996065162896,1.7966749808582185e-10,3.933025977503518e-07,Neutral,3.933025977503518e-07
2020-11-20,-0.0068719472164255,-0.322056371725842,0.0140209939532964,-0.695935677861481,-0.0199688736242928,0.001129671346657,23.7000007629395,0.74618042619442,0,0.9999992951745963,1.206056461889357e-11,7.048140489746362e-07,Neutral,7.048140489746362e-07
2020-11-23,0.0059766940745849,-0.220704681348386,0.0140501425288635,-0.716996800580069,-0.0140939886913813,0.0009442636355426,22.6599998474121,0.724248564235385,0,0.9999996712613751,1.9906637843622826e-10,3.285403119975757e-07,Neutral,3.285403119975757e-07
2020-11-24,0.0159855631660815,-0.306783392802936,0.0135812630809228,-0.938560746351982,0.0,0.0007709113241262,21.6399993896484,0.745263248460495,0,0.9999994205283516,2.2459425843432394e-10,5.792452868051868e-07,Neutral,5.792452868051868e-07
2020-11-25,-0.0015431828863707,-0.379701642071151,0.0135405825997831,-0.963780123327766,-0.0015419927919174,0.0003405875999868,21.25,0.756866131458883,0,0.9999996026272918,9.895698228237388e-09,3.874752404303948e-07,Neutral,3.874752404303948e-07
2020-11-27,0.0027811719772339,-0.453705844102943,0.0103646783703158,-0.140194432064356,0.0,0.0007750679850699,20.8400001525879,0.673138210476237,0,0.9999337644621535,6.622271398216536e-05,1.2824830122738457e-08,Neutral,1.2824830122738457e-08
2020-11-30,-0.0044368579713953,-0.520466319389295,0.0104990299559734,0.0242150187547334,-0.0044270296580492,0.0010090487042968,20.5699996948242,0.646548763289469,0,0.9999401892552976,5.980338713735652e-05,7.356220935321563e-09,Neutral,7.356220935321563e-09
2020-12-01,0.0108780004956568,-0.513908611257364,0.0100066583688542,-0.102749694089329,0.0,0.0012458304044736,20.7700004577637,0.642667176474969,0,0.9999614869479493,3.85058532102482e-05,7.1978837194409045e-09,Neutral,7.1978837194409045e-09
2020-12-02,0.0021015067836573,-0.567785122858053,0.0099429972988162,0.0168708555399743,0.0,0.0014348194442988,21.1700000762939,0.653440417531765,0,0.9997954186986576,0.0002045738344633868,7.468109247634444e-09,Neutral,7.468109247634444e-09
2020-12-03,-0.0002726969365767,-0.620457515293513,0.0095757192292645,0.168881887675599,-0.0002726597581462,0.0016213123801729,21.2800006866455,0.646438197941605,0,0.9986042461539377,0.0013957464042807111,7.440437716553399e-09,Neutral,7.440437716553399e-09
2020-12-04,0.0085806686865659,-0.669153632547564,0.0087255272644383,0.0114665073282672,0.0,0.0018427660525861,20.7900009155273,0.541136925211431,0,0.9908264881126762,0.00917351150299896,3.8534416789593516e-10,Neutral,3.8534416789593516e-10
2020-12-07,-0.0020570947091949,-0.709391666930846,0.0080072292846007,-0.0031933837361387,-0.0020549803399414,0.0020773118045859,21.2999992370605,0.416095468765248,0,0.9756561123986974,0.024343887597403517,4.256278352949697e-12,Neutral,4.256278352949697e-12
2020-12-08,0.0029221021801877,-0.749654654246835,0.0079831053899461,-0.0589545320962087,0.0,0.0022584427501844,20.6800003051758,0.41720644450735,0,0.9781534001801553,0.02184659981574112,4.491597127478547e-12,Neutral,4.491597127478547e-12
2020-12-09,-0.0090093967464373,-0.781859095927526,0.0080361886622449,0.0855962112770729,-0.0089689337385112,0.0023839407208562,22.2700004577637,0.55616922176963,0,0.9992818013461245,0.0007181965666161104,2.0884339724768096e-09,Neutral,2.0884339724768096e-09
2020-12-10,-0.0003272817141413,-0.67798956431462,0.0080180971815773,0.0675552416488878,-0.0092932270141202,0.0024899047628114,22.5200004577637,0.600616021915576,0,0.9999327807455697,6.721186512849436e-05,7.3880248628766315e-09,Neutral,7.3880248628766315e-09
2020-12-11,-0.0011732268628916,-0.671283228154189,0.0079298626632905,0.206614249084592,-0.0104548692452544,0.0025703891736518,23.3099994659424,0.528308017422551,0,0.9999694561091871,3.054256039664136e-05,1.3291865202100828e-09,Neutral,1.3291865202100828e-09
2020-12-14,-0.0044871136685307,-0.699679643497645,0.007642302131802,0.261609430423711,-0.0148851237659892,0.0026334812866744,24.7199993133545,0.515755241242913,0,0.9999917260225955,8.272008654189071e-06,1.9682480152817514e-09,Neutral,1.9682480152817514e-09
2020-12-15,0.0134288034501582,-0.656941553464329,0.0076169184099742,0.254145594326331,-0.0015669865343837,0.0026498050856953,22.8899993896484,0.522640687212792,0,0.9992676628169921,0.0007323352377948832,1.944777308330005e-09,Neutral,1.944777308330005e-09
2020-12-16,0.0015682155418428,-0.696290919552542,0.0071969525362045,0.34404788050773,0.0,0.0026422445258542,22.5,0.473889227624819,0,0.92690493540973,0.0730950644374879,1.5310622323580352e-10,Neutral,1.5310622323580352e-10
2020-12-17,0.0055762314695684,-0.736710286050872,0.0071082112788372,0.181612297943636,0.0,0.0026296250196941,21.9300003051758,0.451182706827908,0,0.7174580780770083,0.28254192189819405,2.352483187205263e-11,Neutral,2.352483187205263e-11
2020-12-18,-0.004000767640206,-0.774170146979273,0.0065281205261994,0.486705234164785,-0.0039927752314931,0.0025835761623445,21.5699996948242,0.422983647156046,1,0.3437550231112373,0.6562449768819058,7.90798500265534e-12,Bull,7.90798500265534e-12
2020-12-21,-0.003581994986809,-0.765475674704308,0.0066111227682721,0.609813091105163,-0.0075540860109222,0.0024815542441206,25.1599998474121,0.383591788938674,1,0.22827184440928663,0.7717281555904841,4.669348629550464e-13,Bull,4.669348629550464e-13
2020-12-22,-0.0016867202064787,-0.704023503269314,0.0063743975174476,0.671750759644017,-0.0092266536145566,0.0023224652608689,24.2299995422363,0.324533337373223,1,0.024458798052288015,0.9755412019485037,7.740209294128472e-16,Bull,7.740209294128472e-16
2020-12-23,0.0008983048388842,-0.708237958000698,0.0063028557269333,0.797551067366471,-0.0083362372504737,0.0020861403871627,23.3099994659424,0.378419047709359,1,0.0009294075998113855,0.9990705923998418,1.3353118706459366e-17,Bull,1.3353118706459366e-17
2020-12-24,0.0038825251294509,-0.750849193355742,0.0054043125166824,0.618166115208496,-0.0044785939188871,0.0018711965224652,21.5300006866455,0.352477412472358,1,3.2350833602321933e-06,0.9999967649180268,1.2384731364314612e-20,Bull,1.2384731364314612e-20
2020-12-28,0.0085544611647803,-0.788747222556052,0.0056160515022905,0.418460117053565,0.0,0.0015183706530521,21.7000007629395,0.393575489499048,1,3.823630782148508e-06,0.9999961763678926,6.3090064378868395e-22,Bull,6.3090064378868395e-22
2020-12-29,-0.0019099249345186,-0.818628794888282,0.0056530117005561,0.520540924481447,-0.0019081021885111,0.0014805800358369,23.0799999237061,0.408223662752985,1,5.212524331232356e-06,0.9999947874738947,2.6602066658481513e-21,Bull,2.6602066658481513e-21
2020-12-30,0.0014259603907778,-0.794348288767977,0.0055028746706199,0.463638207514132,-0.0004838474517912,0.0014001446262386,22.7700004577637,0.439198403838638,1,5.593658719477676e-06,0.9999944063394663,2.1093680702219213e-19,Bull,2.1093680702219213e-19
2020-12-31,0.005067829773151,-0.828438083871547,0.0051415112341198,0.439469053016187,0.0,0.0013521152816872,22.75,0.379240418678746,1,0.00011026512735700961,0.999889734871105,2.8806848752378753e-18,Bull,2.8806848752378753e-18
2021-01-04,-0.0137073663851162,-0.858142392034241,0.0060772975468348,-0.109585818552399,-0.0136138482220614,0.001214188739271,26.9699993133545,0.497303283899853,1,0.043145699259436905,0.956854300741886,5.2172755533566946e-14,Bull,5.2172755533566946e-14
2021-01-05,0.0068636719280332,-0.610286505838574,0.0062317514638047,-0.213809084160485,-0.0068203297109497,0.0010706291527937,25.3400001525879,0.494235956963929,1,0.01227962472524846,0.9877203752744516,7.337978030727281e-13,Bull,7.337978030727281e-13
2021-01-06,0.0059607328058213,-0.660540716383587,0.0060929015339545,-0.241338326217227,-0.0008825719553267,0.0009903236635292,25.0699996948242,0.456662985429898,1,0.0021386845337465943,0.9978613154657524,6.501779524534807e-14,Bull,6.501779524534807e-14
2021-01-07,0.0147482589991998,-0.703872298651653,0.0067807077580418,-0.0783999783171109,0.0,0.0009456389850856,22.3700008392334,0.55379263130787,1,0.0014121945866564182,0.9985878054137756,6.853510951418381e-14,Bull,6.853510951418381e-14
2021-01-08,0.0056815213157328,-0.738587735831396,0.006836622024695,-0.124149011406241,0.0,0.0008972571523082,21.5599994659424,0.556504168980861,1,0.00010184346138004742,0.9998981565390789,1.0815435643774982e-14,Bull,1.0815435643774982e-14
2021-01-11,-0.0067636285436849,-0.775676806055333,0.0066779558593774,-0.0774633325554822,-0.0067408066899808,0.0008357692036778,24.0799999237061,0.536246470616509,1,0.0002314145821715115,0.9997685854190927,1.4107496133408306e-15,Bull,1.4107496133408306e-15
2021-01-12,0.0002112221447809,-0.700062190371477,0.0066707508365747,-0.0886482972755609,-0.0065309861942596,0.0007653945202294,23.3299999237061,0.543945999518939,1,6.301785101905524e-05,0.99993698214831,5.731878106595889e-16,Bull,5.731878106595889e-16
2021-01-13,0.0026891355929601,-0.699180034100113,0.0066395620217193,-0.170600594776112,-0.0038558179758063,0.0006910279303671,22.2099990844727,0.564997849669541,1,3.7254657736422625e-05,0.9999627453426276,1.0865234331943034e-15,Bull,1.0865234331943034e-15
2021-01-14,-0.0035079785926992,-0.741596574529785,0.0065955765667535,-0.17732936051795,-0.0073441483701585,0.0006333908043627,23.25,0.594250036272664,1,0.0003267457181721003,0.9996732542806414,3.674462393493841e-14,Bull,3.674462393493841e-14
2021-01-15,-0.0073193449977422,-0.680380888540713,0.0063426230562667,-0.179516963442483,-0.0145832140844896,0.000564751381376,24.3400001525879,0.612286921733279,1,0.002039874252780447,0.9979601257450157,1.5571439441925738e-12,Bull,1.5571439441925738e-12
2021-01-19,0.0078214248455816,-0.600871513296238,0.0065158749137156,-0.246981210414348,-0.0068456307338579,0.0005293579244749,23.2399997711182,0.649176397494604,1,0.0012845985506473724,0.9987154014353409,1.239420726934692e-11,Bull,1.239420726934692e-11
2021-01-20,0.0137436152699975,-0.653153375461196,0.0070100706607989,-0.0929822027763423,0.0,0.0005219848029645,21.5799999237061,0.703905522168099,1,0.0017790430657538886,0.9982209569138243,2.1916550521013327e-11,Bull,2.1916550521013327e-11
2021-01-21,0.0009112818713354,-0.694653085079251,0.0068923524969212,-0.173728236202484,0.0,0.0005369340494382,21.3199996948242,0.668127725811894,1,0.0010634889247838467,0.9989365110666795,1.005285433153155e-11,Bull,1.005285433153155e-11
2021-01-22,-0.0035458205727545,-0.740947410954458,0.0068909172222972,-0.174097239662442,-0.0035395415745806,0.0005487900340003,21.9099998474121,0.684939793821191,1,0.007459994582379708,0.9925400053877249,2.928477988805863e-11,Bull,2.928477988805863e-11
2021-01-25,0.003936213591448,-0.695089965125116,0.0068534918262653,-0.28841920862649,0.0,0.0005619421919687,23.1900005340576,0.712081693431748,1,0.06613679365567725,0.9338632058317279,5.119909580679564e-10,Bull,5.119909580679564e-10
2021-01-26,-0.0015622304416602,-0.739068860938146,0.0068972745977762,-0.238551258031435,-0.0015610107948894,0.0005758121879689,23.0200004577637,0.699441228018925,1,0.24634210624756192,0.7536578879752569,5.776821361078892e-09,Bull,5.776821361078892e-09
2021-01-27,-0.0247438840109249,-0.737912393696269,0.0090203609765788,-0.9825066347643,-0.0259631227979483,0.0007827569215242,37.2099990844727,0.618545163575573,0,0.9999074032038962,1.800455938802809e-14,9.259679724917518e-05,Neutral,9.259679724917518e-05
2021-01-28,0.0085634082766716,-0.175834429322728,0.0090207510555021,-0.982408460014559,-0.0175862311614418,0.0009255394583854,30.2099990844727,0.504645047633065,0,0.9999999726351237,2.0834674089051217e-08,6.52926656078448e-09,Neutral,6.52926656078448e-09
2021-01-29,-0.0202228759981162,-0.273157803710519,0.0101050167650757,-0.886409731251506,-0.0372539240521265,0.0011583919178381,33.0900001525879,0.583826689416714,0,0.9999973598131257,2.2513568365075675e-17,2.6401863768915783e-06,Neutral,2.6401863768915783e-06
2021-02-01,0.016508396303208,-0.0055745856904577,0.0107407486315201,-0.752068306288944,-0.0212286181835313,0.001385318397013,30.2399997711182,0.613365470796849,0,0.9999995854014692,2.6026564850581912e-12,4.1459701434707915e-07,Neutral,4.1459701434707915e-07
2021-02-02,0.0140414400533793,-0.116850611669962,0.0111023245136287,-0.710661895915348,-0.007388317017976,0.0015547154393156,25.5599994659424,0.6023241863063,0,0.9999999754036256,5.692922505437816e-09,1.8904762248694607e-08,Neutral,1.8904762248694607e-08
2021-02-03,0.0007859629224844,-0.214392256628187,0.010582828014607,-0.884718502854058,-0.0066078543715527,0.0016658588266921,22.9099998474121,0.558463760203795,0,0.9999978161746383,2.182854616895971e-06,9.720041663335167e-10,Neutral,9.720041663335167e-10
2021-02-04,0.011301543583822,-0.309480412523556,0.0107352071058512,-0.876794772675331,0.0,0.0017622025408528,21.7700004577637,0.542462713453996,0,0.9999990967775816,9.025752824040287e-07,6.481595907210211e-10,Neutral,6.481595907210211e-10
2021-02-05,0.0039282275279246,-0.390854036320324,0.0107055891987296,-0.85879619108859,0.0,0.0018178744251415,20.8700008392334,0.570065649660075,0,0.9999945942909697,5.404843312679918e-06,8.655266652886444e-10,Neutral,8.655266652886444e-10
2021-02-08,0.0071959321393952,-0.463430462799424,0.0103694456712545,-0.931466403597094,0.0,0.0018581594268092,21.2399997711182,0.52117522671585,0,0.9999908112389839,9.188556513898867e-06,2.0540411398587265e-10,Neutral,2.0540411398587265e-10
2021-02-09,-0.0006662805393533,-0.531453685847574,0.0103312164406579,-0.855907914679008,-0.0006660586237633,0.0018817848330176,21.6299991607666,0.519931191176703,0,0.9999857741306715,1.4225694470297384e-05,1.7422345788273201e-10,Neutral,1.7422345788273201e-10
2021-02-10,-0.0004355027278064,-0.592879509827841,0.0101812839491237,-0.961777886065845,-0.0011011765268283,0.0018754373072777,21.9899997711182,0.498278812333746,0,0.9999786959356401,2.130397590125283e-05,8.760025703912208e-11,Neutral,8.760025703912208e-11
2021-02-11,0.0016137783726151,-0.59053729080905,0.0101776187028461,-0.982906299065214,0.0,0.0018528229735815,21.25,0.502815131301547,0,0.9999638380385715,3.6161873894700515e-05,8.650653034469391e-11,Neutral,8.650653034469391e-11
2021-02-12,0.0049276428107543,-0.646597470332849,0.0102026304264639,-1.00591924979691,0.0,0.0018127910603478,19.9699993133545,0.501879093416254,0,0.9999236855527515,7.631437802222213e-05,6.94572934937399e-11,Neutral,6.94572934937399e-11
2021-02-16,-0.0008664761106604,-0.695648585146392,0.01015286885895,-1.05312554695414,-0.0008661008286342,0.001750064530818,21.4599990844727,0.493972622897959,0,0.9999397710438045,6.022889601311232e-05,6.156487887402902e-11,Neutral,6.156487887402902e-11
2021-02-17,0.0002294417885719,-0.710380912549429,0.0099487680939014,-1.19226493544786,-0.0006368314588044,0.001640809324591,21.5,0.478462469717505,0,0.999869946902682,0.00013005306174189278,3.5212781167827485e-11,Neutral,3.5212781167827485e-11
2021-02-18,-0.0042651207593031,-0.755581555613715,0.0099490017332797,-1.0372625585217,-0.0048901591291815,0.001520460264454,22.4899997711182,0.481772536393963,0,0.9998674217312424,0.00013257822027501633,4.7586163219702055e-11,Neutral,4.7586163219702055e-11
2021-02-19,-0.0017673416748298,-0.679645721760208,0.0095623905530097,-1.04001583873294,-0.0066473050260299,0.0014164427308673,22.0499992370605,0.394347639003613,0,0.9991487914440419,0.0008512085559281204,1.1660419100035653e-12,Neutral,1.1660419100035653e-12
2021-02-22,-0.00772150196011,-0.711864208035438,0.0097392879289272,-0.888319266776307,-0.0142879432436518,0.0012796028186592,23.4500007629395,0.47657071516151,0,0.9999680764124392,3.192352603825229e-05,6.017438452306365e-11,Neutral,6.017438452306365e-11
2021-02-23,0.0012135175565815,-0.566471345785591,0.0096995266538139,-0.967787466608963,-0.0130910382713274,0.0011089718144567,23.1100006103516,0.490383856199063,0,0.9999176838803749,8.23160434397573e-05,7.718076957209535e-11,Neutral,7.718076957209535e-11
2021-02-24,0.010959086588044,-0.62120416584164,0.0099394497300496,-0.94635487867081,-0.0022159357530138,0.0008774630098793,21.3400001525879,0.476077667353479,0,0.9998545330184376,0.00014546694052487596,4.1447887706735404e-11,Neutral,4.1447887706735404e-11
2021-02-25,-0.0243909300976668,-0.66331032863101,0.011368508859657,-0.901504566952248,-0.0262584159604294,0.0005936712676977,28.8899993896484,0.56276347329522,0,0.9999997843297256,1.830997438849051e-14,2.1566992307229986e-07,Neutral,2.1566992307229986e-07
2021-02-26,-0.0051657547271855,-0.180703890623399,0.0099703046518027,-0.865141049718855,-0.0312755563360629,0.0005347094569322,27.9500007629395,0.612700352727361,0,0.9999999339306691,1.374794513564444e-10,6.593081828281036e-08,Neutral,6.593081828281036e-08
2021-03-01,0.0239509826533473,-0.113314636547198,0.0110771754308012,-0.381773087191654,-0.007793568169677,0.0004909358784315,23.3500003814697,0.767180691230924,0,0.9999981000273552,3.629966073416846e-10,1.8996107806079515e-06,Neutral,1.8996107806079515e-06
2021-03-02,-0.0078337587428256,-0.198607747070601,0.0101548289394008,-0.213521362209323,-0.0155359085721633,0.0004899836800632,24.1000003814697,0.728294004264591,0,0.9999994111496477,3.9553049350914455e-07,1.933210441101461e-07,Neutral,1.933210441101461e-07
2021-03-03,-0.0133344427644557,-0.185668340882292,0.0101218565138679,-0.110369133796101,-0.0285760538983075,0.0004818694367815,26.6700000762939,0.734415644027145,0,0.9999987504605619,8.642545217625809e-11,1.2494541234081854e-06,Neutral,1.2494541234081854e-06
2021-03-04,-0.0124519402856746,0.0441223366931556,0.0100201628499744,0.0385933059852938,-0.0405971684437624,0.000447174185174,28.5699996948242,0.736243349636213,0,0.9999949639877219,1.2291940351716083e-14,5.036014007334856e-06,Neutral,5.036014007334856e-06
2021-03-05,0.0182295738870293,0.145111605863733,0.0108317502016068,0.0637583457895746,-0.0229472774199554,0.0004599004364782,24.6599998474121,0.771910985550904,0,0.999997559872348,1.2681370631803524e-10,2.4400000050740157e-06,Neutral,2.4400000050740157e-06
2021-03-08,-0.0049913166296375,0.0257336258405998,0.0105789891735383,0.229317407782737,-0.0278119063710434,0.0004528602719954,25.4699993133545,0.791685902444731,0,0.9999982115166481,1.0048078116543715e-09,1.7874779506786622e-06,Neutral,1.7874779506786622e-06
2021-03-09,0.0141765864182837,-0.0377212828772132,0.0110231725573321,0.185339172016938,-0.0139314415108642,0.0004739272898734,24.0300006866455,0.816164839060478,0,0.9999978926338748,1.905812652762158e-08,2.088307528870458e-06,Neutral,2.088307528870458e-06
2021-03-10,0.0062052981172806,-0.133154366900571,0.010992617333434,0.19482251722925,-0.007793568169677,0.0005000972737596,22.5599994659424,0.808407184059117,0,0.9999979124899215,1.4933086930240757e-06,5.942017222538749e-07,Neutral,5.942017222538749e-07
2021-03-11,0.0100881095127683,-0.224175351303675,0.0112138608371165,0.0816093014566336,0.0,0.0005395491288353,21.9099998474121,0.819992001391958,0,0.9999986544325978,7.632742421510219e-07,5.822928168173333e-07,Neutral,5.822928168173333e-07
2021-03-12,0.0013458762398457,-0.302956954802589,0.011213973661933,0.0584045682132219,0.0,0.0005715387171632,20.6900005340576,0.818985438152981,0,0.9999933412331082,6.364464960464422e-06,2.943001986970475e-07,Neutral,2.943001986970475e-07
2021-03-15,0.0059457497063419,-0.370834461771785,0.0112754823267652,0.0069805700340498,0.0,0.0006017050254719,20.0300006866455,0.801758856786644,0,0.9999925738978322,7.211191429865197e-06,2.1491181578725694e-07,Neutral,2.1491181578725694e-07
2021-03-16,-0.0012620976012378,-0.445260581468556,0.011240006047113,0.0846643115361188,-0.0012613014910187,0.0006242392845761,19.7900009155273,0.79045959077173,0,0.999984293855611,1.554174260114302e-05,1.6440145889389815e-07,Neutral,1.6440145889389815e-07
2021-03-17,0.0034041717840036,-0.437876179661311,0.0112546670500958,0.0298323794635191,0.0,0.000641459731753,19.2299995422363,0.789572918652788,0,0.9999816661227598,1.8189424018914708e-05,1.4445364594197564e-07,Neutral,1.4445364594197564e-07
2021-03-18,-0.0146563874483405,-0.524832093087024,0.0117374786011487,0.0997154954953137,-0.0145495054071595,0.0006778432850247,21.5799999237061,0.817727846773518,0,0.9999989937101024,1.9032760992580255e-08,9.872556515578784e-07,Neutral,9.872556515578784e-07
2021-03-19,-0.0018522179174382,-0.117324107980243,0.0117065447615006,0.0724561784259752,-0.0163730851151403,0.0006993557493254,20.9500007629395,0.818916843137748,0,0.9999992889136392,2.565617618741526e-07,4.5452553683865986e-07,Neutral,4.5452553683865986e-07
2021-03-22,0.0079532768748649,-0.196826096371917,0.0118245737533834,-0.0343582935398748,-0.0085188358112269,0.0006893491021365,18.8799991607666,0.827387553339536,0,0.999998049608704,1.5739253262499548e-06,3.764645380534682e-07,Neutral,3.764645380534682e-07
2021-03-23,-0.0079018033874005,-0.315615381726812,0.0118308806319706,-0.0332195645316009,-0.0163224531043752,0.0006781087853432,20.2999992370605,0.811349035003722,0,0.9999994239371358,1.641743336074407e-07,4.1188726624839305e-07,Neutral,4.1188726624839305e-07
2021-03-24,-0.0050964295663611,-0.24381229572358,0.0118907270578995,0.0397405182515641,-0.0213229432917343,0.0006508344271115,21.2000007629395,0.815739207874428,0,0.9999994209612708,3.436203412206955e-08,5.446757228801235e-07,Neutral,5.446757228801235e-07
2021-03-25,0.0056097578455114,-0.13015640387837,0.0117036003176662,0.0735037999637034,-0.0158173739773802,0.0006184226948451,19.8099994659424,0.805882936478844,0,0.9999990443434418,5.956937961520904e-07,3.5996223985028764e-07,Neutral,3.5996223985028764e-07
2021-03-26,0.0159863269655123,-0.274245422157434,0.0107941960649414,0.293634572428757,0.0,0.000618501413607,18.8600006103516,0.779336342637901,0,0.9999721498810819,2.7485441276043963e-05,3.6467635155915446e-07,Neutral,3.6467635155915446e-07
2021-03-29,-0.0005051024640359,-0.399392075613005,0.0106906660971419,0.252223134380711,-0.000504974921261,0.0005727842556389,20.7399997711182,0.800896969969766,0,0.9920159756739302,0.007983835676557286,1.8865013369225728e-07,Neutral,1.8865013369225728e-07
2021-03-30,-0.0026563137221025,-0.528974408809195,0.0094723031486005,0.136657539441996,-0.0031564241719846,0.0006745244623677,19.6100006103516,0.780764812639791,0,0.7815434309844306,0.2184565138445162,5.5170708099112607e-08,Neutral,5.5170708099112607e-08
2021-03-31,0.004044897370937,-0.544272936685615,0.0092849560118503,0.0007261108757768,0.0,0.0007529312649914,19.3999996185303,0.771796628266131,1,0.5220609205800372,0.47793905907742046,2.0343126941290578e-08,Bull,2.0343126941290578e-08
2021-04-01,0.0107411266789157,-0.669282943896723,0.0088581146061282,-0.104991800959109,0.0,0.0008672596763733,17.3299999237061,0.741936623841613,1,0.28355636463600215,0.7164436279024176,7.462987221693346e-09,Bull,7.462987221693346e-09
2021-04-05,0.0142512323688599,-0.783389784104272,0.0085154651374138,-0.168952887820459,0.0,0.0009980998567958,17.9099998474121,0.766268107711525,1,0.17059724157861875,0.8294027574369944,9.85729039263928e-10,Bull,9.85729039263928e-10
2021-04-06,-0.0005907622569107,-0.886010687564529,0.0078839596414993,-0.186927299474009,-0.0005905877912459,0.0011901876750785,18.1200008392334,0.769655077947843,1,0.012035043137637542,0.987964956838181,2.5599555981558822e-11,Bull,2.5599555981558822e-11
2021-04-07,0.0011566022596962,-0.996291233841313,0.0076892442749118,-0.264435252407798,0.0,0.0013612873941448,17.1599998474121,0.756029116922106,1,0.0006131590238963033,0.9993868409737093,8.37008388300746e-13,Bull,8.37008388300746e-13
2021-04-08,0.0047353738215951,-1.06111837063512,0.0072780033882618,-0.298803148112175,0.0,0.0015341307281073,16.9500007629395,0.722971726669983,1,6.085205697126481e-05,0.9999391479430537,4.9264325413916e-14,Bull,4.9264325413916e-14
2021-04-09,0.0072437234854962,-1.14526488375071,0.0073063986652467,-0.309512217084879,0.0,0.0016677255238427,16.6900005340576,0.744734970888203,1,7.418241496104461e-05,0.9999258175862202,1.1475555221404473e-14,Bull,1.1475555221404473e-14
2021-04-12,0.0003649467025308,-1.21655147125123,0.0071246953386533,-0.191404781351519,0.0,0.0017810198430336,16.9099998474121,0.728902315815461,1,5.2327762395400096e-05,0.9999476722381505,1.0144532759467703e-14,Bull,1.0144532759467703e-14
2021-04-13,0.0029591442806635,-1.28934601173567,0.0071226108414941,-0.22456696757862,0.0,0.0018664616065938,16.6499996185303,0.720645746252702,1,7.195136930983722e-05,0.9999280486319749,1.8925038832806246e-14,Bull,1.8925038832806246e-14
2021-04-14,-0.0034211406688475,-1.35028193600797,0.0071808734128159,-0.0611822508064903,-0.0034152952350271,0.0019212618294646,16.9899997711182,0.762746994909149,1,0.00017544840716317972,0.9998245515931939,2.878536664785571e-13,Bull,2.878536664785571e-13
2021-04-15,0.0106851741860554,-1.21406202357985,0.0073857636539309,-0.204009337710732,0.0,0.0019444889602144,16.5699996948242,0.785784422026284,1,0.00047650226251537826,0.9995234977360702,8.7842071931982e-13,Bull,8.7842071931982e-13
2021-04-16,0.0033370301699937,-1.26762346368159,0.0073853662377957,-0.202730984366898,0.0,0.0019486571894688,16.25,0.788481678005781,1,0.00017147222882463284,0.9998285277708121,3.9241803217132394e-13,Bull,3.9241803217132394e-13
2021-04-19,-0.0049253070724404,-1.32725955255608,0.0065086879845573,0.346135583933359,-0.0049131976366154,0.0019516402276279,17.2900009155273,0.704593255933673,1,7.86906721983328e-05,0.9999213093291368,1.8773909839101979e-13,Bull,1.8773909839101979e-13
2021-04-20,-0.0073485016385408,-1.18105692279897,0.0068150878167374,0.260440090498372,-0.0121987927450393,0.0019064491857968,18.6800003051758,0.707408187646913,1,0.0003453460449891451,0.9996546539560915,1.14101928336248e-13,Bull,1.14101928336248e-13
2021-04-21,0.0094178799630029,-0.806760585213866,0.0068787716624787,0.247037476520061,-0.0028518544630168,0.0018158975060134,17.5,0.681062903530618,1,0.0001116863162862669,0.9998883136850717,2.7399897601121276e-13,Bull,2.7399897601121276e-13
2021-04-22,-0.0091753395882188,-0.905200132784537,0.0069823582896487,0.189341469197923,-0.0119591820135561,0.0016814699107832,18.7099990844727,0.72791663009531,1,0.00038425013929733234,0.9996157498601306,2.2364365236938826e-13,Bull,2.2364365236938826e-13
2021-04-23,0.01078407545796,-0.548908414642635,0.0069550432766591,0.0085697762169985,-0.0012464154564309,0.0014918907694931,17.3299999237061,0.721561074368151,1,0.0001076985742297669,0.9998923014255217,3.14190784260461e-14,Bull,3.14190784260461e-14
2021-04-26,0.0020855574220597,-0.669741349483178,0.0069431276579482,0.0810152770224332,0.0,0.0012581603209068,17.6399993896484,0.757569137232346,1,1.6428432750860628e-05,0.9999835715683522,1.0519018298382909e-15,Bull,1.0519018298382909e-15
2021-04-27,-0.000215507849945,-0.790592707161295,0.0063358374800051,0.0622828004655822,-0.0002154846297959,0.0011050918977395,17.5599994659424,0.790371325555069,1,6.342645700197416e-06,0.9999936573532217,8.085664854681543e-17,Bull,8.085664854681543e-17
2021-04-28,-0.0002873637425588,-0.895781737803731,0.0063308115923752,0.0585205944030074,-0.0005027451737757,0.0008942075602256,17.2800006866455,0.753346163089094,1,3.6276619095132852e-06,0.9999963723378048,1.5067747429544715e-17,Bull,1.5067747429544715e-17
2021-04-29,0.0063525274396329,-0.906603732053672,0.0062665147801544,-0.109756118904646,0.0,0.0007983984161591,17.6100006103516,0.716696158748471,1,5.287867480608514e-06,0.9999947121317492,1.9128332693978235e-17,Bull,1.9128332693978235e-17
2021-04-30,-0.0065924004964452,-0.99393732985057,0.006595843912983,-0.013495067003425,-0.0065707182963719,0.0006667653994736,18.6100006103516,0.718596304172525,1,1.5252175135572932e-05,0.9999847478246833,2.7809502405501914e-17,Bull,2.7809502405501914e-17
2021-05-03,0.0021545955954609,-0.694365633674229,0.006316744080347,0.0682653097479655,-0.0044279723951065,0.0005660054008748,18.3099994659424,0.725203590694067,1,4.279237108310725e-06,0.9999957207638246,1.0737245901886701e-16,Bull,1.0737245901886701e-16
2021-05-04,-0.0061885343079275,-0.810715854355431,0.0059033095742395,0.0034537060773664,-0.0105700791223507,0.0005093004032634,19.4799995422363,0.700041208993985,1,1.5392107955297372e-05,0.9999846078919725,4.945719235689485e-17,Bull,4.945719235689485e-17
2021-05-05,0.0003128633515645,-0.566473557023245,0.005893862079414,-0.0179308109957694,-0.0102604743316962,0.0005048794653829,19.1499996185303,0.700030981795398,1,7.3399913876592705e-06,0.9999926600081549,1.2070327383995972e-16,Bull,1.2070327383995972e-16
2021-05-06,0.0079537982931219,-0.698186023792111,0.0060799109415756,-0.107268728423275,-0.0023568957136425,0.0004880397091182,18.3899993896484,0.718608614724396,1,1.1735213202368627e-05,0.9999882647859616,2.653624563519282e-15,Bull,2.653624563519282e-15
2021-05-07,0.0072514588194714,-0.806000274263388,0.0061721966085533,-0.12723624767699,0.0,0.0004870115616858,16.6900005340576,0.714007730450556,1,0.0004047862963582405,0.9995952137022651,2.0330007543598456e-13,Bull,2.0330007543598456e-13
2021-05-10,-0.0099514297481331,-0.899721376554264,0.0065116445796784,-0.036765038867329,-0.0099020781132294,0.0004671682070047,19.6599998474121,0.740558957975822,1,0.0873580015390096,0.912641998409981,5.0788130066905734e-11,Bull,5.0788130066905734e-11
2021-05-11,-0.0089649161430767,-0.438335957192927,0.0068481456990603,0.0222783847358991,-0.0187385546388359,0.0004569592786962,21.8400001525879,0.736663903209515,0,0.8180997326357627,0.1819002489010554,1.8464407730436255e-08,Neutral,1.8464407730436255e-08
2021-05-12,-0.0214741288689488,-0.118437791201288,0.0082957162070797,-0.481040731474267,-0.039585651636984,0.0005754240802148,27.5900001525879,0.782132875968725,0,0.9999893068733047,2.18694593985341e-12,1.0693125696406233e-05,Neutral,1.0693125696406233e-05
2021-05-13,0.011940859738548,0.921566378218259,0.008725428163282,-0.508437792993652,-0.0280487353440979,0.0007209923997299,23.1299991607666,0.804380864690291,0,0.9999987867748216,1.6622312810819015e-10,1.2130580879367972e-06,Neutral,1.2130580879367972e-06
2021-05-14,0.0152387855568961,0.652585197541704,0.0090580271443293,-0.364883067393367,-0.0131239494635867,0.0008696459689544,18.8099994659424,0.813446044604698,0,0.9999992001834032,3.044257250405032e-07,4.953925491842119e-07,Neutral,4.953925491842119e-07
2021-05-17,-0.0025478761933417,0.419935852880071,0.009043284877368,-0.275028421499019,-0.0156351869389265,0.0009880835951575,19.7199993133545,0.815930605832719,0,0.9999938093397478,5.967003845116406e-06,2.2365473026166248e-07,Neutral,2.2365473026166248e-07
2021-05-18,-0.008652843668969,0.266871864638338,0.0091762953078444,-0.236830811763401,-0.0241159973021212,0.0010971178912716,21.3400001525879,0.830168219183515,0,0.9999994529463625,8.395596988834618e-08,4.630990463513324e-07,Neutral,4.630990463513324e-07
2021-05-19,-0.0026253269562719,0.557507287106595,0.0090539328385105,-0.300334624381731,-0.0266746517587471,0.0011785288747502,22.1800003051758,0.833365528364114,0,0.9999994476130885,1.2220973740230763e-08,5.401677455830849e-07,Neutral,5.401677455830849e-07
2021-05-20,0.0107005141177963,0.409488036740129,0.0091257576388087,-0.286792402523403,-0.01620364747562,0.0012514359203331,20.6700000762939,0.845338845880645,0,0.9999986984957389,8.19006111520271e-07,4.824965302501938e-07,Neutral,4.824965302501938e-07
2021-05-21,-0.0008190696658809,0.187502856317067,0.008888927243845,-0.393372180735785,-0.0170091153132093,0.0012980203280411,20.1499996185303,0.837044734480646,0,0.99977829535975,0.00022147354715588237,2.3109290558320322e-07,Neutral,2.3109290558320322e-07
2021-05-24,0.0101425985642587,-0.0234996799548648,0.0088521505091639,-0.402353244478383,-0.0069883007329299,0.0013340809318475,18.3999996185303,0.83259394608388,0,0.9828153923408848,0.017184440787244112,1.6687164283589093e-07,Neutral,1.6687164283589093e-07
2021-05-25,-0.002221191256873,-0.199989795378388,0.0088580388514715,-0.331951399996225,-0.009191521843746,0.0013629455546658,18.8400001525879,0.827820949630073,0,0.8361656381023055,0.1638343028975376,5.899917946381297e-08,Neutral,5.899917946381297e-08
2021-05-26,0.0019825657045249,-0.315101461883618,0.0088674560445274,-0.366668387439476,-0.0072252304282917,0.0013631064924804,17.3600006103516,0.828532090399699,1,0.4343670485244351,0.5656329352022376,1.6274769620269596e-08,Bull,1.6274769620269596e-08
2021-05-27,0.0005248541942552,-0.473740762042434,0.0088671031891563,-0.38011053451292,-0.0067040316618161,0.0013517443170749,16.7399997711182,0.867536009571701,1,0.1448287893947156,0.8551712053182662,5.285213668034235e-09,Bull,5.285213668034235e-09
2021-05-28,0.0017870947418385,-0.601434565151654,0.0087644773423999,-0.334648703264954,-0.0049273305659717,0.0013213790311827,16.7600002288818,0.884010397703777,1,0.03494498061535279,0.9650550177714102,1.611975794019769e-09,Bull,1.611975794019769e-09
2021-06-01,-0.0008810490077193,-0.72743132417774,0.0086374487406677,-0.423757893089525,-0.0058036522561209,0.0012954866806917,17.8999996185303,0.885383746609772,1,0.010107335199815545,0.989892664444389,3.560534464711568e-10,Bull,3.560534464711568e-10
2021-06-02,0.0015711766627237,-0.712586899658247,0.008632019498082,-0.415021952702943,-0.0042403663788303,0.0012427753732278,17.4799995422363,0.887877648630991,1,0.0025159564164857224,0.9974840434722803,1.0955069912888624e-10,Bull,1.0955069912888624e-10
2021-06-03,-0.0037183733177599,-0.827516808807327,0.0085565117403303,-0.451701717091707,-0.0079360971199111,0.0011379444922239,18.0400009155273,0.909771192419367,1,0.0010763455814642765,0.9989236543773932,4.2567291948675035e-11,Bull,4.2567291948675035e-11
2021-06-04,0.0091044184011357,-0.662304198233193,0.0087666071463103,-0.516062179932131,0.0,0.0010078279632317,16.4200000762939,0.918243032639691,1,0.0005924008195679001,0.9994075991733925,6.573156840967255e-12,Bull,6.573156840967255e-12
2021-06-07,-0.0009707559865743,-0.771527154102919,0.0086163932975771,-0.421796081233539,-0.0009702849554127,0.000860857144386,16.4200000762939,0.903223275848109,1,0.0001222161993316607,0.9998777838011496,7.132427524119968e-13,Bull,7.132427524119968e-13
2021-06-08,0.000213357052206,-0.809562346412591,0.0084702997523638,-0.349974653259565,-0.0007571121801962,0.0006779437296052,17.0699996948242,0.891429328325895,1,6.855804078724275e-05,0.9999314419583999,1.2187008820086287e-13,Bull,1.2187008820086287e-13
2021-06-09,-0.0014932131227753,-0.920711877106263,0.0081682496309293,-0.449134853116336,-0.0022480813287469,0.0004941750465951,17.8899993896484,0.879426055702991,1,6.027371496780993e-05,0.9999397262848102,3.244899012781526e-14,Bull,3.244899012781526e-14
2021-06-10,0.0046376988181604,-0.902054949353625,0.0079223882787279,-0.651270739321069,0.0,0.0003200237013822,16.1000003814697,0.853275575152298,1,2.6876551861407786e-05,0.9999731234466915,4.545915369899082e-16,Bull,4.545915369899082e-16
2021-06-11,0.0016512326178688,-0.992902062866017,0.0060082644827346,0.642966958511569,0.0,0.0006716390067424,15.6499996185303,0.797210610702111,1,8.420304904832521e-07,0.9999991579683317,1.2079392983325589e-17,Bull,1.2079392983325589e-17
2021-06-14,0.0022363642270031,-1.10329459925154,0.0055768750976851,0.783792487706185,0.0,0.0009436927544057,16.3899993896484,0.743864218755473,1,7.550398356785412e-07,0.9999992449596115,2.629835244952207e-19,Bull,2.629835244952207e-19
2021-06-15,-0.0018357507195032,-1.19997457230091,0.0046776726890719,0.605824359499628,-0.0018340667597527,0.0012439915463168,17.0200004577637,0.712612371486934,1,1.026101805098235e-06,0.99999897389769,8.360758576967829e-19,Bull,8.360758576967829e-19
2021-06-16,-0.0055991104946651,-1.15454976788446,0.0048347010444101,0.535454247330527,-0.0074072910027428,0.0014362123636667,18.1499996185303,0.681564873377456,1,4.260121985288679e-06,0.9999957398776835,9.313992104242472e-18,Bull,9.313992104242472e-18
2021-06-17,-0.0003315159752794,-0.934498132914278,0.0043414126212019,0.977727091347916,-0.0077362968043684,0.0016240551064902,17.75,0.637707799931003,1,1.6343446210319246e-05,0.9999836565537825,7.0602281177281795e-15,Bull,7.0602281177281795e-15
2021-06-18,-0.0135822805145578,-0.95780203377559,0.0053569105840081,-0.226010065689315,-0.0211223881553598,0.0016843153377993,20.7000007629395,0.640943770510913,1,0.011085932756177067,0.9889140672435128,7.842102744506851e-14,Bull,7.842102744506851e-14
2021-06-21,0.0142142470437721,-0.25520370952385,0.0057293196027549,0.130552316852531,-0.0071090211680684,0.0016991964268574,17.8899993896484,0.618133372941224,1,0.001971355422517304,0.9980286445754732,2.961075510404149e-13,Bull,2.961075510404149e-13
2021-06-22,0.0053322300850675,-0.403947498035148,0.0057996953779444,-0.0038500097027698,-0.001800557622851,0.0017061862092203,16.6599998474121,0.629696300586213,1,2.9852116678468778e-05,0.9999701478827083,6.180365102372765e-16,Bull,6.180365102372765e-16
2021-06-23,-0.0012062996830719,-0.549152978589157,0.0054303960555025,0.060633839280927,-0.0030039593163643,0.001718681409303,16.3199996948242,0.596617458752647,1,2.729499391033749e-06,0.9999972705009857,1.681264349497332e-18,Bull,1.681264349497332e-18
2021-06-24,0.005898411355143,-0.607432353965648,0.0055121432192952,-0.104589335845837,0.0,0.0017108876543522,15.9700002670288,0.583455464945887,1,3.1805448543580757e-06,0.9999968194547921,5.609778132376439e-20,Bull,5.609778132376439e-20
2021-06-25,0.0035457174602493,-0.738270066204266,0.005537559917926,-0.139433509708098,0.0,0.0016857661927851,15.6199998855591,0.568003722189732,1,1.6135074718307979e-06,0.9999983864922172,1.5548303120305547e-20,Bull,1.5548303120305547e-20
2021-06-28,0.0020139139548698,-0.854780510000242,0.0055406412397219,-0.178201651805526,0.0,0.0016441999890606,15.7600002288818,0.57109249188961,1,1.411793787582865e-06,0.9999985882069229,6.458257490091671e-21,Bull,6.458257490091671e-21
2021-06-29,0.0005379830059162,-0.961989128562351,0.0055393257932641,-0.145473059475996,0.0,0.0015923715022202,16.0200004577637,0.574950761108016,1,1.3612331936245318e-06,0.9999986387674823,4.556110385065233e-21,Bull,4.556110385065233e-21
2021-06-30,0.0008413305055716,-1.06573630576175,0.0055225567409206,-0.190384980491413,0.0,0.0015326482203314,15.8299999237061,0.568231412359696,1,1.0776884073899884e-06,0.9999989223112048,2.7202885985860524e-21,Bull,2.7202885985860524e-21
2021-07-01,0.0055212170518013,-1.10937141157415,0.0056061108370453,-0.260049713374117,0.0,0.0014531497461924,15.4799995422363,0.562415434949394,1,1.1059520798876217e-06,0.9999988940477782,2.4240587954956477e-21,Bull,2.4240587954956477e-21
2021-07-02,0.0076147972061626,-1.18801934945819,0.0056456092025642,-0.441569094542351,0.0,0.0013591887405412,15.0699996948242,0.569770363908611,1,1.4633476067781829e-06,0.9999985366531994,1.1796439430950314e-21,Bull,1.1796439430950314e-21
2021-07-06,-0.0018232233883255,-1.25548735176612,0.0054410986140414,-0.336416389551251,-0.0018215623262124,0.0012227830618253,16.4400005340576,0.491651101587771,1,4.1670057297893956e-07,0.9999995832987183,3.220589804980031e-23,Bull,3.220589804980031e-23
2021-07-07,0.0035278469539088,-1.2311055308329,0.0054355520224156,-0.451400867130192,0.0,0.0010648103985076,16.2000007629395,0.51944772248776,1,4.6276298286174116e-07,0.9999995372382888,7.530151883803139e-22,Bull,7.530151883803139e-22
2021-07-08,-0.0081815754145848,-1.30154407785453,0.0058307708902447,-0.389992432261982,-0.0081481974166836,0.0008743485823207,19.0,0.58991819205157,1,1.299574382329418e-05,0.9999870042564442,5.765548135835796e-20,Bull,5.765548135835796e-20
2021-07-09,0.0106182235924619,-0.844259222611873,0.0061496342876761,-0.428899639506748,0.0,0.0006767169808071,16.1800003051758,0.56893229900868,1,2.6216280153185082e-06,0.9999973783704067,8.057952696099319e-20,Bull,8.057952696099319e-20
2021-07-12,0.0035754859521297,-0.936503880804682,0.0061285673216081,-0.412151403611013,0.0,0.0004395462588972,16.1700000762939,0.62533424029902,1,1.1567921556481167e-06,0.999998843207082,4.0159888957846815e-20,Bull,4.0159888957846815e-20
2021-07-13,-0.0034149077743892,-1.03134683461328,0.0062272742596404,-0.301212983331706,-0.0034090836083843,0.0004543846751585,17.1200008392334,0.59414720670662,1,1.4711951816160625e-06,0.9999985288060906,4.808945623707528e-21,Bull,4.808945623707528e-21
2021-07-14,0.00149134996136,-0.955204240302895,0.0062244221364782,-0.284227884516515,-0.0019217089613463,0.0004798844221954,16.3299999237061,0.584900309354586,1,7.525528058526398e-07,0.9999992474479872,1.25911468143853e-19,Bull,1.25911468143853e-19
2021-07-15,-0.0034214190245567,-1.01627424737829,0.0062746631304531,-0.256436370915539,-0.0053307178648262,0.0004612152979165,17.0100002288818,0.590727913351475,1,4.4219542217795854e-05,0.9999557804576458,7.819960108166928e-17,Bull,7.819960108166928e-17
2021-07-16,-0.0078744660960952,-0.999460575867789,0.0064176587199172,-0.273671813836316,-0.0131324498532123,0.0004550446479938,18.4500007629395,0.604789008461915,1,0.023202952631933563,0.9767970473661063,1.6320132934285446e-13,Bull,1.6320132934285446e-13
2021-07-19,-0.0148780252851415,-0.461452186116007,0.0073122784102456,-0.435602228711993,-0.0277064055421477,0.0004731364517491,22.5,0.704242441116553,0,0.975939936059367,0.024060060250553166,3.691059291416459e-09,Neutral,3.691059291416459e-09
2021-07-20,0.0142284681923757,0.290851163566637,0.0071523212242849,-0.288164831888313,-0.0137732685233425,0.0005389192731809,19.7299995422363,0.69568898771048,0,0.9234016613156418,0.07659833089418687,7.790672701948555e-09,Neutral,7.790672701948555e-09
2021-07-21,0.0080638975720859,0.0874641522510517,0.0067329310809659,-0.490533902950074,-0.0057882854044097,0.0005644493766208,17.9099998474121,0.655699568846926,1,0.08881335347133332,0.9111866465014502,2.646561692034913e-11,Bull,2.646561692034913e-11
2021-07-22,0.0020918825553382,-0.0991051724999141,0.0066782080185793,-0.441117383025438,-0.0037063344230786,0.0005831052169586,17.6900005340576,0.634509423550851,1,0.001715047641472859,0.9982849523590942,4.916426926162512e-13,Bull,4.916426926162512e-13
2021-07-23,0.010235307350456,-0.282435403540645,0.0069198667281217,-0.528685253927001,0.0,0.0005986695614123,17.2000007629395,0.641521982251492,1,0.00010966212520997326,0.9998903378761739,7.735375740536842e-15,Bull,7.735375740536842e-15
2021-07-26,0.0024518678893477,-0.430421841769714,0.0068612870779162,-0.47879812494317,0.0,0.000606226338983,17.5799999237061,0.649615366306875,1,1.0346402027957527e-05,0.9999896535981413,3.681384695081861e-16,Bull,3.681384695081861e-16
2021-07-27,-0.0045678695086319,-0.571420736473116,0.0069825261032109,-0.322845051641909,-0.0045574526596789,0.00061501624051,19.3600006103516,0.686178396368627,1,3.0636307239456285e-05,0.9999693636928007,1.9281125982817208e-16,Bull,1.9281125982817208e-16
2021-07-28,-0.0004100471730721,-0.314516068035632,0.006991281525904,-0.271754114304437,-0.0049655473874089,0.0006163433481144,18.3099994659424,0.687592847566786,1,1.864385469138367e-05,0.999981356143593,2.367868436774323e-16,Bull,2.367868436774323e-16
2021-07-29,0.0041385715230788,-0.474613281314757,0.0070170769612727,-0.340265533295148,-0.0008389930070095,0.000610777506492,17.7000007629395,0.690452828213586,1,1.2599213141824508e-05,0.9999874007874214,1.4657363252710952e-16,Bull,1.4657363252710952e-16
2021-07-30,-0.0048681748014862,-0.614472145403848,0.007149986349575,-0.239519493922096,-0.0056912630117213,0.0006024498860206,18.2399997711182,0.692279778999689,1,2.0089595277688247e-05,0.9999799104060729,2.6049924298289127e-16,Bull,2.6049924298289127e-16
2021-08-02,-0.0021001504434519,-0.516543874683404,0.0071102521782178,-0.103310145077793,-0.0077772697159654,0.0005879527748098,19.4599990844727,0.699027015578627,1,2.9989530418716314e-05,0.9999700104694464,7.756088683655675e-16,Bull,7.756088683655675e-16
2021-08-03,0.008102444298502,-0.458854863381073,0.007134425911843,-0.101939322775566,0.0,0.0005680996836712,18.0400009155273,0.69575407895695,1,2.761461636177894e-05,0.9999723853827467,7.101389576165281e-16,Bull,7.101389576165281e-16
2021-08-04,-0.0049309233361469,-0.591025232928714,0.0072234266342697,-0.0584559461396148,-0.004918786290815,0.0005206591619502,17.9699993133545,0.717604470606263,1,1.9131049539246593e-05,0.9999808689510351,5.893708190311959e-16,Bull,5.893708190311959e-16
2021-08-05,0.0063127292095828,-0.485640711872616,0.0073038093409371,-0.091726944780596,0.0,0.0004557372912012,17.2800006866455,0.707610373098384,1,1.6404739876560145e-05,0.9999835952584812,7.32188980337574e-17,Bull,7.32188980337574e-17
2021-08-06,0.0016511198066817,-0.622896329866851,0.0070088980196508,-0.201810131015575,0.0,0.0004063082312841,16.1499996185303,0.688921809918354,1,4.054252993216767e-06,0.9999959457464105,7.661285387513553e-18,Bull,7.661285387513553e-18
2021-08-09,-0.0008138828405632,-0.750408595940456,0.0066821878720018,-0.124050201877017,-0.0008135517277588,0.0003787441152461,16.7199993133545,0.697648168494329,1,3.1571506002242524e-06,0.9999968428505597,1.964323568965701e-18,Bull,1.964323568965701e-18
2021-08-10,0.0012431836486523,-0.765245704236347,0.0066516200368567,-0.0784749648282392,0.0,0.0003457294900411,16.7900009155273,0.697164344409578,1,2.997989793586431e-06,0.9999970020116427,1.4655145405830522e-18,Bull,1.4655145405830522e-18
2021-08-11,0.0024818875193197,-0.883578336465342,0.0065976269787704,-0.198558651353494,0.0,0.0003203646968799,16.1700000762939,0.740851264088198,1,2.8752824721908956e-06,0.9999971247166695,2.7990759996933798e-18,Bull,2.7990759996933798e-18
2021-08-12,0.0029923844085466,-0.983937115486162,0.0066126153736757,-0.228827194165495,0.0,0.0002906179286693,15.5900001525879,0.764210034086369,1,2.6641559123297127e-06,0.9999973358425468,3.4659494561790755e-18,Bull,3.4659494561790755e-18
2021-08-13,0.0018182644711117,-1.07571769205684,0.0065375135052238,-0.338664807586894,0.0,0.0002672419314724,15.4499998092651,0.74957995119668,1,2.435343931697592e-06,0.9999975646562784,2.4513493175892892e-18,Bull,2.4513493175892892e-18
2021-08-16,0.0023518209285784,-1.15800154594448,0.006199268026258,-0.477731969731411,0.0,0.0002905308987652,16.1200008392334,0.744918819174046,1,2.679830841328424e-06,0.9999973201701761,3.796421079831206e-18,Bull,3.796421079831206e-18
2021-08-17,-0.0065769680790657,-1.23462833306567,0.0052872377050753,0.38138276230237,-0.0065553871627612,0.0004424979293315,17.9099998474121,0.666534241340863,1,4.425380309415132e-06,0.999995574619576,3.5624022660205024e-16,Bull,3.5624022660205024e-16
2021-08-18,-0.011004981474299,-0.946889760788728,0.005257981639623,-0.318691660393097,-0.0174282889472298,0.000547955149027,21.5699996948242,0.687205702245975,1,0.0006750180384111268,0.9993249819605484,2.7352214761602372e-14,Bull,2.7352214761602372e-14
2021-08-19,0.0015470929352252,-0.251931814065918,0.0049992744953561,-0.331054967904133,-0.0159069826970681,0.0006630606476058,21.6700000762939,0.673323661715906,1,0.0001943387176836723,0.9998056612836201,6.537321222424657e-14,Bull,6.537321222424657e-14
2021-08-20,0.0079255173174424,-0.418667343263735,0.0052436835454808,-0.310200677671584,-0.0080765473090813,0.0007283994815479,18.5599994659424,0.692762924986744,1,1.099911788292706e-05,0.999989000882588,5.552367204627615e-16,Bull,5.552367204627615e-16
2021-08-23,0.008757976050723,-0.555439402643972,0.0051200130958537,-0.417599916634159,0.0,0.0007875006118126,17.1499996185303,0.650209889128561,1,3.4197597217401393e-06,0.9999965802402851,1.5034243864949495e-18,Bull,1.5034243864949495e-18
2021-08-24,0.0015860794843645,-0.67820756835916,0.0051094014203012,-0.396981228803461,0.0,0.0008358270292608,17.2199993133545,0.646244571931724,1,1.3040887227162202e-06,0.9999986959127772,7.275117330506891e-20,Bull,7.275117330506891e-20
2021-08-25,0.0020961986211496,-0.802888964036302,0.0049679458799777,-0.564828398951442,0.0,0.0008790847545737,16.7900009155273,0.607855528728596,1,7.91586963549087e-07,0.9999992084125047,3.6094329117006047e-20,Bull,3.6094329117006047e-20
2021-08-26,-0.0059204723945169,-0.917304366333419,0.005190138755122,-0.463370984755228,-0.0059029809340902,0.0008955175746295,18.8400001525879,0.630252377507384,1,4.745783463550068e-06,0.9999952542169757,1.2324712701223817e-19,Bull,1.2324712701223817e-19
2021-08-27,0.0089009754090252,-0.680343815543121,0.0054413012661886,-0.373058499268753,0.0,0.000890490730225,16.3899993896484,0.620771053600107,1,2.183123980313596e-06,0.9999978168767667,1.0787020497910398e-19,Bull,1.0787020497910398e-19
2021-08-30,0.0043881011971773,-0.795978408389225,0.0053133430438201,-0.573365807400399,0.0,0.0008758609547042,16.1900005340576,0.619339472911013,1,9.367466176951312e-07,0.9999990632536377,1.671166613587577e-20,Bull,1.671166613587577e-20
2021-08-31,-0.0014827606800604,-0.907310787748879,0.005294292109077,-0.589838243001506,-0.0014816619335699,0.0008550595593373,16.4799995422363,0.626898098705999,1,9.2801661976257e-07,0.9999990719847788,5.0349512656900465e-21,Bull,5.0349512656900465e-21
2021-09-01,0.0005314049336933,-0.925645617151154,0.0050752015650701,-0.56414860607962,-0.0009509033509631,0.0008314849302195,16.1100006103516,0.613343735829231,1,5.656582682082356e-07,0.9999994343417492,2.754626751976633e-21,Bull,2.754626751976633e-21
2021-09-02,0.0030716352790536,-0.989507308584336,0.0048940981282359,-0.7682237061254,0.0,0.0007954748314924,16.4099998474121,0.601293742103159,1,6.512692100197684e-07,0.999999348729246,1.4230960429932277e-21,Bull,1.4230960429932277e-21
2021-09-03,-0.0002424752956402,-1.08538506978574,0.0047806622513129,-0.677469975314942,-0.000242445900881,0.0007377919841812,16.4099998474121,0.606462862624825,1,5.881261688341966e-07,0.9999994118736051,3.0290082085118873e-21,Bull,3.0290082085118873e-21
2021-09-07,-0.0035820730382951,-1.09082717750725,0.0048913501306079,-0.523815227590166,-0.0038172440637679,0.0006828022463311,18.1399993896484,0.568458760284063,1,9.984947128951727e-07,0.9999990015062832,1.069102067585204e-21,Bull,1.069102067585204e-21
2021-09-08,-0.0012190638760181,-0.994684070251968,0.004899471646236,-0.511175457452382,-0.0050309145542111,0.0006421026114679,17.9599990844727,0.564741323560481,1,6.48297530771339e-07,0.9999993517014728,3.893657587024726e-21,Bull,3.893657587024726e-21
2021-09-09,-0.0042894099550396,-0.950122477194442,0.0050291821784774,-0.368934970059835,-0.0092896046906977,0.0005848282694604,18.7999992370605,0.589819781704481,1,2.3860730769515162e-06,0.9999976139253067,7.545977130058198e-19,Bull,7.545977130058198e-19
2021-09-10,-0.0079157887392202,-0.813218211661846,0.0053441494306758,-0.236466904694543,-0.0171009018050872,0.0005126340305364,20.9500007629395,0.611242961532514,1,8.34976919996406e-05,0.9999165023082572,3.798005343489805e-17,Bull,3.798005343489805e-17
2021-09-13,0.0025560992848143,-0.353369938956111,0.0053334979449624,-0.228898759706851,-0.0145853004293778,0.0004170756542441,19.3700008392334,0.60200331408157,1,1.1404281310401376e-05,0.9999885957181509,4.0576410448908897e-16,Bull,4.0576410448908897e-16
2021-09-14,-0.0054112121621114,-0.516267878329124,0.0054528913750103,-0.0758447645996696,-0.0199031873530419,0.0003001884598306,19.4599990844727,0.568794639397274,1,3.89270154454733e-05,0.9999610729838182,7.755429847251461e-17,Bull,7.755429847251461e-17
2021-09-15,0.0083180124619168,-0.342593660666127,0.0057396781491926,-0.0550507981640841,-0.0117167295236785,0.0002325521702276,18.1800003051758,0.58098899292962,1,3.090922260556664e-05,0.9999690907763912,5.444236019679778e-15,Bull,5.444236019679778e-15
2021-09-16,-0.0015864713190945,-0.49757449270673,0.0055497110518468,-0.104948647223318,-0.0132833695441116,0.0002456008758117,18.6900005340576,0.5744763845883,1,0.0025728555156241707,0.9974271444859334,7.718320080095244e-14,Bull,7.718320080095244e-14
2021-09-17,-0.0097888873856195,-0.601737761309233,0.0054305367026481,-0.0102365417798338,-0.0228951066635878,0.0002509228212964,20.8099994659424,0.600961287142164,0,0.5082494738662183,0.49175052608998865,4.352429324238576e-11,Neutral,4.352429324238576e-11
2021-09-20,-0.0168147733011796,0.0031641697849308,0.0065898143460894,-0.507769922992982,-0.0391875432520965,0.0003902079951982,25.7099990844727,0.679773684626073,0,0.9999995874423745,5.274772165411047e-09,4.0728233023207185e-07,Neutral,4.0728233023207185e-07
2021-09-21,-0.0009449188101093,1.1617366279561,0.0063019625441147,-0.495882233899119,-0.0400950042094805,0.0004502286144333,24.3600006103516,0.672801556323368,0,0.9999996475090196,1.7341706208307805e-12,3.5249088714193227e-07,Neutral,3.5249088714193227e-07
2021-09-22,0.0097075189088418,0.958965168969564,0.006377707124127,-0.442361466951446,-0.0307313328364333,0.0005026982840521,20.8700008392334,0.711880622423547,0,0.999999704828995,8.239160369854632e-09,2.8693332873789846e-07,Neutral,2.8693332873789846e-07
2021-09-23,0.0120767691847377,0.676916725778095,0.0069628344033805,-0.234570376644254,-0.018954730342879,0.000604897590311,18.6299991607666,0.706973699429668,0,0.9999878200956637,1.2059342727974057e-05,1.2056334649354913e-07,Neutral,1.2056334649354913e-07
2021-09-24,0.0016459344813846,0.442940327127769,0.0069555834638172,-0.226855405105662,-0.017338664501345,0.0006740448643687,17.75,0.714155152999754,0,0.9994869446776731,0.0005129918019338934,6.352069285398079e-08,Neutral,6.352069285398079e-08
2021-09-27,-0.0028650695389567,0.189902634358737,0.0068652872320119,-0.276596459559161,-0.0201500282613387,0.0007247805631075,18.7600002288818,0.702619940737253,0,0.9995417866900366,0.000458166363824648,4.694571316612253e-08,Neutral,4.694571316612253e-08
2021-09-28,-0.0203574869443237,0.121982087781698,0.0078207903924949,-0.587674480823681,-0.0398956437911334,0.0008641231566834,23.25,0.758029379172745,0,0.9999986059456827,6.800778071399538e-13,1.3940541952451941e-06,Neutral,1.3940541952451941e-06
2021-09-29,0.0016815042511879,1.73769492891238,0.0077385444060041,-0.575480342614197,-0.0382798661468069,0.0009587132461498,22.5599994659424,0.757135113174071,0,0.9999991504813777,1.0344026879010354e-14,8.49518429659599e-07,Neutral,8.49518429659599e-07
2021-09-30,-0.0122975847777553,1.33768454324765,0.008072006006934,-0.424721019896545,-0.0500342774553772,0.0010610714955564,23.1399993896484,0.75231572571151,0,0.9999986433804332,2.359213132831733e-18,1.356618547963484e-06,Neutral,1.356618547963484e-06
2021-10-01,0.0118139527593835,1.87872061344077,0.0086245414412289,-0.318486364553485,-0.0387448723412457,0.001181419571618,21.1000003814697,0.762483213710769,0,0.9999988934620643,2.343596192727042e-16,1.106536910963393e-06,Neutral,1.106536910963393e-06
2021-10-04,-0.0129798251402127,1.4736703789038,0.0088845770801576,-0.138157198794333,-0.0511411708804101,0.0012819073139475,22.9599990844727,0.787933614489662,0,0.9999970650066968,5.3423503325891854e-20,2.93499476909531e-06,Neutral,2.93499476909531e-06
2021-10-05,0.0103510565568703,2.00768271351961,0.0093097225868939,-0.152797824128396,-0.0412684711894655,0.0013794733390354,21.2999992370605,0.808615199748111,0,0.9999973359662377,3.1305913354657018e-18,2.664035137603245e-06,Neutral,2.664035137603245e-06
2021-10-06,0.0041477434563379,1.58040957789402,0.0093962569491515,-0.254539286781248,-0.0372836404494868,0.0014521527456822,21.0,0.846033677748334,0,0.9999984219151603,1.1015554538233208e-14,1.5780834002470112e-06,Neutral,1.5780834002470112e-06
2021-10-07,0.0086084602813887,1.19595974883857,0.0096586662032122,-0.322445226556344,-0.0289603609958222,0.0015118086372954,19.5400009155273,0.849318704660636,0,0.9999990819164517,2.4386850276403988e-11,9.180591761487175e-07,Neutral,9.180591761487175e-07
2021-10-08,-0.0018254545700422,0.868658439165113,0.0096336740511993,-0.36066282092258,-0.0307313328364333,0.0015421055109774,18.7700004577637,0.849674079047307,0,0.9999994737410381,3.8090988515151667e-10,5.258777883586742e-07,Neutral,5.258777883586742e-07
2021-10-11,-0.0072660622672131,0.860507023502555,0.0096115120926641,-0.368231100706709,-0.0377485745946236,0.0015608244368742,20.0,0.885825315380012,0,0.9999988313763886,1.5214479467445073e-12,1.168621575206088e-06,Neutral,1.168621575206088e-06
2021-10-12,-0.0024646500749012,0.891929796494974,0.0095807410049495,-0.297884561462327,-0.0401172674437664,0.001548897088888,19.8500003814697,0.883861977486434,0,0.9999989811299844,7.695929658858342e-13,1.0188700251618742e-06,Neutral,1.0188700251618742e-06
2021-10-13,0.0035911201079823,1.02953228821203,0.0095866438786134,-0.424105580062164,-0.0366640164531786,0.0015186809258441,18.6399993896484,0.895290653621132,0,0.9999990265646566,5.3535351600637e-12,9.734305972497936e-07,Neutral,9.734305972497936e-07
2021-10-14,0.0166808461599697,0.704255838090957,0.0101428398765584,-0.253087479600618,-0.0204599843580966,0.0015178113415409,16.8600006103516,0.905301054043173,0,0.9999984123036355,3.1650651524928165e-09,1.5845323311815383e-06,Neutral,1.5845323311815383e-06
2021-10-15,0.0075870231155299,0.439099633731838,0.0102867545858042,-0.34897308458738,-0.0129999275904516,0.0014788216750948,16.2999992370605,0.904961068604918,0,0.9999900969795952,9.386087362710952e-06,5.169317242262525e-07,Neutral,5.169317242262525e-07
2021-10-18,0.0029559987385461,0.189919604146187,0.0100528068830209,-0.510943307071971,-0.010078040201349,0.0013741515047951,16.3099994659424,0.896125015778155,0,0.9962685253362888,0.0037312046482962393,2.7001432371801917e-07,Neutral,2.7001432371801917e-07
2021-10-19,0.0076852973779253,-0.0538085881987619,0.0093233950196289,-0.669909730455615,-0.0024408862496429,0.0013124662345399,15.6999998092651,0.873734907182868,0,0.88078570529105,0.11921417816832303,1.1654180580720961e-07,Neutral,1.1654180580720961e-07
2021-10-20,0.0039200068794773,-0.255916926658347,0.0093125474790602,-0.746833067603719,0.0,0.0012057826677346,15.4899997711182,0.872086958793261,1,0.4991548250645652,0.5008451523107038,2.2626223456126516e-08,Bull,2.2626223456126516e-08
2021-10-21,0.0026048987013043,-0.445177242622465,0.0091468498157723,-0.704852117888081,0.0,0.0010752860719594,15.0100002288818,0.865119503618949,1,0.12753172668560284,0.8724682707010772,2.6134568646310843e-09,Bull,2.6134568646310843e-09
2021-10-22,-0.001036907365302,-0.625755850922476,0.0088442498642128,-0.6469741895929,-0.0010363699626216,0.0009796635372462,15.4300003051758,0.877215009013044,1,0.016966491701991843,0.9830335079578825,3.4161900759807087e-10,Bull,3.4161900759807087e-10
2021-10-25,0.005348664817455,-0.789968709681956,0.0088933669132434,-0.691523402420768,0.0,0.0008624322677314,15.2399997711182,0.870023007265572,1,0.0022806097816086457,0.997719390181775,3.522554004165591e-11,Bull,3.522554004165591e-11
2021-10-26,0.0008996148160251,-0.93024766134297,0.0088444473251584,-0.760287845809975,0.0,0.0007007087816056,15.9799995422363,0.87118696234059,1,0.00031838854085216954,0.9996816114592303,4.3023909635348683e-13,Bull,4.3023909635348683e-13
2021-10-27,-0.0044402223727937,-1.05865511912567,0.0074591015560216,-0.33207928377055,-0.0044303791595078,0.0007391599348453,16.9799995422363,0.641857415000865,1,1.3228047446268066e-05,0.9999867719527153,3.390844233934418e-16,Bull,3.390844233934418e-16
2021-10-28,0.0096027755117784,-0.750039204050694,0.0076314707710816,-0.41480216862936,0.0,0.0007497635905093,16.5300006866455,0.609922241155258,1,1.656300594863568e-05,0.99998343699446,6.314884584557528e-19,Bull,6.314884584557528e-19
2021-10-29,0.0020269940708974,-0.891493443582563,0.0068371223736139,-0.360230082786739,0.0,0.0008767786363188,16.2600002288818,0.505956682790619,1,7.981958995404843e-07,0.9999992018023024,9.38310701851671e-22,Bull,9.38310701851671e-22
2021-11-01,0.0017187864757009,-1.03787619919402,0.0065523028361172,-0.299177946592756,0.0,0.0010350698291001,16.4099998474121,0.491043682839604,1,5.964941967207051e-07,0.9999994035062587,6.589783007100793e-25,Bull,6.589783007100793e-25
2021-11-02,0.0040349880326147,-1.1827946415758,0.0054733270217684,0.244590233816153,0.0,0.0012902288178839,16.0300006866455,0.317961178376363,1,1.9299640692062845e-08,0.9999999807005227,1.2524781401165774e-29,Bull,1.2524781401165774e-29
2021-11-03,0.0060865896372046,-1.30269750053346,0.005284570031255,0.286748066465127,0.0,0.0014986475503452,15.1000003814697,0.266865980110351,1,9.973375393531687e-09,0.9999999900283001,2.7543729197601606e-32,Bull,2.7543729197601606e-32
2021-11-04,0.0047014622354444,-1.40473116203026,0.0052900988619927,0.271199290037379,0.0,0.0016554451355431,15.4399995803833,0.255589851338368,1,1.3285295420490793e-08,0.9999999867141014,1.7580745670930825e-32,Bull,1.7580745670930825e-32
2021-11-05,0.0034637507978647,-1.49742782845934,0.0051533118756901,0.386179585061524,0.0,0.0017783301437015,16.4799995422363,0.253342743989274,1,2.394494923318567e-08,0.9999999760548238,7.909176652684501e-32,Bull,7.909176652684501e-32
2021-11-08,0.000853186590989,-1.58169324065046,0.0050565849104519,0.374909963902242,0.0,0.0018761698006593,17.2199993133545,0.246191592603758,1,4.1624546642369185e-08,0.9999999583742474,2.3616606449931724e-31,Bull,2.3616606449931724e-31
2021-11-09,-0.003310709028228,-1.66377252414552,0.0047062553435327,0.776173789343705,-0.0033052346740911,0.0019707400534924,17.7800006866455,0.241129089025476,1,5.510433250055521e-08,0.9999999448955366,7.923951788088465e-29,Bull,7.923951788088465e-29
2021-11-10,-0.0080773373533427,-1.45663658872649,0.0051932885243335,0.251072782344614,-0.0113234480302516,0.0020030102705225,18.7299995422363,0.348065019234504,1,3.6959791249212084e-06,0.999996304020451,9.698162954758461e-26,Bull,9.698162954758461e-26
2021-11-11,0.0003232348047506,-0.713506935009076,0.0052293634137358,0.328992585475923,-0.0110038217036201,0.0020098593488501,17.6599998474121,0.356857380678011,1,4.4447460298794596e-07,0.9999995555264001,2.313999126897324e-25,Bull,2.313999126897324e-25
2021-11-12,0.0075186263400555,-0.846359096392127,0.0043400958263024,-0.651941324934488,-0.0035399049477808,0.0020080840627988,16.2900009155273,0.277991726308149,1,8.873157938423672e-08,0.9999999112697008,6.299305321260552e-29,Bull,6.299305321260552e-29
2021-11-15,0.0003424355502312,-0.975536574145041,0.0042092970724052,-0.555457279766025,-0.003198623156674,0.0019618963243417,16.4899997711182,0.284587281059312,1,4.792942444992767e-08,0.9999999520696303,8.7562952995776e-30,Bull,8.7562952995776e-30
2021-11-16,0.003950029406619,-1.10973921579047,0.0042232149385668,-0.58133121077819,0.0,0.001889977717525,16.3700008392334,0.287375378129473,1,5.2729430441560505e-08,0.9999999472711366,2.3159398963298533e-30,Bull,2.3159398963298533e-30
2021-11-17,-0.0024322454273226,-1.22395660133903,0.0041542046086618,-0.43999829544355,-0.0024292899150761,0.0018431949962108,17.1100006103516,0.237477677010006,1,2.253331705466581e-08,0.9999999774663595,6.864220341963793e-32,Bull,6.864220341963793e-32
2021-11-18,0.0033907125302219,-1.15408232728188,0.0041423783536172,-0.428979421183494,0.0,0.0017610426912101,17.5900001525879,0.236685142941364,1,2.0136810023885766e-08,0.9999999798637875,1.2337458115348026e-32,Bull,1.2337458115348026e-32
2021-11-19,-0.0017898453137803,-1.263438822404,0.0042095655691336,-0.287665363361745,-0.0017882444958717,0.0016504585536819,17.9099998474121,0.211679634859162,1,1.0378632120225898e-08,0.9999999896208465,1.6372593501590355e-33,Bull,1.6372593501590355e-33
2021-11-22,-0.0028192815754106,-1.20987866002418,0.0042823014936874,-0.256168858364408,-0.0045985211644847,0.0015246926674948,19.1700000762939,0.206403440856832,1,1.307464711106294e-08,0.9999999869251042,6.251164692869112e-34,Bull,6.251164692869112e-34
2021-11-23,0.0013252000695569,-1.06521666927069,0.0041902761384729,-0.172619801248383,-0.0032785406295205,0.0013488324440074,19.3799991607666,0.224852879590582,1,9.744184105992657e-09,0.9999999902574928,1.3339803584500621e-30,Bull,1.3339803584500621e-30
2021-11-24,0.0026664287746172,-1.18696416386278,0.0041994933313062,-0.231283734757345,-0.0006173074323357,0.0011072911893546,18.5799999237061,0.222920680202247,1,7.237941987484473e-06,0.9999927620563546,5.823465404314201e-26,Bull,5.823465404314201e-26
2021-11-26,-0.0225557643631014,-1.28732359099269,0.0066196745331498,-2.04548770225962,-0.0229068244102303,0.0010317398593142,28.6200008392334,0.623695167904763,0,0.9999998468847597,1.530997565820315e-07,1.648653470310389e-11,Neutral,1.648653470310389e-11
2021-11-29,0.0121919951079201,1.45653824498456,0.0068183450074792,-1.79165733747922,-0.0109211932818049,0.0009432176622105,22.9599990844727,0.668458369102192,0,0.9999995544022651,1.8506965949081396e-09,4.4374883134711525e-07,Neutral,4.4374883134711525e-07
2021-11-30,-0.019649399842292,1.10343873194708,0.0081163642384091,-1.47060807127161,-0.0301663016106326,0.0010933898721776,27.1900005340576,0.571155528760794,0,0.9999998178391417,1.352990274151351e-14,1.8215992647968678e-07,Neutral,1.8215992647968678e-07
2021-12-01,-0.0111694313064588,2.34159786516414,0.008430591601368,-1.19608869611392,-0.0409385207113261,0.0012779689776197,31.1200008392334,0.57655847287677,0,0.9999975976272006,2.208155170991741e-23,2.402371100026186e-06,Neutral,2.402371100026186e-06
2021-12-02,0.0152001149805088,2.85829460382736,0.0090901223040513,-0.852993234508971,-0.0262493200021535,0.0015339050173279,27.9500007629395,0.517057936214274,0,0.9999999118226736,4.2294929139701793e-22,8.817650419854211e-08,Neutral,8.817650419854211e-08
2021-12-03,-0.0087392977348272,2.32999726774507,0.0091313868067157,-0.660347363633613,-0.034722139939971,0.0017382648906877,30.6700000762939,0.536968673442584,0,0.9999996867555219,1.2332159300124895e-21,3.132426700527685e-07,Neutral,3.132426700527685e-07
2021-12-06,0.0117737833217353,2.23643968068436,0.0094825134747802,-0.580700597811085,-0.0232899998621123,0.0019351631247938,27.1800003051758,0.58170056567147,0,0.9999998236162511,6.259403051824271e-18,1.7638355427721707e-07,Neutral,1.7638355427721707e-07
2021-12-07,0.0204738400154749,1.77981057614193,0.0105360919558858,-0.239768708160705,-0.0030868836132627,0.0021903290897414,21.8899993896484,0.660087973114596,0,0.9999995485960536,3.1071456683251276e-15,4.514057226966844e-07,Neutral,4.514057226966844e-07
2021-12-08,0.0026442888165272,1.42485918766712,0.0105507992333062,-0.262817844519963,-0.0004472689949183,0.0023889748250997,19.8999996185303,0.664204554686903,0,0.9999999307765417,3.27121664207791e-11,6.918906082811111e-08,Neutral,6.918906082811111e-08
2021-12-09,-0.0067743751942357,1.05432029862909,0.0106328785948401,-0.221061848639032,-0.00719573010895,0.0025392522571883,21.5799999237061,0.667784343408491,0,0.9999998808089074,5.481370447087416e-11,1.1913644719488961e-07,Neutral,1.1913644719488961e-07
2021-12-10,0.0093695146629251,1.23594038141951,0.0106603885070004,-0.402041428070956,0.0,0.0026689553038426,18.6900005340576,0.660484054602756,0,0.9999999085084752,2.9995044177397725e-11,9.145985973300467e-08,Neutral,9.145985973300467e-08
2021-12-13,-0.0088979679748,0.905257135236723,0.0108657313436115,-0.290969785249815,-0.008858498211409,0.0027818673558151,20.3099994659424,0.679246832764816,0,0.9999998036473892,3.476965051554206e-11,1.9631681494950939e-07,Neutral,1.9631681494950939e-07
2021-12-14,-0.0069038193616402,1.25964555234307,0.0108415364015712,-0.12806841384769,-0.0156775941137218,0.0028220349813384,21.8899993896484,0.667008451814765,0,0.9999996879451406,4.505100723608077e-13,3.1205357177577564e-07,Neutral,3.1205357177577564e-07
2021-12-15,0.0155044340070623,1.44036329765267,0.0113847168041914,-0.166150409137285,-0.0002973091242579,0.0028507195931898,19.2900009155273,0.692688615314524,0,0.9999991923435652,4.034455170919168e-14,8.076574842787585e-07,Neutral,8.076574842787585e-07
2021-12-16,-0.0088577119002399,1.09709042900071,0.0115228575840515,-0.0248809524939919,-0.0091132852167324,0.0028453577394345,20.5699996948242,0.7113854848957,0,0.9999992141168509,1.183774821829723e-12,7.8588232833481e-07,Neutral,7.8588232833481e-07
2021-12-17,-0.0106999327115771,1.1835067845481,0.0117389945420613,0.0441701447825391,-0.0196591855624477,0.0028020214115124,21.5699996948242,0.712918259852958,0,0.9999985020415203,1.778446595047923e-14,1.497960031790514e-06,Neutral,1.497960031790514e-06
2021-12-20,-0.0106904029664703,1.93144468929772,0.01189585338432,0.183344218684267,-0.0300836040171579,0.0027155506447874,22.8700008392334,0.717759870615138,0,0.9999938298541835,8.037561911353902e-20,6.170147451694569e-06,Neutral,6.170147451694569e-06
2021-12-21,0.0176031835025583,2.19481991879983,0.01259252794358,0.103459583691708,-0.0128588270491288,0.0026184858779529,21.0100002288818,0.73400158400622,0,0.999989062927636,1.3592233279361978e-19,1.0937072549865118e-05,Neutral,1.0937072549865118e-05
2021-12-22,0.0099491637116688,1.76202860325072,0.0127782221028232,-0.0195925146395822,-0.0029885789737041,0.0024698365026384,18.6299991607666,0.739962077569957,0,0.9999982291608139,2.9421393037374406e-15,1.7708409510937598e-06,Neutral,1.7708409510937598e-06
2021-12-23,0.0062027766334944,1.37374600015957,0.0128442519624462,-0.0696396483840333,0.0,0.0022282343415571,17.9599990844727,0.739678476836019,0,0.9999993760831912,7.9315949654427e-13,6.239159908383178e-07,Neutral,6.239159908383178e-07
2021-12-27,0.0140528452774564,1.02007529133894,0.013180144196552,-0.134440793286655,0.0,0.0018881234364181,17.6800003051758,0.751655827402073,0,0.9999992210581091,2.983574869112274e-12,7.789371814715952e-07,Neutral,7.789371814715952e-07
2021-12-28,-0.0008176691216856,0.720582624510802,0.0120462949473812,-0.0602612551100011,-0.0008173349213837,0.0016976194221691,17.5400009155273,0.714600149548535,0,0.9999999065476047,1.1421911367599977e-08,8.203060085914379e-08,Neutral,8.203060085914379e-08
2021-12-29,0.0012785243127764,0.426479158038415,0.0118173459481536,0.0384601196206316,0.0,0.001456359781812,16.9500007629395,0.702796454335768,0,0.9999996361585297,3.1868284623120145e-07,4.515895946393913e-08,Neutral,4.515895946393913e-08
2021-12-30,-0.0027683904681046,0.30242640751804,0.0108429388987478,0.196934366631259,-0.0027645620089173,0.0013038097830887,17.3299999237061,0.824396808125513,0,0.9999954206464542,4.2990281123874635e-06,2.8032569403595837e-07,Neutral,2.8032569403595837e-07
2021-12-31,-0.0025232437348856,0.107923921448737,0.0104645383323251,0.201735097200577,-0.0052776581696071,0.0011645763965172,17.2199993133545,0.83832753015991,0,0.9999674162679077,3.230944114063216e-05,2.742896099275279e-07,Neutral,2.742896099275279e-07
2022-01-03,0.0057732566687827,0.208323446419668,0.010096543919848,0.265260010370075,0.0,0.0010925041061614,16.6000003814697,0.856947135116969,0,0.9999353312334325,6.429779481481211e-05,3.709705313093139e-07,Neutral,3.709705313093139e-07
2022-01-04,-0.0003351825217672,-0.022602242507192,0.009802033131367,0.235308985714805,-0.0003351263543813,0.0010363375236784,16.9099998474121,0.846554250046102,0,0.9997313087121588,0.000268442757435463,2.485286172431239e-07,Neutral,2.485286172431239e-07
2022-01-05,-0.0193886755309887,-0.228043146267293,0.0106699208804526,0.130055155753028,-0.0195306153472526,0.0009640604328143,19.7299995422363,0.866214076238235,0,0.9999981412492156,7.824426527325427e-09,1.8509251175060877e-06,Neutral,1.8509251175060877e-06
2022-01-06,-0.0009398429215812,1.3528343749956,0.0097112203945934,0.0924847055521246,-0.0204516696672561,0.0010132377388864,19.6100006103516,0.840389032497654,0,0.9999990946784697,9.064890033487827e-10,9.044160262487673e-07,Neutral,9.044160262487673e-07
2022-01-07,-0.0039615932708052,1.12916086912902,0.0097327526338414,0.186569947641317,-0.0243245652574047,0.0010575453301824,18.7600002288818,0.848088481841299,0,0.9999990954569965,1.9426493066872415e-09,9.026003808314609e-07,Neutral,9.026003808314609e-07
2022-01-10,-0.0012450597596851,1.09966100362851,0.0096196307785605,0.125485680980457,-0.0255385835602192,0.0011086937522153,19.3999996185303,0.850866596848955,0,0.999999156123878,1.61394896411346e-09,8.422606409974337e-07,Neutral,8.422606409974337e-07
2022-01-11,0.0090670020898837,0.841293327366893,0.0096052417715859,0.126279923045313,-0.0166629630316117,0.0011570197409576,18.4099998474121,0.840962760518796,0,0.9999992352498535,1.4786854661757713e-07,6.168833890645924e-07,Neutral,6.168833890645924e-07
2022-01-12,0.0027000083354638,0.543579669208333,0.0093951475487597,-0.0003446102019029,-0.0140043573215501,0.0012177041237124,17.6200008392334,0.839935095549098,0,0.9999923830399857,7.312929061928352e-06,3.0402968937979876e-07,Neutral,3.0402968937979876e-07
2022-01-13,-0.0138743500367609,0.269650208354785,0.009789093548163,-0.0390553271801611,-0.0275899424887599,0.0012490625573831,20.3099994659424,0.855359733364703,0,0.9999990162946524,1.826570827384232e-09,9.818805098423798e-07,Neutral,9.818805098423798e-07
2022-01-14,0.0004087862574628,1.24939667180589,0.0091491073309964,-0.0415325136990469,-0.0271923533616819,0.0013106457815895,19.1900005340576,0.826684626012925,0,0.9999993742423751,3.9640206068654845e-10,6.253621178287182e-07,Neutral,6.253621178287182e-07
2022-01-18,-0.0178682340340401,0.901264293354636,0.0097552331623694,-0.158514936992894,-0.0444203329089259,0.0013265753035504,22.7900009155273,0.845770638786233,0,0.9999946320202447,3.50330615683881e-17,5.3679804579899704e-06,Neutral,5.3679804579899704e-06
2022-01-19,-0.0104377317340756,1.98199210395311,0.0097421694245658,-0.158985184896356,-0.0543425443517936,0.0013300700552509,23.8500003814697,0.824770634771684,0,0.9999831621715788,3.340301126225115e-24,1.683782719534365e-05,Neutral,1.683782719534365e-05
2022-01-20,-0.0111298335685897,2.36863058844365,0.0097648118934873,-0.158639456742237,-0.0648092003318946,0.00131868269808,25.5900001525879,0.819238489882891,0,0.9996037478878168,9.054723438965582e-32,0.0003962521112395906,Neutral,0.0003962521112395906
2022-01-21,-0.0198259828052567,2.6829335670071,0.0096396223031364,-0.339902578640123,-0.0831676881706304,0.0012557899395655,28.8500003814697,0.791769545932732,0,0.9949245743380151,3.190289363234485e-47,0.005075425661241099,Neutral,0.005075425661241099
2022-01-24,0.0042378076809157,3.0,0.0093423172603042,-0.389048113631472,-0.0792740848134464,0.0011642670075493,29.8999996185303,0.765142552339631,0,0.993521629811056,2.849186958844207e-44,0.006478370187592108,Neutral,0.006478370187592108
2022-01-25,-0.0122841242265368,2.84562028774711,0.0093102991122072,-0.201824675500167,-0.0905152112806681,0.0010310436710284,31.1599998474121,0.765440035177304,0,0.9910056472167743,3.3117598366678982e-52,0.00899435278309082,Neutral,0.00899435278309082
2022-01-26,-0.0025119621358582,2.93300535046665,0.0083766734415982,-0.482860724479326,-0.092796935630687,0.0008448232629762,31.9599990844727,0.682537734959594,0,0.9945224117526246,5.7643665408415395e-53,0.00547758824692425,Neutral,0.00547758824692425
2022-01-27,-0.0049501948466499,2.69021534725326,0.0083319774325532,-0.422823700724238,-0.0972766706364474,0.0007662604666157,30.4899997711182,0.676601728256203,0,0.9976969084751558,5.1291276752774776e-54,0.0023030915234791465,Neutral,0.0023030915234791465
2022-01-28,0.0245321132380489,2.43399290528406,0.010453762366439,0.579594926805576,-0.0748570841576552,0.000628610198731,27.6599998474121,0.738679958509956,0,0.9979618741324139,1.1691954493657677e-40,0.0020381258683965613,Neutral,0.0020381258683965613
2022-01-31,0.0178507344982632,2.00746390583569,0.0114634386145166,0.51510510363767,-0.058194324808998,0.0006962144308483,24.8299999237061,0.743387494803255,0,0.99985099720543,5.255349767113158e-28,0.0001490027939375924,Neutral,0.0001490027939375924
2022-02-01,0.0067341531369056,1.61934959295084,0.0116471136614778,0.401939803699049,-0.0518306582632511,0.0007992611005449,21.9599990844727,0.733007060269972,0,0.9999975704588405,3.098092824372983e-21,2.4295398774847272e-06,Neutral,2.4295398774847272e-06
2022-02-02,0.0096671498180214,1.25333591730602,0.0118112291683482,0.373787556771551,-0.0426201150632167,0.000912663507703,22.0900001525879,0.75004825399976,0,0.9999981661256687,4.9577027764293494e-17,1.8338745041923813e-06,Neutral,1.8338745041923813e-06
2022-02-03,-0.0237855231015676,0.925274291386945,0.0127127506536249,0.315177221237951,-0.0651232115533317,0.0011039891837966,24.3500003814697,0.767664945496759,0,0.9999490727076492,2.209889613282396e-30,5.0927291680174726e-05,Neutral,5.0927291680174726e-05
2022-02-04,0.0046909365571012,2.05605394294729,0.0122564616034656,0.195116486706063,-0.060727461819121,0.001201982779384,23.2199993133545,0.737199434030579,0,0.9999949407047751,2.5370715870641683e-28,5.059294466847081e-06,Neutral,5.059294466847081e-06
2022-02-07,-0.0032141329503536,1.6553750382899,0.0122562644949837,0.222208009630671,-0.0637415621790084,0.001288485432376,22.8600006103516,0.741778956195209,0,0.9999967861819443,8.545881877079471e-28,3.2138195093829584e-06,Neutral,3.2138195093829584e-06
2022-02-08,0.0081941468340787,1.27446585362518,0.0124520310082722,0.0984306441746532,-0.056038204947554,0.0013732575962976,21.4400005340576,0.750047355839394,0,0.9999983463835663,8.992680710086131e-23,1.6536159509468464e-06,Neutral,1.6536159509468464e-06
2022-02-09,0.0145301296717513,0.937545762706983,0.012939148762376,0.0078149022611172,-0.042222186464548,0.0014750020779474,19.9599990844727,0.750870598619975,0,0.9999945095774567,1.3911146749191536e-17,5.490421773771245e-06,Neutral,5.490421773771245e-06
2022-02-10,-0.0181290288343234,0.658362977929284,0.0132569485749386,0.173310615318936,-0.0594293224561204,0.001577723920355,23.9099998474121,0.771779291124351,0,0.9985037416085661,3.2524091624687974e-26,0.001496258392889146,Neutral,0.001496258392889146
2022-02-11,-0.0199157766165028,1.43402934140681,0.0137552775005412,0.283149682541566,-0.0779762170277185,0.001686206578227,27.3600006103516,0.782467504110592,0,0.9506398873475725,3.759684866033019e-41,0.04936011265367295,Neutral,0.04936011265367295
2022-02-14,-0.0032747292621602,2.73470346896649,0.0135365185925147,0.207582280787714,-0.0809906568591966,0.0017629808412117,28.3299999237061,0.781398831507062,0,0.9075965975764092,2.0594286671608557e-47,0.0924034024239308,Neutral,0.0924034024239308
2022-02-15,0.0159983314012768,2.2872187299351,0.0141294232018475,0.138865434936226,-0.0661698024675918,0.001828883490921,25.7000007629395,0.797925497916481,0,0.8828420005901436,2.294832124284581e-37,0.11715799941080109,Neutral,0.11715799941080109
2022-02-16,0.001120123199132,1.8369184093579,0.0136593790660365,0.0316040261087206,-0.0651232115533317,0.0018639624275911,24.2900009155273,0.785283657606642,0,0.847342230875756,9.237789504236316e-33,0.15265776912575377,Neutral,0.15265776912575377
2022-02-17,-0.0215929549720739,1.42671459297942,0.0142472564180419,0.0034668952684615,-0.0850935783992326,0.0019139265906295,28.1100006103516,0.815540446363567,2,0.1758854462481388,9.340693401433857e-49,0.824114553753377,Panic,0.824114553753377
2022-02-18,-0.0064960139866645,2.57003772520247,0.0141272398636373,-0.0307746984155974,-0.0910175613406494,0.0019319815964511,27.75,0.817989910385475,2,0.04362087730870511,2.4279216267499435e-56,0.9563791226926318,Panic,0.9563791226926318
2022-02-22,-0.010789616744197,2.51599629873423,0.0136665623724165,-0.0211607826873943,-0.100772413289281,0.0018969057151207,28.8099994659424,0.807374722720466,2,0.005610356238216857,5.014564423655574e-66,0.994389643760456,Panic,0.994389643760456
2022-02-23,-0.0178980279291689,2.57993378232384,0.0140955163480866,0.119051824355515,-0.116723640183741,0.0018362053258828,31.0200004577637,0.825346168972996,2,2.7427820144492216e-05,9.467625807071691e-85,0.9999725721805415,Panic,0.9999725721805415
2022-02-24,0.0149371049602633,3.0,0.0143496604631431,-0.0627521285333009,-0.103431018999342,0.0017521070702012,30.3199996948242,0.814830936710338,2,7.3292007300078875e-06,4.53958488031672e-76,0.9999926707983209,Panic,0.9999926707983209
2022-02-25,0.0218239576403674,2.62460818751043,0.015154502245776,-0.120944011268739,-0.0836492625692581,0.0015587361163639,27.5900001525879,0.827799199908173,2,2.418348482824191e-05,3.927049384245008e-60,0.9999758165154389,Panic,0.9999758165154389
2022-02-28,-0.0025616030082122,2.1589369480243,0.0151206516617183,-0.142928864262316,-0.08599358548061,0.0012419618621773,30.1499996185303,0.834483618203484,2,4.910122808433889e-05,9.810992559039682e-58,0.9999508987725371,Panic,0.9999508987725371
2022-03-01,-0.0153475297285528,1.78987390739234,0.0144531122539554,-0.0588822007732118,-0.0999142291078829,0.0010990373610114,33.3199996948242,0.865894055293274,2,2.506753176576662e-06,1.4119921834223778e-68,0.999997493246569,Panic,0.999997493246569
2022-03-02,0.0182291592424315,2.34525091506732,0.0144784070024984,-0.0552261483732933,-0.0833559591148563,0.0010302031098667,30.7399997711182,0.882659792593457,2,9.616737237985504e-06,1.882996651220409e-58,0.9999903832639053,Panic,0.9999903832639053
2022-03-03,-0.0049910131009616,1.91627135192125,0.0143792570374597,0.0532764631530171,-0.0879195436035303,0.0009500861734273,30.4799995422363,0.886976347899489,2,4.085545117519342e-05,1.2557638363787135e-56,0.9999591445499934,Panic,0.9999591445499934
2022-03-04,-0.0081577496984195,1.70602956033048,0.0141904022314385,0.207659264890666,-0.0953298010635373,0.0008559257475644,31.9799995422363,0.883198525991634,2,1.231115933798633e-05,3.6228431992289136e-65,0.9999876888389956,Panic,0.9999876888389956
2022-03-07,-0.0299223696820334,1.83766283321056,0.0147004355105999,0.0736973084125374,-0.121998689232294,0.0008427075448149,36.4500007629395,0.891588015842332,2,2.656117068520344e-09,1.726124661436438e-100,0.9999999973442755,Panic,0.9999999973442755
2022-03-08,-0.0076106144798115,3.0,0.014624005301459,0.189027939597697,-0.128655455549488,0.0007718808036828,35.1300010681152,0.896836319731866,2,3.0890990102770394e-08,5.1819019651963136e-110,0.9999999691099224,Panic,0.9999999691099224
2022-03-09,0.0264575051750349,3.0,0.0160267096897429,0.208985235330501,-0.105294174877975,0.0007892928511995,32.4500007629395,0.920024474303429,2,1.855285182978685e-08,9.905088380886787e-90,0.9999999814463083,Panic,0.9999999814463083
2022-03-10,-0.0045256575735059,2.56989834306221,0.0158552005643989,0.318891892331015,-0.109334158385087,0.0007704024180737,30.2299995422363,0.904504423123846,2,1.549857842472291e-06,9.620936655325203e-84,0.9999984501421937,Panic,0.9999984501421937
2022-03-11,-0.01279647749669,2.10714999846137,0.0154815435492863,0.51617729062191,-0.120658930652268,0.0007415804140455,30.75,0.902398985893563,2,7.312994470033681e-07,1.0781939282044183e-90,0.9999992687010436,Panic,0.9999992687010436
2022-03-14,-0.0073352696218522,2.52434733046284,0.0151673891366165,0.485007458323161,-0.127085535230939,0.0007051872138886,31.7700004577637,0.888940987406039,2,3.771937868505893e-07,1.602602288153133e-98,0.9999996228071525,Panic,0.9999996228071525
2022-03-15,0.0217520473096204,2.33000394215999,0.0156382000536254,0.326068772133151,-0.107889842555113,0.0007208532871439,29.8299999237061,0.900337488278585,2,1.9653248289934857e-06,5.80784768774283e-79,0.9999980346748302,Panic,0.9999980346748302
2022-03-16,0.0219319221686778,1.89755451430244,0.0164472971333348,0.205062490706806,-0.0881080182307107,0.000779012192248,26.6700000762939,0.907445351250015,2,0.0008503025241055963,2.3989706410525216e-58,0.999149697475172,Panic,0.999149697475172
2022-03-17,0.0124334674845832,1.53089656610754,0.0162875280506134,0.216082673238958,-0.0766992606919802,0.0008320013486135,25.6700000762939,0.901230492988035,2,0.0616578117131813,5.246933542144458e-44,0.9383421882864718,Panic,0.9383421882864718
2022-03-18,0.0108931011982607,1.1981684949692,0.0164758652036563,0.138969360871977,-0.066586673581024,0.0008547544111031,23.8700008392334,0.902058411459001,2,0.38240866945912255,1.0266610306124273e-34,0.6175913305392517,Panic,0.6175913305392517
2022-03-21,-0.0002922299482719,0.899033413829462,0.0157233659825049,0.0926201396619721,-0.0668594050570268,0.0008505779168519,23.5300006866455,0.890845164839619,0,0.8378481772488495,3.1603791954341143e-31,0.1621518227503953,Neutral,0.1621518227503953
2022-03-22,0.0116334515818668,0.620426057896538,0.0157922437435144,-0.0555555887353917,-0.0559403692351019,0.0008359063594464,22.9400005340576,0.890629543185161,0,0.9637096735266052,1.3977766100808633e-25,0.036290326471721264,Neutral,0.036290326471721264
2022-03-23,-0.0129622574202193,0.386633547196965,0.0158857064924949,-0.0501795312925674,-0.0680985442575563,0.0007774917362996,23.5699996948242,0.876167260900471,0,0.9891490814387344,1.3185630074656112e-31,0.010850918561857907,Neutral,0.010850918561857907
2022-03-24,0.0149619338478271,0.693637741646309,0.0154717808842692,-0.229935720267812,-0.0540506666780729,0.000731639742797,21.6700000762939,0.866958739673106,0,0.9987375266177421,1.3013801965915025e-24,0.00126247338335256,Neutral,0.00126247338335256
2022-03-25,0.0048717423446778,0.455852912496747,0.015246353279463,-0.166545028527765,-0.0494310014826082,0.0006976008901044,20.8099994659424,0.890252532857839,0,0.9999326726175622,1.7295968319746152e-20,6.732738415970679e-05,Neutral,6.732738415970679e-05
2022-03-28,0.0070878158547387,0.235845047472558,0.0146538700459918,-0.151318057865484,-0.042669610021147,0.0007134178459092,19.6299991607666,0.889983102889982,0,0.9999910529368282,1.080756192773108e-16,8.94706454564112e-06,Neutral,8.94706454564112e-06
2022-03-29,0.0122948357446626,0.0388124846804978,0.0147765154888223,-0.276375734746795,-0.0308267362121746,0.0007225554969697,18.8999996185303,0.894662337306315,0,0.9999922842514285,9.10977870497853e-14,7.715749103565533e-06,Neutral,7.715749103565533e-06
2022-03-30,-0.0061937581455957,-0.130005748870525,0.0143433647844214,-0.304611863427896,-0.0368110093081073,0.0007295150838975,19.3299999237061,0.894762768391148,0,0.9999957965389638,4.478457771066595e-14,4.203462763458839e-06,Neutral,4.203462763458839e-06
2022-03-31,-0.0155111121133151,-0.139106726834262,0.0144680003756101,-0.122379651488856,-0.0516358694644829,0.0007301161101615,20.5599994659424,0.897162783887658,0,0.9999814716108941,9.450054693185215e-21,1.8528388310492274e-05,Neutral,1.8528388310492274e-05
2022-04-01,0.0028302065187135,0.820835298233674,0.0143897661324579,-0.198970671968534,-0.0489480013032993,0.0007294452752969,19.6299991607666,0.898480141963913,0,0.9999893235423454,8.527189344309873e-20,1.067645890392266e-05,Neutral,1.067645890392266e-05
2022-04-04,0.0085300110008352,0.552390676964285,0.0142614181924013,-0.352460589941162,-0.0408008189141078,0.0007241089677036,18.5699996948242,0.894722651730818,0,0.9999934490693637,2.797323351808893e-16,6.550930021063442e-06,Neutral,6.550930021063442e-06
2022-04-05,-0.0127117658912574,0.317115673015558,0.0126963828339349,0.0846300403368442,-0.0529167636706737,0.0009163590253185,21.0300006866455,0.893208860883797,0,0.9999930521831065,1.7021966047933732e-19,6.947818703481104e-06,Neutral,6.947818703481104e-06
2022-04-06,-0.0100497029734861,0.650136577345241,0.0128147341518779,0.0825264597329883,-0.0623870026376264,0.0010508194956143,22.1000003814697,0.884367103363957,0,0.9999894161533874,1.55683508698328e-24,1.0583846488496619e-05,Neutral,1.0583846488496619e-05
2022-04-07,0.0050265606648967,1.04985424964414,0.0116990432099165,-0.0101934825537607,-0.0576621691433496,0.0012694756079692,21.5499992370605,0.865462286186993,0,0.9999961953326038,9.945002374466784e-22,3.8046661335835613e-06,Neutral,3.8046661335835613e-06
2022-04-08,-0.0026776733060884,0.752531548042674,0.0116506419023575,-0.026868194489618,-0.0601820667614336,0.0014371148680315,21.1599998474121,0.875464830815892,0,0.9999967850177949,6.830408746818879e-22,3.214981518636694e-06,Neutral,3.214981518636694e-06
2022-04-11,-0.0172399231189981,0.590437073689399,0.0119791615478097,-0.0938032592991695,-0.0762455908581115,0.0015449567837082,24.3700008392334,0.883032708438131,0,0.9999608903389431,2.214319224105458e-33,3.910966233102179e-05,Neutral,3.910966233102179e-05
2022-04-12,-0.003712147997632,1.33903087706889,0.0118582307980078,-0.120380917873295,-0.0796683471189352,0.0016459229317321,24.2600002288818,0.877156577259007,0,0.9999745329155871,7.386889845261313e-36,2.5467083206362524e-05,Neutral,2.5467083206362524e-05
2022-04-13,0.0113883855504042,1.20677338106336,0.0112160413124247,-0.239920758862779,-0.0691273468604615,0.0017595688103566,21.8199996948242,0.864259132179836,0,0.9999918085239996,1.5131430358259052e-28,8.191475988549773e-06,Neutral,8.191475988549773e-06
2022-04-14,-0.0125299142974464,0.89631960903993,0.0106654212182231,-0.265474531953235,-0.0807183327491027,0.0018403548845371,22.7000007629395,0.859058853087869,0,0.9999886023537486,1.3411501473914027e-34,1.13976459720987e-05,Neutral,1.13976459720987e-05
2022-04-18,0.0004107756484712,1.14704000087918,0.0103028156107279,-0.205449414171299,-0.0803406366572423,0.0019174409000116,22.1700000762939,0.866854144075131,0,0.999992856832297,1.2921013691762349e-33,7.1431683131212166e-06,Neutral,7.1431683131212166e-06
2022-04-19,0.0160139228037099,0.947675155141605,0.0106334960644556,-0.134125682619137,-0.0654947292622406,0.0019087245175632,21.3700008392334,0.860001668448741,0,0.9999910170666788,5.530277743721981e-26,8.98293425348307e-06,Neutral,8.98293425348307e-06
2022-04-20,-0.0007416956504782,0.676974836014164,0.0106346836163245,-0.127913712526068,-0.0661875907789468,0.001916481400017,20.3199996948242,0.86176196938258,0,0.9999185420966045,6.926969780865984e-24,8.14579048622448e-05,Neutral,8.14579048622448e-05
2022-04-21,-0.0150664228207527,0.418498794609386,0.0107737483071182,0.0365078634236914,-0.0801513472982441,0.0018786209916964,22.6800003051758,0.844837405696964,0,0.9824392009657976,3.903350820170193e-34,0.01756079903494487,Neutral,0.01756079903494487
2022-04-22,-0.0278226920918341,1.05165034373975,0.0120005626409943,-0.301357933838115,-0.105391263752928,0.0017547497163196,28.2099990844727,0.877856928984416,2,0.19710106901574317,2.357111445657128e-61,0.8028989309848127,Panic,0.8028989309848127
2022-04-25,0.0057807067292863,2.28767405970865,0.0115110859462653,-0.371483863242895,-0.100204816789559,0.0016508304525605,27.0200004577637,0.865467320614182,2,0.1211788053600939,5.820882001011777e-60,0.8788211946399433,Panic,0.8788211946399433
2022-04-26,-0.0293883647465654,1.81932447079985,0.0127885424575044,-0.368368516321491,-0.126263538721114,0.0015293070341782,33.5200004577637,0.887223890045176,2,3.7507793690247035e-05,1.3498325456462491e-92,0.9999624922069732,Panic,0.9999624922069732
2022-04-27,0.0028079906807478,2.79788899855593,0.0126359769752013,-0.358969197232732,-0.123806647030272,0.0014405410370883,31.6000003814697,0.835370714563525,2,1.1205181444415296e-05,2.7760497332605785e-90,0.9999887948188423,Panic,0.9999887948188423
2022-04-28,0.0249455821229301,2.30680205763605,0.0137177959179986,-0.012741092043207,-0.101674592988839,0.0013657709778208,29.9899997711182,0.832570441309232,2,7.406584846715762e-06,9.894653098585181e-76,0.9999925934154438,Panic,0.9999925934154438
2022-04-29,-0.0376559914595829,1.87394376537448,0.0156021997271193,-0.244420515397912,-0.134872945628261,0.0014851141543662,33.4000015258789,0.849756038008697,2,2.1306971890811717e-09,2.1003698882973264e-116,0.9999999978681444,Panic,0.9999999978681444
2022-05-02,0.006001608548579,3.0,0.0155915828206298,-0.413445314159184,-0.129665179848994,0.001584068869399,32.3400001525879,0.844368878477516,2,3.45148470665053e-07,8.537285534718089e-108,0.9999996548504583,Panic,0.9999996548504583
2022-05-03,0.0045734376457611,2.65477343208261,0.0156348415293083,-0.422072025081414,-0.125675641820266,0.0016842284059706,29.25,0.835397879085283,2,5.2126082611103185e-06,2.3832739678805716e-97,0.9999947873902216,Panic,0.9999947873902216
2022-05-04,0.0299984842947971,2.14498414207886,0.0171262278599186,-0.123925451244292,-0.0990498665435335,0.0019383086802577,25.4200000762939,0.846170781558311,2,1.135715490080067e-06,5.701022932190835e-80,0.999998864285507,Panic,0.999998864285507
2022-05-05,-0.0361897411921746,1.73653866909932,0.0185039603636426,-0.200936814511527,-0.131072085909668,0.0023342259608309,31.2000007629395,0.863190185934783,2,3.363948570266575e-10,7.872397661740124e-119,0.999999999665306,Panic,0.999999999665306
2022-05-06,-0.0059869873647668,2.93670208298313,0.0184598444336563,-0.232939421314598,-0.13625880445031,0.0026381584748356,30.1900005340576,0.864313022066697,2,1.0189793730999183e-08,3.487188399890799e-129,0.9999999898100214,Panic,0.9999999898100214
2022-05-09,-0.032540883168827,2.76446401235839,0.0193496012069395,-0.0882627828397129,-0.163913314435629,0.0029460853583624,34.75,0.872679528344433,2,2.7173735112397846e-13,1.2051864642439312e-173,1.0,Panic,1.0
2022-05-10,0.0023078572701971,3.0,0.0194189553744069,-0.121508727514222,-0.161981517401348,0.0031856515287181,32.9900016784668,0.876110161330467,2,2.8346303699718115e-11,1.607566150252817e-168,0.9999999999708962,Panic,0.9999999999708962
2022-05-11,-0.0160137289552713,3.0,0.0193835728539182,-0.128204950269639,-0.175294438986873,0.0033748417779521,32.560001373291,0.867500468578329,2,4.418928160665012e-12,9.366679617824035e-187,0.999999999996362,Panic,0.999999999996362
2022-05-12,-0.0010444328851564,3.0,0.0194039251141958,-0.147381685136908,-0.176155338940997,0.0035139553023859,31.7700004577637,0.865727664008681,2,1.4052281691112577e-11,2.1986208112614565e-186,0.9999999999854481,Panic,0.9999999999854481
2022-05-13,0.0236264409374662,2.64017130163951,0.0201006373972764,-0.0986356890832458,-0.156459061457462,0.0036266939004864,28.8700008392334,0.868331789009434,2,1.4595880769083333e-11,1.8928677228748232e-159,0.9999999999854481,Panic,0.9999999999854481
2022-05-16,-0.0040657789941702,2.15019556992529,0.0200202968913317,-0.158648093987293,-0.159881749823967,0.0036468016261453,27.4699993133545,0.866620055367388,2,3.5279162738657383e-10,5.278366145527399e-156,0.9999999996471161,Panic,0.9999999996471161
2022-05-17,0.0203617422023381,1.71631550737559,0.0207157263306143,-0.198564644005511,-0.142600133765386,0.0036256233032558,26.1000003814697,0.871619152889008,2,2.365211809806475e-10,9.985006984660152e-140,0.9999999997635314,Panic,0.9999999997635314
2022-05-18,-0.0411467176426283,1.35430111149756,0.0217741083038864,-0.0888121174694535,-0.177163365882548,0.0036307575586874,30.9599990844727,0.884547971399124,2,2.7647229939649616e-15,4.818190974072803e-198,1.0,Panic,1.0
2022-05-19,-0.0061432398528191,2.4952511046276,0.0217400198519924,-0.0536078865270138,-0.182202753752808,0.0035514868063581,29.3500003814697,0.87956066081987,2,1.1874045262497523e-12,9.178436616622471e-201,1.0,Panic,1.0
2022-05-20,0.0004362630257102,2.50974189427471,0.021691225279549,-0.153725558896071,-0.181845901216619,0.0033956093606315,29.4300003051758,0.8841933157928,2,2.358650143261186e-12,5.029196884613172e-196,0.999999999996362,Panic,0.999999999996362
2022-05-23,0.0185373575388654,2.01948301356403,0.0216733177623211,-0.342393130764627,-0.166538040880934,0.0032682109167297,28.4799995422363,0.889948090924182,2,8.543794429118696e-12,8.14572156436052e-172,0.999999999992724,Panic,0.999999999992724
2022-05-24,-0.0076632054808776,1.62475983567599,0.0215878522221518,-0.25959241380722,-0.172900621117591,0.0030055396434131,29.4500007629395,0.890503570163811,2,2.828707929700128e-11,1.9292402422792355e-174,0.9999999999708962,Panic,0.9999999999708962
2022-05-25,0.0087960878910937,1.67064175138026,0.0209419772027805,-0.449090082330654,-0.165593291443897,0.002757435110759,28.3700008392334,0.883455175846099,2,4.4392271046507876e-10,1.3775767108485756e-160,0.9999999995561666,Panic,0.9999999995561666
2022-05-26,0.0197843798726893,1.31399735008938,0.0214657956369271,-0.478496603612106,-0.148920687419108,0.0024211307690969,27.5,0.924372916132881,2,4.517359602868315e-10,4.235544322095988e-138,0.9999999995488906,Panic,0.9999999995488906
2022-05-27,0.0242526399263694,1.00379517539944,0.0214237882278683,-0.48389563263343,-0.128027433106614,0.0021069427137432,25.7199993133545,0.927110152330777,2,2.9769489774980083e-09,4.361977688423718e-111,0.9999999970241333,Panic,0.9999999970241333
2022-05-31,-0.0056266789909615,0.755673997707384,0.0197929694058323,-0.537064517152112,-0.132919965566718,0.0018973520492757,26.1900005340576,0.925535428551176,2,3.0914447696217417e-07,3.305125971961001e-106,0.9999996908555226,Panic,0.9999996908555226
2022-06-01,-0.008121512872778,0.903996416228886,0.0198225971901649,-0.435334415324504,-0.139933448631464,0.0016345655203698,25.6900005340576,0.932355176428942,2,2.2166652920600827e-07,2.9989936631320728e-112,0.9999997783343378,Panic,0.9999997783343378
2022-06-02,0.0188646110346697,0.791060080567112,0.0202485705758462,-0.467361252162903,-0.123554623321304,0.0012925923153937,24.7199993133545,0.936999845150378,2,1.6565807674340355e-07,3.101183311930092e-96,0.9999998343410108,Panic,0.9999998343410108
2022-06-03,-0.0165478589945272,0.543550281333479,0.0193411298693784,-0.404104557873996,-0.137938577775623,0.001104038230717,24.7900009155273,0.930053073816929,2,4.672088680215161e-07,7.507530937933093e-107,0.9999995327926808,Panic,0.9999995327926808
2022-06-06,0.0030402406160394,0.782712104965221,0.0177097427711567,-0.485269982424747,-0.135313715541682,0.0011805505869528,25.0699996948242,0.914565569371776,2,1.2220096904722343e-05,7.98140752811903e-98,0.9999877799037641,Panic,0.9999877799037641
2022-06-07,0.0095463287674597,0.552436953762354,0.017781644426109,-0.597101719204122,-0.127019609848017,0.0012408242602825,24.0200004577637,0.922238968200236,2,2.3715665870958065e-05,1.0228728106718992e-86,0.9999762843337572,Panic,0.9999762843337572
2022-06-08,-0.0109315780741248,0.324643384318616,0.0163404319960084,-0.557035649005595,-0.136510692370641,0.0014979168577862,23.9599990844727,0.917850081775241,2,6.765054055579037e-05,8.537065928551847e-96,0.999932349459526,Panic,0.999932349459526
2022-06-09,-0.0240703428734506,0.452880547298878,0.0172657646269474,-0.415258192471828,-0.157047026252628,0.0016167940563955,26.0900001525879,0.929748209716298,2,5.403292515590476e-07,2.3285492703544363e-129,0.9999994596693437,Panic,0.9999994596693437
2022-06-10,-0.0294242296800533,1.44591504841732,0.0181251384329675,-0.438880862038111,-0.181488912891794,0.0016638381734414,27.75,0.932760591092726,2,2.376903714509691e-09,2.723430964427107e-179,0.9999999976243998,Panic,0.9999999976243998
2022-06-13,-0.0387076984160579,2.17326535472265,0.0199662406727509,-0.414425360876386,-0.212566247032254,0.0016591152169161,34.0200004577637,0.945199697641484,2,1.3210043050280755e-14,5.830540160637335e-247,1.0,Panic,1.0
2022-06-14,-0.0030181041233108,3.0,0.0190727605459073,-0.397136223375142,-0.214939221345865,0.0016704264444923,32.689998626709,0.93766031919098,2,1.2763387173063424e-11,4.11243920740562e-245,0.9999999999854481,Panic,0.9999999999854481
2022-06-15,0.0141557760906945,2.90921463121245,0.0194526751649759,-0.473735679569705,-0.203747046682028,0.0016734585534124,29.6200008392334,0.938667775577921,2,7.587079414914768e-11,1.655447001264666e-225,0.9999999999236024,Panic,0.9999999999236024
2022-06-16,-0.0336559562249814,2.36134420142378,0.0198386317286512,-0.322078972605564,-0.230099751011167,0.0016630362370035,32.9500007629395,0.938168549058937,2,3.1204095233948373e-14,3.0469987708033784e-276,1.0,Panic,1.0
2022-06-17,0.0021532072423742,2.99128224936658,0.018079864775746,-0.369172542854234,-0.228440210192662,0.0016457173282878,31.1299991607666,0.924528687523608,2,5.924570596400215e-11,1.0930504171887153e-265,0.9999999999417923,Panic,0.9999999999417923
2022-06-21,0.0248621325299396,2.51182249566686,0.0190554954834359,-0.392527433878283,-0.209017139445356,0.0015810101203413,30.1900005340576,0.936753960918713,2,2.5747349532992354e-11,6.004271771483748e-229,0.9999999999745341,Panic,0.9999999999745341
2022-06-22,-0.0018145745057971,2.04208313967752,0.0190498723355942,-0.375640341733255,-0.210451135338972,0.0015059385491034,28.9500007629395,0.937292393862302,2,7.853210155539281e-10,6.3072814092542205e-223,0.9999999992141966,Panic,0.9999999992141966
2022-06-23,0.0097546721839885,1.62040385514323,0.0186762299943783,-0.383119969594822,-0.202711658330263,0.0014224408648852,29.0499992370605,0.934476547624324,2,2.7078053809552047e-09,1.0295616283185872e-206,0.9999999972933438,Panic,0.9999999972933438
2022-06-24,0.0312990798164225,1.25462093919196,0.0199866206744322,-0.358364087047885,-0.177362635706314,0.0013330804988435,27.2299995422363,0.937337984061358,2,3.1023899525994474e-10,2.2296782538537787e-172,0.9999999996907718,Panic,0.9999999996907718
2022-06-27,-0.003827083107466,0.96910497151802,0.0198903047991732,-0.275791908063636,-0.180504920538866,0.0012836524679107,26.9500007629395,0.937088871795347,2,1.3554640130775115e-08,1.2840205773818264e-170,0.999999986444891,Panic,0.999999986444891
2022-06-28,-0.0206445978814802,0.818946153583612,0.0197484134131229,-0.0911483138579408,-0.197249628329529,0.0011800139598895,28.3600006103516,0.939965055499993,2,5.514895228292705e-10,5.510158605488335e-197,0.9999999994470272,Panic,0.9999999994470272
2022-06-29,-0.0008147249303087,1.275340520318,0.0187656310602777,-0.0635773286499161,-0.197903382718981,0.0010515432355525,28.1599998474121,0.931428417320131,2,8.796534797441464e-09,3.969962249799816e-195,0.9999999912033672,Panic,0.9999999912033672
2022-06-30,-0.0081573403344936,1.07191060352314,0.0187848664567565,-0.0441909791188571,-0.204419743586244,0.0010341414791747,28.7099990844727,0.930311205086865,2,3.6554410810112967e-09,2.9544478439097773e-204,0.9999999963438313,Panic,0.9999999963438313
2022-07-01,0.0105207412537975,0.981203064272759,0.0190241906971857,-0.162367056075486,-0.196005464949456,0.001013179610341,26.7000007629395,0.933845196677086,2,1.3628769511538182e-08,2.251953067408646e-189,0.9999999863721314,Panic,0.9999999863721314
2022-07-05,0.0018869432807155,0.693792573921942,0.0183893303816365,-0.132067447276092,-0.194486940629746,0.0009665658023828,27.5400009155273,0.935714877214565,2,4.2900566944552415e-08,3.079956817303249e-183,0.9999999571009548,Panic,0.9999999571009548
2022-07-06,0.0033716914802264,0.433873806530322,0.0182237442779809,-0.275791900772425,-0.191766415301533,0.0009647891272645,26.7299995422363,0.944595399698563,2,1.1797633864802903e-07,7.41293731491387e-177,0.9999998820239923,Panic,0.9999998820239923
2022-07-07,0.0148661560392114,0.202481806008588,0.0186008255623409,-0.308332472480843,-0.17966133363587,0.0009370966377204,26.0799999237061,0.943687422462159,2,1.1829309765041007e-07,7.988755929183661e-159,0.9999998817074881,Panic,0.9999998817074881
2022-07-08,-0.0008229275911029,0.0091442996244516,0.0184014198594046,-0.250316089576215,-0.180336135263949,0.0009139678500189,24.6399993896484,0.941400831821603,2,6.076178714549136e-07,1.9888304354016062e-157,0.9999993923813263,Panic,0.9999993923813263
2022-07-11,-0.0114893468017643,-0.177414512157109,0.0184138376285554,-0.246301694773032,-0.189699644362772,0.0007284857565015,26.1700000762939,0.942398807060686,2,1.045998365992503e-07,1.4466287679943646e-172,0.9999998954008388,Panic,0.9999998954008388
2022-07-12,-0.0088884334611707,0.18487868576455,0.0178353027581331,-0.313405622173641,-0.19687003119676,0.0006732762987142,27.2900009155273,0.896365030351209,2,1.0193325633274983e-07,2.090143387807926e-183,0.999999898067477,Panic,0.999999898067477
2022-07-13,-0.005265200053186,0.256947632421752,0.0167443326141577,-0.372903042333692,-0.201087558345831,0.0008088580064308,26.8199996948242,0.879192943543171,2,5.180328683154127e-07,4.440372401366328e-186,0.999999481966504,Panic,0.999999481966504
2022-07-14,-0.0024315251914144,0.292627543477684,0.014380796200308,-0.0474336021531695,-0.203027774275563,0.0012330316452594,26.3999996185303,0.835452103981904,2,7.615179467480413e-06,1.4762958644218455e-183,0.9999923848189437,Panic,0.9999923848189437
2022-07-15,0.0189246597706116,0.142268193119648,0.0148947804117935,-0.162174547652313,-0.187801726593247,0.0014664194746262,24.2299995422363,0.831409529911795,2,1.2163017523390803e-05,5.2587071012846184e-160,0.9999878369829557,Panic,0.9999878369829557
2022-07-18,-0.0082911192285077,-0.0450623526466699,0.0147548338517836,0.0093210902036588,-0.194507919974054,0.0016441265164707,25.2999992370605,0.825121515186098,2,1.6367169002213168e-05,4.068942344330667e-168,0.9999836328309106,Panic,0.9999836328309106
2022-07-19,0.0266605966949713,0.0082430204368925,0.0135879613148451,0.532842606143167,-0.172744192608576,0.0018760997798187,24.5,0.803571317368851,2,4.329260548496323e-05,1.246364769816117e-136,0.9999567073959127,Panic,0.9999567073959127
2022-07-20,0.0063529754409854,-0.153426787903463,0.013599261607686,0.486859616164538,-0.167471927227068,0.0020933482810148,23.8799991607666,0.807031876315003,2,0.0013575203373748345,5.251048558655145e-124,0.9986424796640027,Panic,0.9986424796640027
2022-07-21,0.0101318143858231,-0.318621758454784,0.0128056381111833,0.524591526480214,-0.158994031614175,0.0023169873432384,23.1100006103516,0.790084404597213,2,0.003937463357853975,9.751235434684648e-111,0.9960625366433667,Panic,0.9960625366433667
2022-07-22,-0.0093215975063953,-0.463315281684582,0.0130469268969219,0.540397815635097,-0.166797125598989,0.002463722146679,23.0300006866455,0.799175226883664,2,0.005307792099097273,6.0093586478485395e-121,0.9946922079016707,Panic,0.9946922079016707
2022-07-25,0.0012142178814649,-0.198090718359449,0.012944237399003,0.641131945498623,-0.165784821315394,0.0025915483509052,23.3600006103516,0.791322711328289,2,0.009040204003410495,3.6399319208892214e-119,0.9909597959955928,Panic,0.9909597959955928
2022-07-26,-0.0119016177885811,-0.367485037657332,0.0114247265068447,0.546421205195248,-0.175654482556015,0.0027348644467549,24.6900005340576,0.777768138360838,2,0.017850051733886277,2.2197231154882283e-132,0.9821499482661358,Panic,0.9821499482661358
2022-07-27,0.0256349502862419,0.0564701728027358,0.012660642764326,0.481330727445836,-0.154249237190362,0.0027276897270947,23.2399997711182,0.80796067095468,2,0.062287657697950194,4.646480118707473e-108,0.9377123423018596,Panic,0.9377123423018596
2022-07-28,0.0124643910007434,-0.111230177595498,0.0117969432516596,0.561656777345117,-0.143641496817148,0.002740359833547,22.3299999237061,0.758397786328454,0,0.7182851132924912,1.719663872396464e-90,0.2817148867088431,Neutral,0.2817148867088431
2022-07-29,0.0144734722243705,-0.281790033688909,0.0120144086303831,0.390650809491498,-0.131156885913036,0.0027550681075168,21.3299999237061,0.768171861338172,0,0.9535590631499303,5.398062026811514e-76,0.04644093685080946,Neutral,0.04644093685080946
2022-08-01,-0.00296579244017,-0.426978833995737,0.0118075586169956,0.390798810683416,-0.133729876887912,0.0027406788331324,22.8400001525879,0.765126730313644,0,0.9937761365202904,1.2124395945223714e-77,0.006223863479454785,Neutral,0.006223863479454785
2022-08-02,-0.0066190333997768,-0.382284868333666,0.0119299202896057,0.54470853819289,-0.139444813223749,0.0026579946234254,23.9300003051758,0.77046520094203,0,0.9981728979559148,2.2080265936003384e-84,0.0018271020442984388,Neutral,0.0018271020442984388
2022-08-03,0.0155380820887725,-0.372182544165257,0.0122210253064061,0.395338804107055,-0.125969013168986,0.0025667203251835,21.9500007629395,0.787878331250989,0,0.9996241052524442,1.0239513018966452e-70,0.00037589474905144055,Neutral,0.00037589474905144055
2022-08-04,-0.0006754962692907,-0.515795681675178,0.0122614103217799,0.437130911978985,-0.126559218476651,0.0024478996295083,21.4400005340576,0.786869650636943,0,0.9999484696053165,1.4378882979489687e-69,5.1530393341649084e-05,Neutral,5.1530393341649084e-05
2022-08-05,-0.0016917129607616,-0.655628056415431,0.012037443922084,0.618102803346747,-0.128035580424792,0.0022561734461495,21.1499996185303,0.790038826906656,0,0.9999692975199956,2.860093082903198e-70,3.070248088047998e-05,Neutral,3.070248088047998e-05
2022-08-08,-0.0011616211989213,-0.619423245184891,0.0120429159156836,0.620924267441635,-0.129047884708387,0.0020205458854235,21.2900009155273,0.79220548234184,0,0.9999743996671018,5.591680157269604e-71,2.560033339935373e-05,Neutral,2.560033339935373e-05
2022-08-09,-0.0039789671554162,-0.728201056103218,0.011701208644142,0.667656585776828,-0.132506489169193,0.001708912291333,21.7700004577637,0.779151864214876,0,0.9999784365314834,5.474425432239309e-74,2.1563467256139e-05,Neutral,2.1563467256139e-05
2022-08-10,0.0207866467414064,-0.698276949034903,0.0119514789216702,0.476907651400131,-0.114285487324708,0.0013497272320845,19.7399997711182,0.830782359555172,0,0.9999625270211251,5.516998107996719e-58,3.747298058139392e-05,Neutral,3.747298058139392e-05
2022-08-11,0.0,-0.801959476908384,0.0117869287205806,0.459191190336923,-0.114285487324708,0.0010389267981958,20.2000007629395,0.830835106983995,0,0.9999918807663937,2.6531923545040328e-55,8.119234515039854e-06,Neutral,8.119234515039854e-06
2022-08-12,0.0167869949367088,-0.916094644410584,0.0119334605825319,0.268676241553021,-0.0992915024218243,0.0009700562685555,19.5300006866455,0.856570520737969,0,0.9999895474866789,2.8098810004027153e-44,1.0452515032580273e-05,Neutral,1.0452515032580273e-05
2022-08-15,0.0041125657135374,-1.00610805341093,0.0115522409488224,0.409257894918292,-0.0955796521543241,0.0008269053078649,19.9500007629395,0.8679100551601,0,0.9999954627158494,1.3310660844463624e-39,4.537284016159594e-06,Neutral,4.537284016159594e-06
2022-08-16,0.0019567208174917,-1.0968964447892,0.0111673715173375,0.406224824055925,-0.0938082214995098,0.0006653055351303,19.6900005340576,0.868337056591407,0,0.9999962667313067,8.675246890633288e-38,3.7332684385876617e-06,Neutral,3.7332684385876617e-06
2022-08-17,-0.0071234867541258,-1.18753866775524,0.0103894831053763,0.463965166315933,-0.100240529200905,0.0006978345762662,19.8999996185303,0.862206510998103,0,0.999995005398627,1.772589303752854e-42,4.994602803862037e-06,Neutral,4.994602803862037e-06
2022-08-18,0.0029022870045691,-0.968002205126691,0.0103776998679399,0.513568672180237,-0.0976253758544585,0.0006945994276105,19.5599994659424,0.860294509146828,0,0.9999955152080088,7.387865493069906e-40,4.484793370691255e-06,Neutral,4.484793370691255e-06
2022-08-19,-0.0135291280512275,-1.06340787851057,0.0109297753645482,0.542405557485849,-0.109751504758747,0.0006926283621817,20.6000003814697,0.866138802816811,0,0.9999372980359797,7.879787783061666e-52,6.270196254407822e-05,Neutral,6.270196254407822e-05
2022-08-22,-0.0210423298185098,-0.508769941909271,0.0118365173522482,0.211937432480852,-0.12828869044285,0.0006321360088705,23.7999992370605,0.878951323006725,0,0.9988135311400888,4.341847698181072e-73,0.0011864688594833978,Neutral,0.0011864688594833978
2022-08-23,-0.0024222336947721,0.186427025343231,0.0118774441174046,0.251674998539957,-0.13039762375318,0.0005713813339299,24.1100006103516,0.883281586517216,0,0.9978454875527063,3.083778853019592e-73,0.0021545124485003553,Neutral,0.0021545124485003553
2022-08-24,0.0031963568898625,0.194798117087127,0.0114443214100863,0.179422985325556,-0.127613617237498,0.0005709250917736,22.8199996948242,0.878951344987945,0,0.9931352576390171,1.538670866759955e-69,0.006864742361972981,Neutral,0.006864742361972981
2022-08-25,0.014018598680007,-0.0283159228774406,0.0105239238310479,-0.0742352112385514,-0.115297859502621,0.0005816413158232,21.7800006866455,0.876779044863594,0,0.9482903610461094,4.169346306217458e-59,0.05170963895273712,Neutral,0.05170963895273712
2022-08-26,-0.0344353010788456,-0.220585355734954,0.0129264508517705,-0.690483329341145,-0.145244277985681,0.0006491472431077,25.5599994659424,0.94004475089302,2,0.014594421650584536,3.4805490688404323e-101,0.9854055783497341,Panic,0.9854055783497341
2022-08-29,-0.0066341325128149,1.02585006278887,0.012552711327899,-0.594570617101581,-0.150896072605641,0.0006742740237275,26.2099990844727,0.941382673945915,2,0.0036335108738086022,8.245078958989095e-104,0.9963664891279068,Panic,0.9963664891279068
2022-08-30,-0.0110385645607369,1.10245856179575,0.0127351743332738,-0.500786827314392,-0.160217419332894,0.0007124462201613,26.2099990844727,0.940457960550167,2,0.000450075960406016,3.131563306468147e-117,0.9995499240399702,Panic,0.9995499240399702
2022-08-31,-0.0076381393150502,1.13668909455107,0.0127576632123516,-0.488864172146215,-0.166607360979764,0.0007465587850518,25.8700008392334,0.938908853846879,2,0.00012195746714712313,1.11657415672531e-125,0.9998780425317148,Panic,0.9998780425317148
2022-09-01,0.0031328851487142,1.06535510875358,0.0122031183482786,-0.54691986407228,-0.163992343421954,0.0007460185726925,25.5599994659424,0.938584179541347,2,0.00016677029120012085,2.3100059522851086e-121,0.9998332297070107,Panic,0.9998332297070107
2022-09-02,-0.0106002985164855,0.732912813085847,0.0123359229653355,-0.42835031327331,-0.172807470113091,0.0007486882131302,25.4699993133545,0.943828174780034,2,8.727916942715467e-05,3.937238095611981e-133,0.9999127208321559,Panic,0.9999127208321559
2022-09-06,-0.00378018000593,0.681031222224235,0.0123367322647053,-0.403549907595881,-0.175928504024062,0.0007569384792551,26.9099998474121,0.94261475755446,2,8.633110103252128e-05,7.6246105211848e-137,0.9999136688980783,Panic,0.9999136688980783
2022-09-07,0.0178053501399269,0.716996827939464,0.0131234414876724,-0.352076788126514,-0.161124215846086,0.0008105870384906,24.6399993896484,0.940401831770358,2,0.000450720201242865,7.214092493797094e-118,0.9995492798004739,Panic,0.9995492798004739
2022-09-08,0.0065149522055891,0.439988978771334,0.0132351151408331,-0.446486668504045,-0.155641138606726,0.0008655875943407,23.6100006103516,0.935685449603349,2,0.003323458191695569,1.6445007044351365e-107,0.9966765418087757,Panic,0.9966765418087757
2022-09-09,0.0154158833123121,0.172858892660576,0.012833024882285,-0.576282379689969,-0.142523752657468,0.0008890797074154,22.7900009155273,0.929254263765403,2,0.006250210925077202,5.094283237314888e-91,0.9937497890742774,Panic,0.9937497890742774
2022-09-12,0.010690286492423,-0.0499921925044365,0.0131064090392715,-0.618852312945611,-0.133307913700619,0.0009232695610355,23.8700008392334,0.896675198255578,2,0.00648334665194404,3.4098139902813406e-85,0.9935166533475392,Panic,0.9935166533475392
2022-09-13,-0.0444561423476637,-0.255060947358928,0.0155320087983253,-0.98439298831438,-0.170993809192388,0.001200865156299,27.2700004577637,0.928418270572416,2,8.176505405429636e-08,9.728052176638866e-150,0.9999999182364296,Panic,0.9999999182364296
2022-09-14,0.0038086322043824,1.76505998487822,0.0155242597858111,-0.983783389068024,-0.167830409226892,0.0013943019227443,26.1599998474121,0.927698172391773,2,4.32733407959265e-06,3.301886716599601e-140,0.9999956726663137,Panic,0.9999956726663137
2022-09-15,-0.0114182780469934,1.35293906398646,0.0155435320177878,-0.86257442035293,-0.177278310963174,0.0015264916843378,26.2700004577637,0.924824770861993,2,2.2111930310809814e-06,3.723568243765039e-151,0.999997788806184,Panic,0.999997788806184
2022-09-16,-0.0076581009630007,1.31401983030249,0.0155483061109854,-0.85691738446305,-0.1835547333101,0.0015712393529247,26.2999992370605,0.929809617394009,2,1.9537449340535627e-06,1.2856002765960572e-159,0.9999980462544941,Panic,0.9999980462544941
2022-09-19,0.007724860683445,1.24630409925522,0.015699948320882,-0.857995946983146,-0.177223384459792,0.0015862542063283,25.7600002288818,0.919907802632168,2,3.76890622116109e-06,2.8351141828659774e-150,0.9999962310938,Panic,0.9999962310938
2022-09-20,-0.0115448791802502,0.874060988087794,0.0156481276643463,-0.8798110840255,-0.186667619902893,0.0016010788364465,27.1599998474121,0.8962337787004,2,1.2888655126471627e-06,5.865357693344633e-165,0.9999987111340608,Panic,0.9999987111340608
2022-09-21,-0.0175977317452984,0.82861273884317,0.0154810480508486,-0.908856379328554,-0.200855223989127,0.0016316152954071,27.9899997711182,0.891519773620662,2,2.0093404749251949e-07,3.1613456816689135e-189,0.9999997990671747,Panic,0.9999997990671747
2022-09-22,-0.0084351751082856,1.40290614355387,0.0155033008378199,-0.84932625362424,-0.207567799435839,0.0016459242104706,27.3500003814697,0.874910991800901,2,2.934724407069683e-07,2.579921381796379e-202,0.9999997065279307,Panic,0.9999997065279307
2022-09-23,-0.0168967884061875,1.22125703274752,0.0156289376336634,-0.672538756711803,-0.220844872821382,0.001618961873577,29.9200000762939,0.874476769150125,2,1.3312191225050477e-08,9.661701732388179e-229,0.9999999866886355,Panic,0.9999999866886355
2022-09-26,-0.0099421677627349,1.60298730705005,0.0150039097638185,-0.638094644052509,-0.228552982655106,0.0014450601195827,32.2599983215332,0.863750533304357,2,4.587187288455186e-09,3.329192271947232e-244,0.9999999954125087,Panic,0.9999999954125087
2022-09-27,-0.0025558779246504,1.52117290349468,0.013584168422137,-0.759086355148444,-0.230522189458687,0.0014262698036737,32.5999984741211,0.840085408158444,2,1.7596358869656905e-08,3.2439406300612386e-244,0.9999999824030966,Panic,0.9999999824030966
2022-09-28,0.0194850822747252,1.25148438777403,0.0145863170007036,-0.633362860065796,-0.215381824405875,0.0013850244018791,30.1800003051758,0.785270311746593,2,1.0353101392153109e-07,7.437396230900447e-218,0.9999998964704044,Panic,0.9999998964704044
2022-09-29,-0.0211099122900009,0.89518788261263,0.0149973353204087,-0.557819868140852,-0.231771444912621,0.0013539933053763,31.8400001525879,0.780088049282896,2,6.940256882102978e-09,4.702029437681392e-249,0.9999999930587364,Panic,0.9999999930587364
2022-09-30,-0.0155845320510828,1.29390571272548,0.0151863978073602,-0.481410932167932,-0.24365111744203,0.0013193212809967,31.6200008392334,0.787890596361546,2,3.572324417135708e-09,1.0658373764927908e-273,0.9999999964275048,Panic,0.9999999964275048
2022-10-03,0.0260587235240015,1.60173102267982,0.0165356329088246,-0.254292667477626,-0.223682583742719,0.001295248605581,30.1000003814697,0.816895031234885,2,1.3659594117013575e-09,1.2741984416350643e-241,0.999999998635758,Panic,0.999999998635758
2022-10-04,0.0305162015251916,1.20571260335025,0.018023573943427,-0.183331994283088,-0.199627151562455,0.0013857349079887,29.0699996948242,0.830329204806398,2,1.1908033432926775e-09,1.1010155345302758e-201,0.9999999988103809,Panic,0.9999999988103809
2022-10-05,-0.0023307436553272,0.872676591297106,0.0180174592256836,-0.19520412256901,-0.201490443229725,0.0014167878483643,28.5499992370605,0.83069510624056,2,5.240337550805242e-08,5.0617696917563894e-197,0.9999999475949166,Panic,0.9999999475949166
2022-10-06,-0.010369393424229,0.615851171170647,0.017550951217936,-0.0505154469494494,-0.209727721379099,0.0014280904638017,30.5200004577637,0.829819868835176,2,1.2266440014583606e-08,2.4791413561238115e-212,0.9999999877327355,Panic,0.9999999877327355
2022-10-07,-0.0282902559185541,0.706014788437356,0.0182525105612691,0.0892731916069105,-0.231771444912621,0.0014720957835578,31.3600006103516,0.845218997175306,2,2.5915740092645507e-11,2.0890185913607886e-260,0.9999999999745341,Panic,0.9999999999745341
2022-10-10,-0.0076646063108079,1.56418319181837,0.0176792383434577,0.216075388247338,-0.237637106634748,0.0013929042987924,32.4500007629395,0.826556347826733,2,1.3990897513859741e-10,3.2702568334433355e-271,0.9999999998617568,Panic,0.9999999998617568
2022-10-11,-0.0063532131623835,1.46249414250736,0.0172807960479056,0.332941837015106,-0.242465207386929,0.0012763202988337,33.6300010681152,0.826178511809486,2,6.652319461398255e-11,2.1800159319104168e-278,0.9999999999345164,Panic,0.9999999999345164
2022-10-12,-0.0033038436818557,1.29934091059357,0.0149231882187913,0.960328730440172,-0.244963854083432,0.0012951749615625,33.5699996948242,0.765784974153747,2,6.221616763435023e-10,3.106982996955878e-278,0.9999999993779056,Panic,0.9999999993779056
2022-10-13,0.026048777018997,1.02051368544657,0.016267257323127,0.871950322688427,-0.225037686438646,0.0012914003291552,31.9400005340576,0.802756063257101,2,2.44517956232749e-10,1.2036749663775129e-244,0.9999999997562554,Panic,0.9999999997562554
2022-10-14,-0.0230524851896385,0.696015492901173,0.0167453762733513,0.823833207779307,-0.242698152792497,0.0012946992170403,32.0200004577637,0.814232195001686,2,5.89562592566596e-11,2.3918215502177782e-278,0.9999999999417923,Panic,0.9999999999417923
2022-10-17,0.0253723289182632,1.09931264607782,0.0178912732368226,0.630378725148452,-0.223237808064528,0.0013445824837601,31.3700008392334,0.83537300681721,2,7.200135586797059e-11,4.369954959603113e-244,0.9999999999272404,Panic,0.9999999999272404
2022-10-18,0.0116810849531683,0.758113610833659,0.0180232566125629,0.599778545277391,-0.214111182241725,0.0013948435363948,30.5,0.845865125668682,2,1.679327952098385e-09,1.743263491763086e-222,0.9999999983192538,Panic,0.9999999983192538
2022-10-19,-0.0071115980830809,0.452491104715621,0.0179338745417672,0.578825639695451,-0.219680281582179,0.0014282253271359,30.7600002288818,0.866678681021891,2,1.4239427588903383e-09,1.1869492632144045e-229,0.9999999985775503,Panic,0.9999999985775503
2022-10-20,-0.0084208713552795,0.423236837405415,0.0176435716764435,0.564796568991721,-0.226223664388065,0.0014340947448335,29.9799995422363,0.861937667772647,2,2.035284547519516e-09,6.01508350543356e-241,0.9999999979663698,Panic,0.9999999979663698
2022-10-21,0.024011023783741,0.553563365991105,0.0184130973766983,0.377852684573407,-0.207419654033639,0.0014694514355787,29.6900005340576,0.878524423444247,2,6.565032794697599e-10,9.826750529631152e-212,0.9999999993451638,Panic,0.9999999993451638
2022-10-24,0.0121621824671569,0.282060441967938,0.0181693867907085,0.215271688007162,-0.197721290157707,0.0014835604451601,29.8500003814697,0.880164031148388,2,1.130643568243624e-08,3.266123226340882e-191,0.9999999886931619,Panic,0.9999999886931619
2022-10-25,0.0158425051932412,0.0193418223588151,0.0182362173053979,0.0433992212216896,-0.184909971794663,0.0014557891663931,28.4599990844727,0.887979790396059,2,4.971358504366928e-08,8.787306423155818e-169,0.9999999502870208,Panic,0.9999999502870208
2022-10-26,-0.0075626288975208,-0.203358111159776,0.0183397110137263,0.075015579489741,-0.191050944976883,0.0012632524154255,27.2800006866455,0.827202321665494,2,1.9891079117320692e-07,3.5044960190217725e-175,0.9999998010898905,Panic,0.9999998010898905
2022-10-27,-0.0053542938959223,-0.0339108037962225,0.0179789577624427,0.233984374835257,-0.195370720969085,0.0011248596370652,27.3899993896484,0.848768414778967,2,1.5133267541977e-07,1.870786245615055e-180,0.999999848667369,Panic,0.999999848667369
2022-10-28,0.0235120789341643,-0.153879662389063,0.0178468566862931,0.0716015730948573,-0.176228053755734,0.0009925265096841,25.75,0.854342207009128,2,2.411456094319215e-07,5.24946043671122e-153,0.9999997588529659,Panic,0.9999997588529659
2022-10-31,-0.0072494825979152,-0.361893384927583,0.0174945157744364,0.0596383336919259,-0.182178379692592,0.0008431837580567,25.8799991607666,0.854869449267731,2,1.4553550663001503e-06,1.0733891774734343e-156,0.9999985446458272,Panic,0.9999985446458272
2022-11-01,-0.004385507039804,-0.467376829356825,0.0167984654934967,0.207125800004381,-0.185757089202203,0.0008286830306888,25.8099994659424,0.846899344068898,2,2.9679609815056817e-06,7.098763224906344e-161,0.9999970320394301,Panic,0.9999970320394301
2022-11-02,-0.0254165066947598,-0.355357172186636,0.0165282094634436,0.220793706262362,-0.206191513712649,0.0008539398731766,25.8600006103516,0.853096752996111,2,7.40525080033184e-08,1.0399731139157607e-197,0.9999999259489442,Panic,0.9999999259489442
2022-11-03,-0.0103500592062327,0.471469637571721,0.0166672934069108,0.27491140608481,-0.214365106991601,0.0008657139001351,25.2999992370605,0.849192692937235,2,2.0784803655952444e-07,5.579347930943494e-210,0.9999997921513785,Panic,0.9999997921513785
2022-11-04,0.014290343802883,0.634141925361532,0.0168253986515089,0.0985979668056274,-0.203057511986912,0.0008763237618203,24.5499992370605,0.838015322513931,2,5.007446506245786e-07,9.595108303103711e-190,0.9999994992541704,Panic,0.9999994992541704
2022-11-07,0.0095201503520971,0.31335597754628,0.015578561836416,0.0975816260060878,-0.195434270050873,0.0009419760201624,24.3500003814697,0.815224789417761,2,8.369522405200967e-06,1.8290614228718915e-172,0.9999916304791532,Panic,0.9999916304791532
2022-11-08,0.0053809871860899,0.026950228912453,0.0154248447717869,-0.009494380712617,-0.19109324313709,0.0010214971086295,25.5400009155273,0.822597234318393,2,1.2722468638126812e-05,2.519425196470652e-165,0.999987277530622,Panic,0.999987277530622
2022-11-09,-0.0208170591637682,-0.246400206686413,0.0161604050865419,-0.0281388200658749,-0.207758242998246,0.0010455457766817,26.0900001525879,0.823167257401013,2,3.693060478396196e-07,8.412653310552839e-202,0.9999996306942875,Panic,0.9999996306942875
2022-11-10,0.0534972101787226,0.243100424456478,0.0195936701101396,0.481097973803399,-0.164221350957069,0.0010476925555609,23.5300006866455,0.873800779901054,2,7.597285174190176e-12,4.313154474510951e-158,0.999999999992724,Panic,0.999999999992724
2022-11-11,0.0096319410672967,0.0058172149539217,0.0190243125114666,0.581806314546045,-0.156132286104212,0.0010762671918104,22.5200004577637,0.86836418550556,2,1.03810024171801e-06,1.5885459812542403e-128,0.9999989618996482,Panic,0.9999989618996482
2022-11-14,-0.0085431752117139,-0.251751294015124,0.0182377718298577,0.69522276058269,-0.163310888150697,0.0010738199636782,23.7299995422363,0.866448064692258,2,1.3794442456127912e-06,7.943567929593067e-131,0.9999986205557854,Panic,0.9999986205557854
2022-11-15,0.0084928888752697,-0.0507655791218328,0.0176456685725063,0.826385905991941,-0.156174720053055,0.0010713933073277,24.5400009155273,0.860396307986721,2,2.6666213285388623e-06,9.431790796260645e-121,0.9999973333796418,Panic,0.9999973333796418
2022-11-16,-0.0076579974906021,-0.323275881468205,0.0177261151585646,0.956416968292402,-0.162612051933993,0.0010667921588402,24.1100006103516,0.857127671841525,2,1.7305116649436482e-06,2.1328203030239339e-128,0.9999982694877384,Panic,0.9999982694877384
2022-11-17,-0.0030645195423799,-0.434385958965687,0.0176321797178073,0.945803154844908,-0.165174315606602,0.0010631988447835,23.9300003051758,0.854474160587764,2,2.4386164047722828e-06,9.749419063659542e-131,0.9999975613821055,Panic,0.9999975613821055
2022-11-18,0.0045300775173018,-0.296564560602852,0.0174301734951437,0.885520559514452,-0.161383911613004,0.0010630001140892,23.1200008392334,0.858362090640815,2,5.065384849330633e-06,1.0347484324436487e-124,0.9999949346148294,Panic,0.9999949346148294
2022-11-21,-0.0036426999409062,-0.548804636594493,0.0168648697192751,1.12590320039583,-0.164433181229692,0.0010509998831736,22.3600006103516,0.849019324993644,2,7.15740113105855e-06,1.2435769942620112e-126,0.9999928426006256,Panic,0.9999928426006256
2022-11-22,0.013367130221094,-0.463644765486389,0.0169013430101174,1.11222813705094,-0.153189067412472,0.0010432927522665,21.2900009155273,0.847970444324129,2,1.0034373724758355e-05,2.69657915166178e-112,0.9999899656280418,Panic,0.9999899656280418
2022-11-23,0.0062819380667296,-0.694665280799547,0.0166529594889628,1.22144609853076,-0.147852709794631,0.0010353406321425,20.3500003814697,0.84708084610172,2,2.8805101575406668e-05,8.866487699203359e-104,0.9999711948986804,Panic,0.9999711948986804
2022-11-25,-0.0002238304182764,-0.91977119106388,0.0165161105195369,1.19717356973438,-0.148043424934311,0.0010203629401504,20.5,0.904628051593256,2,2.5866778865612328e-05,2.960492655241672e-104,0.9999741332211148,Panic,0.9999741332211148
2022-11-28,-0.0160856979367736,-1.13302112422162,0.0169310020298645,1.14175775840114,-0.161638107940152,0.0010067001501766,22.2099990844727,0.90860401170434,2,2.310338848344575e-06,8.916375696412716e-125,0.9999976896605717,Panic,0.9999976896605717
2022-11-29,-0.0017189958905872,-0.514225337703239,0.016204450481537,1.40948046208996,-0.163078010639447,0.0010149048836111,21.8899993896484,0.912113596366216,2,4.976209494741244e-06,3.3542067362045057e-125,0.9999950237921561,Panic,0.9999950237921561
2022-11-30,0.0310145827411086,-0.60547468897146,0.0173689365295075,1.09679038561267,-0.136714511113723,0.0010127547086124,20.5799999237061,0.924164672869491,2,5.55031870688898e-07,5.666087804347595e-100,0.9999994449682793,Panic,0.9999994449682793
2022-12-01,-0.0007360081009117,-0.7913816414774,0.0173139682081234,1.07938516212404,-0.137349662460003,0.0010117969047794,19.8400001525879,0.923005804007857,2,2.3732168520532092e-05,7.778572686483935e-94,0.9999762678322769,Panic,0.9999762678322769
2022-12-02,-0.0011543928508057,-1.00005714348816,0.0161079631045808,1.39274868909787,-0.138344925269742,0.0010278272045993,19.0599994659424,0.915392053784721,2,4.412597824515091e-05,7.994302754514381e-92,0.9999558740223274,Panic,0.9999558740223274
2022-12-05,-0.018153042381412,-1.06928293778537,0.0165375126243936,1.26733076634942,-0.153845469680332,0.0010308569514903,20.75,0.906450227536252,2,4.206554137447504e-06,1.0753697644992148e-114,0.9999957934466948,Panic,0.9999957934466948
2022-12-06,-0.0145197001960584,-0.361919103369503,0.0167935813618611,1.3848368341906,-0.166042616041404,0.0010312730305351,22.1700000762939,0.92770447844793,2,8.362781485927457e-07,4.65634017644037e-132,0.9999991637236094,Panic,0.9999991637236094
2022-12-07,-0.0017026383185996,0.086529868329493,0.0167261479735337,1.4949151920606,-0.167461335713437,0.0009767890287198,22.6800003051758,0.935026672776504,2,8.968062649491724e-07,1.736830094777288e-133,0.9999991031949704,Panic,0.9999991031949704
2022-12-08,0.0078033403031856,-0.0645301990728025,0.0167616430503849,1.46627007494602,-0.160939339617767,0.0009004783621199,22.2900009155273,0.935830789157959,2,1.3742673446892422e-06,6.6467539620717736e-124,0.9999986257326221,Panic,0.9999986257326221
2022-12-09,-0.0074982232049984,-0.349921465548572,0.0161044324809287,1.66324130620511,-0.167207275174925,0.0009037759142096,22.8299999237061,0.932356404905367,2,7.444643433705595e-06,2.568700298011285e-128,0.9999925553551922,Panic,0.9999925553551922
2022-12-12,0.014314453961271,-0.218696849338535,0.0114960369033102,0.628310706622328,-0.15520057237626,0.0014128473184807,25.0,0.86847411068122,2,0.0031499887627905675,5.142488755465092e-107,0.9968500112368502,Panic,0.9968500112368502
2022-12-13,0.0075413762640144,-0.479936791923898,0.011421919013848,0.653274315486834,-0.148805538655528,0.0017503573209833,22.5499992370605,0.864958923030861,2,0.00812902302731062,4.398742871722828e-95,0.9918709769726313,Panic,0.9918709769726313
2022-12-14,-0.0064141360018581,-0.721668403020575,0.0113476677058747,0.652743770773055,-0.154247743515363,0.0020224079867487,21.1399993896484,0.866133748497105,2,0.007308292730940879,1.853794670069697e-102,0.9926917072677145,Panic,0.9926917072677145
2022-12-15,-0.0247657936280037,-0.711357343592495,0.0124460025013858,0.445338437442953,-0.174936228564321,0.0021408915260755,22.8299999237061,0.897824502360793,2,0.0002862862606848784,1.5846278156880541e-136,0.9997137137383934,Panic,0.9997137137383934
2022-12-16,-0.011876277405098,0.434912353123831,0.0125908304360261,0.454146233261062,-0.184676958494778,0.0022105168463823,22.6200008392334,0.901298981358532,2,4.328912959996941e-05,1.590691944900762e-150,0.9999567108700321,Panic,0.9999567108700321
2022-12-19,-0.0085160888983564,0.62512123468905,0.0126854904179864,0.497575215498626,-0.1915908405948,0.00224928951057,22.4200000762939,0.915836517318586,2,1.839120344967088e-05,8.612224731553011e-162,0.9999816087965425,Panic,0.9999816087965425
2022-12-20,0.0013673498803195,0.676950798165009,0.0126285780989482,0.535950175765375,-0.190484706363524,0.0022754922585825,21.4799995422363,0.921047003912579,2,2.893316789867554e-05,2.7094004947725743e-159,0.9999710668309717,Panic,0.9999710668309717
2022-12-21,0.0148419658659522,0.288324223264911,0.0131197141877361,0.373943236057615,-0.178380303641043,0.0022821081800093,20.0699996948242,0.925782751499301,2,4.63817968217207e-05,4.831086616647373e-142,0.9999536182028445,Panic,0.9999536182028445
2022-12-22,-0.0143687975323346,-0.0352786081027354,0.0130177261610173,0.571754728819003,-0.190101578726212,0.0022762833581806,21.9699993133545,0.928775787796196,2,1.4766927036825364e-05,3.4916748793341206e-159,0.9999852330728409,Panic,0.9999852330728409
2022-12-23,0.0057356441780855,0.21528013974127,0.0130006263879433,0.577637536293107,-0.18544294219213,0.0022670342261483,20.8700008392334,0.924912400099644,2,4.325722670504932e-05,5.799206589868111e-151,0.9999567427737256,Panic,0.9999567427737256
2022-12-27,-0.003951225017408,-0.119606054145431,0.0129984823629543,0.619599967924649,-0.188655090278056,0.0022501928694747,21.6499996185303,0.933784786716611,2,3.885361432901476e-05,9.909275165225422e-155,0.999961146384462,Panic,0.999961146384462
2022-12-28,-0.0125057862621487,-0.308420825354455,0.012831403082114,0.64087292758945,-0.198738414937891,0.0022021710751654,22.1399993896484,0.925123170575977,2,7.380807797067169e-05,6.17715517296541e-170,0.9999261919210903,Panic,0.9999261919210903
2022-12-29,0.0178401844835756,0.0148490803518102,0.0135541727128652,0.496622137628998,-0.184315489144955,0.0021608431289674,21.4400005340576,0.938437925969355,2,0.002807843508195682,2.612264946077092e-148,0.9971921564912035,Panic,0.9971921564912035
2022-12-30,-0.0026376453074474,-0.28294738026265,0.0113645488251577,0.10933129978328,-0.186464140631402,0.0021082613685302,21.6700000762939,0.909707837976274,2,0.09972791454688545,1.4829252786348038e-145,0.9002720854544257,Panic,0.9002720854544257
2023-01-03,-0.0042186489137785,-0.571881964432171,0.0113579269949306,0.153997710886004,-0.18988893372177,0.0020176289681838,22.8999996185303,0.872017598602287,2,0.31228053088847285,3.3032451456637507e-149,0.6877194691112678,Panic,0.6877194691112678
2023-01-04,0.0076905535292182,-0.484953929519961,0.0115910957208367,0.0730402704401954,-0.183634712816879,0.0019734035484022,22.0100002288818,0.723562933552599,0,0.8341757712218526,2.6609914781748912e-139,0.16582422877915143,Neutral,0.16582422877915143
2023-01-05,-0.0114789994934075,-0.742627218977217,0.0112283183940658,0.10465939942973,-0.192952189567997,0.0018827954869328,22.4599990844727,0.732781976607987,0,0.9273002482505736,3.6479554254076706e-153,0.07269975175091604,Neutral,0.07269975175091604
2023-01-06,0.0226730425483366,-0.439109466051617,0.0120964632982293,0.131960668714874,-0.174444945278198,0.0016911127832972,21.1299991607666,0.734228079812484,0,0.9719503291655949,2.670426143079589e-128,0.02804967083564741,Neutral,0.02804967083564741
2023-01-09,-0.000567046658503,-0.681011261344091,0.0120932725592899,0.118371736165395,-0.174912940813196,0.0014483160150811,21.9699993133545,0.733736861074767,0,0.9975528867237576,6.832469165699742e-126,0.002447113276157504,Neutral,0.002447113276157504
2023-01-10,0.0069883906828058,-0.925377593443005,0.012066815801156,0.124670340469477,-0.169126715443303,0.001103990492644,20.5799999237061,0.7292515642402,0,0.9998637388601287,2.196011802905076e-117,0.0001362611404718696,Neutral,0.0001362611404718696
2023-01-11,0.0125684411951239,-1.13716013542026,0.0122749098108494,-0.0503877480720824,-0.158618032880268,0.0007142953566082,21.0900001525879,0.751325703043264,0,0.9999617563372168,1.2461113614077561e-104,3.824366294695525e-05,Neutral,3.824366294695525e-05
2023-01-12,0.0036342927411832,-1.31245378512065,0.0118886038270164,-0.0035057712045293,-0.155554641245404,0.0006985909434446,18.8299999237061,0.734166555264211,0,0.9999923987486586,4.295119968161482e-99,7.601249589559792e-06,Neutral,7.601249589559792e-06
2023-01-13,0.0038720870592445,-1.48225589880514,0.0117985403763888,0.0302952262699039,-0.152278536711782,0.0006804120602035,18.3500003814697,0.730369882948455,0,0.9999947587049087,5.2111039873557267e-95,5.241295503241113e-06,Neutral,5.241295503241113e-06
2023-01-17,-0.0018336670612733,-1.63898078083882,0.0117198906949754,-0.0187924408315149,-0.153831551345112,0.000659299081954,19.3600006103516,0.733721459036269,0,0.9999939709086754,2.9514952428479265e-97,6.029090829102379e-06,Neutral,6.029090829102379e-06
2023-01-18,-0.0159139410951443,-1.768136226817,0.0109153098638632,0.298613719769317,-0.167190844749933,0.0007240776810267,20.3400001525879,0.677056517273573,0,0.9999874428783068,1.5889884926830653e-115,1.2557123186026978e-05,Neutral,1.2557123186026978e-05
2023-01-19,-0.0073065175718207,-0.919709719352733,0.0107008364896899,0.313146288912058,-0.173253603677645,0.0007912806991631,20.5200004577637,0.662166202445153,0,0.999993025560563,1.4251956731080591e-121,6.974438540898907e-06,Neutral,6.974438540898907e-06
2023-01-20,0.0184576387412427,-0.800756395694036,0.0111533155233215,0.157537585626024,-0.157852117077234,0.0008088769797766,19.8500003814697,0.677956515493432,0,0.9999909378467671,4.603660825384812e-103,9.062152597276804e-06,Neutral,9.062152597276804e-06
2023-01-23,0.0119272436546707,-0.999212431966384,0.0113619712858506,0.0476026789896862,-0.147747473601501,0.0008121010430277,19.8099994659424,0.686288931062118,0,0.9999972929909096,6.664994129247459e-90,2.707007881327345e-06,Neutral,2.707007881327345e-06
2023-01-24,-0.0010738969686956,-1.17703022948587,0.0110197051415443,0.189417418971512,-0.148662213749917,0.0007973132197335,19.2000007629395,0.673176935846162,0,0.9999987874151051,8.868213742699757e-90,1.2125840062501933e-06,Neutral,1.2125840062501933e-06
2023-01-25,0.0003745960458454,-1.27781521234608,0.0103973901539134,0.206335871104592,-0.148343246243255,0.0008194252950685,19.0799999237061,0.639296000398019,0,0.999999565268903,9.626905358509242e-89,4.347313872330175e-07,Neutral,4.347313872330175e-07
2023-01-26,0.0109305999473355,-1.41894698352345,0.0105416694706411,0.151401864099888,-0.138983063966021,0.0008121770559363,18.7299995422363,0.654119398495671,0,0.9999994783685447,6.989701720640922e-79,5.216314497338892e-07,Neutral,5.216314497338892e-07
2023-01-27,0.0022950804567987,-1.54646213939959,0.0104339231364416,0.0814042085165113,-0.13700469142949,0.0007941752920755,18.5100002288818,0.644990484577964,0,0.9999997737941413,4.122837117193776e-76,2.2620719705767848e-07,Neutral,2.2620719705767848e-07
2023-01-30,-0.0126264431683989,-1.67134292312703,0.0104428825306833,0.0789712945325265,-0.147832748865096,0.000771036880492,19.9400005340576,0.66732019876965,0,0.9999985023798518,4.272982563801399e-90,1.4976215903038219e-06,Neutral,1.4976215903038219e-06
2023-01-31,0.0145964369547409,-1.19336752286552,0.0102332477859894,0.0478056291041002,-0.135302920345096,0.0006432690241496,19.3999996185303,0.636005097425661,0,0.9999995829640244,3.9851599531962343e-75,4.1703506762033356e-07,Neutral,4.1703506762033356e-07
2023-02-01,0.0105718085374056,-1.34174027423085,0.0102894978119691,-0.111413325983269,-0.126113017017779,0.0006772887114141,17.8700008392334,0.636458306131922,0,0.9999998601670184,6.458757414657795e-65,1.3983258649599307e-07,Neutral,1.3983258649599307e-07
2023-02-02,0.0144519670228016,-1.47159698736704,0.0104035846712543,-0.289689419628541,-0.113391930203555,0.0006991863169516,18.7299995422363,0.730839409285013,0,0.9999991468033842,3.5500105820262694e-54,8.531962705802594e-07,Neutral,8.531962705802594e-07
2023-02-03,-0.0106859392825189,-1.58542103653483,0.0108664015970477,-0.141971671077668,-0.122815729456894,0.0006954379633056,18.3299999237061,0.736578124170184,0,0.9999987013151688,3.8750306086461554e-63,1.2986847196909236e-06,Neutral,1.2986847196909236e-06
2023-02-06,-0.0061300452017389,-1.2546156454864,0.0105579744476718,-0.122870010944029,-0.12817646113495,0.0007064480169637,19.4300003051758,0.710237796238918,0,0.9999991815460528,1.5543013573513225e-67,8.184548772016073e-07,Neutral,8.184548772016073e-07
2023-02-07,0.0129937461511815,-1.08548927799807,0.0098764755336187,-0.328089504668992,-0.11677428934508,0.0007170701565854,18.6599998474121,0.727378345188348,0,0.9999991951448065,2.3834056446183596e-56,8.048567321456094e-07,Neutral,8.048567321456094e-07
2023-02-08,-0.010995104779389,-1.24205517226614,0.0103279960313555,-0.269933273049765,-0.126432256101713,0.0006854865138514,19.6299991607666,0.735806138608398,0,0.9999983921347132,2.4455004792982785e-66,1.607864406524817e-06,Neutral,1.607864406524817e-06
2023-02-09,-0.008706842135477,-1.02940954109727,0.0105686763429027,-0.102251094228081,-0.134005256242322,0.0006360896249107,20.7099990844727,0.751496552237491,0,0.9999961776593701,3.5538233048622035e-74,3.822342103004821e-06,Neutral,3.822342103004821e-06
2023-02-10,0.0023307123284404,-0.638874380968559,0.0102878114763055,-0.0210607611456045,-0.131984517651267,0.0005556641118094,20.5300006866455,0.736381158787041,0,0.9999976343561471,3.7623906361687685e-71,2.3656440313813237e-06,Neutral,2.3656440313813237e-06
2023-02-13,0.0116708023595136,-0.86153425318917,0.0105186813030654,-0.0854984843057863,-0.121794734700576,0.0004923227584266,20.3400001525879,0.75355784385766,0,0.99999712994443,9.548184884768538e-62,2.8700566750285017e-06,Neutral,2.8700566750285017e-06
2023-02-14,-0.0004602568456686,-1.04491664075434,0.0105198677521192,-0.0260858582012654,-0.122198841682196,0.0004219491486714,18.9099998474121,0.753422788883686,0,0.9999983581487704,4.237217823183011e-61,1.641851568067294e-06,Neutral,1.641851568067294e-06
2023-02-15,0.0032421061830927,-1.21769598514723,0.0104938529914427,-0.0950317904868507,-0.119348298734728,0.0003397844944761,18.2299995422363,0.741950236951776,0,0.999998868880269,2.782232384065564e-58,1.131118304695048e-06,Neutral,1.131118304695048e-06
2023-02-16,-0.0138645480982209,-1.36655298574702,0.0103281047428053,-0.0480130801883081,-0.131473884484471,0.0003338135262668,20.1700000762939,0.755774115802604,0,0.9999935586445736,4.0028296293170005e-72,6.441356992009483e-06,Neutral,6.441356992009483e-06
2023-02-17,-0.0025014210179001,-0.82946274755613,0.01016353810647,-0.0847214621540381,-0.133643718998181,0.0003413145088903,20.0200004577637,0.759292701439283,0,0.9999951905635647,9.914001668849422e-73,4.809435193100515e-06,Neutral,4.809435193100515e-06
2023-02-21,-0.0202646596747851,-0.894941305252494,0.0105761658658423,-0.211522625833043,-0.151023442346487,0.0003089321631098,22.8700008392334,0.771669149722264,0,0.9998877481300104,2.128540669594e-96,0.0001122518707344641,Neutral,0.0001122518707344641
2023-02-22,-0.0013791072945661,-0.0418556772963597,0.0102434162178893,-0.11597117259673,-0.152193465131142,0.0002388605926562,22.2900009155273,0.770959280650342,0,0.999960747764864,3.998888882802944e-95,3.9252233583521174e-05,Neutral,3.9252233583521174e-05
2023-02-23,0.0053052106994657,-0.249886476234127,0.0103120885635286,-0.196219575852669,-0.147683720836759,0.0001984308985269,21.1399993896484,0.774306345029404,0,0.9999765778717107,2.75912115010575e-89,2.3422129225086432e-05,Neutral,2.3422129225086432e-05
2023-02-24,-0.0107398432476673,-0.505320987287527,0.0105766743904826,-0.0823643169779704,-0.156788484689118,0.0002021705848651,21.6700000762939,0.789761463342699,0,0.9999279297914037,3.359010966144316e-101,7.20702092962758e-05,Neutral,7.20702092962758e-05
2023-02-27,0.00340015508492,-0.371506453722688,0.0102945524895023,-0.0491355365692102,-0.153916555031434,0.000201174682417,20.9500007629395,0.78118406866738,0,0.9999658341673665,2.0457367002363947e-96,3.416583187496246e-05,Neutral,3.416583187496246e-05
2023-02-28,-0.0037029513381323,-0.588346350175632,0.0102866247426611,0.0335760618990246,-0.157043767325357,0.0002023497509484,20.7000007629395,0.785856900505694,0,0.999961504933424,3.969651145363847e-100,3.849506584818502e-05,Neutral,3.849506584818502e-05
2023-03-01,-0.0038430797968489,-0.764522559945874,0.009968988524455,-0.0144028768726813,-0.160277098438546,0.000221549176161,20.5799999237061,0.771222118364471,0,0.9999702454176511,7.951331113136932e-104,2.97545814589704e-05,Neutral,2.97545814589704e-05
2023-03-02,0.007747025701704,-0.687816024148577,0.0095465826427075,-0.0866148201472124,-0.153746479764472,0.0002840411277737,19.5900001525879,0.771331042818431,0,0.9999827053583762,3.0582205054982327e-95,1.729463994483733e-05,Neutral,1.729463994483733e-05
2023-03-03,0.015910666450405,-0.883534786867376,0.0099341236623022,0.0168296008360278,-0.140174337672256,0.0002970922372924,18.4899997711182,0.779908162587302,0,0.9999833308290886,1.732990350573897e-80,1.6669172325250074e-05,Neutral,1.6669172325250074e-05
2023-03-06,0.0006924226804949,-1.04409779402666,0.0093141929727512,0.0134984601074249,-0.139578768713456,0.00036785785651,18.6100006103516,0.730301867209421,0,0.9999971506408323,5.891918070082858e-78,2.8493584446657165e-06,Neutral,2.8493584446657165e-06
2023-03-07,-0.0154474925783958,-1.20920066763946,0.0096042805717473,-0.0285725041871024,-0.152767986851315,0.0003677726198268,19.5900001525879,0.82886072537423,0,0.9999113553859967,1.2288021708868987e-95,8.864461360722337e-05,Neutral,8.864461360722337e-05
2023-03-08,0.0016307322345836,-0.657443453518575,0.0095727132977865,-0.140288051187445,-0.151385251167901,0.0003829946120383,19.1100006103516,0.829977047429932,0,0.9997045309684925,4.192457999042287e-92,0.00029546903016969717,Neutral,0.00029546903016969717
2023-03-09,-0.0186221980893251,-0.803893556824121,0.0097001134685267,-0.109644522787907,-0.167042088298869,0.000391316805943,22.6100006103516,0.803035789639299,0,0.9941889728680906,2.113104790689638e-115,0.0058110271304833965,Neutral,0.0058110271304833965
2023-03-10,-0.0145344877787874,-0.229161781070911,0.0098789021508025,-0.108074775765844,-0.179061147863437,0.0003933392772934,24.7999992370605,0.820496757064759,0,0.9848245722874578,2.3525551496672964e-132,0.015175427713509401,Neutral,0.015175427713509401
2023-03-13,-0.0014262418542809,0.327291749755981,0.0097944890465461,-0.20920282700122,-0.180231170648091,0.0003861963468831,26.5200004577637,0.803996110688506,0,0.9826491581536799,4.574886694211816e-134,0.017350841844984245,Neutral,0.017350841844984245
2023-03-14,0.0163950830681481,0.0711019368685842,0.0105973244802243,-0.0692926027238292,-0.166680211583137,0.0003997424049212,23.7299995422363,0.816715326487093,0,0.986156198125219,7.868607125756498e-116,0.013843801873106085,Neutral,0.013843801873106085
2023-03-15,-0.0062738671191802,-0.195468534275279,0.0101591616540979,0.053310285421567,-0.171891983127176,0.0003887300102394,26.1399993896484,0.774981115673336,0,0.9906853455895251,8.660686100232592e-122,0.009314654412160077,Neutral,0.009314654412160077
2023-03-16,0.0173927322129517,-0.198986276199066,0.0110705876676,0.114933929424718,-0.157362938514973,0.0004350755838883,22.9899997711182,0.800533101508904,0,0.9946716017048374,1.0234340558059932e-103,0.0053283982961691645,Neutral,0.0053283982961691645
2023-03-17,-0.011761498018342,-0.43415990420555,0.0112023233391112,0.267715666835708,-0.167215558281739,0.0004899263488709,25.5100002288818,0.800142352563909,0,0.996365349899059,1.4775622171025848e-116,0.0036346501017803724,Neutral,0.0036346501017803724
2023-03-20,0.0095697515008961,-0.156884741844256,0.0111977144702934,0.0787092607968477,-0.159207762927706,0.0005400280125677,24.1499996185303,0.700872144539649,0,0.9997753481597824,3.0275262614459885e-105,0.0002246518410419706,Neutral,0.0002246518410419706
2023-03-21,0.0130450434475504,-0.41017901397031,0.0116366524186924,-0.0246920742799832,-0.148167739430841,0.0006253291970131,21.3799991607666,0.69794049131026,0,0.999988739958738,1.6366554252937903e-91,1.126003947921712e-05,Neutral,1.126003947921712e-05
2023-03-22,-0.01719354864517,-0.631228360756886,0.0113966905321347,0.036967616306067,-0.162688568830547,0.0006700812260223,22.2600002288818,0.659785523670416,0,0.9999859606071917,1.8057090312445407e-110,1.4039393519393518e-05,Neutral,1.4039393519393518e-05
2023-03-23,0.0026996820531879,-0.22155330165972,0.0114185369345735,-0.0142227584533072,-0.160425040157792,0.0007128696758689,22.6100006103516,0.661871648967665,0,0.9999949918508617,6.132368082430533e-106,5.008149972409404e-06,Neutral,5.008149972409404e-06
2023-03-24,0.0065407168627738,-0.357325728377439,0.011452883449627,-0.0247131511795914,-0.15491561992299,0.0007518076348936,21.7399997711182,0.665086094788552,0,0.9999968007083472,7.731028817563122e-99,3.1992907626756292e-06,Neutral,3.1992907626756292e-06
2023-03-27,0.0018681739597568,-0.587769835788868,0.0112120001479934,-0.150572667984682,-0.153335379668082,0.0007713900958059,20.6000003814697,0.623190090303858,0,0.9999994632927686,6.579524494981144e-96,5.367082162463745e-07,Neutral,5.367082162463745e-07
2023-03-28,-0.0022472912702475,-0.768479093838141,0.0111989900639291,-0.0789965301761245,-0.155235945316015,0.0007879359161413,19.9699993133545,0.626689197151933,0,0.999999418745743,4.858561766850359e-98,5.812546285084722e-07,Neutral,5.812546285084722e-07
2023-03-29,0.0144303491146802,-0.911979239481975,0.0115972150436085,-0.198659350658125,-0.142957325773165,0.0008227353766212,19.1200008392334,0.641682504615524,0,0.999999227577362,8.656957761268794e-85,7.724215085598695e-07,Neutral,7.724215085598695e-07
2023-03-30,0.0058381812856946,-1.07830954510706,0.0115962912916131,-0.313490547414319,-0.137939120930168,0.0008421320069376,19.0200004577637,0.636549216649586,0,0.9999997514678707,2.864050323987567e-78,2.4853119060778e-07,Neutral,2.4853119060778e-07
2023-03-31,0.0139961534197521,-1.2387532370201,0.0118487775244881,-0.315764763049207,-0.125788753754301,0.0008448510702308,18.7000007629395,0.647523975639682,0,0.9999996746046765,8.734532763337474e-67,3.253936019466944e-07,Neutral,3.253936019466944e-07
2023-04-03,0.0038032411957784,-1.36817982496989,0.0114010621101807,-0.300890979711979,-0.12245758692866,0.0008361327869266,18.5499992370605,0.637095486407128,0,0.9999999060492017,4.141804540149508e-62,9.394918032236243e-08,Neutral,9.394918032236243e-08
2023-04-04,-0.0055634020017274,-1.49361654060974,0.0114900920891941,-0.223655832274995,-0.127326152694457,0.000775079437842,19.0,0.65757306670435,0,0.9999997563100192,1.7910213768551627e-67,2.436917357246821e-07,Neutral,2.436917357246821e-07
2023-04-05,-0.0026218822246146,-1.4415362576731,0.0109169336675698,-0.269363338573955,-0.129611203866065,0.0007154878809464,19.0799999237061,0.634780396924134,0,0.9999998789062448,5.998638054448232e-69,1.210950761341078e-07,Neutral,1.210950761341078e-07
2023-04-06,0.0038934201651317,-1.30903980132567,0.0109316823036003,-0.297879853567066,-0.126215809015456,0.00064045011108,18.3999996185303,0.637491602548369,0,0.9999998867970199,3.1319789474516005e-65,1.132033930078364e-07,Neutral,1.132033930078364e-07
2023-04-10,0.0010257547803318,-1.43399490098987,0.009927799081313,-0.268533143071135,-0.125319060861349,0.0006182969853243,18.9699993133545,0.604023398722466,0,0.9999999629653764,1.541379062474124e-63,3.7033643906696977e-08,Neutral,3.7033643906696977e-08
2023-04-11,0.0002685354056399,-1.50517240039164,0.0091670711836531,-0.259684181878666,-0.125084146520555,0.0006995443625267,19.1000003814697,0.562157713098624,0,0.9999999904248398,1.1037021886452631e-62,9.57457980236109e-09,Neutral,9.57457980236109e-09
2023-04-12,-0.0040843203968234,-1.61095604686012,0.0092496900615764,-0.228315291625678,-0.128650295581309,0.000754803248566,19.0900001525879,0.582992174956001,0,0.9999999777392079,1.1024654810771171e-66,2.2259466120388813e-08,Neutral,2.2259466120388813e-08
2023-04-13,0.0131953350687954,-1.4785240033821,0.0090403576134564,-0.287392072529699,-0.117076351166523,0.0008633702465098,17.7999992370605,0.570250967877635,0,0.9999999872015906,1.252184516916377e-55,1.2800051693323164e-08,Neutral,1.2800051693323164e-08
2023-04-14,-0.0024457804599524,-1.56470110424641,0.0088865163895653,-0.322198726620453,-0.119233149971148,0.0009581771978302,17.0699996948242,0.607045957547309,0,0.9999999780811779,7.4380493771398e-57,2.19195433964987e-08,Neutral,2.19195433964987e-08
2023-04-17,0.0035819054924193,-1.59374219734467,0.008251460482396,-0.432439542709741,-0.116072669461333,0.001110960119174,16.9500007629395,0.542348945503284,0,0.9999999973915692,2.486710030247699e-53,2.6069765967721413e-09,Neutral,2.6069765967721413e-09
2023-04-18,0.0006519797790893,-1.68037744451768,0.0076155432942157,-0.468668344474954,-0.115496178805933,0.0012931190544505,16.8299999237061,0.584746857268149,0,0.9999999899628165,8.17973892603713e-53,1.0038444668587422e-08,Neutral,1.0038444668587422e-08
2023-04-19,-0.0001688857749684,-1.75594751819136,0.007482463541415,-0.343564968115074,-0.11564554630586,0.0014445593604796,16.4599990844727,0.691016148526048,0,0.9999998308776555,2.379304008369524e-53,1.6912165079068736e-07,Neutral,1.6912165079068736e-07
2023-04-20,-0.0054721820825145,-1.79721048291068,0.0072535213810342,-0.228826092918893,-0.120471678122814,0.001563758377477,17.1700000762939,0.705560539813843,0,0.9999996217630529,2.686357573924116e-58,3.782380753629649e-07,Neutral,3.782380753629649e-07
2023-04-21,0.0007765017679339,-1.58696896299393,0.0058613981353064,0.782424758704013,-0.119788457599285,0.0017942057201038,16.7700004577637,0.730789317829116,0,0.9999962872203271,2.216535758692553e-56,3.7127796308462717e-06,Neutral,3.7127796308462717e-06
2023-04-24,0.0010428489073754,-1.67100196370485,0.0058680177225409,0.820500552197257,-0.11887005115769,0.0019597785436672,16.8899993896484,0.73137000139156,0,0.9999956262568199,7.666592428687237e-56,4.373742544274361e-06,Neutral,4.373742544274361e-06
2023-04-25,-0.0160012485919685,-1.73443108569173,0.0070051680464293,0.0321830585433703,-0.132857027533794,0.0019930860778714,18.7600002288818,0.73358534978481,0,0.9999946220449604,6.750436027495152e-73,5.377954021484268e-06,Neutral,5.377954021484268e-06
2023-04-26,-0.0042446050078472,-1.06422432582602,0.0071035055908803,0.133454884004599,-0.136529906462677,0.0020098744293468,18.8400001525879,0.526180770050745,0,0.9999999863066478,6.044750308112254e-74,1.3691708273430149e-08,Neutral,1.3691708273430149e-08
2023-04-27,0.0197125769188267,-0.90886065446793,0.0081506491492508,0.321112006895481,-0.11933981194496,0.0019697445828149,17.0300006866455,0.587977904325452,0,0.9999998598978079,7.431969007773398e-59,1.401025244830338e-07,Neutral,1.401025244830338e-07
2023-04-28,0.0084987170356489,-1.03079694312139,0.0077925866867387,0.300010911635667,-0.111823435665686,0.0019002241560732,15.7799997329712,0.567816879037309,0,0.9999999827850844,1.271579484760778e-49,1.7214025414019695e-08,Neutral,1.7214025414019695e-08
2023-05-01,-0.0010100842933429,-1.15412715695543,0.0077539141585383,0.423911457537743,-0.112720115925475,0.0018101903261433,16.0799999237061,0.564824633043215,0,0.9999999862047844,5.298278492000612e-50,1.3795377027142487e-08,Neutral,1.3795377027142487e-08
2023-05-02,-0.0113028386465857,-1.2159486597957,0.0076593809666029,0.465927713506076,-0.122692433375136,0.0016731271226564,17.7800006866455,0.544700978254931,0,0.9999999813553588,3.088999200284632e-60,1.8645406703271322e-08,Neutral,1.8645406703271322e-08
2023-05-03,-0.0068877200188177,-0.829331869948399,0.0077603336577251,0.606171085762079,-0.128714319923323,0.0015426263844219,18.3400001525879,0.556224778055794,0,0.9999999648389355,1.3329983501782346e-65,3.516151877397137e-08,Neutral,3.516151877397137e-08
2023-05-04,-0.007108209849445,-0.64587441357457,0.0078194130347959,0.603507404766646,-0.134885641865755,0.0013658341510151,20.0900001525879,0.552820577745323,0,0.9999999475985546,2.1684785632294649e-72,5.240087833457588e-08,Neutral,5.240087833457588e-08
2023-05-05,0.0183434124535315,-0.515613370243693,0.0088003178326566,0.570005347842145,-0.11887005115769,0.001223391691091,17.1900005340576,0.56221624008768,0,0.9999999394276547,1.0027025853495204e-57,6.05741106326009e-08,Neutral,6.05741106326009e-08
2023-05-08,0.0002663391514685,-0.682741129911954,0.0087676520441686,0.634208624721198,-0.11863534049985,0.0010485668822728,16.9799995422363,0.560621664303741,0,0.9999999812935132,2.282159921964291e-55,1.870748970053019e-08,Neutral,1.870748970053019e-08
2023-05-09,-0.0043948336758186,-0.854028059713396,0.0088282416463546,0.702864005763269,-0.122500292454775,0.0009700472068426,17.7099990844727,0.575704279034017,0,0.999999957584806,2.328428752764009e-59,4.24164162587492e-08,Neutral,4.24164162587492e-08
2023-05-10,0.0046614099602502,-0.798062518066952,0.0088829855428784,0.624240913080665,-0.118400358264738,0.0009534845664655,16.9400005340576,0.58470642660752,0,0.9999999607098297,2.7040703868989714e-55,3.9290635086616415e-08,Neutral,3.9290635086616415e-08
2023-05-11,-0.001745473745645,-0.960193010024669,0.0088389987695868,0.600699004632438,-0.119937825099212,0.0009282258343909,16.9300003051758,0.585685119160123,0,0.9999999619249146,1.1272459597488335e-56,3.8075004383956e-08,Neutral,3.8075004383956e-08
2023-05-12,-0.0013112041653027,-1.09222766727305,0.0083483080771629,0.786148479686809,-0.121091010092966,0.0008966143443864,17.0300006866455,0.555809726856865,0,0.9999999772844606,2.926467633888568e-57,2.271563861175135e-08,Neutral,2.271563861175135e-08
2023-05-15,0.0034441304592105,-1.07671657097884,0.0083686009117426,0.682633386653908,-0.118058714055814,0.00087333420541,17.1200008392334,0.546622653933569,0,0.9999999875144567,2.058829045449539e-54,1.248462011973101e-08,Neutral,1.248462011973101e-08
2023-05-16,-0.006704920619339,-1.20795174986055,0.0084529936426267,0.810746305011499,-0.123952280342701,0.0008794028121608,17.9899997711182,0.541303336110988,0,0.9999999798237698,1.332934482753855e-60,2.0177031762193667e-08,Neutral,2.0177031762193667e-08
2023-05-17,0.0120656966677144,-0.981227748145564,0.0088818579534703,0.652979537568737,-0.113318129079727,0.0009069997327608,16.8700008392334,0.535002700738344,0,0.9999999898609531,4.733683720252756e-51,1.0138188575343923e-08,Neutral,1.0138188575343923e-08
2023-05-18,0.0095873203929492,-1.10847532743819,0.0091181644162197,0.50414812880417,-0.104776344913456,0.0009399302191583,16.0499992370605,0.549051461898782,0,0.9999999930441845,1.2598944641621848e-43,6.9543144873335445e-09,Neutral,6.9543144873335445e-09
2023-05-19,-0.0014562897156213,-1.22270372874094,0.0090265010242912,0.469393118320853,-0.106079101090091,0.0009521464519773,16.8099994659424,0.540094151561035,0,0.9999999963147275,2.0747079762707656e-44,3.6845981547871693e-09,Neutral,3.6845981547871693e-09
2023-05-22,0.000405952425309,-1.28052865960974,0.0090268558646706,0.475343385917968,-0.105716138065269,0.0008308737503452,17.2099990844727,0.53884028201803,0,0.9999999964056769,4.085578122781281e-44,3.5956021378912183e-09,Neutral,3.5956021378912183e-09
2023-05-23,-0.011286296892985,-1.3660380829569,0.0094004283376042,0.505458157312967,-0.115752547751262,0.0006781374036041,18.5300006866455,0.58259116682411,0,0.999999956060493,1.4448481232812797e-54,4.3941196566310756e-08,Neutral,4.3941196566310756e-08
2023-05-24,-0.0072709849370742,-0.947502870366518,0.0088250279486158,0.750436524916959,-0.122158580351534,0.0006074973320402,20.0300006866455,0.5470198172032,0,0.9999999686224332,1.4357709687522915e-59,3.137902950624346e-08,Neutral,3.137902950624346e-08
2023-05-25,0.008622740001468,-0.684545271967676,0.008919210723819,0.561022215753468,-0.114556453548439,0.0005293430687443,19.1399993896484,0.750402028147514,0,0.9999973033518452,5.882557911589001e-53,2.696646480892454e-06,Neutral,2.696646480892454e-06
2023-05-26,0.0128673663620775,-0.846907795408155,0.0083131854620496,0.389131550954805,-0.103089510579055,0.0005244710938665,17.9500007629395,0.709313658969732,0,0.999999254618438,5.7727123638974354e-43,7.453818397329941e-07,Neutral,7.453818397329941e-07
2023-05-30,0.0003808397395683,-0.983177223954845,0.0081274101442879,0.520389047825291,-0.102747866370131,0.000504967951816,17.4599990844727,0.691086590093421,0,0.9999996609149668,1.5569839930184223e-41,3.3908560664492834e-07,Neutral,3.3908560664492834e-07
2023-05-31,-0.0055605431547576,-1.12389129397936,0.0082292621596742,0.562271741866566,-0.107723229898376,0.0004765224260163,17.9400005340576,0.692461090670501,0,0.999999482283008,4.2676520642449725e-46,5.177187776681297e-07,Neutral,5.177187776681297e-07
2023-06-01,0.0094560369648908,-0.985373497632738,0.0080139074360278,0.45904228478687,-0.0992458095457103,0.0004472775926995,15.6499996185303,0.70860184378999,0,0.9999994153951665,7.407170733074181e-39,5.846046656521545e-07,Neutral,5.846046656521545e-07
2023-06-02,0.0143576491017638,-1.11181474857406,0.0082713244686047,0.292056972701019,-0.086219809348681,0.0004113645519914,14.6000003814697,0.680951660990967,0,0.9999997483101059,3.930521121251545e-30,2.516882497512874e-07,Neutral,2.516882497512874e-07
2023-06-05,-0.0019181968648904,-1.21252092086043,0.0080517957969594,0.295910617213497,-0.0879709396023688,0.0003910521048032,14.7299995422363,0.686434027703518,0,0.9999998446765069,3.0479102472776608e-30,1.5532307051674318e-07,Neutral,1.5532307051674318e-07
2023-06-06,0.0021752435294129,-1.24127203956149,0.0071894003789654,0.199414906016003,-0.0859848950078869,0.0005010755585893,13.960000038147,0.686065557848629,0,0.9999998496423472,2.4815924335383297e-28,1.5035625800269082e-07,Neutral,1.5035625800269082e-07
2023-06-07,-0.0034636419186302,-1.34693528662812,0.007273339962239,0.249291809631669,-0.0891452397290664,0.0005720557525669,13.9399995803833,0.685416041198428,0,0.9999998345229096,1.0513245768318458e-30,1.654764525158431e-07,Neutral,1.654764525158431e-07
2023-06-08,0.006030184711177,-1.29266269743299,0.007201478288489,0.0858343915945402,-0.0836360231772192,0.0006316633445305,13.6499996185303,0.669321563964591,0,0.9999999146675728,6.242576006435339e-27,8.533212278069803e-08,Neutral,8.533212278069803e-08
2023-06-09,0.0017928017601365,-1.38551147211485,0.0071769040691984,0.142804231316216,-0.0819916906859791,0.0006768573548997,13.8299999237061,0.663399444651423,0,0.9999999380779646,8.823132028437476e-26,6.192254005988008e-08,Neutral,6.192254005988008e-08
2023-06-12,0.0090309686506282,-1.47129898710607,0.0072856256383956,-0.0263352846405069,-0.0736636378332397,0.0007034891043551,15.0100002288818,0.678758260482272,0,0.9999999396350194,1.5091514273445838e-21,6.036364789821711e-08,Neutral,6.036364789821711e-08
2023-06-13,0.006571174815332,-1.53626342263744,0.0072857380782947,-0.168520915077736,-0.0675564760214581,0.0007344988053611,14.6099996566772,0.659462924770272,0,0.9999999745123208,4.751921159210869e-18,2.5486984627651113e-08,Neutral,2.5486984627651113e-08
2023-06-14,0.0011901535007137,-1.6029467920002,0.0072926147889441,-0.123397127305599,-0.0664460644481383,0.0007600675490593,13.8800001144409,0.661188837440274,0,0.9999999752217267,2.7720641563920488e-17,2.477859289878917e-08,Neutral,2.477859289878917e-08
2023-06-15,0.0123215019679526,-1.6960172243986,0.0072464236405356,-0.280301892149045,-0.0548721200333524,0.0007821078416758,14.5,0.700354279944606,0,0.9999999394494826,4.669530420090636e-13,6.054858751902425e-08,Neutral,6.054858751902425e-08
2023-06-16,-0.0034119235438705,-1.75961339962981,0.007130029599604,-0.109653295972369,-0.0580913291283666,0.0007882472734251,13.539999961853,0.729670886616058,0,0.9999999025240006,1.0140094397714268e-13,9.747592811617377e-08,Neutral,9.747592811617377e-08
2023-06-20,-0.0052017979328526,-1.7498233350347,0.0071644155267969,0.0795535142830282,-0.0629782263600641,0.0007670758248307,13.8800001144409,0.719985047156791,0,0.9999998901694258,4.8389585637296615e-16,1.0983192782265865e-07,Neutral,1.0983192782265865e-07
2023-06-21,-0.0051368630694117,-1.47043176956106,0.0073013500545435,0.103846078197241,-0.0677792372793036,0.0007350602667317,13.1999998092651,0.732580996885327,0,0.9999998107450844,4.15874257754846e-18,1.8925618721770142e-07,Neutral,1.8925618721770142e-07
2023-06-22,0.0036030649404148,-1.32751123701206,0.0072998316646044,0.0408649105421523,-0.0644143269775425,0.0006914296133301,12.9099998474121,0.742924500233568,0,0.999999799187228,4.547421676443499e-16,2.0081159971491422e-07,Neutral,2.0081159971491422e-07
2023-06-23,-0.0075885739986532,-1.43503092758353,0.006997877096971,0.19359482361028,-0.0714872175706693,0.000599387658304,13.4399995803833,0.714800434684931,0,0.9999997804007094,4.41084482785896e-20,2.19597594366523e-07,Neutral,2.19597594366523e-07
2023-06-26,-0.0040941840570774,-1.13048668754993,0.0068119064255545,0.24198718090277,-0.0752809483858567,0.0005614140118858,14.25,0.742099493986949,0,0.999999607094728,8.965268731824743e-22,3.92906037066746e-07,Neutral,3.92906037066746e-07
2023-06-27,0.0109037190220205,-1.03928229622159,0.0069319246239802,0.237792225562347,-0.0651429009055948,0.0004811019916119,13.7399997711182,0.781580788133921,0,0.9999991315238864,9.669351786107995e-17,8.684776654534827e-07,Neutral,8.684776654534827e-07
2023-06-28,0.0005041832650292,-1.15731676151061,0.0065283204418225,0.360893754130508,-0.0646714427603712,0.0004799301702663,13.4300003051758,0.759317042261887,0,0.9999994446772412,1.1226169033644009e-15,5.553227618713479e-07,Neutral,5.553227618713479e-07
2023-06-29,0.0039336761536628,-1.27327602551672,0.0065303728632693,0.283007226188315,-0.0609849170735403,0.0004807664241865,13.539999961853,0.774523172947134,0,0.9999994283390876,4.524516511542852e-14,5.716605349716187e-07,Neutral,5.716605349716187e-07
2023-06-30,0.011731539436898,-1.37977478735649,0.0065972054258412,0.127184177181143,-0.0499039533028311,0.0004534803682441,13.5900001525879,0.787316030915639,0,0.999999355685057,2.8946642192916144e-10,6.440271132802467e-07,Neutral,6.440271132802467e-07
2023-07-03,0.0011500665057244,-1.45427685164598,0.0064371978181734,0.272911083233756,-0.0488106510976848,0.0004456040430218,13.5699996948242,0.773843210674033,0,0.9999995930375836,4.237755558229212e-09,4.027252627034669e-07,Neutral,4.027252627034669e-07
2023-07-05,-0.0014884176453877,-1.53987432839999,0.0058952784062465,0.326968261926956,-0.0502253650049464,0.0004464630111236,14.1800003051758,0.797842344112091,0,0.9999992603882681,1.2269982512647598e-09,7.383858946865796e-07,Neutral,7.383858946865796e-07
2023-07-06,-0.0078614647555044,-1.51350106965902,0.0062185026017046,0.235372448411395,-0.0576627122978947,0.0004147788942579,15.4399995803833,0.758374131272785,0,0.9999995622566579,2.1803082070321054e-13,4.377418992106553e-07,Neutral,4.377418992106553e-07
2023-07-07,-0.0025280727938197,-1.17884992748404,0.006279511102488,0.324117286405476,-0.0600420007830931,0.0004347575131997,14.8299999237061,0.769345985295849,0,0.999999458821695,1.0855463454400242e-13,5.411772005231146e-07,Neutral,5.411772005231146e-07
2023-07-10,0.0025280727938197,-1.10171284938753,0.0061861088878944,0.221381840844856,-0.0576627122978947,0.0004523707116561,15.0699996948242,0.747257098020921,0,0.9999996925071646,1.5816589231193905e-12,3.074900022429042e-07,Neutral,3.074900022429042e-07
2023-07-11,0.0063482769069862,-1.21658606278972,0.0061978308144987,0.216908006480276,-0.0516614656224249,0.0004659235103882,14.8400001525879,0.732694194593862,0,0.9999997821724047,3.3654221038130817e-10,2.174902473750725e-07,Neutral,2.174902473750725e-07
2023-07-12,0.0080138443163448,-1.31347031344578,0.006352581943562,0.10989126869023,-0.0440310947829802,0.0004672830080652,13.539999961853,0.742733912804421,0,0.9999995985018255,1.7259790443802156e-07,2.2890125144660247e-07,Neutral,2.2890125144660247e-07
2023-07-13,0.007905460796838,-1.39354997377394,0.0062941513153624,0.109421208447343,-0.0364437689412417,0.0004616273245245,13.6099996566772,0.725420654792287,0,0.9997579104864807,0.0002419504265424914,1.3908698607919124e-07,Neutral,1.3908698607919124e-07
2023-07-14,-0.0006230096571355,-1.46373143336996,0.0062211769656623,0.257430329721407,-0.0370438868193569,0.0004540108143411,13.3400001525879,0.735223239734657,0,0.9923314954975122,0.007668361387930125,1.4311572986360538e-07,Neutral,1.4311572986360538e-07
2023-07-17,0.0034661313711961,-1.49854809028322,0.0062347104362264,0.203849205362794,-0.0337003632278127,0.000439055522381,13.4799995422363,0.714644797657201,0,0.8050259989454025,0.19497399317962238,7.875522144149682e-09,Neutral,7.875522144149682e-09
2023-07-18,0.007403106014233,-1.56319446703479,0.0058966760097766,0.106517931316929,-0.0265201996120111,0.0004403658693043,13.3000001907349,0.618911715772675,1,0.07489624412478997,0.9251037558150919,6.10063642747062e-11,Bull,6.10063642747062e-11
2023-07-19,0.002221177441493,-1.61334314462658,0.0057937047942753,-0.0005032900986511,-0.0243555250664804,0.0004485240262578,13.7600002288818,0.581459196477078,1,0.005181262891903613,0.9948187370963246,1.0401541091338948e-11,Bull,1.0401541091338948e-11
2023-07-20,-0.0066566012078856,-1.66371509175584,0.0058879827597341,-0.0278568301081162,-0.0308284335701283,0.0004381192260047,13.9899997711182,0.620835561907133,1,0.005280792370371665,0.9947192076219828,8.447923479978154e-12,Bull,8.447923479978154e-12
2023-07-21,0.0,-1.33203193083548,0.0056974505028713,-0.0790160371753891,-0.0308284335701283,0.0004167195625185,13.6000003814697,0.608441033851686,1,0.001334695061560685,0.9986653049393586,4.088363408460423e-13,Bull,4.088363408460423e-13
2023-07-24,0.0044575323514184,-1.38481062611755,0.005713616524052,-0.0968525848575859,-0.026498677113158,0.0003772980270688,13.9099998474121,0.604119573792097,1,9.690496149272929e-05,0.9999030950374208,4.8500255299898194e-15,Bull,4.8500255299898194e-15
2023-07-25,0.0027262768128357,-1.4553389024014,0.0052851772298728,-0.113021047211963,-0.0238410219235506,0.0003970531543862,13.8599996566772,0.597857794053444,1,1.0222363356593887e-05,0.9999897776373909,3.772589604823906e-17,Bull,3.772589604823906e-17
2023-07-26,0.0001536992598127,-1.51731570016593,0.0051030346631207,-0.146986359090077,-0.0236909754804423,0.0004364010135481,13.1899995803833,0.512197742392598,1,3.9742938011100805e-06,0.9999960257052257,4.65826834906235e-18,Bull,4.65826834906235e-18
2023-07-27,-0.0066520551191899,-1.55111360760459,0.0051101464483552,-0.162383313313214,-0.0301638839840902,0.0004455476239202,14.4099998474121,0.504220367830167,1,0.0001750249695507936,0.999824975030644,1.610748684186141e-18,Bull,1.610748684186141e-18
2023-07-28,0.0097426507879605,-1.27434574643734,0.0053877299311708,-0.222198693113244,-0.0206689314853315,0.0004502279921064,13.3299999237061,0.554074734781071,1,5.192221860945462e-06,0.9999948077773488,9.72847577862489e-18,Bull,9.72847577862489e-18
2023-07-31,0.001902262145502,-1.34163072920851,0.0053730580315839,-0.170434688974066,-0.0188042140373811,0.0004487288829013,13.6300001144409,0.553371168395625,1,3.7281141798428094e-06,0.9999962718863035,2.5590503887914486e-17,Bull,2.5590503887914486e-17
2023-08-01,-0.0028656120277599,-1.41075614175469,0.0049945846472325,-0.199865216900772,-0.0216119156700969,0.0004625281398345,13.9300003051758,0.494432199220487,1,0.002066595097343048,0.9979334049033602,6.105581486201452e-16,Bull,6.105581486201452e-16
2023-08-02,-0.0140085343308751,-1.31622275355446,0.0060218522977425,-0.601577243689939,-0.0352221464747946,0.0004440551551692,16.0900001525879,0.57744310287036,0,0.9962192581782064,0.0037807418129882663,8.561022224007766e-12,Neutral,8.561022224007766e-12
2023-08-03,-0.0028699142103167,-0.59601481834536,0.0060541330493341,-0.566550647953728,-0.0379870067927586,0.0004468101444981,15.9200000762939,0.580374375263437,0,0.999921955136176,7.804200444533646e-05,2.860793828365999e-09,Neutral,2.860793828365999e-09
2023-08-04,-0.0045331453764543,-0.583908146900966,0.0058617890008219,-0.587278255074555,-0.0423380820656276,0.0004377506747086,17.1000003814697,0.499238835368772,0,0.9999986277080418,1.3720442772444674e-06,2.4843382612695156e-10,Neutral,2.4843382612695156e-10
2023-08-07,0.0086908301760395,-0.487211414630624,0.006054425015413,-0.681905220735519,-0.0339789336151762,0.0004282553594968,15.7700004577637,0.448817734876959,0,0.9996837819124338,0.00031621805135757786,3.631653978924412e-11,Neutral,3.631653978924412e-11
2023-08-08,-0.0043582092199638,-0.635742760513864,0.0061701027683653,-0.520692233063805,-0.0381798945506187,0.0004275405139968,15.9899997711182,0.435749068249716,0,0.9999341553808141,6.584460264690006e-05,1.760969500116517e-11,Neutral,1.760969500116517e-11
2023-08-09,-0.0067078295431723,-0.557351963733561,0.0062586996435038,-0.319649418937853,-0.044610029633833,0.0004305997452236,15.960000038147,0.450195140520198,0,0.9999997116865831,2.8827109938625585e-07,4.2047907853899373e-11,Neutral,4.2047907853899373e-11
2023-08-10,0.0003590245016829,-0.419181470320547,0.0060080946479159,-0.280817178212378,-0.0442669596442283,0.0004147010130527,15.8500003814697,0.42607638178383,0,0.9999987655181374,1.234467133814024e-06,1.6019837730646567e-11,Neutral,1.6019837730646567e-11
2023-08-11,-0.0005833292432146,-0.511011394452089,0.0057278140998451,-0.24212224222006,-0.0448243041019099,0.0003978013648828,14.8400001525879,0.405673762446812,0,0.9999975492494758,2.4507419744599737e-06,8.525557201055907e-12,Neutral,8.525557201055907e-12
2023-08-14,0.0055049277782224,-0.670797726686481,0.0058710441345209,-0.325199411172934,-0.0395516313544923,0.0003843994035105,14.8199996948242,0.427540858048315,0,0.9999381966990406,6.180328216537261e-05,1.751822129876452e-11,Neutral,1.751822129876452e-11
2023-08-15,-0.0117174250345551,-0.810130594636603,0.0063242324006998,-0.232111143132058,-0.0507399360421944,0.0003906249378697,16.4599990844727,0.408888663399806,0,0.9999999991887307,7.994290789733541e-10,1.2000137299238667e-11,Neutral,1.2000137299238667e-11
2023-08-16,-0.00736499954803,-0.447535272987212,0.0061804002583354,-0.079293551414746,-0.0577055536126465,0.0004009883387222,16.7800006866455,0.384009871702515,0,0.999999999992724,4.325583087472415e-12,4.717835937706206e-12,Neutral,4.717835937706206e-12
2023-08-17,-0.007649269950952,-0.173246219103345,0.0062541115418594,0.0962141951427538,-0.0648859209114025,0.0004154694727412,17.8899993896484,0.407070154765164,0,0.9999999999781721,4.1927478520193704e-16,2.0778097539527435e-11,Neutral,2.0778097539527435e-11
2023-08-18,0.0004812578823552,-0.0180816453908802,0.0061831096856315,-0.0446089110313547,-0.0644357815820775,0.0004242714993759,17.2999992370605,0.398009117230526,0,0.9999999999890861,1.8842340555437318e-15,1.0458905098094449e-11,Neutral,1.0458905098094449e-11
2023-08-21,0.0064852292361612,-0.229955496950986,0.0064283358313981,-0.0833932004509845,-0.0583487164884678,0.0004455609145911,17.1299991607666,0.4398110649001,0,0.9999999999563443,8.309033265465383e-13,4.3479974714912253e-11,Neutral,4.3479974714912253e-11
2023-08-22,-0.0027121613759053,-0.417566566478701,0.0062922112470188,0.0368143624408745,-0.0608991665497187,0.0004559713725979,16.9699993133545,0.42560423140749,0,0.9999999999745341,1.7770295732375632e-13,2.5034333452110993e-11,Neutral,2.5034333452110993e-11
2023-08-23,0.0110760987762237,-0.530613770349321,0.006827792411113,0.172213154274315,-0.0504397752616596,0.0004831206409075,15.9799995422363,0.477753529524647,0,0.9999999989486241,8.641690262340227e-10,1.889025983243094e-10,Neutral,1.889025983243094e-10
2023-08-24,-0.0139560056488071,-0.674308251700102,0.0073502288787034,0.158871640398883,-0.0635997988427142,0.0005371259412047,17.2000007629395,0.628596847364807,0,0.9999999646024669,2.251714142494268e-17,3.539774051899713e-08,Neutral,3.539774051899713e-08
2023-08-25,0.0070249925463903,-0.258182557423996,0.0075202222734669,-0.0181773657881078,-0.0569984342891292,0.0005849904468668,15.6800003051758,0.656362447992231,0,0.9999999688661778,2.1063986220759814e-13,3.11324262661554e-08,Neutral,3.11324262661554e-08
2023-08-28,0.0063213544573184,-0.438927149525717,0.007302105898006,-0.0711075570672082,-0.051018506429558,0.0006089807839164,15.0799999237061,0.628395152119124,0,0.9999999877218215,1.8015085829472749e-10,1.2099495575780056e-08,Neutral,1.2099495575780056e-08
2023-08-29,0.0143512863199735,-0.594404149517012,0.0080582250445767,0.106569523303791,-0.03730120628514,0.0006936668734119,14.4499998092651,0.681185541189329,0,0.9999996164152262,3.301588549023911e-07,5.342727109023688e-08,Neutral,5.342727109023688e-08
2023-08-30,0.0041103411457763,-0.719538432210474,0.0081169874246348,-0.0087934481894439,-0.0333360423166275,0.0007185851080571,13.8800001144409,0.681167959547838,0,0.9999584951502261,4.1482019782706974e-05,2.2831754570625596e-08,Neutral,2.2831754570625596e-08
2023-08-31,-0.0014643621948167,-0.849431837165591,0.0075183919262235,0.0363864263533371,-0.0347505525409347,0.0007408436274769,13.5699996948242,0.663990008342181,0,0.999935298566496,6.468378663194952e-05,1.7646034345527787e-08,Neutral,1.7646034345527787e-08
2023-09-01,0.0018634320296433,-0.971022052719488,0.0074982435634658,-0.0520553492522648,-0.0329501989065892,0.0007556195895778,13.0900001525879,0.663149936367444,0,0.9998204844727797,0.00017949965925332086,1.586657424776682e-08,Neutral,1.586657424776682e-08
2023-09-05,-0.0043312807342017,-1.02137827658555,0.007491933600048,-0.0545143129068784,-0.0371297052374967,0.0007535232567027,14.0100002288818,0.73005758934074,0,0.9999936017907253,6.331559864480636e-06,6.664965872527884e-08,Neutral,6.664965872527884e-08
2023-09-06,-0.0067452113215908,-1.04269389050827,0.007379621082357,0.129980704346266,-0.0436026137411446,0.0007491481147497,14.4499998092651,0.75916018059803,0,0.9999997947707226,4.0768200164320536e-08,1.644625228571105e-07,Neutral,1.644625228571105e-07
2023-09-07,-0.0030748118964574,-0.64573348895407,0.0073511290294142,0.111220857548557,-0.0465388393181156,0.000743952115216,14.3999996185303,0.770371035648101,0,0.9999997817031056,6.979673320264325e-09,2.1131689123648767e-07,Neutral,2.1131689123648767e-07
2023-09-08,0.0015048508102211,-0.698805529640547,0.0072168795775805,-0.0142891783677368,-0.0451029423835916,0.0007349169773177,13.8400001525879,0.757628118273311,0,0.9999998059320394,3.910486244880621e-08,1.5496458162403072e-07,Neutral,1.5496458162403072e-07
2023-09-11,0.0065551857183683,-0.820209341330231,0.0073586170613431,-0.100188767081153,-0.0388228537434856,0.0007116845323785,13.8000001907349,0.760705524742492,0,0.9999978815926326,1.976777293777134e-06,1.416284550658243e-07,Neutral,1.416284550658243e-07
2023-09-12,-0.0055008133923291,-0.931523080075205,0.0074646240374082,-0.023115316685198,-0.0440955943852214,0.0006598280007145,14.2299995422363,0.770730882417408,0,0.9999997855520862,3.2175537019514115e-08,1.822741406846328e-07,Neutral,1.822741406846328e-07
2023-09-13,0.0011655007596704,-0.792079338437766,0.007365069174459,0.0414183749112444,-0.0429808375755401,0.0006049487062362,13.4799995422363,0.736750923670088,0,0.9999996443294272,2.406483358973041e-07,1.1502251540249311e-07,Neutral,1.1502251540249311e-07
2023-09-14,0.0085853044478447,-0.892342872621291,0.0071013441324761,-0.0587202237099769,-0.0347291658307179,0.0005770780241568,12.8199996948242,0.738533239641961,0,0.9999655555623175,3.4304684599702965e-05,1.3975303444456195e-07,Neutral,1.3975303444456195e-07
2023-09-15,-0.0121214154295686,-0.99547396407632,0.0074423338448847,-0.157783555446117,-0.0463589872693401,0.0005346360400873,13.789999961853,0.722775329272607,0,0.9999998606726973,1.0745966039226476e-09,1.38252060106081e-07,Neutral,1.38252060106081e-07
2023-09-18,0.0005861888498737,-0.453497551439467,0.0072006293437023,-0.265609260742275,-0.0457998096650685,0.0004873584197528,14.0,0.688413262828303,0,0.9999999348947334,1.8501324525326372e-08,4.660377965306991e-08,Neutral,4.660377965306991e-08
2023-09-19,-0.0020759108187364,-0.57257027754175,0.0072307274285174,-0.214316699618346,-0.0477785895675084,0.0004206224549417,14.1099996566772,0.684102491905899,0,0.9999999498904811,3.992112893346714e-09,4.611612943829947e-08,Neutral,4.611612943829947e-08
2023-09-20,-0.0092359257003824,-0.622563902160383,0.007428211236551,-0.0371289668342187,-0.0565327471609482,0.0003692534159785,15.1400003433228,0.709194107316412,0,0.9999998651801525,2.1734497441532074e-13,1.348198904828904e-07,Neutral,1.348198904828904e-07
2023-09-21,-0.016666551166332,-0.286034828948298,0.0082682295988298,-0.203906804007662,-0.0721267820476288,0.0003342232403088,17.5400009155273,0.685902757767672,0,0.9999997657869518,1.46602560327798e-23,2.3421212326693704e-07,Neutral,2.3421212326693704e-07
2023-09-22,-0.0022508866958945,0.513785153286551,0.0078292251411951,-0.159675547796711,-0.0742129707613798,0.000311372351889,17.2000007629395,0.649903559549986,0,0.9999999316787603,8.261006633104956e-24,6.832091783257203e-08,Neutral,6.832091783257203e-08
2023-09-25,0.0041961728902437,0.394006033483259,0.0073379673068259,-0.26868196549319,-0.0703200463473773,0.0003116779329215,16.8999996185303,0.599339811506442,0,0.9999999845313142,7.020500326173521e-21,1.5467889605421707e-08,Neutral,1.5467889605421707e-08
2023-09-26,-0.0148001649323595,0.150211424368802,0.0077748175717169,-0.185414583526148,-0.0839781426463698,0.0003174397082507,18.9400005340576,0.625754057966957,0,0.999999900443077,8.412388706239257e-31,9.955728149389563e-08,Neutral,9.955728149389563e-08
2023-09-27,0.0003990493859333,0.653158588660823,0.0075865434552018,-0.138216444589272,-0.0836125317431398,0.0003141225869458,18.2199993133545,0.616514561087064,0,0.9999999537503765,8.594824469480943e-30,4.624784792793446e-08,Neutral,4.624784792793446e-08
2023-09-28,0.005780731012261,0.496241383756167,0.0068794793083818,-0.584268916137681,-0.0782998013480145,0.0003193019588633,17.3400001525879,0.564575555810541,0,0.9999999915198714,1.3653716638653777e-25,8.47937114979175e-09,Neutral,8.47937114979175e-09
2023-09-29,-0.0024298192356901,0.243676182445768,0.0067320473051549,-0.520879663257994,-0.0805366475537372,0.0003217060527855,17.5200004577637,0.55778227987701,0,0.9999999939027475,2.8664793503475043e-26,6.097461896799338e-09,Neutral,6.097461896799338e-09
2023-10-02,-0.0003978619202804,0.150041047482749,0.0067433438841514,-0.540239522858159,-0.0809023942456035,0.0003508995529311,17.6100006103516,0.568534930913977,0,0.99999999244028,2.6073770499851257e-26,7.560963628088889e-09,Neutral,7.560963628088889e-09
2023-10-03,-0.013476498107857,-0.0086178169997478,0.0070880675529944,-0.356923275844089,-0.093205523637305,0.0003545533601323,19.7800006866455,0.56690589616495,0,0.9999999770152501,2.714299167213932e-36,2.2986050274651116e-08,Neutral,2.2986050274651116e-08
2023-10-04,0.0072556013550615,0.504373024129867,0.0074273084593208,-0.40136417728423,-0.0866022580428119,0.0003535043896617,18.5799999237061,0.605704356201749,0,0.9999999641113397,1.259632235422818e-31,3.5890471228914784e-08,Neutral,3.5890471228914784e-08
2023-10-05,-0.0003767835369652,0.240653798056714,0.0073756462466565,-0.525395962533558,-0.0869463464471888,0.0003534849508013,18.4899997711182,0.641071515220601,0,0.9999999350839083,3.704681291475979e-31,6.491655411382579e-08,Neutral,6.491655411382579e-08
2023-10-06,0.0118027747002012,-0.0076247708707653,0.0079781854366598,-0.411269772695721,-0.0761059322456799,0.0003797201742714,17.4500007629395,0.710772526874351,0,0.9999997503655634,8.608162989209364e-25,2.4963373137527983e-07,Neutral,2.4963373137527983e-07
2023-10-09,0.0063819372859343,-0.215124390300743,0.008139387536014,-0.431104701090841,-0.0701908434599406,0.0004127060095487,17.7000007629395,0.71785733052699,0,0.9999998586536194,8.568687072388677e-21,1.4134716590555243e-07,Neutral,1.4134716590555243e-07
2023-10-10,0.0051911227581475,-0.408607789877489,0.0080790547519279,-0.436455400626991,-0.0653515401452653,0.0004368680371542,17.0300006866455,0.695850985344421,0,0.9999999348001459,8.690894698810896e-18,6.520056168622858e-08,Neutral,6.520056168622858e-08
2023-10-11,0.0040880351944734,-0.589891631598543,0.0081026438460649,-0.583766592015726,-0.0615228437562314,0.0004594598981316,16.0900001525879,0.69377424362517,0,0.9999999515275716,1.2382360048034436e-15,4.847173456182853e-08,Neutral,4.847173456182853e-08
2023-10-12,-0.0061149714073494,-0.765012487052166,0.00816642340483,-0.453935605954377,-0.0672440942636566,0.0004820345877901,16.6900005340576,0.73247678774106,0,0.999999873656642,7.620613806684323e-19,1.263422197251183e-07,Neutral,1.263422197251183e-07
2023-10-13,-0.004993466912647,-0.660492625932976,0.007883675891212,-0.356088846370347,-0.0718901703488811,0.0004783102552413,19.3199996948242,0.73054665422508,0,0.9999998307466883,1.2536108774867847e-21,1.6925195142151424e-07,Neutral,1.6925195142151424e-07
2023-10-16,0.010466530411664,-0.34814194574028,0.0079555797278639,-0.464147972071984,-0.0621250663582092,0.0004852286451303,17.2099990844727,0.709077015625525,0,0.999999895531806,1.0121785612696817e-16,1.0446642126351794e-07,Neutral,1.0446642126351794e-07
2023-10-17,-4.58973622121661e-05,-0.531776250057318,0.0079512919890552,-0.453487572854863,-0.0621681113559154,0.0004834301999565,17.8799991607666,0.733059770032462,0,0.9999998912935611,3.080454798553792e-16,1.0870802699058597e-07,Neutral,1.0870802699058597e-07
2023-10-18,-0.0134146675519595,-0.677934879143434,0.0084121863141919,-0.356980357015418,-0.0746648074486585,0.0005045118772997,19.2199993133545,0.738749912435909,0,0.9999996462357275,1.3072149365267834e-24,3.5376331558146707e-07,Neutral,3.5376331558146707e-07
2023-10-19,-0.0088252796504244,0.0630992741576345,0.0083934287548293,-0.360265252063841,-0.0827952199412673,0.0005246330193517,21.3999996185303,0.705913341942939,0,0.999999667859866,3.7179940779245775e-30,3.3214177616475314e-07,Neutral,3.3214177616475314e-07
2023-10-20,-0.0123641748624417,0.508101160621085,0.0080460486575592,-0.265070542282396,-0.0940658804368836,0.0005151635748354,21.7099990844727,0.737415790875715,0,0.9999980091035278,2.656509599338065e-39,1.990895066721614e-06,Neutral,1.990895066721614e-06
2023-10-23,-0.0017347334512001,1.03352910331134,0.0080432716221941,-0.274624638956407,-0.0956360723327055,0.0005197647261595,20.3700008392334,0.750870172000273,0,0.9999982592759495,1.4893217513954955e-40,1.7407222996280893e-06,Neutral,1.7407222996280893e-06
2023-10-24,0.0075112625530762,0.870974810123643,0.0081840211966077,-0.274009245838581,-0.0888175817496814,0.0005215500806546,18.9699993133545,0.749616476755015,0,0.9999988999231075,4.895146857121634e-35,1.100076882783034e-06,Neutral,1.100076882783034e-06
2023-10-25,-0.0144563310520569,0.541260012452426,0.0081552350113712,-0.264880595796393,-0.101895181628504,0.0005286787926208,20.1900005340576,0.526261693468357,0,0.9999999899191607,1.0312966510683755e-44,1.0079804856910384e-08,Neutral,1.0079804856910384e-08
2023-10-26,-0.0120466593407293,1.14938280110155,0.0084980294045472,-0.133913801021074,-0.112649437940282,0.0005492523648889,20.6800003051758,0.620094735351659,0,0.999999610474409,6.975112627869672e-56,3.8952565679575197e-07,Neutral,3.8952565679575197e-07
2023-10-27,-0.0045432722398191,1.73755260222631,0.0083511065989843,0.0032620219823906,-0.116671768924676,0.0005160386710751,21.2700004577637,0.612179778467315,0,0.9999994674946319,4.9412110922265104e-61,5.325057474031962e-07,Neutral,5.325057474031962e-07
2023-10-30,0.0118848913692249,1.56432108186759,0.0088836384583296,-0.0369721910604354,-0.106110875630984,0.0004872710187682,19.75,0.645052876549712,0,0.9999992762753099,1.4479775786872508e-51,7.237230662870728e-07,Neutral,7.237230662870728e-07
2023-10-31,0.0062606053214358,1.15574777014767,0.009036576853456,-0.112568333839394,-0.10049703393487,0.0004485894212149,18.1399993896484,0.647727223113738,0,0.9999997558043404,1.344256144496137e-44,2.4419669760361284e-07,Neutral,2.4419669760361284e-07
2023-11-01,0.0106084514392784,0.784862231789073,0.0089048470314029,-0.261560079321268,-0.0909039062520687,0.0004172801308895,16.8700008392334,0.656160911755396,0,0.9999998202365694,2.5097816641222553e-36,1.7976377765211828e-07,Neutral,1.7976377765211828e-07
2023-11-02,0.0189828688834899,0.46352283472339,0.0097063157605734,-0.0233997932928143,-0.0734818168492379,0.0004978707948645,15.6599998474121,0.634374044547613,0,0.9999998761486572,5.031137577758627e-26,1.2385235562751473e-07,Neutral,1.2385235562751473e-07
2023-11-03,0.0090820869985277,0.197872906358533,0.0098729050862563,-0.130932774237392,-0.065028770556787,0.0005609296757542,14.9099998474121,0.623794904733126,0,0.9999999790634322,2.2417010201736907e-19,2.093497470788681e-08,Neutral,2.093497470788681e-08
2023-11-06,0.0022977755120337,-0.0515956918069319,0.0095724356581891,-0.0691128320361878,-0.0628779464521586,0.0006048256478106,14.8900003433228,0.588083395180295,0,0.9999999952997314,3.9697555609726555e-17,4.700028393480487e-09,Neutral,4.700028393480487e-09
2023-11-07,0.002842075952822,-0.300957924338769,0.0094978280101536,-0.0266867444449437,-0.0602107860580104,0.0006369839778779,14.8100004196167,0.583283698086257,0,0.9999999966494215,1.858304341370447e-15,3.3503240327499533e-09,Neutral,3.3503240327499533e-09
2023-11-08,0.0007320714065128,-0.522427576723849,0.0094375579360463,0.0357168514790629,-0.0595225413549384,0.0006547556395403,14.4499998092651,0.594407939476396,0,0.9999999956780812,7.454886750654868e-15,4.321049121666122e-09,Neutral,4.321049121666122e-09
2023-11-09,-0.0078291809675805,-0.706662630455558,0.0095556986531846,0.182495334286901,-0.0668569608615735,0.0006736683951951,15.289999961853,0.594838852287558,0,0.9999999931787897,5.843911246649542e-19,6.820824818733861e-09,Neutral,6.820824818733861e-09
2023-11-10,0.0154842840222384,-0.357294109844264,0.0100451666014721,0.0489692961908402,-0.0522954627652962,0.0007234503242779,14.1700000762939,0.64640814741035,0,0.9999999620449678,7.548571892874872e-14,3.795324053672602e-08,Neutral,3.795324053672602e-08
2023-11-13,-0.0009537072163903,-0.549533147087438,0.0099679187945702,0.0003610019342989,-0.053198864562581,0.0007371276149214,14.7600002288818,0.636792294090239,0,0.9999999893152562,8.313198189268453e-13,1.0684376140932433e-08,Neutral,1.0684376140932433e-08
2023-11-14,0.0192149048807444,-0.756397552164301,0.0105512918334603,0.107058227086277,-0.0348302604704411,0.000790163438955,14.1599998474121,0.642780966397909,0,0.9999999618812588,3.834701359981202e-09,3.428525626332663e-08,Neutral,3.428525626332663e-08
2023-11-15,0.0021148481890938,-0.899053903085101,0.010547369100488,0.0773293751547824,-0.0327869130714419,0.0008198865068423,14.1800003051758,0.643179274233112,0,0.999998446580618,1.545154387558548e-06,8.265355858764043e-09,Neutral,8.265355858764043e-09
2023-11-16,0.0012222745330898,-1.06492598766248,0.0099831771763119,0.0459832453167344,-0.0316039903663394,0.0008230872026811,14.3199996948242,0.625939635205916,0,0.9998593608278016,0.00014063499987730237,4.170747454613227e-09,Neutral,4.170747454613227e-09
2023-11-17,0.0012430499572682,-1.21613216588697,0.009665644922506,-0.0266563322257311,-0.0303994772680657,0.000807296173977,13.8000001907349,0.619762878218694,0,0.9867471263302399,0.01325287167298451,1.9969612336972736e-09,Neutral,1.9969612336972736e-09
2023-11-20,0.0076680811588643,-1.28929215150392,0.009081092254441,-0.116293324135057,-0.0229359227683121,0.0007595167728523,13.4099998474121,0.582367893145761,1,0.6030051744627959,0.3969948251054149,4.307863391796846e-10,Bull,4.307863391796846e-10
2023-11-21,-0.0021815939889124,-1.39601954312593,0.0090947294054144,-0.111399970186024,-0.0250651564797692,0.0007043895304788,13.3500003814697,0.59860390828037,1,0.3593151774717439,0.6406848224289734,1.0073952275901076e-10,Bull,1.0073952275901076e-10
2023-11-22,0.0038533301298544,-1.18734958359337,0.009050553631143,-0.0580713062597151,-0.0213011633759309,0.0006556553135713,12.8500003814697,0.60120744142591,1,0.05778414440364784,0.9422158555889573,8.991498558736234e-12,Bull,8.991498558736234e-12
2023-11-24,0.0006151406057215,-1.31225467157634,0.0081124121414154,0.191307154065073,-0.0206989407739531,0.0006597830781006,12.460000038147,0.747414238697166,1,0.004078607914263164,0.9959213920757845,9.986625837819084e-12,Bull,9.986625837819084e-12
2023-11-27,-0.0018025925442835,-1.33173003507082,0.0073651616365872,0.56706880970965,-0.0224626314764984,0.0007737549602333,12.6899995803833,0.648611891274195,1,0.0001344226118771032,0.9998655773876356,3.961541801588657e-14,Bull,3.961541801588657e-14
2023-11-28,0.0009895833544311,-1.40993546834488,0.0071161315854398,0.617107711529939,-0.0214947979712906,0.0008912311143365,12.6899995803833,0.662222177656715,1,1.558275511744388e-05,0.9999844172466458,1.5370927310075471e-15,Bull,1.5370927310075471e-15
2023-11-29,-0.0007036802669633,-1.4505633947972,0.0070255552369503,0.827687577882062,-0.0221831105686808,0.0010167763427677,12.9799995422363,0.663784697627554,1,1.7433977889183793e-05,0.9999825660225694,1.4635554175570117e-16,Bull,1.4635554175570117e-16
2023-11-30,0.0039297652710947,-1.55265725563344,0.0070109869550548,0.880355882657478,-0.0183329595751119,0.0011234881860082,12.9200000762939,0.666865821716297,1,7.66120943113807e-06,0.9999923387915874,2.075949583324935e-17,Bull,2.075949583324935e-17
2023-12-01,0.0058985024295212,-1.63952863545004,0.0068683499434791,0.995244644137109,-0.0125254832836381,0.0012247808790057,12.6300001144409,0.607621459068081,1,1.889174860879826e-06,0.9999981108248558,3.333612194960183e-18,Bull,3.333612194960183e-18
2023-12-04,-0.0052632413395734,-1.7076963810559,0.0062201677967236,1.02660221746649,-0.0177091465799629,0.0013545149606089,13.0799999237061,0.650643134039253,1,9.242982481673172e-06,0.9999907570190475,4.1355749342139475e-18,Bull,4.1355749342139475e-18
2023-12-05,-0.0001970758199085,-1.42429864470464,0.0060783282728858,1.26099533246315,-0.0179027132810045,0.0014589254083524,12.8500003814697,0.649560751161113,1,2.2084605404436756e-06,0.9999977915382999,6.24968481152428e-17,Bull,6.24968481152428e-17
2023-12-06,-0.0040379129524525,-1.39890577106976,0.0062358114775108,1.26184101325976,-0.0218603409802025,0.001534263967863,12.9700002670288,0.674063708236056,1,1.563597955566229e-05,0.9999843640202087,4.434555775742107e-17,Bull,4.434555775742107e-17
2023-12-07,0.0076014616568,-1.26831785476669,0.006351831457042,1.11850522039541,-0.0143967185861307,0.0015847754087646,13.0600004196167,0.683237684285931,1,3.4116373663184512e-06,0.9999965883638641,2.4195909970584253e-17,Bull,2.4195909970584253e-17
2023-12-08,0.0042896890276908,-1.37390922154499,0.0063562991138792,1.0365692581642,-0.0101597057677513,0.0016213359225635,12.3500003814697,0.690908752268181,1,1.4166977718238596e-06,0.9999985833029345,9.487251035749057e-19,Bull,9.487251035749057e-19
2023-12-11,0.003882192007607,-1.47014453212126,0.0059086255894992,1.26884250262745,-0.0063094868798643,0.0016640726900162,12.6300001144409,0.659823060707012,1,6.500485163721294e-07,0.9999993499516061,5.649482905348514e-20,Bull,5.649482905348514e-20
2023-12-12,0.0045568824117898,-1.55794410033764,0.0051912400437158,1.46785565661742,-0.0017710232889053,0.0017067738551168,12.0699996948242,0.572602506562457,1,2.1235463130859476e-07,0.9999997876439236,3.462862824846238e-20,Bull,3.462862824846238e-20
2023-12-13,0.0136959127783038,-1.63586774073294,0.0056699281075265,1.15496645802582,0.0,0.0016913327642785,12.1899995803833,0.545625720498192,1,3.3259041622344844e-06,0.9999966740961838,2.820988141027202e-21,Bull,2.820988141027202e-21
2023-12-14,0.0032040924014094,-1.67832725008848,0.004320571106652,0.535125953405377,0.0,0.0016932154798484,12.4799995422363,0.491204961139213,1,2.265587575457965e-07,0.9999997734412575,8.939387554748789e-23,Bull,8.939387554748789e-23
2023-12-15,-0.0016476850003908,-1.74091247670178,0.0044104367558116,0.588190821052194,-0.001646328312694,0.0016328412709323,12.2799997329712,0.454884277520168,1,1.3523364565056118e-07,0.9999998647654229,8.243038102865473e-25,Bull,8.243038102865473e-25
2023-12-18,0.0056093256496785,-1.71172506023579,0.0044639257843726,0.446154273780547,0.0,0.0015726836809111,12.5600004196167,0.427737986471685,1,1.1597575663200782e-07,0.9999998840248804,1.4964891158401389e-25,Bull,1.4964891158401389e-25
2023-12-19,0.006062332738729,-1.78113117359795,0.0045228982730301,0.300114174436019,0.0,0.0014931795159238,12.5299997329712,0.431813564452928,1,1.6289895873238017e-07,0.9999998371022363,2.8012692852155024e-23,Bull,2.8012692852155024e-23
2023-12-20,-0.0139540374409002,-1.84297399212919,0.0056486702846919,-0.620069533199243,-0.0138571311288725,0.0013798315690433,13.6700000762939,0.422137567560785,1,2.8738906807965653e-05,0.9999712610934381,1.7917935276260384e-23,Bull,1.7917935276260384e-23
2023-12-21,0.0094372072720778,-0.515918382608133,0.0058221851690355,-0.721698262348106,-0.0045066446326516,0.0012290593415089,13.6499996185303,0.399893293372597,1,2.1890572623527836e-07,0.9999997810955632,1.1415070829211681e-24,Bull,1.1415070829211681e-24
2023-12-22,0.0020075802572385,-0.684535815544049,0.0058097603912512,-0.681029431545552,-0.0025061043755528,0.0010392152883332,13.0299997329712,0.388282999570441,1,3.473053769918351e-08,0.9999999652682169,6.78392670261137e-28,Bull,6.78392670261137e-28
2023-12-26,0.0042135790571578,-0.851962533817117,0.005816729958221,-0.765866743130534,0.0,0.0009227962352758,12.9899997711182,0.384743452035921,1,3.4782609486754695e-08,0.9999999652172852,7.783672585209886e-29,Bull,7.783672585209886e-29
2023-12-27,0.0018064685661816,-1.00453811088438,0.0057430850922297,-0.869420977852427,0.0,0.0008611659168353,12.4300003051758,0.39268610028473,1,2.9107602121004795e-08,0.999999970892532,1.1786660809621566e-28,Bull,1.1786660809621566e-28
2023-12-28,0.0003776409556746,-1.14814489802699,0.0057523930932171,-0.851186166315539,0.0,0.0008098283771723,12.4700002670288,0.398435089167614,1,3.312914961917368e-08,0.9999999668725655,1.1917702365589857e-28,Bull,1.1917702365589857e-28
2023-12-29,-0.0028989866525499,-1.27780199384005,0.0058313575167983,-0.792930008808802,-0.0028947886483764,0.0007577086305323,12.4499998092651,0.375466747969258,1,2.8654384417506288e-08,0.9999999713472794,2.1323111523645487e-28,Bull,2.1323111523645487e-28
2024-01-02,-0.0056121680547951,-1.06253886811583,0.0060661105994289,-0.588897283680118,-0.0084750373695035,0.0007030399044829,13.1999998092651,0.444234725906125,1,1.4150190980266328e-07,0.9999998584971863,2.1982605347342183e-25,Bull,2.1982605347342183e-25
2024-01-03,-0.008200143586027,-0.823034424419987,0.0063692530949057,-0.398341555748074,-0.0165724391296706,0.0006681033528117,14.039999961853,0.473349776007136,1,1.9026532638014014e-06,0.9999980973461698,1.1847374175010484e-22,Bull,1.1847374175010484e-22
2024-01-04,-0.0032263411981059,-0.169664821056211,0.0062810067316416,-0.425125262527636,-0.0197401990995706,0.0006708387898903,14.1300001144409,0.463978118108216,1,4.444474960295151e-06,0.99999555552391,1.7159893754020872e-21,Bull,1.7159893754020872e-21
2024-01-05,0.0013687315010342,-0.160767668371254,0.0062718293110276,-0.462866879974433,-0.0183975679897433,0.0006783033607931,13.3500003814697,0.485695952106444,1,2.5580897516555966e-06,0.99999744191118,1.8192883288595568e-20,Bull,1.8192883288595568e-20
2024-01-08,0.014174976088313,-0.389948341924694,0.0067307104493019,-0.392789466358156,-0.0043842927065083,0.0007073140899506,13.0799999237061,0.577646807466463,1,8.594027633653543e-06,0.9999914059741093,4.934755196178668e-20,Bull,4.934755196178668e-20
2024-01-09,-0.0015181473394472,-0.558835246897448,0.0066603840817285,-0.240665945684993,-0.0058946372907579,0.0007248929926796,12.7600002288818,0.561267480483861,1,4.332182938886804e-07,0.9999995667823015,3.3109840984360433e-21,Bull,3.3109840984360433e-21
2024-01-10,0.0056395324397726,-0.670886038122959,0.0066921333846721,-0.25971076792563,-0.0002725096642993,0.0007436164601828,12.6899995803833,0.562111035437729,1,5.110392838902609e-07,0.9999994889623336,1.286618569179009e-22,Bull,1.286618569179009e-22
2024-01-11,-0.0004408361044951,-0.838900735577128,0.00669318409745,-0.168501138466467,-0.0007131285092131,0.0007730370138747,12.4399995803833,0.570647784683164,1,3.382912159226904e-07,0.9999996617080459,1.0306743247153775e-22,Bull,1.0306743247153775e-22
2024-01-12,0.0006924102581944,-0.981234221474224,0.0066623280760867,-0.0903268544756162,-2.09724281817993e-05,0.0007863303706347,12.6999998092651,0.557724769413424,1,2.8624467323586316e-07,0.9999997137565925,4.548643985493577e-23,Bull,4.548643985493577e-23
2024-01-16,-0.0036779305418761,-1.12916413041768,0.0061247724102078,-0.136604175382319,-0.0036920706744449,0.0007882259886895,13.8400001525879,0.571066903602523,1,3.5910794003949427e-07,0.9999996408915385,3.9768514023930197e-22,Bull,3.9768514023930197e-22
2024-01-17,-0.0055742020957119,-0.914847601338349,0.0062394322786909,0.0229128809106398,-0.0092302426371443,0.0007103426355719,14.789999961853,0.698248126590486,1,1.8750877353202544e-06,0.9999981249110832,1.4045377884534637e-19,Bull,1.4045377884534637e-19
2024-01-18,0.0088534367714805,-0.640624960474583,0.0064976451725593,-0.0954166260320193,-0.0004195804657,0.0006277346396524,14.1300001144409,0.72998660040559,1,3.0393035256195015e-06,0.9999969606952421,6.72019283783415e-18,Bull,6.72019283783415e-18
2024-01-19,0.0123890877802486,-0.805072248088396,0.0069081399512107,0.0055523912266798,0.0,0.0005430849327086,13.3000001907349,0.765720511117225,1,8.5866509915052e-06,0.9999914133482289,9.50972296466039e-18,Bull,9.50972296466039e-18
2024-01-22,0.0021122850188399,-0.930649468539171,0.006817848245314,0.0703728550579259,0.0,0.0004152045094555,13.1899995803833,0.731909345613708,1,1.0309501902850815e-06,0.9999989690482692,3.746670347932664e-19,Bull,3.746670347932664e-19
2024-01-23,0.0029121039754977,-1.07710825477664,0.0059203666358853,0.491886362991541,0.0,0.0003991585995638,12.5500001907349,0.733523313851997,1,2.960619526182826e-07,0.9999997039376906,3.2208879745114104e-20,Bull,3.2208879745114104e-20
2024-01-24,0.0010925361768965,-1.20424592007758,0.0056458708545032,0.649880716658941,0.0,0.0004107768970732,13.1400003433228,0.739948580651666,1,2.598825818446666e-07,0.9999997401173797,2.0417572017918777e-20,Bull,2.0417572017918777e-20
2024-01-25,0.0054242984476973,-1.32357837376469,0.0057172260293428,0.55800630532968,0.0,0.0004163465187753,13.4499998092651,0.736157600365414,1,4.683260269468825e-07,0.9999995316721839,2.0155557709272154e-20,Bull,2.0155557709272154e-20
2024-01-26,-0.0012712061818795,-1.41829975826521,0.0057087021268727,0.689886041242569,-0.0012703985415636,0.0004227047786854,13.2600002288818,0.750111375510431,1,3.8387133416316187e-07,0.999999616127826,1.146378136228391e-19,Bull,1.146378136228391e-19
2024-01-29,0.0078881146603322,-1.42203073401072,0.0058942223423979,0.551637564834604,0.0,0.0004147835555764,13.6000003814697,0.735426406360499,1,9.647382568278272e-07,0.9999990352630554,3.662386033657007e-19,Bull,3.662386033657007e-19
2024-01-30,-0.0007737914105119,-1.4999249302158,0.0059100564886715,0.573305270728415,-0.0007734921111419,0.0004064569972119,13.3100004196167,0.738102486183361,1,2.4152612436374805e-06,0.9999975847378728,5.070397473923317e-16,Bull,5.070397473923317e-16
2024-01-31,-0.0164518542358127,-1.55400964474808,0.0070355398014849,-0.202359849548861,-0.017078132430271,0.0004261387206227,14.3500003814697,0.761602578169564,1,0.002424942877847134,0.9975750571203863,8.967152262476714e-14,Bull,8.967152262476714e-14
2024-02-01,0.0130032693410937,0.0771190453393836,0.007358838097233,-0.279489366056818,-0.0042134746075793,0.0004770442369251,13.8800001144409,0.761967142144419,1,0.0006331320098630428,0.9993668679836083,4.9166517697495424e-12,Bull,4.9166517697495424e-12
2024-02-02,0.010472269859096,-0.137823550564943,0.0072376439903037,-0.451560907388074,0.0,0.0005117500233031,13.8500003814697,0.732046483278877,1,6.579709429177775e-05,0.999934202904241,1.7823046056976215e-14,Bull,1.7823046056976215e-14
2024-02-05,-0.0036477776271599,-0.327210046195697,0.0072549609563325,-0.445870152168335,-0.003641132568705,0.0005409715452882,13.6700000762939,0.667315753405324,1,5.595505772092392e-06,0.9999944044950214,4.510925967298698e-17,Bull,4.510925967298698e-17
2024-02-06,0.0028993022409613,-0.201633124693516,0.0072506306647412,-0.477364911767387,-0.000748195348368,0.0005642282425881,13.0600004196167,0.657404951615531,1,4.851722736554918e-06,0.9999951482759033,1.7510862618752117e-18,Bull,1.7510862618752117e-18
2024-02-07,0.00830565200076,-0.410285627602657,0.0068852817204293,-0.64778396767938,0.0,0.000568083008964,12.8299999237061,0.602208908518052,1,2.7813574363896482e-06,0.9999972186417407,9.457164118622993e-20,Bull,9.457164118622993e-20
2024-02-08,0.0004415267558091,-0.579150269791408,0.0068440834283938,-0.693592912358504,0.0,0.0005716059116882,12.789999961853,0.605365012926523,1,1.0171914476470603e-06,0.999998982807091,1.8579913487827255e-20,Bull,1.8579913487827255e-20
2024-02-09,0.0057628251050072,-0.741462595591675,0.0068470583842402,-0.694679636745793,0.0,0.000574685567527,12.9300003051758,0.605034619988599,1,1.1434985800648953e-06,0.9999988565002412,1.2099668948421984e-20,Bull,1.2099668948421984e-20
2024-02-12,-0.0004390518282804,-0.884302967825995,0.0068470213733626,-0.694722155221389,-0.0004389554591306,0.0005776362207409,13.9300003051758,0.612744354455772,1,1.8350812144669776e-06,0.999998164917862,3.1803868638132973e-18,Bull,3.1803868638132973e-18
2024-02-13,-0.0138687798300632,-0.959879286571775,0.0077113981705522,-0.689711230439982,-0.0142059610628066,0.0006305287994207,15.8500003814697,0.645977267299329,1,0.0004942937770774272,0.9995057062225021,9.382657245676032e-16,Bull,9.382657245676032e-16
2024-02-14,0.0090466855548996,0.123573528617158,0.0077668213100405,-0.855077363096059,-0.0052473305135139,0.0006689429143855,14.3800001144409,0.638451624207703,1,0.00016442689159242761,0.9998355731085568,1.8132324423466055e-14,Bull,1.8132324423466055e-14
2024-02-15,0.0068759729495049,-0.101990614890456,0.0076082104602625,-1.08159832647918,0.0,0.0006901268415623,14.0100002288818,0.623192156279236,1,3.0695025912700544e-05,0.9999693049739854,6.485490354646175e-16,Bull,6.485490354646175e-16
2024-02-16,-0.0049924149719915,-0.301470416626163,0.0076667546697107,-0.871898618891962,-0.0049799735811715,0.0007157635530931,14.2399997711182,0.632874337143684,1,1.7517503231868565e-05,0.9999824824960357,5.107181950508447e-16,Bull,5.107181950508447e-16
2024-02-20,-0.005520655080641,-0.0695524519623641,0.0074758701466422,-0.773520335927076,-0.0104580008826316,0.0007305519827663,15.4200000762939,0.599941429308334,1,0.0001239247985559478,0.9998760752018762,3.9661695357651505e-15,Bull,3.9661695357651505e-15
2024-02-21,0.000905409451219,0.2074442196077,0.0074747100539154,-0.750304348334189,-0.0095616544852358,0.0007439987376787,15.3400001525879,0.627651333741972,1,0.0016125250679299454,0.9983874749323625,4.131611817581739e-13,Bull,4.131611817581739e-13
2024-02-22,0.0204842475896232,-0.0414770520977338,0.0085641086880141,-0.227900274127957,0.0,0.0007987055642073,14.539999961853,0.678402622758309,1,0.01741633314883659,0.9825836668466601,3.999309293991455e-12,Bull,3.999309293991455e-12
2024-02-23,0.0006894821917775,-0.212144048441318,0.0085671027102666,-0.220937776531526,0.0,0.0008079747837813,13.75,0.683996216295685,1,0.0008281806574360703,0.999171819341968,3.884547339944929e-13,Bull,3.884547339944929e-13
2024-02-26,-0.0036693026129377,-0.413880739735405,0.0086231745239819,-0.0807219246917754,-0.0036625789483393,0.000803638599067,13.7399997711182,0.687784430498753,1,5.265212445330257e-05,0.9999473478747969,1.821393740965529e-14,Bull,1.821393740965529e-14
2024-02-27,0.001856086835132,-0.165497585995593,0.0085958778960558,-0.132594601826032,-0.0018115728951948,0.0007706475354592,13.4300003051758,0.672843880947499,1,3.111667222585288e-05,0.9999688833270836,5.646349601863523e-16,Bull,5.646349601863523e-16
2024-02-28,-0.0013225769983717,-0.37634472761842,0.0085079812206356,0.0010353816473501,-0.0031308813131278,0.0007248471230549,13.8400001525879,0.681928704699502,1,1.6250616516268567e-05,0.9999837493825748,1.9278257491228395e-16,Bull,1.9278257491228395e-16
2024-02-29,0.0035885834747944,-0.467034669333412,0.0085047059011041,-0.0723361039505676,0.0,0.0006533475040956,13.3999996185303,0.689000350673158,1,1.3971760367006245e-05,0.9999860282399085,1.8386290258625047e-17,Bull,1.8386290258625047e-17
2024-03-01,0.0093444110543767,-0.649174604720372,0.0075730016515578,0.146738943477287,0.0,0.000638475090149,13.1099996566772,0.577907208435151,1,2.424613686963101e-06,0.999997575384652,3.129463210519126e-20,Bull,3.129463210519126e-20
2024-03-04,-0.0010729130080999,-0.791908258755275,0.0072469365907089,0.304219216239487,-0.0010723376427293,0.0006417004132645,13.4899997711182,0.508498155097208,1,2.6786932780611567e-07,0.9999997321320183,2.254992397759059e-21,Bull,2.254992397759059e-21
2024-03-05,-0.0100445302026548,-0.813258377920862,0.0074555211960145,0.387789198055969,-0.0110558728186591,0.0006361109635674,14.460000038147,0.628308760297613,1,1.090194291083002e-05,0.9999890980555758,5.459306655821986e-19,Bull,5.459306655821986e-19
2024-03-06,0.0050545199036928,-0.0918331854242245,0.0074131511890336,0.244044304554376,-0.0060445808758545,0.0006317528802651,14.5,0.689125914352511,1,9.670512365632867e-06,0.9999903294878212,1.425509854836575e-16,Bull,1.425509854836575e-16
2024-03-07,0.0098774469234657,-0.309305947575499,0.0076260208737797,0.154603599669648,0.0,0.0006240487980321,14.4399995803833,0.71267454260184,1,2.076909702633725e-05,0.9999792309037215,1.1432578293263937e-16,Bull,1.1432578293263937e-16
2024-03-08,-0.0060202948434859,-0.482008766890024,0.0076712557643626,0.339279372934865,-0.0060022091803608,0.0005953376061445,14.7399997711182,0.637219338466571,1,5.791474811200976e-06,0.9999942085254948,1.2223045222178472e-17,Bull,1.2223045222178472e-17
2024-03-11,-0.0008601711708502,-0.166742632484855,0.0076836576384534,0.361392373952433,-0.0068568498026051,0.0005590804987306,15.2200002670288,0.601678601608623,1,5.617265885879857e-06,0.9999943827327542,3.763406012083317e-18,Bull,3.763406012083317e-18
2024-03-12,0.0106999616301859,-0.207938932359017,0.0079019545850199,0.319446803712347,0.0,0.0005166171051524,13.8400001525879,0.60167367547123,1,1.6123985698199886e-05,0.9999838760149292,2.5875325088212563e-18,Bull,2.5875325088212563e-18
2024-03-13,-0.0015687592788715,-0.391312260858723,0.0079193395719832,0.33607434209153,-0.0015675294192366,0.0004647151082805,13.75,0.600112279575214,1,2.7559249685780798e-06,0.9999972440747801,1.3556114286323338e-19,Bull,1.3556114286323338e-19
2024-03-14,-0.0019787783704536,-0.47619925793882,0.0071616128262502,0.702380250357924,-0.0035412525720178,0.0004897205060544,14.3999996185303,0.539222915517315,1,4.3179701307496073e-07,0.9999995682047507,3.269904663720963e-21,Bull,3.269904663720963e-21
2024-03-15,-0.0068902684373854,-0.434391700149728,0.0072184067075126,0.86734615021221,-0.0103835212245503,0.0005090399458796,14.4099998474121,0.534251999110905,1,1.3050444545983965e-06,0.99999869495599,3.607868320929173e-21,Bull,3.607868320929173e-21
2024-03-18,0.0059255643499946,0.0185093840497844,0.0071840117505968,0.888589320610495,-0.0045020768684987,0.0005264580084646,14.3299999237061,0.55310318117472,1,2.0217063934104635e-06,0.9999979782935471,1.7026968197764206e-20,Bull,1.7026968197764206e-20
2024-03-19,0.0055417658551979,-0.211761718030334,0.0070997833301932,0.748447751378753,0.0,0.0005483201664318,13.8199996948242,0.555901317078405,1,9.693330726846598e-07,0.9999990306682927,1.1574770190360748e-20,Bull,1.1574770190360748e-20
2024-03-20,0.0092067681492,-0.42069626098129,0.0070815909359011,0.564159108950958,0.0,0.000565874944462,13.039999961853,0.571375024836142,1,1.2110986556052764e-06,0.9999987889030366,1.227324679956788e-21,Bull,1.227324679956788e-21
2024-03-21,0.0032991630472389,-0.600443363341094,0.0070761196464733,0.516513893253682,0.0,0.0005825525541189,12.9200000762939,0.485927338176579,1,1.5101986617482027e-07,0.9999998489802352,1.515938378022783e-24,Bull,1.515938378022783e-24
2024-03-22,-0.00189749251102,-0.784751028845356,0.0057996261126898,-0.0444130329982998,-0.0018956934102117,0.0006908310032911,13.0600004196167,0.429011585970156,1,3.1854155750828125e-08,0.9999999681458581,3.69497175945959e-27,Bull,3.69497175945959e-27
2024-03-25,-0.0027667173835608,-0.828426898746549,0.0058699199047076,0.0249245272122267,-0.0046533493594427,0.0007528700141256,13.1899995803833,0.434942904089158,1,3.732512529373669e-08,0.9999999626743381,1.2906994119273623e-27,Bull,1.2906994119273623e-27
2024-03-26,-0.001848740052786,-0.606624097514552,0.0058066983632006,0.0032425829517469,-0.00649178665893,0.0007901729337516,13.2399997711182,0.431494731751691,1,4.195260327990816e-08,0.9999999580468293,3.4753108012190716e-27,Bull,3.4753108012190716e-27
2024-03-27,0.0083688693664978,-0.666048411493129,0.0060061813058478,-0.0738388269915555,0.0,0.0007884598456583,12.7799997329712,0.434998507334405,1,9.161467561960836e-08,0.9999999083847839,4.783509043805299e-27,Bull,4.783509043805299e-27
2024-03-28,-0.0001911171395709,-0.834846296508278,0.0059832196300927,-0.0975877650763037,-0.0001910988778542,0.0007760684336916,13.0100002288818,0.437808957765128,1,4.28444210592445e-08,0.9999999571555245,3.707598229788107e-27,Bull,3.707598229788107e-27
2024-04-01,-0.0017415068035679,-1.00749637871,0.0060122244742981,0.0224587964064467,-0.0019307576279752,0.0007417291435745,13.6499996185303,0.43086996405754,1,4.051617183475506e-08,0.9999999594838308,4.108282509187958e-27,Bull,4.108282509187958e-27
2024-04-02,-0.0063783148222098,-0.894262942900591,0.0059586358771259,0.17613580139907,-0.0082764983904262,0.000761675646252,14.6099996566772,0.451780901563935,1,1.396696991293582e-07,0.9999998603307274,2.812359794029176e-26,Bull,2.812359794029176e-26
2024-04-03,0.0010980530767144,-0.405507645538329,0.0059451435401827,0.125252833186414,-0.0071869352586355,0.0007857444098189,14.3299999237061,0.449874844329431,1,9.336479316287172e-08,0.9999999066349162,1.597142269385083e-24,Bull,1.597142269385083e-24
2024-04-04,-0.0122812561619137,-0.620551952222951,0.0061651845994877,-0.0452840884876771,-0.0193053597723923,0.0007865709165212,16.3500003814697,0.313816382814757,1,2.5087874639464657e-06,0.9999974912129439,3.592300615106461e-25,Bull,3.592300615106461e-25
2024-04-05,0.0103925443704656,0.53435440115611,0.0064569450862422,-0.0028131354515935,-0.0090603033176502,0.0007762852108097,16.0300006866455,0.345955026867405,1,1.0414336543457162e-05,0.9999895856632303,7.85304899297508e-24,Bull,7.85304899297508e-24
2024-04-08,0.0005592786889261,0.253479553079282,0.0061245165493973,0.0612271607819818,-0.00850593685506,0.0007599776568519,15.1899995803833,0.346046743700654,1,3.479605043179791e-07,0.9999996520383015,4.596492337188643e-25,Bull,4.596492337188643e-25
2024-04-09,0.0011560030349251,-0.0265583946970616,0.0059394554101485,-0.0418418879446099,-0.0073591039655173,0.0007398962142861,14.9799995422363,0.373116167695384,1,1.94758464673612e-07,0.9999998052408235,3.352230345083628e-23,Bull,3.352230345083628e-23
2024-04-10,-0.0100635129063695,-0.276364452178093,0.0063940783959626,-0.0762491902280107,-0.017298462121297,0.000696869947774,15.8000001907349,0.414387377941411,1,0.00038677809914567323,0.9996132219013785,4.913639427733586e-19,Bull,4.913639427733586e-19
2024-04-11,0.0075184673381816,0.680371914311688,0.0061719499330341,-0.168409748004,-0.0098822082092363,0.0006249719265527,14.9099998474121,0.44720420868543,1,0.04507917540854685,0.9549208245900611,1.710792723574628e-14,Bull,1.710792723574628e-14
2024-04-12,-0.0138991769494918,0.377448610770493,0.0068983958452321,-0.300371838119192,-0.0235488331616339,0.0005383742464662,17.3099994659424,0.413795132752265,0,0.9256020827030832,0.07439791729504006,6.273827773178471e-13,Neutral,6.273827773178471e-13
2024-04-15,-0.0126072445069481,1.6006302736162,0.0073974679458049,-0.266729862198956,-0.0357819170021031,0.0005572349531197,19.2299995422363,0.512722403162342,0,0.9999999980391294,1.5089905401727673e-10,1.8083411840278537e-09,Neutral,1.8083411840278537e-09
2024-04-16,-0.0018255150009469,2.34237148190534,0.0072716110528948,-0.353338427169954,-0.0375405059231966,0.0005612057047399,18.3999996185303,0.512488236890257,0,0.9999999976644176,2.166020746564029e-15,2.3346885896911163e-09,Neutral,2.3346885896911163e-09
2024-04-17,-0.0059358203131765,2.21687961359195,0.0072003551469561,-0.181210763502905,-0.0432365704065476,0.0005623406538138,18.2099990844727,0.517075680618176,0,0.9999999966821633,1.5873771590195127e-16,3.318995121803262e-09,Neutral,3.318995121803262e-09
2024-04-18,-0.0020597631720562,2.06156660460053,0.0070359551730329,-0.0802366559424185,-0.045205248282072,0.0005585992993392,18.0,0.474151333015096,0,0.9999999994070095,1.0826813047594268e-15,5.939104610569757e-10,Neutral,5.939104610569757e-10
2024-04-19,-0.0087666497117178,2.00332569939838,0.0067535174658727,0.0324805367010069,-0.0535390164302502,0.0005432332822769,18.7099990844727,0.451699120672909,0,0.9999999995052349,6.799178348765919e-19,4.936592184764997e-10,Neutral,4.936592184764997e-10
2024-04-22,0.0091669254374666,2.16385046097039,0.0071118836539838,0.0999422376773902,-0.0448229906207592,0.0005455309320599,16.9400005340576,0.596524211247998,0,0.9999999439496621,9.494458021893827e-17,5.605059422491626e-08,Neutral,5.605059422491626e-08
2024-04-23,0.0117967811367405,1.68970109346026,0.0077317534601917,0.115053765002308,-0.0334882512230178,0.0006002202316328,15.6899995803833,0.612761072993572,0,0.9999999576357377,1.3040480081578596e-11,4.234951156872297e-08,Neutral,4.234951156872297e-08
2024-04-24,-0.0004747650798728,1.29229727521335,0.0077283132666732,0.0721498156723994,-0.0339470083410766,0.0006402915972351,15.9700002670288,0.614955548505097,0,0.9999999806786948,1.9687876059097595e-09,1.7352993798388865e-08,Neutral,1.7352993798388865e-08
2024-04-25,-0.0038060702620859,0.915545642232342,0.0077466115143892,0.106978874049674,-0.0376168855687339,0.0006632961003801,15.3699998855591,0.565460671753086,0,0.9999999896353984,6.865746875787622e-09,3.500502853210039e-09,Neutral,3.500502853210039e-09
2024-04-26,0.0094292955940753,1.04617047060055,0.0078167993272797,0.12068571091664,-0.0284993723989361,0.0006900698468958,15.0299997329712,0.541238518569636,0,0.999999729228912,2.6886108985901764e-07,1.9114866047848223e-09,Neutral,1.9114866047848223e-09
2024-04-29,0.0035352324772146,0.720006687941779,0.0078870407345095,0.0605187158123738,-0.0250588138247039,0.0007084911289392,14.6700000762939,0.510550083171114,0,0.9999604563415018,3.9543307085585155e-05,3.5317626611402645e-10,Neutral,3.5317626611402645e-10
2024-04-30,-0.0159680394519857,0.40447870553838,0.0085214135099995,0.0262099104038875,-0.0405030776803759,0.0007699205003032,15.6499996185303,0.588318590273814,0,0.9999999902502168,1.248015704110341e-10,9.625162400781486e-09,Neutral,9.625162400781486e-09
2024-05-01,-0.0032524962214211,1.53680078966477,0.008465971939407,-0.0198440038325066,-0.043618768162256,0.0007999448432916,15.3900003433228,0.556632965067606,0,0.9999999961146386,1.8871447484041389e-13,3.8861997202410045e-09,Neutral,3.8861997202410045e-09
2024-05-02,0.0093099155482878,1.65104985907575,0.0087866126393421,-0.0547903371725155,-0.0346733637937357,0.0008371248048378,14.6800003051758,0.579350094461551,0,0.9999999908905011,6.640558776411193e-12,9.104506405565696e-09,Neutral,9.104506405565696e-09
2024-05-03,0.012319201446676,1.25811849523185,0.0088937771979209,-0.179249461613304,-0.022707758476658,0.0008761735215919,13.4899997711182,0.647161578572181,0,0.9999998824132559,7.526530651483775e-08,4.2321799811070515e-08,Neutral,4.2321799811070515e-08
2024-05-06,0.0102738384621937,0.918538658092769,0.0088867662103677,-0.180584193659325,-0.0126154613129907,0.0009121448339904,13.4899997711182,0.617564975616085,0,0.9977340035445891,0.0022659882096887265,8.245082667396207e-09,Neutral,8.245082667396207e-09
2024-05-07,0.0011028757016253,0.613516980142893,0.0088897913805987,-0.189228755762038,-0.0115258981812,0.0009085528692994,13.2299995422363,0.61533049879001,0,0.796555705489106,0.20344429310354384,1.4085143901752484e-09,Neutral,1.4085143901752484e-09
2024-05-08,9.65377052759564e-05,0.309859281129821,0.0088850423180328,-0.172236903632271,-0.0114304685534815,0.0008663110727023,13.0,0.613452880894103,1,0.2568136868016656,0.7431863130789539,1.1795724149424086e-10,Bull,1.1795724149424086e-10
2024-05-09,0.0057453293411819,0.131375003666535,0.0086743908586461,-0.360693944754377,-0.0057344639757348,0.0008318040886098,12.6899995803833,0.611223102180662,1,0.026535889742616583,0.9734641102540887,1.8427857706227327e-12,Bull,1.8427857706227327e-12
2024-05-10,0.0012873398007382,-0.110986466259456,0.0085297265642289,-0.300195881887288,-0.0044536821548812,0.0007496884446818,12.5500001907349,0.584323749558889,1,0.0004942999447005245,0.9995057000555398,4.707158513045152e-15,Bull,4.707158513045152e-15
2024-05-13,0.0001342984532426,-0.346805410590312,0.007890721955806,-0.344140713211929,-0.0043199728459876,0.0007097881214101,13.6000003814697,0.610959361956149,1,7.899583738999422e-06,0.9999921004148808,1.6317535756690445e-17,Bull,1.6317535756690445e-17
2024-05-14,0.0045776686866263,-0.561447568949181,0.0072845815428848,-0.449105362149207,0.0,0.0007150276184484,13.4200000762939,0.569431105069176,1,1.472493943014912e-06,0.9999985275073341,1.399554610187234e-19,Bull,1.399554610187234e-19
2024-05-15,0.0123070240393641,-0.743243221332084,0.0075846690912776,-0.527759015842517,0.0,0.000702238984194,12.4499998092651,0.588163782288308,1,8.210461714027128e-06,0.999991789537544,5.397854199700201e-20,Bull,5.397854199700201e-20
2024-05-16,-0.0020598778700424,-0.880174485357207,0.007416464097811,-0.579028244693969,-0.0020577577775837,0.0006912075797698,12.4200000762939,0.580748282292009,1,1.076633990925377e-06,0.9999989233662174,1.459229508806187e-20,Bull,1.459229508806187e-20
2024-05-17,0.0014367482373227,-0.88007495340924,0.0073454233454836,-0.652772880812313,-0.0006229355277701,0.0006721051563173,11.9899997711182,0.570156148463775,1,7.815416974722737e-07,0.9999992184569563,5.1088188495412215e-22,Bull,5.1088188495412215e-22
2024-05-20,0.0011513908506541,-1.03859386731722,0.0068699577153124,-0.767566200176082,0.0,0.0006613591918998,12.1499996185303,0.528656760487749,1,3.5678682389998386e-07,0.9999996432125681,4.6398010070935254e-23,Bull,4.6398010070935254e-23
2024-05-21,0.0024495822567631,-1.17984144223747,0.0067354221708167,-0.703314945437419,0.0,0.0006922989278422,11.8599996566772,0.535985223155946,1,3.456899368666676e-07,0.9999996543083995,3.219697805520269e-23,Bull,3.219697805520269e-23
2024-05-22,-0.0028835497978585,-1.30274063294489,0.0065270211514619,-0.607103082219632,-0.0028793963613131,0.0007641889992857,12.289999961853,0.542739933402194,1,4.0511821983129525e-07,0.999999594882038,2.2616277243984853e-22,Bull,2.2616277243984853e-22
2024-05-23,-0.0073308488613923,-1.1100690040545,0.0068330754959341,-0.51907193890637,-0.0101624088547012,0.0008023534206792,12.7700004577637,0.577840542668911,1,2.115911975520472e-06,0.9999978840882807,2.585302792021763e-21,Bull,2.585302792021763e-21
2024-05-24,0.0065944829581914,-0.549091256716706,0.0067756568107082,-0.709870615516806,-0.0036133717048376,0.0008403562998992,11.9300003051758,0.603301779130068,1,1.1972211153579222e-06,0.999998802778271,1.4407878560034264e-20,Bull,1.4407878560034264e-20
2024-05-28,0.0006985075278294,-0.720364177738581,0.0065875828830351,-0.641444563834249,-0.0029171450128604,0.0008865875684908,12.9200000762939,0.633900258708398,1,8.502734566587059e-07,0.9999991497283167,6.504395856946103e-20,Bull,6.504395856946103e-20
2024-05-29,-0.0070271449559591,-0.884893684942646,0.0068602738641038,-0.458606462811892,-0.0098992299746942,0.0009108272506163,14.2799997329712,0.674365309442383,1,6.196240029373207e-06,0.9999938037591228,5.403204743639853e-19,Bull,5.403204743639853e-19
2024-05-30,-0.0066557387401706,-0.27589080326122,0.0059118431885533,0.234960061612357,-0.0164672004325995,0.0009791436974366,14.4700002670288,0.542473285024562,1,4.0639533443376414e-06,0.9999959360475983,2.741023728386287e-19,Bull,2.741023728386287e-19
2024-05-31,0.0090668057495797,0.165757247802472,0.0059839188515259,0.0446040534742638,-0.0075091505090641,0.0010243901330682,12.9200000762939,0.561775573654272,1,5.329749253811277e-06,0.9999946702515595,6.100850156457521e-20,Bull,6.100850156457521e-20
2024-06-03,0.0008151459091374,-0.0661212763863449,0.0057846762991066,0.180006761324983,-0.0066997958269809,0.0010495702208739,13.1099996566772,0.545954252880648,1,5.958010560065448e-07,0.9999994041974744,1.9686242905996555e-22,Bull,1.9686242905996555e-22
2024-06-04,0.0011172654381308,-0.297910614337712,0.0052905929697108,0.1767784282121,-0.0055893956488073,0.0010850443352622,13.1599998474121,0.385636018676622,1,2.7070418462818377e-08,0.9999999729298,3.5509221185831554e-26,Bull,3.5509221185831554e-26
2024-06-05,0.0118151058103519,-0.50777149085671,0.0054263724750343,0.255736960152244,0.0,0.0010814653877812,12.6300001144409,0.4961349484811,1,4.02432640144e-07,0.9999995975668653,4.9719553563290235e-25,Bull,4.9719553563290235e-25
2024-06-06,-1.87576547361346e-05,-0.666611196594597,0.0054374319267698,0.282971925482475,-1.87574788119623e-05,0.0010500372090496,12.5799999237061,0.50078186249495,1,6.465521098892439e-08,0.9999999353458427,4.972291219393038e-25,Bull,4.972291219393038e-25
2024-06-07,-0.001216246755189,-0.838823517335813,0.0054629056186719,0.308331311788466,-0.0012342421058271,0.0009882389367802,12.2200002670288,0.481156235002178,1,3.7553157584902256e-08,0.9999999624451454,9.416161350204289e-27,Bull,9.416161350204289e-27
2024-06-10,0.0030848899433442,-0.726545543577878,0.0053904851438364,0.369826551767017,0.0,0.0009218394507988,12.7399997711182,0.407683471718204,1,1.4593106648873012e-08,0.999999985408067,9.732352260299386e-29,Bull,9.732352260299386e-29
2024-06-11,0.0024053265360448,-0.886397275970659,0.0053948634133212,0.338924842987847,0.0,0.0008383289251248,12.8500003814697,0.401555081646989,1,1.1559997860255795e-08,0.9999999884385034,9.373142639435301e-29,Bull,9.373142639435301e-29
2024-06-12,0.0081794495598392,-1.03662968314283,0.0055792207107205,0.185546168488086,0.0,0.0007854816093098,12.039999961853,0.457410724805938,1,5.204529210319237e-08,0.9999999479550765,1.716000099720168e-27,Bull,1.716000099720168e-27
2024-06-13,0.0020113699053547,-1.15460452758167,0.0055441074497569,0.250655194722938,0.0,0.0007690120560875,11.9399995803833,0.457764566540871,1,2.541650857563077e-08,0.9999999745850804,2.8296491391848056e-27,Bull,2.8296491391848056e-27
2024-06-14,0.0006083162304442,-1.27826100602419,0.004985863347683,0.197332163056996,0.0,0.0007482292493257,12.6599998474121,0.445555047447247,1,2.1123621993058227e-08,0.9999999788778953,2.5277797908569217e-27,Bull,2.5277797908569217e-27
2024-06-17,0.0079274382985223,-1.36406133206372,0.0051379444745156,0.024833169346238,0.0,0.0007124449931144,12.75,0.462199945916833,1,7.013234054088858e-08,0.999999929867047,6.811924103363834e-27,Bull,6.811924103363834e-27
2024-06-18,0.0025372694166812,-1.45278076951775,0.0051414863353443,-0.0062683106461068,0.0,0.0006640303167013,12.3000001907349,0.458517825367269,1,3.879534239937619e-08,0.9999999612045948,2.0427368496543695e-26,Bull,2.0427368496543695e-26
2024-06-20,-0.0027200264043072,-1.54853002764197,0.0052301204029709,0.0719458988774517,-0.0027163304842471,0.0006387966358263,13.2799997329712,0.479435101816,1,8.121145773058204e-08,0.9999999187894024,2.044655163823389e-26,Bull,2.044655163823389e-26
2024-06-21,-0.001341736673857,-1.36328107030735,0.0052609767876646,0.167862215315508,-0.0040535252756214,0.0006125457344251,13.1999998092651,0.463747674002085,1,3.580442493285684e-08,0.9999999641950132,1.5345323415834838e-26,Bull,1.5345323415834838e-26
2024-06-24,-0.0032559202956319,-1.28852031100125,0.0052764489948013,0.169216894923295,-0.0072909743179975,0.0005927062709891,13.3299999237061,0.466433230987344,1,4.5758685364239184e-08,0.9999999542415036,2.6036870972022132e-27,Bull,2.6036870972022132e-27
2024-06-25,0.0038435888291878,-1.09209301846723,0.0049135315467291,0.160038197300473,-0.0034680668604252,0.0005527812821999,12.8400001525879,0.422656048676614,1,1.14443773466939e-08,0.9999999885549187,1.3626991184608162e-28,Bull,1.3626991184608162e-28
2024-06-26,0.0012474926417294,-1.20990571555464,0.0047914166915207,0.285699995494636,-0.0022241248636635,0.0005076032757253,12.5500001907349,0.409265833195124,1,7.703104254781563e-09,0.9999999922983989,1.9414301457705536e-29,Bull,1.9414301457705536e-29
2024-06-27,0.0015751058081026,-1.31969129085958,0.0047871948482728,0.259967705379459,-0.0006512839172756,0.0004639836589505,12.2399997711182,0.407862083615431,1,9.004926737285813e-09,0.9999999909960025,3.805612155172995e-29,Bull,3.805612155172995e-29
2024-06-28,-0.0039430575456052,-1.41909573302294,0.0045501231805159,0.461446220230585,-0.0045840148253658,0.0003663021798827,12.4399995803833,0.45957330280871,1,2.2945048084636998e-08,0.9999999770552679,7.684527968511357e-28,Bull,7.684527968511357e-28
2024-07-01,0.002056253086744,-1.13038345012673,0.0041207958681314,0.747988312223173,-0.0025350817927575,0.0004209400077304,12.2200002670288,0.494515666524554,1,1.0620181005965886e-08,0.9999999893807399,2.0484689161414937e-26,Bull,2.0484689161414937e-26
2024-07-02,0.0067068908287488,-1.24683940279543,0.0039523537781569,0.741166294116124,0.0,0.000466131330698,12.0299997329712,0.533672842814333,1,2.9919794727752695e-08,0.9999999700812627,1.2876222111795071e-25,Bull,1.2876222111795071e-25
2024-07-03,0.0044530469020562,-1.33865247171189,0.0039743435024392,0.607524090406627,0.0,0.0005024792604464,12.0900001525879,0.537230758764683,1,3.0750584758089487e-08,0.9999999692481656,5.602775786146799e-25,Bull,5.602775786146799e-25
2024-07-05,0.0057495825709699,-1.4255455426429,0.004036882143228,0.446299778092089,0.0,0.0005429297261124,12.4799995422363,0.553508682239462,1,6.228042935737544e-08,0.9999999377178047,1.5601357405865025e-24,Bull,1.5601357405865025e-24
2024-07-08,0.0011534315582366,-1.50367295532739,0.0034260080705267,0.143897590898763,0.0,0.0006279044963987,12.3699998855591,0.567846606035124,1,7.381786200749159e-08,0.9999999261817748,5.1382121349961184e-24,Bull,5.1382121349961184e-24
2024-07-09,0.0009721495244088,-1.57855014519816,0.0034042268617604,0.1128113901121,0.0,0.0006906174189777,12.5100002288818,0.535046374175165,1,6.843625857212033e-08,0.999999931562345,7.99173247733609e-24,Bull,7.99173247733609e-24
2024-07-10,0.0098466417335201,-1.63879100023991,0.0037224743652065,0.160848318574622,0.0,0.0007086503406894,12.8500003814697,0.554558104169302,1,3.0844149372331954e-07,0.9999996915576523,4.870124612130671e-22,Bull,4.870124612130671e-22
2024-07-11,-0.0086601776192933,-1.67495443722588,0.0044465899460789,-0.333166950126813,-0.0086227862974423,0.0006921565517132,12.9200000762939,0.669383949543594,1,2.3635885063356717e-06,0.9999976364116003,2.6466568615279237e-20,Bull,2.6466568615279237e-20
2024-07-12,0.0062878165065791,-0.957388468869146,0.0045452501111866,-0.393149121787604,-0.0023695492880833,0.0006710280889751,12.460000038147,0.74870294282282,1,3.523296918983412e-07,0.9999996476690906,1.1561643678861018e-19,Bull,1.1561643678861018e-19
2024-07-15,0.0027462899528494,-1.07393204963057,0.0043348906429027,-0.406965418199899,0.0,0.0006352242209888,13.1199998855591,0.711749628799368,1,2.812908275638573e-07,0.9999997187078802,5.907759342985731e-19,Bull,5.907759342985731e-19
2024-07-16,0.0059123797116313,-1.18282320956792,0.0044228054513935,-0.473983517978124,0.0,0.0005933708782247,13.1899995803833,0.675923176211346,1,2.859270611019553e-05,0.9999714072923394,5.631033169614294e-16,Bull,5.631033169614294e-16
2024-07-17,-0.0141201299524045,-1.27599820194256,0.0056621753866064,-1.0423826090761,-0.0140209084731934,0.0006378500109817,14.4799995422363,0.713680024847066,1,0.06076101282050214,0.9392389871771756,3.4438402784444154e-12,Bull,3.4438402784444154e-12
2024-07-18,-0.0077145471497797,0.106630617128311,0.0057852699144786,-0.852463892348976,-0.0215980260691692,0.0006827411425757,15.9300003051758,0.703664304907242,0,0.5406999662371815,0.4593000284434425,5.3203500188008125e-09,Neutral,5.3203500188008125e-09
2024-07-19,-0.0066629019983928,0.595114279111314,0.0059791084210925,-0.641354821748459,-0.0280953529733124,0.0007403721439163,16.5200004577637,0.709842518514715,0,0.9973107959634008,0.0026891387081242543,6.532987265390886e-08,Neutral,6.532987265390886e-08
2024-07-22,0.0102574094785268,0.991613208702226,0.0063233053319404,-0.632271754232529,-0.0180748245616655,0.0008208668357844,14.9099998474121,0.699005341126092,0,0.9999447437790911,5.513681344793856e-05,1.194069156879324e-07,Neutral,1.194069156879324e-07
2024-07-23,-0.0015700766319444,0.695925133450212,0.0063273939493387,-0.626479113049057,-0.0196153126752849,0.0008903912025252,14.7200002670288,0.724784684135199,0,0.9998516530354891,0.00014823273952093482,1.1422625946700029e-07,Neutral,1.1422625946700029e-07
2024-07-24,-0.0229231637490379,0.606670912140764,0.0081510411711125,-1.19561673543458,-0.041833206295881,0.001162265494857,18.0400009155273,0.798189519379734,0,0.9999972641199883,1.3498719954215101e-14,2.7358798368031436e-06,Neutral,2.7358798368031436e-06
2024-07-25,-0.0052240460954537,2.37439237520827,0.008170023463391,-1.04298146968569,-0.0468256620299379,0.0013709586934163,18.4599990844727,0.791120682959093,0,0.9999977890972216,1.464116994141874e-20,2.210901027738003e-06,Neutral,2.210901027738003e-06
2024-07-26,0.0111376481954828,2.58413851713745,0.0085556528664998,-0.94699737890815,-0.0361502021814604,0.0015739429201142,16.3899993896484,0.782304529965318,0,0.9999975397070809,6.922806628275397e-19,2.460291281755515e-06,Neutral,2.460291281755515e-06
2024-07-29,0.0005873998319501,2.09925871956895,0.0085487333785119,-0.932740641619479,-0.0355838706569589,0.0017335339348409,16.6000003814697,0.780263688361777,0,0.999999095667999,1.4630838225402822e-15,9.043330704897557e-07,Neutral,9.043330704897557e-07
2024-07-30,-0.0050792042162957,1.66325694918879,0.008577548202774,-0.909297796847554,-0.0404699180069201,0.0018584047641877,17.6900005340576,0.774961578768745,0,0.9999993183703331,2.180374304898786e-15,6.816297950747059e-07,Neutral,6.816297950747059e-07
2024-07-31,0.0161238098915026,1.65991278133846,0.0092824785125293,-0.662089435162274,-0.0248732363114518,0.0019966758423401,16.3600006103516,0.737508591218585,0,0.9999994037681931,3.563262063159028e-13,5.962314112749704e-07,Neutral,5.962314112749704e-07
2024-08-01,-0.0142620933353221,1.29868380867854,0.0096971801888205,-0.456449075901036,-0.0386818810745831,0.0021216825184898,18.5900001525879,0.709288893917182,0,0.999996570312275,1.0052441109986514e-15,3.429685945462468e-06,Neutral,3.429685945462468e-06
2024-08-02,-0.0187941096014335,1.98480855860788,0.0104019974114419,-0.32461555381577,-0.0565802800929713,0.0022638124567513,23.3899993896484,0.661120004767178,0,0.9956658001422565,1.1734578509956467e-29,0.004334199859274226,Neutral,0.004334199859274226
2024-08-05,-0.0295559713552809,3.0,0.0118954960772108,-0.454655726887039,-0.0840559314322956,0.0024962023967101,38.5699996948242,0.719646837002761,2,0.030963546794615562,1.2050876653683297e-63,0.9690364532053517,Panic,0.9690364532053517
2024-08-06,0.009177186617725,3.0,0.0121717345339067,-0.468116365404508,-0.0756114527719882,0.0026400737993133,27.7099990844727,0.69443970638379,0,0.6707532301395347,2.634108535527527e-47,0.32924676986013796,Neutral,0.32924676986013796
2024-08-07,-0.006706242518792,3.0,0.0121639984380262,-0.379801164396741,-0.0817898863587217,0.0027077862290017,27.8500003814697,0.691113605833513,0,0.8737222795125397,6.791462455059937e-50,0.12627772048744598,Neutral,0.12627772048744598
2024-08-08,0.0228539646906718,3.0,0.0131572554500893,-0.0938052451829531,-0.0605635153525065,0.0028163977972852,23.7900009155273,0.688994161968743,0,0.9580104760321647,2.178342983100483e-40,0.041989523966980746,Neutral,0.041989523966980746
2024-08-09,0.0044001161473881,3.0,0.0131688970869801,-0.226091713113987,-0.0564207781284535,0.0029035457136031,20.3700008392334,0.688916430345841,0,0.9985442699207265,7.601741736422721e-35,0.0014557300790436311,Neutral,0.0014557300790436311
2024-08-12,0.0005251499291274,2.54988151476235,0.0130458514671257,-0.180875332682965,-0.0559251274328889,0.0029253102872936,20.7099990844727,0.690309314579105,0,0.9999622270046629,1.2361022313033677e-31,3.777299477828206e-05,Neutral,3.777299477828206e-05
2024-08-13,0.0163119640107139,2.06295066758253,0.0136323612804301,-0.17596805275808,-0.0403991265663574,0.0029115399088408,18.1200008392334,0.71657983612628,0,0.9999827233296809,7.852452277990148e-25,1.72766710781275e-05,Neutral,1.72766710781275e-05
2024-08-14,0.0031498140660701,1.6639397503962,0.0135685905277005,-0.155325905995757,-0.0373717969776701,0.0028297396904415,16.1900005340576,0.726563448088571,0,0.999995961902609,5.337553035083815e-20,4.0380971838731326e-06,Neutral,4.0380971838731326e-06
2024-08-15,0.0169950406898742,1.304440739542,0.0138534325740923,-0.311900503933099,-0.0208720819685241,0.0028058760468378,15.2299995422363,0.729855093654863,0,0.9999935784132233,7.140004837867022e-17,6.42158791407525e-06,Neutral,6.42158791407525e-06
2024-08-16,0.0022394838801407,1.00178755976994,0.0137581702852396,-0.416127480003218,-0.0186768836413259,0.0027287888401577,14.8000001907349,0.728583591730834,0,0.9999986154080525,1.277786071725425e-13,1.3845920559040424e-06,Neutral,1.3845920559040424e-06
2024-08-19,0.0095158972819167,0.721518915739586,0.0138109468594654,-0.560895897539496,-0.0092941418644983,0.0026132437879467,14.6499996185303,0.725906341114987,0,0.9999989906250994,2.915636209596194e-12,1.0093731454897614e-06,Neutral,1.0093731454897614e-06
2024-08-20,-0.0016273840281577,0.475459110858942,0.0136514463976973,-0.470033822870871,-0.0109050895838027,0.0024606216008952,15.8800001144409,0.730176705382953,0,0.9999995514373137,5.550338031088197e-11,4.485081436894035e-07,Neutral,4.485081436894035e-07
2024-08-21,0.0034306798645067,0.293312049504361,0.0136599569268801,-0.522020202248276,-0.0075059943205354,0.0022424255841331,16.2700004577637,0.732346672968891,0,0.9999997113409752,4.1323114044288314e-10,2.8824760351355204e-07,Neutral,2.8824760351355204e-07
2024-08-22,-0.0078794751165594,0.0815463453719012,0.0127281935724723,-0.510760827636508,-0.0152955968498251,0.0021123982437232,17.5499992370605,0.679076038981438,0,0.9999999401843542,1.7885989151805047e-09,5.802666079044809e-08,Neutral,5.802666079044809e-08
2024-08-23,0.0105693332148284,0.537560839688601,0.0127898170632865,-0.658093441943729,-0.0048327325462873,0.0019514513042781,15.8599996566772,0.68894878111487,0,0.9999999108185915,1.4056857410412814e-09,8.777736941233145e-08,Neutral,8.777736941233145e-08
2024-08-26,-0.0023867650537399,0.317650247010424,0.0126492274731601,-0.544821541082424,-0.007205130698144,0.0017871284481986,16.1499996185303,0.697697650146402,0,0.99999991953155,2.6985188623027805e-08,5.348188020242726e-08,Neutral,5.348188020242726e-08
2024-08-27,0.0013722402939953,0.384820475121919,0.0126478380285998,-0.554070780156763,-0.0058418424091831,0.0015801906308958,15.4300003051758,0.69993303673609,0,0.9999998931380162,5.450035609441331e-08,5.2362564103430304e-08,Neutral,5.2362564103430304e-08
2024-08-28,-0.0058221007533756,0.163140078814981,0.0126680254574072,-0.545516010929442,-0.0116131146010554,0.0013160187216649,17.1100006103516,0.707713466505495,0,0.9999999025785703,3.851748009792559e-08,5.890514709932962e-08,Neutral,5.890514709932962e-08
2024-08-29,8.9301201373182e-05,0.547239396585234,0.0122119074487983,-0.506147106473905,-0.0115248465236038,0.0010823381608942,15.6499996185303,0.747147409278447,0,0.9999998022358536,7.587406434696814e-08,1.218912649917421e-07,Neutral,1.218912649917421e-07
2024-08-30,0.0095006869196057,0.303542648857225,0.0118570884029954,-0.7240727076031,-0.0020889005547283,0.0008593737783921,15.0,0.734893768170405,0,0.9999993092390126,5.924053534536214e-07,9.835420306878863e-08,Neutral,9.835420306878863e-08
2024-09-03,-0.0207935039594878,0.0956173080527856,0.012037204009451,-0.749797892805065,-0.0226247231805798,0.0006843527736756,20.7199993133545,0.819348628438476,0,0.9999974312301015,5.082834249261208e-12,2.5687644284675474e-06,Neutral,2.5687644284675474e-06
2024-09-04,-0.0020490418722642,1.23173696749077,0.0097464541029805,-0.143975327405373,-0.0246253556578566,0.0009520825912546,21.3199996948242,0.696545787626047,0,0.9999999045503546,2.6618887112167477e-10,9.518231178430288e-08,Neutral,9.518231178430288e-08
2024-09-05,-0.0024350297346629,1.29349541693896,0.0097074206953387,0.0073856297500515,-0.0269975325864615,0.0011629970064009,19.8999996185303,0.743739333414146,0,0.9999997756204063,1.0214133508732358e-10,2.2427803202407543e-07,Neutral,2.2427803202407543e-07
2024-09-06,-0.0169734412675107,1.03691723865413,0.0104232967844094,-0.146162967948185,-0.0433733625746228,0.0012604009567123,22.3799991607666,0.792772540883865,0,0.9999974191484051,2.084533556536521e-17,2.5808527022746647e-06,Neutral,2.5808527022746647e-06
2024-09-09,0.0111340394079482,1.91730963184466,0.0095230603943437,-0.507121916573682,-0.0326627282291156,0.0014205689431614,19.4500007629395,0.769175458541435,0,0.9999992042251944,2.4105534751387033e-15,7.957759520754102e-07,Neutral,7.957759520754102e-07
2024-09-10,0.0043463419658431,1.52630823482025,0.0095222187560374,-0.506514715748356,-0.0284491995644999,0.001543927063934,19.0799999237061,0.713657987968297,0,0.9999998785751887,5.306682397521703e-12,1.214180450393392e-07,Neutral,1.214180450393392e-07
2024-09-11,0.0102065835725389,1.18266130885123,0.0097106962167721,-0.585281829415414,-0.0184822071797785,0.0016284386625571,17.6900005340576,0.732263867960334,0,0.9999998634884926,1.721541086679145e-09,1.347911314865849e-07,Neutral,1.347911314865849e-07
2024-09-12,0.0083878461074373,0.878558054194589,0.0092644240998247,-0.725538145870356,-0.0102147624266908,0.0017006461991078,17.0699996948242,0.695619172968991,0,0.9999995951585243,3.6503369530691814e-07,3.980795120993552e-08,Neutral,3.980795120993552e-08
2024-09-13,0.0052093035714255,0.616485293017773,0.0092938958367028,-0.748073208189127,-0.0050452174796012,0.0017455138305881,16.5599994659424,0.69057661281198,0,0.9999928731557914,7.102589464656267e-06,2.425393528994563e-08,Neutral,2.425393528994563e-08
2024-09-16,0.0014757262746867,0.36862000325943,0.0085971702707648,-0.975909953414755,-0.0035758526414222,0.0017960827974349,17.1399993896484,0.593849170140609,0,0.999742126027277,0.0002578721596717568,1.8120660025055554e-09,Neutral,1.8120660025055554e-09
2024-09-17,0.0004086500687154,0.140274926078613,0.0085914843959736,-0.946883833546729,-0.003168580634935,0.0018165393688876,17.6100006103516,0.609085194758777,0,0.998618066768018,0.0013819308587045792,2.3748430692525425e-09,Neutral,2.3748430692525425e-09
2024-09-18,-0.0029703430596859,-0.0634154552433368,0.0083838076085746,-0.863704270026288,-0.0061251187830597,0.0018117905313901,18.2299995422363,0.543293197742376,0,0.9949675710058408,0.005032428682851375,3.103896446251998e-10,Neutral,3.103896446251998e-10
2024-09-19,0.0169205290431123,0.0292417117713702,0.0091307089045847,-0.649228046570269,0.0,0.0017402248276674,16.3299999237061,0.626840162633237,0,0.9921766054934459,0.007823389370916142,5.136397638234707e-09,Neutral,5.136397638234707e-09
2024-09-20,-0.0017302080740719,-0.126569457743074,0.0091324665294745,-0.568455310438308,-0.0017287121269735,0.0016352181109002,16.1499996185303,0.629649714131988,0,0.6388746869540635,0.36112531234217976,7.054358758487841e-10,Neutral,7.054358758487841e-10
2024-09-23,0.0024958969388233,-0.185482086310072,0.008918162054678,-0.733496384401815,0.0,0.0015869328107448,15.8900003433228,0.618560343181581,1,0.24571199044616224,0.7542880094836937,6.932321256119268e-11,Bull,6.932321256119268e-11
2024-09-24,0.0028570735177364,-0.34819854510376,0.0086720564516701,-0.730061116399897,0.0,0.0015200211104097,15.3900003433228,0.600707064094121,1,0.034163829886392404,0.9658361701112406,3.4929830524417795e-12,Bull,3.4929830524417795e-12
2024-09-25,-0.0022079006110393,-0.497564146245132,0.0086687372320818,-0.733484472374338,-0.0022054649913506,0.0014357556462142,15.4099998474121,0.599343652221087,1,0.0030728039928415987,0.9969271960080781,2.1044366112566246e-13,Bull,2.1044366112566246e-13
2024-09-26,0.0039568518361692,-0.567285479793741,0.0086937180730158,-0.768536237853374,0.0,0.0013170456788457,15.3699998855591,0.594854442647855,1,0.00025778424747314804,0.9997422157530742,1.081346654401249e-14,Bull,1.081346654401249e-14
2024-09-27,-0.0014514517825867,-0.695340487567137,0.008572497637151,-0.851150255628569,-0.0014503989358952,0.001156863354916,16.9599990844727,0.580829496825798,1,6.276504346817222e-05,0.9999372349573846,6.935485463843142e-16,Bull,6.935485463843142e-16
2024-09-30,0.0039991903509175,-0.813243110347065,0.0085883337943358,-0.911306297438403,0.0,0.001000447165717,16.7299995422363,0.583423760560956,1,7.354165687739997e-05,0.9999264583433901,1.5339445130667017e-15,Bull,1.5339445130667017e-15
2024-10-01,-0.0089987560345479,-0.916950146165676,0.0086688236765929,-0.703314024333906,-0.0089583884063572,0.0008342756452975,19.2600002288818,0.646198170927197,1,0.0007570670919605355,0.9992429329067699,3.0088304791550467e-15,Bull,3.0088304791550467e-15
2024-10-02,0.0004220941715979,-0.442240957138292,0.0071607480786131,-0.325679182215864,-0.0085399872221537,0.0006781253787039,18.8999996185303,0.575948022475802,1,2.378202201726793e-05,0.9999762179785997,5.57108950729794e-16,Bull,5.57108950729794e-16
2024-10-03,-0.0018300703401283,-0.508827496996058,0.0071553696053694,-0.329760899962121,-0.0103527695194629,0.0007653590322323,20.4899997711182,0.575242400734901,1,3.883487423337391e-05,0.9999611651266007,8.38342457616286e-17,Bull,8.38342457616286e-17
2024-10-04,0.0090463834694407,-0.504983879943598,0.0072707925478596,-0.481843395388176,-0.0013594238787222,0.0008159128422297,19.2099990844727,0.573487861127785,1,5.5130275694220466e-05,0.9999448697226038,8.212146517992341e-16,Bull,8.212146517992341e-16
2024-10-07,-0.0090815973153972,-0.62045067121592,0.0063839660358072,0.202155886848357,-0.0103876181910065,0.0008777685001905,22.6399993896484,0.628754649065551,1,0.00041377593794808293,0.9995862240629816,1.0860511119295342e-13,Bull,1.0860511119295342e-13
2024-10-08,0.009413327109959,-0.0437960848999989,0.0062778287309048,0.187923437770491,-0.0010280900919581,0.0009806403391516,21.4200000762939,0.660602804569488,1,0.0004285574600024879,0.9995714425402475,5.980040390014475e-13,Bull,5.980040390014475e-13
2024-10-09,0.0069024963903956,-0.204824805664063,0.0063414509724371,0.139943149005215,0.0,0.0010442152780798,20.8600006103516,0.705675078665082,1,0.00017200063157952588,0.9998279993687543,1.813663245276713e-13,Bull,1.813663245276713e-13
2024-10-10,-0.0017516779145614,-0.358380391232613,0.0061531164055654,0.322164091894463,-0.0017501446222122,0.0010850177954335,20.9300003051758,0.701688989988329,1,4.671465622669364e-05,0.9999532853432784,1.9271567869282436e-14,Bull,1.9271567869282436e-14
2024-10-11,0.0059701611945621,-0.502563277358633,0.0060488628193455,0.351336208958641,0.0,0.001136857962424,20.4599990844727,0.698194186810529,1,2.819599560173941e-05,0.9999718040026636,3.633678194641048e-15,Bull,3.633678194641048e-15
2024-10-14,0.0081453013736609,-0.634324524040646,0.0061630054974396,0.308551775604924,0.0,0.0011553371021115,19.7000007629395,0.720564592162182,1,2.9516846602493364e-05,0.9999704831525206,1.0202684045355777e-14,Bull,1.0202684045355777e-14
2024-10-15,-0.0077998363401778,-0.735260984744062,0.0065242254577994,0.294951942990946,-0.0077694965497568,0.0011712979746546,20.6399993896484,0.731297690613035,1,0.00010606509791323032,0.9998939349034871,2.6587705342034854e-14,Bull,2.6587705342034854e-14
2024-10-16,0.0043367812269972,-0.168505364755453,0.0065459029544542,0.208359093757157,-0.0034570656537595,0.0011776626292806,19.5799999237061,0.736645380278258,1,6.378597658349331e-05,0.9999362140232366,2.414478310653264e-14,Bull,2.414478310653264e-14
2024-10-17,8.60007103078431e-05,-0.328462445109123,0.0064693513088872,0.165648630010993,-0.0033713585681714,0.0011874500565227,19.1100006103516,0.777570762843413,1,2.9568930881884368e-05,0.9999704310691166,3.687088227981249e-15,Bull,3.687088227981249e-15
2024-10-18,0.0038389558056888,-0.463197754745111,0.0055081576483379,-0.4210764843928,0.0,0.0012020382993986,18.0300006866455,0.703226422275369,1,8.581645677669339e-06,0.9999914183540448,1.0128694608334227e-16,Bull,1.0128694608334227e-16
2024-10-21,-0.0016435234897551,-0.59374167272132,0.005505830760687,-0.423218434808702,-0.001642173644626,0.0011905046902568,18.3700008392334,0.688980068406051,1,6.682562810735755e-06,0.9999933174372476,7.32561170013244e-18,Bull,7.32561170013244e-18
2024-10-22,-0.0005312140693378,-0.597900861910044,0.00551180068557,-0.343784521331388,-0.0021723745306667,0.0011703955030912,18.2000007629395,0.602824890857646,1,2.9280649296603114e-06,0.9999970719333882,4.983984372439728e-18,Bull,4.983984372439728e-18
2024-10-23,-0.0091793675605922,-0.650737646574808,0.0059327119680485,-0.247643433534089,-0.0112898905309915,0.0011258862520424,19.2399997711182,0.643023124385707,1,5.358196692061035e-05,0.9999464180313411,1.0217748103018724e-16,Bull,1.0217748103018724e-16
2024-10-24,0.0021603593383066,-0.0705867051412306,0.005907544664527,-0.352844342574825,-0.0091516125203273,0.0010641286325902,19.0799999237061,0.661284910552501,1,3.631933573934058e-05,0.9999636806653117,1.6638215514340448e-15,Bull,1.6638215514340448e-15
2024-10-25,-0.0003454644966875,-0.24260815619989,0.0058656760001266,-0.261659581897517,-0.0094938563398536,0.0009790803946266,20.3299999237061,0.65502056677501,1,3.451686501001695e-05,0.9999654831362949,4.810386763758347e-16,Bull,4.810386763758347e-16
2024-10-28,0.0030866615487337,-0.352761068744604,0.0058715539880698,-0.367921930733462,-0.0064317757403686,0.0008790094011707,19.7999992370605,0.649819542291834,1,1.4969171477087199e-05,0.9999850308296921,3.8497165490643584e-16,Bull,3.8497165490643584e-16
2024-10-29,0.001617071462733,-0.494004184337155,0.0058289787233666,-0.324738543788294,-0.0048238051673702,0.000741964269938,19.3400001525879,0.637512131124532,1,3.774884747017627e-05,0.9999622511526544,5.207978149198751e-15,Bull,5.207978149198751e-15
2024-10-30,-0.0030299017723836,-0.629429041834533,0.0054688426969836,-0.286597538081398,-0.0078345278836013,0.0005405830332196,20.3500003814697,0.528079629963575,1,0.004227975186833732,0.9957720248118439,1.7612111253149982e-14,Bull,1.7612111253149982e-14
2024-10-31,-0.0197976678998089,-0.581570197066362,0.0071016121897177,-0.987984393170844,-0.027283928754469,0.0005353777985824,23.1599998474121,0.649984612966323,0,0.9999745981246987,2.5401382303539675e-05,4.942614512766384e-10,Neutral,4.942614512766384e-10
2024-11-01,0.0042117066421409,1.20404310687571,0.0071467879772419,-1.08173005353359,-0.0231784946429039,0.0005346009543277,21.8799991607666,0.615914705551852,0,0.9999999531864898,2.0682554367474687e-08,2.613267164329617e-08,Neutral,2.613267164329617e-08
2024-11-04,-0.0021564339633508,0.901837535396017,0.0068716877557148,-1.08678355872944,-0.0252826761335654,0.0004999403301389,21.9799995422363,0.629014736346349,0,0.9999998560197231,1.1076746735687106e-07,3.321322912816234e-08,Neutral,3.321322912816234e-08
2024-11-05,0.0120194009335322,0.770551079987183,0.0070581125212791,-1.07370243506026,-0.0134964681332859,0.0005352189746129,20.4899997711182,0.593473961125512,0,0.9999900732783983,9.916816012150229e-06,9.906466708778902e-09,Neutral,9.906466708778902e-09
2024-11-06,0.024561369959474,0.532233604705723,0.0085954183738903,0.184769111795785,0.0,0.0007492258447805,16.2700004577637,0.504446730311353,0,0.9993370409398405,0.0006629587729625551,2.864671523102154e-10,Neutral,2.864671523102154e-10
2024-11-07,0.0077025319463981,0.348350130820535,0.0086224682141886,0.176006906743178,0.0,0.000904017644527,15.1999998092651,0.516109811813141,1,0.21765549111715143,0.7823445088787865,3.1860074943948358e-12,Bull,3.1860074943948358e-12
2024-11-08,0.0043223563344865,0.148364840873057,0.0086098022435708,0.0780372831634071,0.0,0.0010200308877278,14.9399995803833,0.509669674740109,1,0.013565697190782083,0.986434302810495,4.743762163876631e-14,Bull,4.743762163876631e-14
2024-11-11,0.0009522238642123,-0.0508178611714321,0.0085574410078929,0.15931678712452,0.0,0.001104125216379,14.9700002670288,0.520575697434747,1,0.0003954070057565966,0.9996045929939753,8.432578005306604e-16,Bull,8.432578005306604e-16
2024-11-12,-0.0031109623335767,-0.228652758220947,0.0084758387231282,0.325982989330907,-0.0031061283043835,0.0011666174229469,14.710000038147,0.496035774558644,1,1.554213835523378e-05,0.9999844578604091,1.1345626074171984e-16,Bull,1.1345626074171984e-16
2024-11-13,0.0004856506502104,-0.0821098475954399,0.0082344329123739,0.270913301862178,-0.0026218685663935,0.0012082175760002,14.0200004577637,0.536517449956367,1,0.00024581328559802385,0.9997541867160032,1.3737104707895227e-15,Bull,1.3737104707895227e-15
2024-11-14,-0.006450968617016,-0.262857007162536,0.0083778896092506,0.401480423091879,-0.0090352152016986,0.0012511169436537,14.3100004196167,0.503620315862991,1,0.018193034453137066,0.981806965546864,3.7150930385937565e-14,Bull,3.7150930385937565e-14
2024-11-15,-0.0128914837095593,0.0431112545502051,0.008902747470949,0.358090057232056,-0.0217282298980194,0.0013172946366804,16.1399993896484,0.550990637635084,0,0.976123969087258,0.023876030886324034,2.57588769439719e-11,Neutral,2.57588769439719e-11
2024-11-18,0.0040890386026069,0.926601811260421,0.0089079158033324,0.354096928365164,-0.0177198492396966,0.0013277825403767,15.5799999237061,0.548235598581242,0,0.9961740404433505,0.0038259583252055317,1.232887353378242e-09,Neutral,1.232887353378242e-09
2024-11-19,0.0036487040604731,0.646108051038652,0.0089253496950046,0.268456340749881,-0.0141292531372853,0.0013183214247573,16.3500003814697,0.556207202263764,0,0.9819041161058932,0.01809588302556676,8.681229781514477e-10,Neutral,8.681229781514477e-10
2024-11-20,0.0003388758701214,0.395962212093361,0.0089221418057838,0.254558746075156,-0.0137951087165713,0.0012876400678611,17.1599998474121,0.571604004346138,0,0.8202667955422489,0.17973320413279018,3.2662012823521674e-10,Neutral,3.2662012823521674e-10
2024-11-21,0.0053539944898233,0.163554330854711,0.0086876512882752,0.111481025075435,-0.0085008129945977,0.0012564500355952,16.8700008392334,0.556651711774515,1,0.24753889870191,0.7524611012867279,9.754126889880217e-12,Bull,9.754126889880217e-12
2024-11-22,0.0030946009077714,-0.0354557481343796,0.0086948028396041,0.0958929224553114,-0.0054277662362251,0.0012079300431473,15.2399997711182,0.559963003233423,1,0.015769076465830454,0.9842309235345432,2.74949934244759e-13,Bull,2.74949934244759e-13
2024-11-25,0.0033862606110792,-0.216466273446896,0.0086972153639369,0.0340414893839396,-0.0020541767532439,0.0011376102067644,14.6000003814697,0.562762258567509,1,0.0004927538129133169,0.9995072461861607,6.345763902636544e-15,Bull,6.345763902636544e-15
2024-11-26,0.0052079007832528,-0.383595290749169,0.0087288641738292,0.0017249305519509,0.0,0.0010461248394712,14.1000003814697,0.576539302025562,1,2.9750617887220052e-05,0.9999702493829301,1.547197381239172e-16,Bull,1.547197381239172e-16
2024-11-27,-0.0030345843918393,-0.527533440698633,0.0087871777052371,0.0716931950852256,-0.0030299846945225,0.000921363468198,14.1000003814697,0.581001916205626,1,1.1973723233432387e-05,0.9999880262756226,9.359340259700567e-18,Bull,9.359340259700567e-18
2024-11-29,0.006192834494584,-0.438414984965077,0.0087864200159747,-0.0671756875811334,0.0,0.0006813123470848,13.5100002288818,0.595463427369699,1,1.5472467520694268e-05,0.9999845275338988,4.927045110982796e-20,Bull,4.927045110982796e-20
2024-12-02,0.0017908262637087,-0.578898167264178,0.0072618935066498,0.793514875123307,0.0,0.0006671878808012,13.3400001525879,0.434116993577294,1,8.204762517044403e-08,0.9999999179526673,5.7099618961178485e-24,Bull,5.7099618961178485e-24
2024-12-03,0.0004636315493637,-0.714599998411386,0.00727263672088,0.863324852782681,0.0,0.0006560874243381,13.3000001907349,0.466874416026612,1,9.88277269513478e-08,0.9999999011706726,1.4790716139033808e-25,Bull,1.4790716139033808e-25
2024-12-04,0.006190516059636,-0.823497564224179,0.0072238827188228,0.732789271666806,0.0,0.000619062959637,13.4499998092651,0.440224417487692,1,9.870409005372626e-08,0.9999999012943639,1.8099908003524348e-26,Bull,1.8099908003524348e-26
2024-12-05,-0.001647197705572,-0.926786801390297,0.0069883868012325,0.972982681520165,-0.0016458418200041,0.0006267405010384,13.539999961853,0.422629032909862,1,3.392210483986702e-08,0.9999999660794862,2.3281106464649894e-26,Bull,2.3281106464649894e-26
2024-12-06,0.0018939000361717,-0.94346564793667,0.0048059588152618,-1.32152347490978,0.0,0.0010000204257245,12.7700004577637,0.535723553722148,1,1.7000633534497706e-07,0.9999998299936268,1.522733869197656e-24,Bull,1.522733869197656e-24
2024-12-09,-0.0051630813461249,-1.04662502865522,0.0047732235414503,-1.20295320624716,-0.0051497755511149,0.0012441642785264,14.1899995803833,0.43331611245433,1,1.4432224322549253e-07,0.9999998556777532,1.7368276718095132e-25,Bull,1.7368276718095132e-25
2024-12-10,-0.0031137309837365,-0.790518273690619,0.0047684155441747,-1.02659117023937,-0.0082426538248338,0.0014239896842086,14.1800003051758,0.457305692949636,1,2.1546313084357578e-07,0.9999997845370904,4.663724395381652e-25,Bull,4.663724395381652e-25
2024-12-11,0.0077008054153839,-0.607153732419597,0.0050301517580756,-0.912411449784117,-0.0005758410543415,0.001539319969445,13.5799999237061,0.40262972993477,1,1.8544994623895315e-07,0.9999998145504095,8.55918247794178e-26,Bull,8.55918247794178e-26
2024-12-12,-0.0051659607994807,-0.728327016482348,0.0051267913100136,-0.858501469666332,-0.0057255141244003,0.0016237752456983,13.9200000762939,0.414736740769658,1,2.415016775248843e-07,0.999999758500082,1.2000830442267483e-25,Bull,1.2000830442267483e-25
2024-12-13,-0.0001985348219175,-0.537384264717283,0.0051296545772445,-0.837724825909795,-0.0059228926384885,0.0016951767000873,13.8100004196167,0.418911456167252,1,2.1208416172464294e-07,0.999999787916772,7.552924125658543e-25,Bull,7.552924125658543e-25
2024-12-16,0.0042608629557179,-0.54836278537957,0.0049265657312413,-1.0959141501705,-0.0016782297750305,0.0017588260022233,14.6899995803833,0.488903321202639,1,9.74452264117807e-07,0.9999990255460234,1.4379927910038418e-22,Bull,1.4379927910038418e-22
2024-12-17,-0.0041285020283057,-0.684479684936496,0.0039618535737941,-0.307295131225459,-0.0057913069624297,0.0018488198375152,15.8699998855591,0.141450789597793,1,2.4770205698410056e-06,0.9999975229796956,3.624830352592918e-26,Bull,3.624830352592918e-26
2024-12-18,-0.030256610641314,-0.500339026036267,0.0079322883505711,-2.67938161934467,-0.0354221671238517,0.0018095757028433,27.6200008392334,0.652998651357827,0,0.9999999997635314,6.046367608069028e-14,2.3480826331067997e-10,Neutral,2.3480826331067997e-10
2024-12-19,-0.0003071999303285,2.56594909297202,0.007884352655819,-2.66082609215409,-0.0357184398570963,0.0017657755618781,24.0900001525879,0.656642534239072,0,0.9999901703496279,5.69420011148677e-20,9.829648596732238e-06,Neutral,9.829648596732238e-06
2024-12-20,0.011939558933789,2.2577626707193,0.0083282023628345,-2.29768575436857,-0.0241363383375175,0.0017358620772948,18.3600006103516,0.635149070247242,0,0.9999994254068784,6.347067937477973e-15,5.745946059923469e-07,Neutral,5.745946059923469e-07
2024-12-23,0.0059704545295922,1.8312190377798,0.0083482938380512,-2.28710391083037,-0.018292561074354,0.0017193755921471,16.7800006866455,0.64182303933326,0,0.9999997642408112,5.213494200788006e-11,2.3570864021686283e-07,Neutral,2.3570864021686283e-07
2024-12-24,0.0110534680561267,1.44759827859771,0.0086591521782882,-2.08626344474759,-0.0073810955860281,0.0017174601575765,14.2700004577637,0.649095905805999,0,0.9999998299899888,8.976712016077781e-09,1.6103494791013902e-07,Neutral,1.6103494791013902e-07
2024-12-26,6.67960569513681e-05,1.1163270479083,0.0086364124381333,-2.04821141446361,-0.0073147903427181,0.0017142023594379,14.7299995422363,0.650318662491351,0,0.9999993134699791,6.165398430765579e-07,6.998928603793106e-08,Neutral,6.998928603793106e-08
2024-12-27,-0.0105823795019244,0.805386929440389,0.0088863812255037,-1.72559647844421,-0.0177643737111086,0.0017232625033376,15.9499998092651,0.688061682265672,0,0.9999998171733918,6.623328043018956e-08,1.1659366382146538e-07,Neutral,1.1659366382146538e-07
2024-12-30,-0.0114773024877026,1.41834344994072,0.0092021652890181,-1.51029927678772,-0.0289733417053524,0.0017489656119627,17.3999996185303,0.712062193589783,0,0.9999996825754855,1.6217885340320435e-12,3.1742213816436073e-07,Neutral,3.1742213816436073e-07
2024-12-31,-0.0036446641095055,1.8409197696886,0.0090838317862423,-1.43547753811561,-0.0325059661908847,0.0017665125361116,17.3500003814697,0.715330326896761,0,0.999999677606008,3.291531054773115e-14,3.2239571062442933e-07,Neutral,3.2239571062442933e-07
2025-01-02,-0.0024600417555857,1.77389986615195,0.0090621315111751,-1.37905593567264,-0.0348831167686575,0.001829147855661,17.9300003051758,0.674017987461601,0,0.999999876519731,1.8387620639164802e-14,1.2347988308308868e-07,Neutral,1.2347988308308868e-07
2025-01-03,0.0124258825218373,1.54604643857892,0.0095456977621626,-1.20954272961489,-0.0228158699294039,0.0019142318875841,16.1299991607666,0.65838149218485,0,0.9999999205501839,9.85932873273495e-12,7.944171145132455e-08,Neutral,7.944171145132455e-08
2025-01-06,0.0057440864855102,1.2083350814641,0.0095298527135916,-1.21235269467127,-0.0171866879977569,0.0019886698730212,16.0400009155273,0.671450887323812,0,0.9999999458523249,4.2470534728425426e-09,4.9900330933830395e-08,Neutral,4.9900330933830395e-08
2025-01-07,-0.011368527222551,0.897358319526645,0.0098045136191288,-1.03192399997636,-0.0282965568107321,0.0020690036851951,17.8199996948242,0.703412670719263,0,0.9999998651765145,2.7650530566692735e-11,1.3479600204902173e-07,Neutral,1.3479600204902173e-07
2025-01-08,0.0014600507425095,1.35071208727879,0.0097979535675389,-1.02813585061463,-0.0268767842592377,0.0020541243444048,17.7000007629395,0.704574794594717,0,0.9999998827515879,1.4110359607351824e-11,1.1723445393229592e-07,Neutral,1.1723445393229592e-07
2025-01-10,-0.0153852821233693,1.07301452327678,0.0102434070141215,-0.884084128758921,-0.0417339753703179,0.0020319500203347,19.5400009155273,0.748580132595868,0,0.9999991984080709,9.791307843359839e-17,8.015909064190278e-07,Neutral,8.015909064190278e-07
2025-01-13,0.0015493839894045,1.70463583306591,0.0102636659650736,-0.94351090059373,-0.0402481025376257,0.0019744807234423,19.1900005340576,0.746477819140344,0,0.9999994937280834,5.989550266490835e-17,5.06272565367348e-07,Neutral,5.06272565367348e-07
2025-01-14,0.0013748978928802,1.40941750679714,0.0100692005936924,-0.945859424577598,-0.0389276341295121,0.0018915610439423,18.7099990844727,0.766381184688785,0,0.9999995583785741,6.294121727812762e-15,4.416223102764336e-07,Neutral,4.416223102764336e-07
2025-01-15,0.0180265714183161,1.06390717572986,0.0109244268304666,-0.741906958319537,-0.0214456982090718,0.0018263387047776,16.1200008392334,0.811194029349053,0,0.9999986305893172,8.159111682191176e-12,1.3694019569923773e-06,Neutral,1.3694019569923773e-06
2025-01-16,-0.0019249534310645,0.791930935035747,0.0109264947531868,-0.718425258690976,-0.0233275578426139,0.0017130261292795,16.6000003814697,0.741174591803517,0,0.999999885250879,2.3485495015036162e-09,1.1239970946546488e-07,Neutral,1.1239970946546488e-07
2025-01-17,0.0099900440526887,0.616315831577846,0.0111298844862036,-0.712839321413166,-0.0135216579877168,0.0015258227426226,15.9700002670288,0.745091714463381,0,0.9999997923951229,8.646540957851992e-08,1.2113831899741015e-07,Neutral,1.2113831899741015e-07
2025-01-21,0.0091116334730987,0.376823760642591,0.0112919549498916,-0.820530646242419,-0.0044921546139892,0.0010398614785796,15.0600004196167,0.696138756969373,0,0.999511474461479,0.0004884971278631565,2.840922889034362e-08,Neutral,2.840922889034362e-08
2025-01-22,0.0056057964535396,0.156769456249981,0.0089454564225126,-0.237801102630299,0.0,0.0009854518044083,15.1000003814697,0.611241611776238,0,0.7659375078120119,0.23406249053857608,1.6484189751787126e-09,Neutral,1.6484189751787126e-09
2025-01-23,0.0054432173160003,-0.0409928197596019,0.0089666824690464,-0.325865768023862,0.0,0.0009200819565599,15.0200004577637,0.621052176008484,0,0.6619550832742014,0.33804491491580596,1.8103241154427716e-09,Neutral,1.8103241154427716e-09
2025-01-24,-0.0029236364351081,-0.231975392857214,0.0087299941543748,-0.187357661321424,-0.0029193667721001,0.00089613108704,14.8500003814697,0.631929168980123,0,0.6466806966355985,0.3533193009839079,2.378759712384472e-09,Neutral,2.378759712384472e-09
2025-01-27,-0.0142462532403487,-0.384431762389294,0.0092901044218157,-0.0838427124160498,-0.0170233271394105,0.0008517013310092,17.8999996185303,0.466481263574632,0,0.7636692445851458,0.23633075538923892,2.7009947116233656e-11,Neutral,2.7009947116233656e-11
2025-01-28,0.0085556114732829,0.780918668603743,0.0091616259583394,-0.0921755247775182,-0.0085772816168775,0.0008287451339238,16.4099998474121,0.510247237803935,0,0.772785506409357,0.22721449344798686,1.4343385969463112e-10,Neutral,1.4343385969463112e-10
2025-01-29,-0.0044929426330258,0.51566315622185,0.0092201387603862,-0.0250171841829037,-0.0130216952913731,0.000800960830945,16.5599994659424,0.500964181730738,0,0.6446370084290601,0.35536299155540035,1.6440460343301332e-11,Neutral,1.6440460343301332e-11
2025-01-30,0.0053526282032585,0.553355138161944,0.0089543449027652,-0.192289407229859,-0.0077246033467953,0.0007975631694802,15.8400001525879,0.359788194129902,1,0.12656408717885897,0.8734359128217826,1.4778481649303595e-14,Bull,1.4778481649303595e-14
2025-01-31,-0.0053362265987271,0.300152162426449,0.0086278042870157,-0.190105036545205,-0.0130055071307829,0.0008256045300851,16.4300003051758,0.342085671825396,1,0.04214797795488517,0.9578520220443346,5.1285662862412225e-15,Bull,5.1285662862412225e-15
2025-02-03,-0.0067521957964489,0.40094392334483,0.0087389747593373,-0.159745979121695,-0.019647438152318,0.0008416175754946,18.6200008392334,0.362254900967734,1,0.04127824992997039,0.9587217500704424,9.557647514512617e-15,Bull,9.557647514512617e-15
2025-02-04,0.0066858656392536,0.656424673734056,0.0087887899528482,-0.29222816889231,-0.0130709724594591,0.0008536360203888,17.2099990844727,0.364250135908384,1,0.023213875525506095,0.9767861244730657,3.847274501079569e-16,Bull,3.847274501079569e-16
2025-02-05,0.004046431943153,0.395345217564858,0.0084455432672396,-0.297104887270345,-0.0090693406114217,0.0008940812430022,15.7700004577637,0.364511602933554,1,0.0008640157268970834,0.9991359842733866,2.2854809866934533e-18,Bull,2.2854809866934533e-18
2025-02-06,0.0034696031494636,0.161218484920753,0.008395789001421,-0.270797205965467,-0.0056252330866047,0.0009327024017742,15.5,0.358744203536544,1,1.224109986666503e-05,0.9999877588983314,9.198965849238555e-20,Bull,9.198965849238555e-20
2025-02-07,-0.0091957671641349,-0.0553774755432079,0.0082495594651193,-0.249813535555893,-0.0147273572685299,0.0009730005324478,16.5400009155273,0.375151710470612,1,4.945365021960968e-05,0.9999505463497935,1.8233084396277587e-20,Bull,1.8233084396277587e-20
2025-02-10,0.0067682684944037,0.323109463234134,0.00834601743087,-0.317234209634922,-0.0080361490789089,0.0010007583834229,15.8100004196167,0.377953179262064,1,3.146337677571196e-05,0.999968536624,1.731837998987455e-21,Bull,1.731837998987455e-21
2025-02-11,0.0007604572466686,0.0943845012486418,0.0074331165837116,-0.19652402305353,-0.0072815160833448,0.0010699180412195,16.0200004577637,0.334075915362901,1,1.0710963614728149e-06,0.9999989289032153,2.8694632718414768e-24,Bull,2.8694632718414768e-24
2025-02-12,-0.0032267874545706,-0.11921131202186,0.0075199553628366,-0.113921784083682,-0.0104796450170551,0.0011106595019544,15.8900003433228,0.316287533722912,1,6.272612112286078e-07,0.9999993727398908,8.261591610638183e-26,Bull,8.261591610638183e-26
2025-02-13,0.0105021590649841,-0.0723502859528082,0.0077562544033654,-0.203064202053772,-3.2783570503461e-05,0.0011295005455935,15.1000003814697,0.328453252203331,1,2.09102104864065e-06,0.9999979089792793,7.364434597734645e-27,Bull,7.364434597734645e-27
2025-02-14,-4.92799978601965e-05,-0.253429656506034,0.0068638301312754,-0.53517912272009,-8.20607385894085e-05,0.0011383330526203,14.7700004577637,0.2625007139222,1,4.450323912148955e-08,0.9999999554966063,9.680311055905869e-30,Bull,9.680311055905869e-30
2025-02-18,0.0029315963361851,-0.429255523896901,0.0068300501232901,-0.641043252023195,0.0,0.0011148747734854,15.3500003814697,0.255713057653435,1,3.144439378904806e-08,0.9999999685569496,3.613101541350362e-32,Bull,3.613101541350362e-32
2025-02-19,0.0023521503613697,-0.590723890992721,0.0065572491329787,-0.662068954633549,0.0,0.0010513954895722,15.2700004577637,0.241746850555921,1,1.255567203921351e-08,0.9999999874453351,8.545582287736406e-30,Bull,8.545582287736406e-30
2025-02-20,-0.0041690244343026,-0.729911467290843,0.0063952688395401,-0.535798339686257,-0.0041603461161645,0.00092073405673,15.6599998474121,0.301454051635331,1,2.231095815576149e-05,0.9999776890414622,5.283177399606512e-24,Bull,5.283177399606512e-24
2025-02-21,-0.0172520727283452,-0.50787995431601,0.0073675616730063,-0.63498011427392,-0.0211932949513821,0.0009213088456246,18.2099990844727,0.319510577621805,0,0.5001808723541628,0.49981912764441877,2.337056449377577e-18,Neutral,2.337056449377577e-18
2025-02-24,-0.004560791483029,0.739778284883865,0.0072861465179798,-0.491989158452955,-0.025647263703411,0.000917582293589,18.9799995422363,0.325597817513733,0,0.9705444097586371,0.029455590241366455,6.208117527088507e-14,Neutral,6.208117527088507e-14
2025-02-25,-0.0049856948383801,0.846190364686415,0.0073272938120948,-0.449917577021691,-0.0304929993942197,0.0009163266163267,19.4300003051758,0.331349942534871,0,0.9999336985245195,6.630147534765493e-05,2.0088842919615408e-13,Neutral,2.0088842919615408e-13
2025-02-26,0.0005049834979802,0.915333945070605,0.0066813649281862,-0.52580295911665,-0.0300032907207448,0.0009064488156851,19.1000003814697,0.382307811111435,0,0.9999976475328752,2.3524659135082022e-06,2.417519701108071e-12,Neutral,2.417519701108071e-12
2025-02-27,-0.0160908833727413,0.612149259196102,0.0071784840311791,-0.55222586195135,-0.0454864913837101,0.0008658678123951,21.1299991607666,0.309049839661165,0,0.999999999992724,7.599521982344098e-12,2.698212374013863e-13,Neutral,2.698212374013863e-13
2025-02-28,0.0154849770472065,1.56644660551173,0.0080420563239835,-0.267967298018029,-0.0305908398448044,0.0008023839289384,19.6299991607666,0.371330097457978,0,0.9999999999236024,7.056665742723043e-11,5.3116274233046624e-12,Neutral,5.3116274233046624e-12
2025-03-03,-0.0176751644678053,1.21933883558989,0.0087293168017512,-0.220489479855703,-0.0475747671706193,0.0007861911797055,22.7800006866455,0.607001742152791,0,0.9999999191386483,7.63144486784368e-18,8.085961512214578e-08,Neutral,8.085961512214578e-08
2025-03-04,-0.0119073738783824,2.05262201367741,0.0089801917868301,-0.167119262820355,-0.0588483976397966,0.000810517508269,23.5100002288818,0.595424012598299,0,0.9999998810271862,2.8973591117560023e-25,1.1897430802984e-07,Neutral,1.1897430802984e-07
2025-03-05,0.0106902780347093,2.43710970799028,0.00932052754772,-0.287621749353084,-0.0487332548246433,0.000856081822636,21.9300003051758,0.543081673535957,0,0.9999999856117938,2.4675591158149753e-22,1.4387404157208916e-08,Neutral,1.4387404157208916e-08
2025-03-06,-0.0179106000925113,1.9621976668473,0.0098141688515956,-0.15764117627772,-0.0656193416998735,0.0009437724124347,24.8700008392334,0.52235793476298,0,0.9999999603751356,4.627051435693156e-30,3.962652037187443e-08,Neutral,3.962652037187443e-08
2025-03-07,0.0055893453156885,2.44383725854112,0.0098701256068104,-0.16511056208255,-0.0603821429226158,0.0010398125988539,23.3700008392334,0.507378466445386,0,0.99999999278225,1.8758456136695018e-27,7.216173031825494e-09,Neutral,7.216173031825494e-09
2025-03-10,-0.0269967750652951,1.95144482830676,0.0111395434641461,-0.278564708518267,-0.0854094465866597,0.0012602436525579,27.8600006103516,0.643451138432033,0,0.9999455601476884,2.7461660476224996e-47,5.4439853203843444e-05,Neutral,5.4439853203843444e-05
2025-03-11,-0.0083476359441965,3.0,0.0111202761458948,-0.288769318016879,-0.093012338329037,0.0014340671877344,26.9200000762939,0.608775719271111,0,0.9999940170597974,6.50448369955364e-54,5.982940171991347e-06,Neutral,5.982940171991347e-06
2025-03-12,0.0052926809103874,3.0,0.0110553303212897,-0.290255727154435,-0.0881992161217565,0.0015706129541906,24.2299995422363,0.577149272085983,0,0.9999994864157498,5.946759380857098e-49,5.135845336611042e-07,Neutral,5.135845336611042e-07
2025-03-13,-0.0134201952658541,2.602262231516,0.0111972673686099,-0.129964671932597,-0.100354018350858,0.0016833654995107,24.6599998474121,0.594409371884492,0,0.9999978946311211,5.517053819652204e-57,2.1053693880011157e-06,Neutral,2.1053693880011157e-06
2025-03-14,0.0204453532796505,2.75561059817072,0.0124473085818792,0.0355808807337645,-0.0817711187751672,0.001881857848751,21.7700004577637,0.654406696262404,0,0.9999879676575736,1.9453026498390543e-46,1.2032342049448145e-05,Neutral,1.2032342049448145e-05
2025-03-17,0.007681756404855,2.25375622618467,0.0123051967690019,0.0344242391787814,-0.0746903466215723,0.002028175910656,20.5100002288818,0.645576128322539,0,0.9999990611035943,9.375576159744381e-37,9.388950087068173e-07,Neutral,9.388950087068173e-07
2025-03-18,-0.0108673239404604,1.81873977304643,0.0123820346932451,0.149675009809146,-0.0846915448125976,0.0021095523220053,21.7000007629395,0.652786011996811,0,0.9999980241210745,7.427070533687016e-42,1.975880234233436e-06,Neutral,1.975880234233436e-06
2025-03-19,0.0108320772982466,2.24840899211386,0.0127174541085806,0.11967415330089,-0.0747229601051005,0.0021767789502987,19.8999996185303,0.667113707593294,0,0.9999973243320126,1.3109116899027506e-37,2.6756665971343177e-06,Neutral,2.6756665971343177e-06
2025-03-20,-0.0028959974426863,1.81158711223337,0.0126462913809539,0.177166692387381,-0.0773986837319589,0.0021812931087054,19.7999992370605,0.663951569876708,0,0.9999988319621025,2.5207506627683197e-36,1.1680391082980305e-06,Neutral,1.1680391082980305e-06
2025-03-21,0.0003299472970415,1.56062226453547,0.0126784363627653,0.125690996958438,-0.0770942236962887,0.0021336503225746,19.2800006866455,0.670135352266805,0,0.9999991666230761,9.368231499271665e-35,8.333760508909192e-07,Neutral,8.333760508909192e-07
2025-03-24,0.0177499101891696,1.2451569330205,0.0130909989222289,0.0013211632271493,-0.0605664800034275,0.0021442693815121,17.4799995422363,0.687269876083538,0,0.9999983544344001,1.2121451680221522e-26,1.6455647536343397e-06,Neutral,1.6455647536343397e-06
2025-03-25,0.0024008294201012,0.948190165061643,0.0131098469648111,-0.074153955504961,-0.0583083507634847,0.0021132401143785,17.1499996185303,0.70200643230154,0,0.9999994985702307,7.78859941633621e-23,5.014282515414332e-07,Neutral,5.014282515414332e-07
2025-03-26,-0.0120099536749239,0.65602319937248,0.0132883124191935,-0.017444442888544,-0.0695503805902372,0.0020563943745089,18.3299999237061,0.715490515890048,0,0.9999985459336698,6.486715558960957e-29,1.454068116000726e-06,Neutral,1.454068116000726e-06
2025-03-27,-0.0026592686037236,1.10748688024303,0.0132769219172069,0.0170650660223313,-0.0720214090301064,0.0018848200903237,18.6900005340576,0.738461852100971,0,0.999998025710868,1.5867847161519268e-30,1.974287429752988e-06,Neutral,1.974287429752988e-06
2025-03-28,-0.0203438616539282,1.02587738641516,0.013530873812064,-0.0067334950310537,-0.0907093402282154,0.0017158050552831,21.6499996185303,0.75687673617555,0,0.9999645627161956,8.862531630677371e-46,3.543728420054269e-05,Neutral,3.543728420054269e-05
2025-03-31,0.0066903701042058,1.88841118545836,0.0130811518325973,-0.0213121771233694,-0.0846054533188119,0.0015584733683362,22.2800006866455,0.719263502881332,0,0.9999934430885657,7.294530499720763e-42,6.556911940912583e-06,Neutral,6.556911940912583e-06
2025-04-01,0.0028204614995743,1.48157743909435,0.0126684255295438,-0.172357016440584,-0.0820199738342629,0.0014128019344806,21.7700004577637,0.707760857998533,0,0.9999926320359416,1.970560356507735e-37,7.367965876522451e-06,Neutral,7.367965876522451e-06
2025-04-02,0.0063084683313068,1.12595524491212,0.0125616382789664,-0.348817876720865,-0.0762106211177167,0.001250660546939,21.5100002288818,0.712828320287015,0,0.9981670276129491,9.324352283590124e-38,0.0018329723854272901,Neutral,0.0018329723854272901
2025-04-03,-0.0505365293222635,0.81512368195646,0.0162918184843997,-1.07211603424987,-0.121735701747465,0.0014025763647119,30.0200004577637,0.769683098055392,2,4.183688245317802e-06,1.2056344760689634e-110,0.9999958163112956,Panic,0.9999958163112956
2025-04-04,-0.0603265958099657,3.0,0.0202715960674581,-1.34262602747196,-0.173151922012856,0.0021158740811074,45.310001373291,0.822458170597395,2,8.599113241495236e-23,3.206891310729462e-225,1.0,Panic,1.0
2025-04-07,-0.0017827766547524,3.0,0.0201274191085628,-1.32698629726443,-0.174624694261252,0.0025273410253039,46.9799995422363,0.824935734007905,2,6.637902403779217e-18,6.774956587865679e-217,1.0,Panic,1.0
2025-04-08,-0.0157867112954264,3.0,0.0196914600288451,-1.44581641751875,-0.187552344894273,0.0028202364377895,52.3300018310547,0.811064835788885,2,3.748630064182993e-22,2.170054496663711e-241,1.0,Panic,1.0
2025-04-09,0.0998629842753909,3.0,0.0302662094234437,1.24326473241884,-0.102229496221951,0.0045058197151456,33.6199989318848,0.9221690268663,2,5.595906391226761e-40,7.966849338709642e-242,1.0,Panic,1.0
2025-04-10,-0.0448083495532563,3.0,0.0317272572181224,1.17092510401153,-0.141569156233475,0.0057548705279425,40.7200012207031,0.925159019994284,2,1.550253789559869e-35,1.5909625643560393e-259,1.0,Panic,1.0
2025-04-11,0.0176854640386859,3.0,0.0319356052241139,1.0209814551214,-0.126252365363792,0.0066553988325137,37.560001373291,0.925895779871837,2,1.8642350965393535e-33,2.2484912866133467e-228,1.0,Panic,1.0
2025-04-14,0.0096547506474511,3.0,0.0316522483942798,1.08391154904608,-0.117775695601545,0.007331138968362,30.8899993896484,0.922715839162559,2,2.2231827176483164e-32,4.2293998601968205e-215,1.0,Panic,1.0
2025-04-15,-0.0028046068630169,3.0,0.0315760734067712,1.13895860337091,-0.120246521473194,0.0078264676894075,30.1200008392334,0.923145994933771,2,9.267379486902685e-34,5.415729441281665e-220,1.0,Panic,1.0
2025-04-16,-0.0224789602623074,2.57546323733162,0.0318323113624702,1.1531906025406,-0.139801849792221,0.0082074494508136,32.6399993896484,0.92148939487112,2,2.8055308653803075e-37,1.7589909954253467e-250,1.0,Panic,1.0
2025-04-17,0.0014257004856927,3.0,0.0316944599314886,1.20766708642269,-0.138574590227278,0.0084719188134087,29.6499996185303,0.915490648008405,2,1.20285819496868e-36,4.103905448336748e-251,1.0,Panic,1.0
2025-04-21,-0.0240905113020009,2.71837203916617,0.0320132916358055,1.25506865261033,-0.159078798733989,0.0086456323702841,33.8199996948242,0.914482018754476,2,2.1478757250003103e-40,3.739356157111399e-285,1.0,Panic,1.0
2025-04-22,0.0256851165111271,3.0,0.0326725172764738,1.10686773536393,-0.137199860997687,0.0087540946636918,30.5699996948242,0.918840902207854,2,2.481521683642724e-40,4.278313861039495e-266,1.0,Panic,1.0
2025-04-23,0.0153766513231544,2.88578192998776,0.0326004295756308,1.1207632625377,-0.123830358433325,0.0087734136520726,28.4500007629395,0.921282041858791,2,9.104086542168874e-39,2.5985720188072436e-246,1.0,Panic,1.0
2025-04-24,0.0208304449398948,2.37749966760169,0.033007648915354,1.01783915095917,-0.105387939918671,0.0087106306210435,26.4699993133545,0.917038143883422,2,2.9864436635493366e-38,9.269019438109789e-226,1.0,Panic,1.0
2025-04-25,0.0071993338055289,1.96885502170245,0.0329954136942954,0.936253969421124,-0.098924089281133,0.0085494662122004,24.8400001525879,0.917246961171013,2,2.6723126876250887e-36,7.268859185186704e-212,1.0,Panic,1.0
2025-04-28,0.0003813124578098,1.59107046171391,0.0329968704466859,0.922652846899203,-0.0985804322947627,0.008273382748451,25.1499996185303,0.917892245012263,2,5.234145431449883e-35,1.922705132466456e-204,1.0,Panic,1.0
2025-04-29,0.0062795189624669,1.26576050716977,0.0327424063294411,0.835848350537402,-0.0929021412169914,0.007883071083978,24.1700000762939,0.920048462183795,2,9.113676626367716e-33,1.5744852283749356e-191,1.0,Panic,1.0
2025-04-30,0.0003968629903008,0.982593290301009,0.0327057843519264,0.866367312542042,-0.0925420762047466,0.00730816748431,24.7000007629395,0.928206929688043,2,1.11076807152641e-30,5.126390642971496e-182,1.0,Panic,1.0
2025-05-01,0.0070618742371877,0.732220752954556,0.0327398400672403,0.845262996617699,-0.0861110416189576,0.0064961468318765,24.6000003814697,0.868090746707108,2,6.671553436047276e-28,2.218332629072345e-167,1.0,Panic,1.0
2025-05-02,0.0147350406147231,0.516967124725593,0.0328751201216709,0.801763865589256,-0.0725451491646542,0.0053787594432778,22.6800003051758,0.848123155674261,2,7.213384979168404e-25,9.034777876944828e-148,1.0,Panic,1.0
2025-05-05,-0.0057507193260235,0.336958754137696,0.0308076264333892,0.989426133835811,-0.0778633752301808,0.0044104721054565,23.6399993896484,0.84181450113653,2,5.148969368563148e-20,8.964386062156191e-130,1.0,Panic,1.0
2025-05-06,-0.008393452351286,0.271797895443449,0.0274261009609327,1.73199433945194,-0.0855708934585353,0.0038242980069013,24.7600002288818,0.82248799382336,2,5.686205050390969e-16,1.5906497203236282e-112,1.0,Panic,1.0
2025-05-07,0.0041964879865164,0.504786050250641,0.0273854140205589,1.70847220867947,-0.0817254396414056,0.0030679431110267,23.5499992370605,0.82486035016351,2,9.880596578747167e-15,1.0137445401497412e-99,1.0,Panic,1.0
2025-05-08,0.0069438197225997,0.315395801246272,0.0269654553638272,1.68983461816413,-0.0753269172550345,0.0019038974050934,22.4799995422363,0.824755369086222,2,2.563890853670606e-12,5.574347357787405e-80,0.999999999996362,Panic,0.999999999996362
2025-05-09,-0.0012751433962234,0.146997352882311,0.0163262569794125,-1.14252135506895,-0.0765052565946844,0.003813085750041,21.8999996185303,0.629407505340387,2,0.0033586619269015557,4.509306547826387e-53,0.9966413380734404,Panic,0.9966413380734404
2025-05-12,0.0325132130028782,0.003807767842434,0.0139418816564688,-0.235177543730214,-0.0459860246158876,0.0052861117256579,18.3899993896484,0.613684818744987,2,7.451770112354731e-05,5.186598602158612e-39,0.9999254822986441,Panic,0.9999254822986441
2025-05-13,0.0065821508599528,-0.101310248544561,0.0136452151244711,-0.172500367166633,-0.0396858491006528,0.0063432358115476,18.2199993133545,0.600437034225471,2,2.213660564851405e-06,1.9115962284615235e-40,0.9999977863396398,Panic,0.9999977863396398
2025-05-14,0.001277266591626,-0.221224261762274,0.0136093453839986,-0.0871966760022888,-0.0384584882516003,0.0071478034828205,18.6200008392334,0.611745821336731,2,6.557583997390302e-09,1.6958396640810725e-50,0.9999999934407242,Panic,0.9999999934407242
2025-05-15,0.0048723957125043,-0.339208760155566,0.0135174117866353,-0.165309793915769,-0.0337620453394269,0.0077816815345748,17.8299999237061,0.60949758274325,2,6.411340555539324e-11,3.3023923551710165e-58,0.9999999999345164,Panic,0.9999999999345164
2025-05-16,0.0063140681803881,-0.441909042262438,0.0120257289390012,-0.0104018048811601,-0.0276418516882593,0.0083887931056126,17.2399997711182,0.513257798041491,2,1.5857294352481213e-11,1.4987786014046624e-63,0.9999999999854481,Panic,0.9999999999854481
2025-05-19,0.0010933259077132,-0.529203497111169,0.0120320410931868,-0.006956293528919,-0.0265781659615098,0.0088543346908432,18.1399993896484,0.529193091579986,2,1.4493606984637034e-13,2.8455800729525968e-71,1.0,Panic,1.0
2025-05-20,-0.0033679224651637,-0.569739432302018,0.0101604940145339,0.958120782954633,-0.0298510607029097,0.0093197308950332,18.0900001525879,0.482266634935294,2,2.7514180898012315e-15,7.657482929463301e-79,1.0,Panic,1.0
2025-05-21,-0.016994258821982,-0.608152843251522,0.0104597055805656,0.578518303605715,-0.0461987212475934,0.0095947831219305,20.8700008392334,0.505010853237383,2,2.492250856802001e-17,1.1157288070138189e-92,1.0,Panic,1.0
2025-05-22,0.0003945240202805,0.122827287074271,0.0102083537192657,0.776081598521452,-0.0458223494935845,0.009761576017012,20.2800006866455,0.487906744570146,2,1.378897210054299e-17,1.2730738410117882e-94,1.0,Panic,1.0
2025-05-23,-0.0068492539360134,-0.0348005964570815,0.0097097092959245,0.985277229861388,-0.0523354242087457,0.0098091536050942,22.2900009155273,0.478618872284109,2,4.086578497616586e-18,2.2041690603286645e-98,1.0,Panic,1.0
2025-05-27,0.0205775080963946,0.0861486027611813,0.0104289206769388,0.859359206804696,-0.03263282879329,0.0096881064491785,18.9599990844727,0.510196904610101,2,3.915785473666559e-18,5.967073200469919e-93,1.0,Panic,1.0
2025-05-28,-0.0058021469874098,-0.0457580794476724,0.0106036592254511,0.870844192560488,-0.0382293835940201,0.0094299012743543,19.3099994659424,0.510141576047483,2,1.9474544808145815e-16,7.320194830635939e-87,1.0,Panic,1.0
2025-05-29,0.003939566259242,-0.0298451069503792,0.0105806920184441,0.907520324458838,-0.034432951286293,0.009055061230066,19.1800003051758,0.509477301156635,2,9.593746972592851e-15,6.581697048355937e-77,1.0,Panic,1.0
2025-05-30,-0.0011191319232546,-0.169962651768567,0.010604303710257,0.920187669964795,-0.0355129437548066,0.008530486270807,18.5699996948242,0.509454142924087,2,1.5227599587801371e-12,3.591644899151773e-68,1.0,Panic,1.0
2025-06-02,0.0056171157210043,-0.243310543890728,0.0105806286181524,0.944119851174126,-0.0300800640763796,0.0078213467667775,18.3600006103516,0.661988199269358,2,8.119679027784366e-12,1.60913848500792e-57,0.999999999992724,Panic,0.999999999992724
2025-06-03,0.0056863592406504,-0.356666366800814,0.0102508243937432,1.08842723402418,-0.0245490400950369,0.0068660060135631,17.6900005340576,0.82138558009461,2,6.399474426509076e-10,8.18281697554036e-43,0.9999999993597157,Panic,0.9999999993597157
2025-06-04,-0.0002684446267045,-0.460323589954586,0.0101015198360122,1.08393586296074,-0.0248108595202557,0.0058701892916804,17.6100006103516,0.842970830662852,2,2.8165871089208258e-05,2.629567845411194e-29,0.9999718341279171,Panic,0.9999718341279171
2025-06-05,-0.0048444712872468,-0.556248384442015,0.0099356081497076,1.13536258561109,-0.0295237104583035,0.0050256836861412,18.4799995422363,0.829570963679308,2,0.04113100363700308,1.4824661410399172e-20,0.9588689963630536,Panic,0.9588689963630536
2025-06-06,0.010216558319085,-0.377600833605741,0.0100629560032411,1.02531661710826,-0.0195579617058959,0.0038253614353847,16.7700004577637,0.83412249081583,0,0.8695314802860773,5.644214882158289e-11,0.13046851965634904,Neutral,0.13046851965634904
2025-06-09,0.0009008229136489,-0.471646426924737,0.0100344866622172,1.11885988662955,-0.018674359127324,0.0018022728131569,17.1599998474121,0.827614661212042,0,0.9979309374203135,0.0017720569833777839,0.0002970055969884846,Neutral,0.0002970055969884846
2025-06-10,0.0056537060323496,-0.566160998410057,0.0100065751410686,1.03153963164631,-0.0131105190942324,0.0014210260619193,16.9500007629395,0.814680758132189,0,0.9655673993826983,0.034431645114416584,9.555011031969365e-07,Neutral,9.555011031969365e-07
2025-06-11,-0.0028560496447687,-0.648664681627079,0.0074758041498553,0.0510729218669767,-0.0159251032363616,0.0014677260150223,17.2600002288818,0.695121282239867,0,0.9017093917363594,0.09829059064531023,1.7618633228462755e-08,Neutral,1.7618633228462755e-08
2025-06-12,0.0039663988120715,-0.613712531563157,0.0074079799673997,0.089360408375053,-0.0120141185998444,0.001486394703156,18.0200004577637,0.710937439549977,0,0.9013701875240238,0.09862978699445547,2.548284400671595e-08,Neutral,2.548284400671595e-08
2025-06-13,-0.0112431300819802,-0.694599834342962,0.0079017380537874,0.0985135759764101,-0.0230599611048759,0.0014024402073695,20.8199996948242,0.730419775370923,0,0.9980691109401857,0.0019308051699402497,8.389061163235091e-08,Neutral,8.389061163235091e-08
2025-06-16,0.0094693681832716,-0.340273550951316,0.0080830563887183,0.0661617376264193,-0.0137650170152241,0.001251984983273,19.1100006103516,0.744955480576361,0,0.9986040928491566,0.0013958345574941078,7.259483470292526e-08,Neutral,7.259483470292526e-08
2025-06-17,-0.008581787124168,-0.444436363016566,0.0082431487091005,0.23382392650244,-0.0221924626998475,0.0012076079610683,21.6000003814697,0.754760800896141,0,0.9998683702234521,0.00013146706872091895,1.6270708381526094e-07,Neutral,1.6270708381526094e-07
2025-06-18,-0.0001508280316757,-0.261929679052575,0.0082413769923817,0.256015631861087,-0.0223399323644968,0.0011312480972624,20.1399993896484,0.777027712333902,0,0.9971515588772402,0.0028482954456960446,1.4567800617572835e-07,Neutral,1.4567800617572835e-07
2025-06-20,-0.0023512362440003,-0.349298908073935,0.0082222910949416,0.242369520930717,-0.0246359418617053,0.0011598229086225,20.6200008392334,0.693348971147786,0,0.9680984564350025,0.031901533021177514,1.0544972132828865e-08,Neutral,1.0544972132828865e-08
2025-06-23,0.0098290222476435,-0.347339036611845,0.0074564375751263,0.535740153119273,-0.0150017972865379,0.0012171149533324,19.8299999237061,0.63472311994481,1,0.30692326606239806,0.6930767336437844,2.934943335555981e-10,Bull,2.934943335555981e-10
2025-06-24,0.0109866115896633,-0.451122048241145,0.0077288743819344,0.374080894551559,-0.0041203388925818,0.0012485256737471,17.4799995422363,0.612915622354102,1,0.019287527378207825,0.9807124726228413,4.250037016964167e-13,Bull,4.250037016964167e-13
2025-06-25,0.0005602274649643,-0.545931395826097,0.0074676346292444,0.355306243991621,-0.00356226344463,0.0012995496848418,16.7600002288818,0.547203287717919,1,9.2995362441034e-05,0.9999070046384609,2.192056536365278e-17,Bull,2.192056536365278e-17
2025-06-26,0.0077933624348469,-0.639552550080851,0.006347971336074,-0.299237404030448,0.0,0.001394900709496,16.5900001525879,0.374403255249446,1,4.6571808005579924e-07,0.9999995342806135,6.528486284397432e-24,Bull,6.528486284397432e-24
2025-06-27,0.0049560209081462,-0.721117167031868,0.00613595625897,-0.484814434270353,0.0,0.0014643792515469,16.3199996948242,0.356056860891428,1,1.8312833472005378e-07,0.9999998168714396,6.2704618684520096e-27,Bull,6.2704618684520096e-27
2025-06-30,0.0047698856737845,-0.792591574436613,0.0061497543773559,-0.498959885982983,0.0,0.0014998608111915,16.7299995422363,0.350391458962091,1,2.0211251054134336e-07,0.9999997978884698,7.678521475882618e-28,Bull,7.678521475882618e-28
2025-07-01,-0.0003237665394841,-0.862646358156224,0.0061298484727809,-0.517851297205024,-0.0003237141327537,0.0015033592115388,16.8299999237061,0.303555458967976,1,7.754308177795184e-08,0.9999999224564847,1.8931017812809406e-29,Bull,1.8931017812809406e-29
2025-07-02,0.0045231207412124,-0.930017968548311,0.0061054797653828,-0.503303662633418,0.0,0.0014785087415073,16.6399993896484,0.279328594465742,1,4.7312805401537824e-08,0.9999999526880867,2.7405288331440094e-30,Bull,2.7405288331440094e-30
2025-07-03,0.0078504047759349,-0.985819110648234,0.0061829341070279,-0.507452306668402,0.0,0.0014447194059378,16.3799991607666,0.298919165307454,1,9.764425124784236e-08,0.9999999023566536,7.175406825668661e-29,Bull,7.175406825668661e-29
2025-07-07,-0.0074798765800796,-1.0326725992461,0.0065303195698137,-0.443907117605571,-0.0074519719210669,0.0013784691175977,17.7900009155273,0.342000663925317,1,6.864734725033939e-07,0.9999993135281866,2.2532922399046973e-27,Bull,2.2532922399046973e-27
2025-07-08,-0.0005478853567879,-0.848545803366168,0.006367866424041,-0.515325152769573,-0.0079956255080407,0.0013081493090502,16.8099994659424,0.366548545344038,1,1.860600730932196e-07,0.9999998139392292,6.4489723583996396e-27,Bull,6.4489723583996396e-27
2025-07-09,0.0059787476942343,-0.809537415113091,0.0061678831044154,-0.564492846135443,-0.0020469164459996,0.0012041324558328,15.9399995803833,0.358192237244574,1,1.0209084086204813e-07,0.999999897907406,4.814367986846336e-28,Bull,4.814367986846336e-28
2025-07-10,0.0028162888082992,-0.874882025416078,0.0061637178973502,-0.610686104487435,0.0,0.0010606559423369,15.7799997329712,0.355396368848487,1,6.376489962857134e-08,0.9999999362335095,1.8458875620162455e-28,Bull,1.8458875620162455e-28
2025-07-11,-0.0035216020520021,-0.941004393061639,0.0062294465876352,-0.423645488429344,-0.0035154084840562,0.0008555625077097,16.3999996185303,0.371435611154405,1,8.978176654791382e-08,0.999999910218325,4.056699597358871e-28,Bull,4.056699597358871e-28
2025-07-14,0.001906464611614,-0.882341557699813,0.0061399833957604,-0.534607898970498,-0.0016138338078559,0.000867031495044,17.2000007629395,0.37102467232856,1,9.757277323395972e-08,0.9999999024257752,7.728633942870891e-28,Bull,7.728633942870891e-28
2025-07-15,-0.0042824672226498,-0.949952000325402,0.0062678803931816,-0.361971811956269,-0.0058802479304696,0.0008708960729827,17.3799991607666,0.3596820429041,1,1.300691004714956e-07,0.9999998699313521,4.8296309307865006e-29,Bull,4.8296309307865006e-29
2025-07-16,0.0033376970713794,-0.847494208674096,0.0055433258797052,-0.276124141900176,-0.0025566338223317,0.0008831330677298,17.1599998474121,0.267689786941392,1,8.664835539773028e-09,0.9999999913343345,3.5969852834401733e-32,Bull,3.5969852834401733e-32
2025-07-17,0.0061008900764427,-0.914617660690355,0.0053704344186801,-0.316879903056861,0.0,0.00087790483359,16.5200004577637,0.238027757125962,1,5.017801010437847e-09,0.9999999949832272,2.890430799183912e-35,Bull,2.890430799183912e-35
2025-07-18,-0.0007326028897205,-0.972584913104232,0.004836159551344,-0.129762502693682,-0.0007323346017438,0.0008793481806076,16.4099998474121,0.163751423858449,1,4.584165235208432e-10,0.9999999995416147,3.3822487725999994e-38,Bull,3.3822487725999994e-38
2025-07-21,0.0018943480812732,-1.03031335350366,0.0048010588454694,-0.186685839715378,0.0,0.0008520968896355,16.6499996185303,0.166518447731816,1,5.454447060207263e-10,0.9999999994543032,1.0268363830468347e-38,Bull,1.0268363830468347e-38
2025-07-22,0.0001431851876141,-1.07997595761401,0.0047029546207528,-0.224487245234604,0.0,0.0008000658040026,16.5,0.211344208017439,1,1.3330386431130594e-09,0.9999999986684998,2.3575166298794197e-37,Bull,2.3575166298794197e-37
2025-07-23,0.008471491723121,-1.12232681432986,0.0046083440415754,-0.284693985408885,0.0,0.0008061592912159,15.3699998855591,0.168108810256514,1,7.216609033793797e-10,0.9999999992796802,2.6651655434763826e-38,Bull,2.6651655434763826e-38
2025-07-24,0.0003308776006356,-1.15172115534082,0.0042116084997811,-0.409470310274013,0.0,0.000794061195899,15.3900003433228,0.192111277654146,1,5.718713048804196e-10,0.9999999994288373,5.153828861084975e-38,Bull,5.153828861084975e-38
2025-07-25,0.0042155379567807,-1.18563484113141,0.0042193981928473,-0.525237395969291,0.0,0.0007755604029788,14.9300003051758,0.19361118177029,1,6.212720048326008e-10,0.9999999993779056,7.423648445742107e-38,Bull,7.423648445742107e-38
2025-07-28,-0.000251197415217,-1.21335631671231,0.004057337888321,-0.43973505353083,-0.0002511658677887,0.0008352276534285,15.0299997329712,0.215888019110045,1,8.951646108067877e-10,0.9999999991050572,1.3054514771627133e-36,Bull,1.3054514771627133e-36
2025-07-29,-0.002640952416991,-1.22063356459723,0.0041107020028985,-0.24198670326129,-0.0028879715958815,0.0008819499494506,15.9799995422363,0.254424887512307,1,2.689022879938887e-09,0.9999999973115337,2.1786813538276893e-35,Bull,2.1786813538276893e-35
2025-07-30,-0.0012602604375215,-1.15195515786834,0.004085099122001,-0.0718742949052683,-0.0041438009348252,0.0009169189377545,15.4799995422363,0.240818647683137,1,1.2345171565997655e-09,0.9999999987667252,2.4007089936800873e-35,Bull,2.4007089936800873e-35
2025-07-31,-0.0037583150462898,-1.08245127222819,0.0042183914816665,-0.0297246387357415,-0.0078795178738949,0.0009327620870004,16.7199993133545,0.136598418714919,1,1.7840344142765995e-09,0.9999999982173904,1.209636966599231e-32,Bull,1.209636966599231e-32
2025-08-01,-0.0165261289052694,-1.01256878469365,0.0056291577736856,-1.04341484085047,-0.0241406916311785,0.0009173990933786,20.3799991607666,0.405909591481512,1,0.0036110321146651317,0.99638896788583,3.5483018089842408e-22,Bull,3.5483018089842408e-22
2025-08-04,0.0150854051091809,-0.214911354254723,0.0063078817719384,-0.317448321981357,-0.00930786029056,0.0009240702813969,17.5200004577637,0.424700752185157,1,8.469042491849657e-05,0.9999153095735245,2.2304073239706713e-18,Bull,2.2304073239706713e-18
2025-08-05,-0.0050828220254137,-0.319812112970553,0.0061777095409356,-0.323361634247555,-0.0143305964680829,0.0009028935383131,17.8500003814697,0.406113260839037,1,2.237974350556565e-06,0.9999977620270815,1.1982697384274408e-22,Bull,1.1982697384274408e-22
2025-08-06,0.0076304741891055,-0.285737631527746,0.0063597403774589,-0.414085041138483,-0.00678070352596,0.0009023913785279,16.7700004577637,0.304904984249261,1,1.2855005213573457e-07,0.9999998714483891,1.8118436610450476e-28,Bull,1.8118436610450476e-28
2025-08-07,-0.0008379874450792,-0.389166471202745,0.0062632266306841,-0.301825791044103,-0.0076126601933095,0.0009074764282141,16.5699996948242,0.240854380673885,1,1.4364056271741131e-08,0.9999999856372597,6.280794036516129e-32,Bull,6.280794036516129e-32
2025-08-08,0.0077673110170728,-0.451546362518476,0.0064406700684956,-0.322179638552559,0.0,0.0009232556249471,15.1499996185303,0.264211059256144,1,2.5616138047308905e-08,0.9999999743849916,3.897866565235326e-32,Bull,3.897866565235326e-32
2025-08-11,-0.0019793621405002,-0.535066944814843,0.0063968948518035,-0.352170740129895,-0.0019774044951013,0.0009326699621527,16.25,0.271184599747268,1,2.1253671082342684e-08,0.999999978746928,2.852971407867319e-31,Bull,2.852971407867319e-31
2025-08-12,0.0105897113263138,-0.504404879988043,0.0067348722509738,-0.33973888873392,0.0,0.0009686375963659,14.7299995422363,0.293536723961242,1,9.367001070960948e-08,0.9999999063293261,8.375812180254035e-31,Bull,8.375812180254035e-31
2025-08-13,0.0034173824976573,-0.578210825158399,0.0066219157546356,-0.494824825271453,0.0,0.0009891519424992,14.4899997711182,0.276062046096427,1,1.7312220269578725e-08,0.999999982686859,1.8526152120306401e-31,Bull,1.8526152120306401e-31
2025-08-14,9.29135523319857e-05,-0.656758409625099,0.006619898112511,-0.425020633357757,0.0,0.0010284811923169,14.8299999237061,0.27594039379292,1,1.650654374657026e-08,0.9999999834944903,3.575614934836348e-32,Bull,3.575614934836348e-32
2025-08-15,-0.0023439428152558,-0.727624668889112,0.006586401446001,-0.271075494304001,-0.0023411979263347,0.0010621745377434,15.0900001525879,0.289258069035823,1,2.009442525960013e-08,0.9999999799038053,9.124696919822458e-32,Bull,9.124696919822458e-32
2025-08-18,-0.0002177362593283,-0.618109369891515,0.0065799843650327,-0.282580620475641,-0.0025584007746582,0.0010815739822339,14.9899997711182,0.294403847775375,1,2.097103406032665e-08,0.9999999790306904,5.273516811893881e-31,Bull,5.273516811893881e-31
2025-08-19,-0.0054398703295905,-0.69347397275305,0.0067329296138004,-0.152865700375012,-0.0079696222201384,0.0011001592466303,15.5699996948242,0.311596095484178,1,7.180308006129228e-08,0.9999999281972148,8.787587364218102e-30,Bull,8.787587364218102e-30
2025-08-20,-0.002660713819437,-0.493424896491824,0.0067748776123253,-0.0963996438579219,-0.0106056227789334,0.0011082730407771,15.6899995803833,0.334673119322514,1,1.2506240067775061e-07,0.9999998749372103,5.1170500690723095e-28,Bull,5.1170500690723095e-28
2025-08-21,-0.0040196848933797,-0.500617701184789,0.0066042103841133,0.0713086273869672,-0.0145746938588048,0.0010953204047788,16.6000003814697,0.351342349815498,1,3.815635716585355e-07,0.9999996184379416,4.083674734670818e-26,Bull,4.083674734670818e-26
2025-08-22,0.0152400132582677,-0.409223057121456,0.0073853862910051,0.195867157216262,0.0,0.0010845648267198,14.2200002670288,0.354466064230353,1,2.0251777644506625e-06,0.9999979748229223,1.1893814948309927e-25,Bull,1.1893814948309927e-25
2025-08-25,-0.0044107330324179,-0.489813736012638,0.0074263098297961,0.34012285090844,-0.0044010200352035,0.0010543630008435,14.789999961853,0.360627372178252,1,1.6293703656055385e-07,0.9999998370622185,2.930897560626276e-26,Bull,2.930897560626276e-26
2025-08-26,0.0041782277951014,-0.462609837556662,0.0074696752431243,0.25407035222066,-0.0002324782100688,0.0009843340708028,14.6199998855591,0.356236879629659,1,1.2786853588133227e-07,0.9999998721323291,1.0577704734833923e-27,Bull,1.0577704734833923e-27
2025-08-27,0.0022759564506929,-0.551816309180806,0.0074396585669053,0.165230015783686,0.0,0.0008832261208463,14.8500003814697,0.358160156241403,1,1.0453183175595783e-07,0.9999998954699604,5.627072127234885e-28,Bull,5.627072127234885e-28
2025-08-28,0.0035351635079115,-0.632448833977923,0.0074454098463048,0.0741083305383231,0.0,0.0007298152244362,14.4300003051758,0.364478000402599,1,9.304642602511054e-08,0.9999999069550584,9.455166145953634e-27,Bull,9.455166145953634e-27
2025-08-29,-0.0059816836749693,-0.703448384968573,0.0075328433966292,0.0861988913791756,-0.0059638290232071,0.0005219715365127,15.3599996566772,0.510872497752247,1,1.571820139565666e-06,0.9999984281797499,3.9779746905171316e-23,Bull,3.9779746905171316e-23
2025-09-02,-0.007437748615751,-0.518881462006953,0.0066916639496989,0.737671930079171,-0.0133297931261146,0.0004563299521954,17.1700000762939,0.427359187653444,1,9.557362770655157e-07,0.9999990442634064,1.0965702301110799e-23,Bull,1.0965702301110799e-23
2025-09-03,0.0054049127484532,-0.345508916948798,0.0059993921390414,0.667409557341008,-0.0079824889076888,0.0004771213189529,16.3500003814697,0.439162321133125,1,1.4547239149225188e-07,0.999999854528152,1.2064498651631868e-24,Bull,1.2064498651631868e-24
2025-09-04,0.0083226869068724,-0.445290329146857,0.0060396693080963,0.472359186437628,0.0,0.0004866239304287,15.3000001907349,0.408896419336599,1,1.054550956906504e-07,0.9999998945459139,1.6024741958936713e-26,Bull,1.6024741958936713e-26
2025-09-05,-0.0029005866062625,-0.52707244190836,0.0059484600826291,0.678381615743317,-0.0028963839692857,0.0005115497277081,15.1800003051758,0.443408362710803,1,5.921836288239065e-08,0.9999999407809828,4.6716454931328807e-26,Bull,4.6716454931328807e-26
2025-09-08,0.0024537557388582,-0.466787521261156,0.0059388676758536,0.602871909522197,-0.0004467310533602,0.00053146761029,15.1099996566772,0.468360813340241,1,8.479493247676589e-08,0.9999999152059935,3.371187430995193e-26,Bull,3.371187430995193e-26
2025-09-09,0.0023091212147541,-0.552540834611569,0.0057551780595557,0.726726601753296,0.0,0.0005700249319146,15.039999961853,0.429662409376594,1,3.4039943276908475e-08,0.9999999659594329,2.061651656725476e-27,Bull,2.061651656725476e-27
2025-09-10,0.0028866349532972,-0.630508242594692,0.0057282717458911,0.621518111300545,0.0,0.00060544294323,15.3500003814697,0.360065463645406,1,1.319318591902858e-08,0.9999999868050509,8.729808929787524e-30,Bull,8.729808929787524e-30
2025-09-11,0.0082759501147924,-0.697887302565699,0.0055584623420632,0.60004993092096,0.0,0.0006517302475905,14.710000038147,0.323857775900678,1,9.635389297945298e-09,0.9999999903629941,6.1775120735019916e-31,Bull,6.1775120735019916e-31
2025-09-12,-0.000334780281161,-0.752462512871982,0.0055403299283346,0.700479067560447,-0.0003347242484962,0.0006924791636086,14.7600002288818,0.378173825108819,1,1.0485147460563506e-08,0.9999999895153451,1.753125352013418e-29,Bull,1.753125352013418e-29
2025-09-15,0.0053099344807998,-0.806419447234952,0.0056180169429491,0.560469663346927,0.0,0.0007221533134014,15.6899995803833,0.405506690531602,1,3.211709056165445e-08,0.9999999678839236,1.0799908035409276e-28,Bull,1.0799908035409276e-28
2025-09-16,-0.0013779271038014,-0.854649010190429,0.0055917506199531,0.550952216018995,-0.0013769781981408,0.0007492826064448,16.3600006103516,0.387361120916253,1,2.505597688397553e-08,0.9999999749452403,6.762170307568509e-29,Bull,6.762170307568509e-29
2025-09-17,-0.0012431360491982,-0.857332241403494,0.0056092912383482,0.569119390565551,-0.0026176311661138,0.0007715567382733,15.7200002670288,0.379450764801449,1,1.6335674675374772e-08,0.9999999836654753,2.1352155079489838e-29,Bull,2.1352155079489838e-29
2025-09-18,0.0046617104785085,-0.845199778482711,0.0054456541693248,0.454562280811885,0.0,0.0007962354751615,15.6999998092651,0.35475187219829,1,1.3760329168320282e-08,0.9999999862411642,5.038863938540298e-30,Bull,5.038863938540298e-30
2025-09-19,0.0049405501644477,-0.890868681907144,0.0053977542068555,0.297948502112967,0.0,0.0008167350934582,15.4499998092651,0.37422843998805,1,1.9717717829686444e-08,0.9999999802821551,5.939145732068821e-30,Bull,5.939145732068821e-30
2025-09-22,0.0047198008251827,-0.930091309824445,0.0052448313461781,0.165054530642557,0.0,0.000844294092164,16.1000003814697,0.315728413871294,1,9.589954329332662e-09,0.9999999904102879,9.414028624952808e-31,Bull,9.414028624952808e-31
2025-09-23,-0.0054582480353939,-0.967461242836797,0.0046232766128059,-0.439091494741463,-0.0054433788650938,0.0008698825357277,16.6399993896484,0.355271230868209,1,3.9817671010203515e-08,0.9999999601823227,7.316943346797419e-30,Bull,7.316943346797419e-30
2025-09-24,-0.0031868295747079,-0.831874249639719,0.0045530854928758,-0.444227507183688,-0.008607816379381,0.0008763426894609,16.1800003051758,0.340999545224585,1,2.1269972267267928e-08,0.9999999787287381,1.8055495507832632e-29,Bull,1.8055495507832632e-29
2025-09-25,-0.0046240493622757,-0.712056656165459,0.0046964372513163,-0.25243945170473,-0.0131814802007395,0.0008459852083479,16.7399997711182,0.324695092083177,1,4.363503714369606e-08,0.9999999563660832,2.173450269398671e-30,Bull,2.173450269398671e-30
2025-09-26,0.0057126855778904,-0.611578287281731,0.0047991751807881,-0.295978446253001,-0.0075279632674596,0.0007888422146046,15.289999961853,0.309965857327941,1,9.252671120008213e-09,0.9999999907486199,2.979258442753578e-31,Bull,2.979258442753578e-31
2025-09-29,0.00280650486172,-0.678013813467577,0.0047843438051876,-0.280312380822416,-0.0047386734243082,0.0007040902665135,16.1200008392334,0.297594838789128,1,6.1249376303381115e-09,0.9999999938736437,1.73130864373167e-32,Bull,1.73130864373167e-32
2025-09-30,0.0037597579990684,-0.740697595443737,0.0045177476337952,-0.434385038330243,-0.0009896884686988,0.0005819297915617,16.2800006866455,0.283967849608337,1,5.318440182018653e-09,0.999999994681275,3.3031871788687396e-33,Bull,3.3031871788687396e-33
2025-10-01,0.0034017796058663,-0.796515955828017,0.0040169974615838,-0.414572613024358,0.0,0.0005852403823082,16.2900009155273,0.262475421033662,1,2.9945983732613287e-09,0.9999999970059434,5.293737073002834e-34,Bull,5.293737073002834e-34
2025-10-02,0.0011510698904784,-0.849059075216619,0.0039531426244084,-0.305976477019348,0.0,0.0006323157829808,16.6299991607666,0.248218606980383,1,2.193414817241389e-09,0.9999999978062988,9.429178242147158e-35,Bull,9.429178242147158e-35
2025-10-03,-1.48055159838734e-05,-0.897795321789464,0.0036945310572213,-0.310422508209739,-1.48054063826567e-05,0.0006830764788005,16.6499996185303,0.245641258802963,1,2.061087638407394e-09,0.999999997937266,2.0737730250177228e-35,Bull,2.0737730250177228e-35
2025-10-06,0.0035798566266853,-0.891268324036577,0.0035698223238585,-0.500048017826511,0.0,0.0007302357702703,16.3700008392334,0.187047398446164,1,6.55450274502226e-10,0.9999999993451638,7.3320919190641306e-37,Bull,7.3320919190641306e-37
2025-10-07,-0.0037144037537206,-0.931783529874726,0.003769453103701,-0.35341592894283,-0.0037075138893177,0.0007415706292438,17.2399997711182,0.219749198123795,1,2.017166971420562e-09,0.9999999979845597,3.3297075435984005e-36,Bull,3.3297075435984005e-36
2025-10-08,0.0059453466190664,-0.810753982782832,0.0038854764027109,-0.388339537522182,0.0,0.0007434042716728,16.2999992370605,0.216286736878822,1,1.5502991867976158e-09,0.999999998450221,3.1053845109280583e-32,Bull,3.1053845109280583e-32
2025-10-09,-0.0029011790781119,-0.856868563099897,0.0040058176579413,-0.224940380847876,-0.0028969747249332,0.0007296436048845,16.4300003051758,0.298422561757674,1,7.870395529879725e-06,0.9999921296057925,8.649647632354469e-25,Bull,8.649647632354469e-25
2025-10-10,-0.0273998325389631,-0.801640569914135,0.0072432846259067,-2.59793552892477,-0.0298465378701778,0.0009004337312534,21.6599998474121,0.527631510549402,0,0.999999879695686,1.2030196954161588e-07,7.854470641316697e-13,Neutral,7.854470641316697e-13
2025-10-13,0.0152275876806565,0.633460967874216,0.0079870555254234,-1.85427321958244,-0.0149603885380152,0.0011312748727722,19.0300006866455,0.523573632564775,0,0.9999978793116246,2.118957660596584e-06,1.7294157813405291e-09,Neutral,1.7294157813405291e-09
2025-10-14,-0.0012223931057615,0.444464924707969,0.0079188245388773,-1.79357342976501,-0.0161637585225374,0.0013022652185967,20.8099994659424,0.512894558116336,0,0.9999716325350201,2.836691508920152e-05,5.495755266505837e-10,Neutral,5.495755266505837e-10
2025-10-15,0.0044297042667862,0.26360401648392,0.0079612756362343,-1.86390833917963,-0.0117959881023444,0.0014491387797684,20.6399993896484,0.526880762085624,0,0.9999064684249327,9.353072127193989e-05,8.546250017036166e-10,Neutral,8.546250017036166e-10
2025-10-16,-0.0068334293493705,0.103999104411089,0.0081145817891147,-1.69672239589907,-0.0185257903984021,0.0015873211999567,25.3099994659424,0.534574788384926,0,0.9999995564140665,4.400098174371895e-07,3.574541381290222e-09,Neutral,3.574541381290222e-09
2025-10-17,0.0056601562145006,0.197060379229302,0.0081446713983184,-1.68902230700964,-0.0129547414212803,0.0017088454703006,20.7800006866455,0.552264235846897,0,0.999964574728376,3.542364049408911e-05,1.6315082166150682e-09,Neutral,1.6315082166150682e-09
2025-10-20,0.0103467871677614,0.0483356968488182,0.0083811987251808,-1.5646046392406,-0.0026889769499151,0.0018304923418083,18.2299995422363,0.54430816152725,0,0.9998331361756289,0.00016686296774853264,8.560716450637867e-10,Neutral,8.560716450637867e-10
2025-10-21,-1.49429904290344e-05,-0.0816769914730367,0.0083267047404397,-1.51875141530565,-0.0027038796476417,0.0019284679052958,17.8700008392334,0.625031383658227,0,0.9996071370371834,0.00039285687060002677,6.091839323419258e-09,Neutral,6.091839323419258e-09
2025-10-22,-0.0052124774534396,-0.205190625636134,0.0083183505845258,-1.52555995567398,-0.0078887384701804,0.0019961343793239,18.6000003814697,0.590982736836394,0,0.9997297792269811,0.0002702178348983592,2.93780928279069e-09,Neutral,2.93780928279069e-09
2025-10-23,0.0059124496774165,-0.0126933766189568,0.008362956307889,-1.64164537647333,-0.0020055556891414,0.0020458286250292,17.2999992370605,0.589224047059973,0,0.9997478062316826,0.0002521904318711465,3.3354111822935167e-09,Neutral,3.3354111822935167e-09
2025-10-24,0.0081393402114375,-0.138571936465374,0.0084155989962296,-1.78549998403665,0.0,0.0020859699913838,16.3700008392334,0.64253393319467,0,0.9998378538652065,0.00016212708089096802,1.90554255896623e-08,Neutral,1.90554255896623e-08
2025-10-27,0.0117286146034017,-0.253490548315143,0.0086694021931674,-1.65388111534917,0.0,0.0021267165913451,15.789999961853,0.691108948238199,0,0.9999354259639166,6.451302798941395e-05,6.100723433909957e-08,Neutral,6.100723433909957e-08
2025-10-28,0.0026524950416693,-0.347170961665082,0.0086684453385118,-1.6518700328235,0.0,0.0021495149158452,16.4200000762939,0.661393878558327,0,0.9997133225385827,0.00028665877171994914,1.8690001323302878e-08,Neutral,1.8690001323302878e-08
2025-10-29,0.0004802552976475,-0.44489740449839,0.0086580455617202,-1.60324420355858,0.0,0.0021419360827777,16.9200000762939,0.663292967702766,0,0.9997016763230566,0.00029830690212732204,1.6775130476619306e-08,Neutral,1.6775130476619306e-08
2025-10-30,-0.0110591143403855,-0.53527309919152,0.0090641437586573,-1.29977491126113,-0.0109981871425081,0.0021009403736609,16.9099998474121,0.612001917001844,0,0.9999595501208485,4.044466550212653e-05,5.212096340142823e-09,Neutral,5.212096340142823e-09
2025-10-31,0.0032748538951503,-0.19403873965565,0.0090800454537536,-1.32616868032853,-0.0077540415513132,0.0020250372352599,17.4400005340576,0.603937034818431,0,0.9997953469614832,0.00020465023590159797,2.8009927385340995e-09,Neutral,2.8009927385340995e-09
2025-11-03,0.0018749809994727,-0.309339881675849,0.0090798383569518,-1.35661185690549,-0.0058918539948265,0.0018887393902434,17.1700000762939,0.602543476019782,0,0.9995682490015467,0.0004317487820698113,2.2163598983856126e-09,Neutral,2.2163598983856126e-09
2025-11-04,-0.0119243608024746,-0.412057752420188,0.0094806394308663,-1.08251673893668,-0.0176755619844796,0.001704249100487,19.0,0.629694785444145,0,0.9999961489849312,3.844032817523527e-06,6.98383646304053e-09,Neutral,6.98383646304053e-09
2025-11-05,0.0034594854141323,-0.0386989342503677,0.0094596197842489,-1.1950347737073,-0.0142713398860252,0.0014696885732331,18.0100002288818,0.61040545920055,0,0.9999353637257583,6.463370468334595e-05,2.5683138826472544e-09,Neutral,2.5683138826472544e-09
2025-11-06,-0.0107874293787704,-0.167321851165636,0.0096886517176376,-0.950622154596054,-0.0248476699243907,0.0011584622140209,19.5,0.611834887149768,0,0.9999975697130568,2.425961553080476e-06,4.325212608189473e-09,Neutral,4.325212608189473e-09
2025-11-07,0.0009840807123628,0.0644401937712391,0.009671542340544,-1.01327788158411,-0.0238875689938251,0.0006465208031377,19.0799999237061,0.612555919694528,0,0.9962302545855798,0.0037697443291024196,1.0856548548358444e-09,Neutral,1.0856548548358444e-09
2025-11-10,0.0154838740552954,-0.0389761757663389,0.007979219048941,-0.162306129328168,-0.0086559491207386,0.0005861755321518,17.6000003814697,0.481996525272358,1,0.28415621336217683,0.7158437866374693,9.459671657374307e-13,Bull,9.459671657374307e-13
2025-11-11,0.0022865608539506,-0.15203380142609,0.007386599789772,-0.23981786534608,-0.0063865870927662,0.0006324166470518,17.2800006866455,0.482991458958578,1,0.009177814386313665,0.9908221856141117,3.4418936649428696e-13,Bull,3.4418936649428696e-13
2025-11-12,0.0005562356386343,-0.26839334399106,0.0073650442020032,-0.275017577817091,-0.0058337501619342,0.0006729664864934,17.5100002288818,0.469614899561302,1,0.011257876312120794,0.9887421236864994,1.8507900166253492e-13,Bull,1.8507900166253492e-13
2025-11-13,-0.0167332190959311,-0.339367802286946,0.0083285436963368,-0.355875982014244,-0.0223309413474485,0.0006606166491021,20.0,0.483237639158146,0,0.9894294118085475,0.010570588190618598,1.6688503243612864e-12,Neutral,1.6688503243612864e-12
2025-11-14,-0.0001635630445306,0.168462379536847,0.0081608158255578,-0.460988167270279,-0.0224908387982122,0.0006589857433571,19.8299999237061,0.452994186084643,0,0.9973844792167091,0.0026155207628645125,1.9727400746223423e-11,Neutral,1.9727400746223423e-11
2025-11-17,-0.0093602917396298,0.110664549850204,0.0083697452365197,-0.265773831295732,-0.0315979207601593,0.0006529392836438,22.3799991607666,0.464246225459385,0,0.9999992844680323,7.154467208698656e-07,8.511364354808427e-11,Neutral,8.511364354808427e-11
2025-11-18,-0.008432918992475,0.251623629577021,0.0082211888477363,-0.101234615393243,-0.0397300401023881,0.0006567267869658,24.6900005340576,0.432312657314426,0,0.9999999996107363,3.2479214745088643e-10,6.574624439987208e-11,Neutral,6.574624439987208e-11
2025-11-19,0.0038557337390647,0.424134179257647,0.0082828900061056,-0.158337979823279,-0.0360203476220715,0.0006577319311896,23.6599998474121,0.415853625665546,0,0.9999999870597094,1.292264754038551e-08,1.798889498426419e-11,Neutral,1.798889498426419e-11
2025-11-20,-0.0153595841098708,0.243808172330252,0.0088414398717436,-0.192284768498966,-0.0507135446122393,0.0006562246940202,26.4200000762939,0.481642897465355,0,0.9999999980536813,2.1432411286881269e-16,1.946039718621215e-09,Neutral,1.946039718621215e-09
2025-11-21,0.0099118530524764,0.570691972513412,0.0090409014100884,-0.175909543052722,-0.0412575710681947,0.0006590892707894,23.4300003051758,0.447123146479618,0,0.9999999998908606,1.8313876739759106e-11,9.240227848781364e-11,Neutral,9.240227848781364e-11
2025-11-24,0.014611339452439,0.376705028702054,0.0094651952200838,-0.0722474579119999,-0.0271462181611811,0.000678928830065,20.5200004577637,0.453699936557402,0,0.999956066561154,4.393339081985869e-05,4.6915457152189315e-11,Neutral,4.6915457152189315e-11
2025-11-25,0.0093618765987049,0.217257473955289,0.009324061271181,-0.094401469470923,-0.0179957149989986,0.0006917608778501,18.5599994659424,0.385367833089843,0,0.7298434771276227,0.27015652287362807,1.5050805357655364e-13,Neutral,1.5050805357655364e-13
2025-11-26,0.0068798618018144,0.0646823419098062,0.0094452582440716,-0.13202146245197,-0.0112163674826599,0.000708114679121,17.1900005340576,0.400873265640419,1,0.10598773819848,0.8940122618031934,9.710618364804962e-15,Bull,9.710618364804962e-15
2025-11-28,0.0054435909666965,-0.0737091416371576,0.0095330790581729,-0.192188853903941,-0.0058191570575252,0.0007260579488386,16.3500003814697,0.41010132720009,1,0.005317795645076356,0.9946822043545492,5.502030630735583e-16,Bull,5.502030630735583e-16
2025-12-01,-0.0045759238898668,-0.199138163618316,0.0092677640184078,-0.236067307730661,-0.0103580601699658,0.0007307932400325,17.2399997711182,0.399948182507731,1,0.00029644911672046235,0.9997035508815633,9.858827016407977e-18,Bull,9.858827016407977e-18
2025-12-02,0.0018505635218018,-0.123107022345792,0.0092480270423,-0.216857860043281,-0.0085249692940491,0.0007345536779488,16.5900001525879,0.416372464614031,1,3.049456405992822e-05,0.9999695054350364,3.0304000295974335e-19,Bull,3.0304000295974335e-19
2025-12-03,0.0034567675691006,-0.248607484449379,0.0092707920834993,-0.237948336173455,-0.0050917400432725,0.0007388404420823,16.0799999237061,0.411130635329564,1,1.1079793598475634e-05,0.9999889202076606,3.163300713286438e-21,Bull,3.163300713286438e-21
2025-12-04,0.0007308726355024,-0.361663161639327,0.0088563520003489,-0.356165905657728,-0.0043643230290199,0.0007245809426618,15.7799997329712,0.39580222199817,1,2.983786171300753e-06,0.9999970162142695,9.37773376243961e-23,Bull,9.37773376243961e-23
2025-12-05,0.001897593183509,-0.464152000460202,0.0088380377654476,-0.334028770943413,-0.0024732178484589,0.0007096611489822,15.4099998474121,0.390629979177323,1,1.8638259072122573e-06,0.9999981361742446,6.850646226838714e-24,Bull,6.850646226838714e-24
2025-12-08,-0.0030087308003299,-0.558727724406271,0.0084947231729635,-0.391803757233197,-0.0054699968906839,0.0006813061532691,16.6599998474121,0.347531943012592,1,1.020982369989162e-06,0.999998979016321,2.9930440307081633e-25,Bull,2.9930440307081633e-25
2025-12-09,-0.0008634907951279,-0.568663287655093,0.0085037737573681,-0.359234870010185,-0.006328393731626,0.0006476924107733,16.9300003051758,0.347627153588801,1,9.199777821718753e-07,0.9999990800210665,2.193730074579282e-26,Bull,2.193730074579282e-26
2025-12-10,0.0066103387424183,-0.572661205271272,0.0079421261076247,-0.578260646987709,0.0,0.000649738710341,15.7700004577637,0.275411244944706,1,1.3649060337674378e-07,0.9999998635103204,2.973071428811289e-29,Bull,2.973071428811289e-29
2025-12-11,0.0023242428851189,-0.650208385295895,0.0079425716237351,-0.578817029330077,0.0,0.0006043328285216,14.8500003814697,0.259276248228712,1,4.327162028460315e-08,0.999999956729881,1.2704632864135764e-29,Bull,1.2704632864135764e-29
2025-12-12,-0.0108102968489865,-0.724676454662607,0.0083121147584501,-0.431161973023925,-0.0107520755752827,0.0005303857882449,15.7399997711182,0.266344315537752,1,9.67573627992153e-07,0.9999990324254346,2.39779370752865e-29,Bull,2.39779370752865e-29
2025-12-15,-0.0015119509722545,-0.349340400303723,0.0074044522420407,-0.332808428807852,-0.0122466397977887,0.0006005438266217,16.5,0.261573059646936,1,1.056709799393831e-07,0.9999998943276351,7.728365145158064e-29,Bull,7.728365145158064e-29
2025-12-16,-0.002736024649435,-0.372825312830629,0.0074391192375385,-0.282163997520302,-0.0149454636310204,0.0006516074435962,16.4799995422363,0.26566246276909,1,2.1133103599864292e-07,0.9999997886698334,4.6175083875259306e-27,Bull,4.6175083875259306e-27
2025-12-17,-0.0110645813229544,-0.366055070710397,0.0075602556903284,-0.305390247726549,-0.0257846038007312,0.0006928198518193,17.6200008392334,0.241411911984139,1,4.853256812560119e-05,0.9999514674336226,2.152609464330212e-26,Bull,2.152609464330212e-26
2025-12-18,0.0075228946457928,-0.0606823654133977,0.0074279243488664,-0.506187502252705,-0.0184280474081451,0.0007364846436117,16.8700008392334,0.227445852865945,1,1.097408851080994e-06,0.9999989025897431,5.88767048795577e-27,Bull,5.88767048795577e-27
2025-12-19,0.0090226791565433,-0.192427174821394,0.0076048750562294,-0.516972939769865,-0.0095315639069303,0.00076504054267,14.9099998474121,0.24888657827086,1,1.6489577846002781e-07,0.9999998351049861,8.057269141442935e-31,Bull,8.057269141442935e-31
2025-12-22,0.0062104788415737,-0.304403972840591,0.0066188375162719,-0.41185843717197,-0.0033611398300249,0.0008706322352154,14.0799999237061,0.155705478629777,1,2.04607696366425e-09,0.9999999979554559,1.521002177326608e-35,Bull,1.521002177326608e-35
2025-12-23,0.0045600793634355,-0.404982670511557,0.0064167541592044,-0.408861409617207,0.0,0.0009653904697736,14.0,0.204783807935714,1,4.076851882004285e-09,0.9999999959218258,1.161539057498176e-36,Bull,1.161539057498176e-36
2025-12-24,0.0035115018507667,-0.49637162939331,0.0057662905554563,-0.792774495646038,0.0,0.0010785892554661,13.4700002670288,0.15274534614344,1,7.542952046180307e-10,0.9999999992469384,1.4298370890171971e-38,Bull,1.4298370890171971e-38
2025-12-26,-0.0001014148077596,-0.580076441124692,0.0054976285415267,-0.804877666767698,-0.000101409665452,0.0011885078269725,13.6000003814697,0.134875218622429,1,4.192195029424097e-10,0.9999999995816324,2.4971160276497196e-40,Bull,2.4971160276497196e-40
2025-12-29,-0.0035700184467799,-0.630693139740261,0.0054310172953618,-0.645622021570569,-0.0036647017840368,0.0012601916404629,14.1999998092651,0.0963061756197951,1,2.0728404892924187e-10,0.9999999997926352,5.793107436443269e-41,Bull,5.793107436443269e-41
2025-12-30,-0.0012219599023577,-0.584106474115092,0.005334425904577,-0.536435096680242,-0.0048814400136943,0.001300545104896,14.3299999237061,0.0566542558195011,1,2.0827742302185116e-09,0.9999999979154381,2.051472775794041e-34,Bull,2.051472775794041e-34
