Date,SPY_Return,SPY_V,RollingVol21,RollingSkew21,Drawdown,VolOfVol,VIX,C_t,State,Regime,Prob_Recovery,Prob_StableBull,Prob_Correction,Prob_Panic,Prob_BullRecovery
2016-01-04,-0.014078276,0.625878053,0.011695039,0.098234439,-0.043851596,0.000980718,20.70000076,0.828264587,2,Correction,2.2624436481198036e-172,0.0,1.0,1.427381902523378e-259,1.9487245016878097e-165
2016-01-05,0.001690105,1.047069148,0.011344243,-0.024521869,-0.042234238,0.000861804,19.34000015,0.801966959,2,Correction,8.853688832812803e-12,9.732774739131844e-36,0.9999999430037877,2.0491813248855136e-13,5.698658148065501e-08
2016-01-06,-0.012694578,0.768872084,0.010647839,-0.000368271,-0.054315823,0.000814577,20.59000015,0.758903795,2,Correction,2.1006743539437987e-14,5.805976125191899e-47,0.9999999862193363,2.2443794137223457e-18,1.378050831500039e-08
2016-01-07,-0.024283884,1.088436774,0.011668522,-0.11522035,-0.077004113,0.000799791,24.98999977,0.811197588,2,Correction,1.1437705669547428e-13,3.256678712070579e-89,1.0,2.8360614664473386e-16,1.5316937460788296e-14
2016-01-08,-0.011037153,2.182558748,0.011772665,-0.072949622,-0.087135348,0.000783562,27.01000023,0.791319842,2,Correction,9.834127705786679e-12,3.514071763042673e-128,0.999999999990905,9.046347649110925e-15,6.001414179374806e-21
2016-01-11,0.000989353,2.367679573,0.011760997,-0.177366392,-0.086231756,0.000742819,24.29999924,0.772648261,2,Correction,1.2886527763829187e-08,4.9717810605956e-150,0.9999999871142791,9.239725988426864e-14,2.4941283141150004e-22
2016-01-12,0.008035871,1.881902116,0.011946678,-0.201839957,-0.078859249,0.000692154,22.46999931,0.778540406,2,Correction,5.674809671290723e-07,3.1037607636075457e-146,0.9999994325154848,2.7036605634165554e-12,1.474759698354513e-19
2016-01-13,-0.025256745,1.473056011,0.012405403,-0.293576076,-0.101832925,0.000731897,25.21999931,0.777104349,2,Correction,3.498376899622469e-06,4.993196685743723e-180,0.9999965015656276,5.8128785266672354e-11,1.0576686020754966e-23
2016-01-14,0.016283294,2.31284556,0.012993867,-0.229045659,-0.087088085,0.000784926,23.95000076,0.820052189,2,Correction,1.1011533302088358e-05,1.2345325862214317e-195,0.9999889883789925,8.844612398605905e-11,1.3840990482538316e-26
2016-01-15,-0.021699748,1.853934279,0.013299333,-0.061394317,-0.106684654,0.000833992,27.02000046,0.849948301,2,Correction,7.646149793786305e-05,2.883954443338246e-200,0.9999235325092182,5.9920104989541815e-09,5.1745005846319544e-27
2016-01-19,0.001329991,2.34087944,0.012682921,-0.071743216,-0.105495762,0.000789839,26.04999924,0.841082165,2,Correction,0.001540782002135663,3.094505905288218e-241,0.9984592067290834,1.1268805222671337e-08,3.94960047426108e-31
2016-01-20,-0.012897583,1.945417392,0.012588957,-0.084384344,-0.116958624,0.000773303,27.59000015,0.824926786,2,Correction,0.026109078040245457,1.1447546615622688e-269,0.9738905441705431,3.7778992768688363e-07,2.8848581670808703e-34
2016-01-21,0.005586434,2.128401491,0.012367124,-0.274000677,-0.112011767,0.000733041,26.69000053,0.801273556,2,Correction,0.29769381630706426,1.0369131699983849e-293,0.702305091695438,1.091997763922513e-06,5.564959540366774e-38
2016-01-22,0.020307589,1.684205371,0.013183864,-0.100947137,-0.093794519,0.00075023,22.34000015,0.831635954,0,Recovery,0.9131370506540981,3.346249423881289e-263,0.08686115112431723,1.7982207003544345e-06,1.335609323575397e-35
2016-01-25,-0.015231855,1.316304824,0.013166656,0.088737932,-0.107493117,0.000761161,24.14999962,0.837814904,0,Recovery,0.980945285704223,2.508762732653678e-241,0.019054575333064618,1.3896209596512064e-07,1.519742831552127e-32
2016-01-26,0.013550659,1.393804956,0.013245559,0.096620876,-0.095316748,0.000787182,22.5,0.830493467,0,Recovery,0.9986559228242056,7.237685638566004e-259,0.0013440440263622177,3.314989176186801e-08,3.4629880616040417e-37
2016-01-27,-0.010942663,1.044902727,0.013324983,0.18891753,-0.105162424,0.000805554,23.11000061,0.790292546,0,Recovery,0.9999426370132345,1.4089920220356328e-253,5.736013330877483e-05,2.8529640795931814e-09,5.736357943442483e-37
2016-01-28,0.005195581,0.94104664,0.013479169,0.118680261,-0.100501125,0.000821556,22.42000008,0.79707593,0,Recovery,0.9999996447296047,4.26914762166563e-280,3.538096673092305e-07,1.4602503390820248e-09,9.71630572997908e-43
2016-01-29,0.024084816,0.654571225,0.014486777,0.276925198,-0.078573864,0.000928668,20.20000076,0.812270279,0,Recovery,0.99999995077451,1.6728517259855994e-237,2.4341884281138566e-09,4.679044608091276e-08,1.7086405058907774e-40
2016-02-01,-0.000361454,0.429838952,0.014471653,0.210870479,-0.078906857,0.001005758,19.97999954,0.809795187,0,Recovery,0.9999999826577551,1.0551459381706221e-182,8.578818408787174e-11,1.7256638700699546e-08,1.2084039598932575e-29
2016-02-02,-0.018186414,0.192767649,0.014777471,0.227970809,-0.095506833,0.001083167,21.97999954,0.809661399,0,Recovery,0.999999974303137,1.7218841175848814e-222,1.443368837869022e-12,2.5694886277504504e-08,2.483836403585148e-36
2016-02-03,0.005977266,1.123273627,0.014694932,0.064840201,-0.090084247,0.001136488,21.64999962,0.793669791,0,Recovery,0.9999999941264832,1.3255141540440896e-235,6.932449502820065e-14,5.873947639240431e-09,4.960067302339963e-34
2016-02-04,0.001566876,0.812571263,0.014693258,0.065995068,-0.088657405,0.001146336,21.84000015,0.809302525,0,Recovery,0.9999999890405888,4.74804561088119e-224,2.831570806425201e-15,1.0959159705010027e-08,9.002123933022737e-34
2016-02-05,-0.019234094,0.580208391,0.01498942,0.069781121,-0.106018754,0.001084825,23.37999916,0.814847075,0,Recovery,0.9999999848168956,1.0049347737304934e-266,5.1386008882316914e-17,1.518247468544609e-08,7.234830184926428e-40
2016-02-08,-0.01355253,1.126899694,0.014386795,0.121104801,-0.118052731,0.001049785,26.0,0.775743077,0,Recovery,0.9999999954306986,5e-324,2.712082880809117e-18,4.568781813242344e-09,7.973158832509026e-45
2016-02-09,5.41e-05,1.670916823,0.014247768,0.023235504,-0.118005038,0.000999509,26.54000092,0.786554995,0,Recovery,0.9999999968840712,0.0,3.1232020466772054e-19,3.1159381337192092e-09,2.7861576140277546e-47
2016-02-10,-0.000863319,1.280133867,0.014236416,0.042027522,-0.118766152,0.000929489,26.29000092,0.783877198,0,Recovery,0.9999999972787919,0.0,6.448984813284886e-21,2.721133379682744e-09,7.940502650706399e-51
2016-02-11,-0.013093083,1.046081029,0.014258598,0.216729687,-0.130229014,0.0008576,28.13999939,0.772316136,0,Recovery,0.9999999901046976,0.0,3.108623575675455e-22,9.895202564402068e-09,8.809389758706748e-58
2016-02-12,0.020407114,1.322117886,0.014133223,0.177916837,-0.112297152,0.000807244,25.39999962,0.753457828,0,Recovery,0.999999995192411,0.0,8.66191842771674e-25,4.807429101685103e-09,1.7210086940244774e-59
2016-02-16,0.016737211,1.001272611,0.014160588,0.179353533,-0.097314448,0.000789252,24.11000061,0.752715599,0,Recovery,0.9999999838200894,1.9438549581486e-310,1.6532222623514645e-26,1.6179549290154235e-08,9.316820250552712e-46
2016-02-17,0.016202913,0.717752626,0.013737458,0.0701363,-0.082569177,0.000779666,22.30999947,0.742435411,0,Recovery,0.9999999712981666,8.81085965664277e-241,6.829564634226656e-27,2.8701572627727402e-08,5.071856196263017e-36
2016-02-18,-0.004104502,0.465536429,0.013787337,0.124052633,-0.086327056,0.000731184,21.63999939,0.744583503,0,Recovery,0.9999999928186298,4.865355036459922e-217,7.366579500588806e-27,7.181385293932629e-09,1.5643511915184738e-31
2016-02-19,-0.000468305,0.441975547,0.013422425,0.055723174,-0.086754833,0.000675561,20.53000069,0.761496549,0,Recovery,0.9999999966512405,2.7568184520542653e-232,2.096161236814637e-27,3.348423169606732e-09,4.528179557817207e-34
2016-02-22,0.014375265,0.192357841,0.013687294,-0.001095684,-0.073531878,0.000573161,19.37999916,0.766929726,0,Recovery,0.9999999743795346,1.842863493124878e-217,1.2645092010993879e-27,2.5620397247110856e-08,4.975882221781056e-35
2016-02-23,-0.012710006,-0.012536546,0.013374357,0.162528047,-0.085232777,0.000560514,20.97999954,0.747780375,0,Recovery,0.9999999883566488,3.292176663272158e-205,3.583823010775723e-27,1.1643009088736656e-08,5.589533834091646e-32
2016-02-24,0.004565309,0.225134809,0.01290331,0.04956918,-0.081047034,0.000583421,20.71999931,0.745005866,0,Recovery,0.9999999940591806,4.660278915303424e-218,1.7253715559606174e-27,5.94088596599343e-09,4.418494800748764e-34
2016-02-25,0.012038803,-0.004899841,0.012836113,0.053282612,-0.069917079,0.000616625,19.11000061,0.749530191,0,Recovery,0.999999984231181,9.391748101847576e-195,1.1066008700627924e-27,1.576918112661592e-08,2.269513294262319e-32
2016-02-26,-0.002304547,-0.188561603,0.012558967,0.002612312,-0.072058031,0.000678381,19.80999947,0.794233955,0,Recovery,0.9999999746705729,4.0952974123729375e-171,5.0857230584010136e-27,2.5329981375829157e-08,1.6948040525421072e-28
2016-02-29,-0.007872752,-0.249112418,0.012701613,0.130083556,-0.079334806,0.000725936,20.54999924,0.794168905,0,Recovery,0.9999999831688912,5.908639799058303e-187,3.1425138901079195e-27,1.6830244555450035e-08,5.873334070572023e-32
2016-03-01,0.023235118,0.006847493,0.012625885,0.109283024,-0.057692586,0.000767081,17.70000076,0.793739665,0,Recovery,0.9999998752318866,7.025756403892084e-171,2.5690945753497375e-27,1.2476852784468894e-07,8.460916344726397e-30
2016-03-02,0.004482293,-0.166257044,0.012642716,0.053840642,-0.053459408,0.00079534,17.09000015,0.793969359,0,Recovery,0.9999999368519659,1.0962532506237637e-120,2.722743977717658e-26,6.314757230876463e-08,8.269945185285056e-20
2016-03-03,0.003911799,-0.351954913,0.011833664,0.020784461,-0.04974948,0.000862699,16.70000076,0.756878806,0,Recovery,0.9999999539631983,5.7888478099828215e-98,8.198664945578184e-20,4.6037075589200775e-08,1.5514837084742724e-18
2016-03-04,0.003248214,-0.518742688,0.011806793,0.053300921,-0.046657845,0.000910779,16.86000061,0.785730325,0,Recovery,0.9999999101128236,1.2100451293659087e-87,1.5394040328218162e-18,8.98880841089258e-08,4.8691780883038e-18
2016-03-07,0.000798407,-0.674463386,0.011810109,0.062700445,-0.045896386,0.000935299,17.35000038,0.782421955,0,Recovery,0.9999998532166609,1.369966597111745e-82,4.918915573980556e-18,1.467825764583539e-07,1.317118432002405e-18
2016-03-08,-0.010978104,-0.808302275,0.011182224,0.242190675,-0.056313351,0.000968018,18.67000008,0.693091609,0,Recovery,0.999999959121852,1.1115883551631455e-92,1.3981219561681455e-18,4.087804838448882e-08,2.2354220950899823e-20
2016-03-09,0.004927207,-0.221245333,0.010559251,0.213989821,-0.051652138,0.001079185,18.34000015,0.713328897,0,Recovery,0.9999999718293116,4.360937220166208e-94,6.7444636655766e-20,2.816985015746903e-08,9.882985879038759e-18
2016-03-10,0.000802338,-0.396202172,0.010548452,0.205166987,-0.050890937,0.001160179,18.04999924,0.70544398,0,Recovery,0.9999999726242098,1.4127270663821002e-85,9.787453907205251e-18,2.7375444125950852e-08,3.820821875285349e-17
2016-03-11,0.016008105,-0.538719758,0.01083863,0.043039433,-0.035575239,0.001186517,16.5,0.72360277,0,Recovery,0.9999997231207473,6.789003191569313e-72,3.651012129262833e-17,2.768798389933724e-07,1.173944512467993e-16
2016-03-14,-0.001283291,-0.661749264,0.010177506,0.129032088,-0.036812083,0.001240872,16.92000008,0.734834012,0,Recovery,0.9999998410894604,2.1443546377889703e-51,1.2009333285716909e-16,1.5890859936263848e-07,2.056779679997279e-12
2016-03-15,-0.001630716,-0.735981215,0.009614665,0.257516487,-0.038381489,0.001322429,16.84000015,0.731505736,0,Recovery,0.9999998874118382,5.527706133833415e-50,1.9996266028077855e-12,1.1258693754160429e-07,6.225748042009551e-14
2016-03-16,0.005770503,-0.776673074,0.00916463,0.329379044,-0.032816425,0.00140441,14.98999977,0.713546487,0,Recovery,0.9999999512965599,1.111006788392589e-50,6.957854272778779e-14,4.8703244431437735e-08,1.1359741034408922e-14
2016-03-17,0.006323985,-0.895298937,0.008710774,0.384906421,-0.02668059,0.001515834,14.43999958,0.689058814,0,Recovery,0.9999999446827148,5.850573764670409e-41,1.0125241745715288e-14,5.5317580996597775e-08,5.579790124151939e-13
2016-03-18,0.003922091,-0.997310791,0.008566839,0.294505242,-0.022855647,0.001591497,14.02000046,0.672528693,0,Recovery,0.9999999298488571,1.4473930700148966e-32,4.989662065126036e-13,7.013949438430436e-08,1.1599204051880603e-11
2016-03-21,0.001417803,-1.096489088,0.00853631,0.268926081,-0.021469267,0.001652861,13.78999996,0.663194763,0,Recovery,0.9999999195133601,2.857338522111355e-29,1.0339094541070284e-11,8.046765325117169e-08,9.303409442687122e-12
2016-03-22,-0.000537778,-1.187022735,0.00818074,0.440309509,-0.021995358,0.001686721,14.17000008,0.65625375,0,Recovery,0.9999999317533389,7.220281037435715e-29,6.979271912497514e-12,6.823809468553896e-08,7.622886173284415e-13
2016-03-23,-0.006621308,-1.19365866,0.007705942,0.723993878,-0.028449637,0.001741802,14.93999958,0.576459141,0,Recovery,0.9999999913252395,2.0003431236580428e-32,4.972392647485813e-13,8.673748083984251e-09,4.751476273713256e-13
2016-03-24,-0.000442971,-0.951411025,0.007728247,0.808068496,-0.028879911,0.001785717,14.73999977,0.574299716,0,Recovery,0.999999994846803,8.138133554413602e-35,1.603698258882531e-13,4.95249498128932e-09,2.0096345438902474e-10
2016-03-28,0.000590851,-0.97862949,0.007429306,1.030432889,-0.028305954,0.001820273,15.23999977,0.575579193,0,Recovery,0.9999998497442106,1.3738935889683908e-30,8.479809534324505e-14,1.1320290875413891e-08,1.3893608316230565e-07
2016-03-29,0.009207628,-1.077713566,0.007513534,0.825330695,-0.01931764,0.00183106,13.81999969,0.60205469,0,Recovery,0.9999384695906484,1.5343107712726969e-24,2.615471145453539e-12,8.626153181697421e-07,6.066779136455906e-05
2016-03-30,0.004377897,-1.152386838,0.007122524,0.881623865,-0.015014902,0.001823316,13.56000042,0.585764943,0,Recovery,0.9331966448024503,2.0985254577421107e-15,1.5505410504761888e-11,8.810051608169814e-06,0.06679454513051454
2016-03-31,-0.002429915,-1.227311491,0.00554228,0.091815185,-0.017405427,0.001913504,13.94999981,0.393575964,4,Bull Recovery,0.023921365717477362,1.635237886011758e-13,7.5409981294336e-11,2.034412165282121e-09,0.9760786321728097
2016-04-01,0.00678873,-1.197895754,0.005616422,0.055532237,-0.010712164,0.001930746,13.10000038,0.402646624,4,Bull Recovery,0.00106079540230878,1.525684987922217e-11,1.695273999412932e-09,2.6212230585914566e-10,0.9989392026247106
2016-04-04,-0.003242708,-1.263377095,0.005717329,0.192543073,-0.01391494,0.001952089,14.11999989,0.405151106,4,Bull Recovery,8.65886603672385e-06,3.3927090310611964e-10,4.749263852617279e-10,2.2713080334444456e-11,0.9999913402964254
2016-04-05,-0.010038408,-1.23562458,0.00625464,0.114318502,-0.023764147,0.001894709,15.42000008,0.501734439,4,Bull Recovery,2.002651677015253e-06,1.5941035536707237e-13,2.176397153855544e-07,5.550690789602119e-08,0.9999977242012822
2016-04-06,0.010862218,-0.684378332,0.006603761,0.037633212,-0.013102258,0.00177703,14.09000015,0.510488199,4,Bull Recovery,1.7246280562028896e-07,2.6542480105263616e-12,1.515917886102514e-07,5.273808714151559e-09,0.9999996706683847
2016-04-07,-0.012038237,-0.793676978,0.006708026,-0.0338978,-0.024911543,0.001673476,16.15999985,0.627913846,4,Bull Recovery,1.1700675768788844e-08,1.6079882219457192e-11,3.5268389449790774e-06,2.8211976689096033e-07,0.9999961793237391
2016-04-08,0.002693233,-0.358433009,0.006669539,0.008200086,-0.022281863,0.001594074,15.35999966,0.655452478,4,Bull Recovery,2.304301573312774e-09,1.918011813518988e-13,2.7014269757586173e-06,1.3668884118800205e-07,0.9999971595793208
2016-04-11,-0.002350291,-0.518733835,0.006720192,0.067464731,-0.024577087,0.001485848,16.26000023,0.670635467,4,Bull Recovery,7.286227743633839e-10,6.219391787549377e-13,2.2843442784324253e-06,1.7033145610124093e-07,0.9999975445946934
2016-04-12,0.00926992,-0.584512601,0.006116696,-0.347882478,-0.015492955,0.001332085,14.85000038,0.662263236,4,Bull Recovery,6.833215715115249e-10,7.430748717399484e-09,1.4200376605222401e-05,5.350683987303778e-07,0.999985256441053
2016-04-13,0.010050414,-0.70853659,0.006400316,-0.415487301,-0.005548362,0.001192772,13.84000015,0.682956584,4,Bull Recovery,6.481585528714159e-11,0.04014034270590955,9.674201501176293e-05,3.0399828357975055e-08,0.9597628848146206
2016-04-14,4.81e-05,-0.818786162,0.006369389,-0.454580994,-0.005500497,0.001078231,13.72000027,0.7196053,1,Stable Bull,2.0924476121970906e-12,0.8196887656013465,1.7768339316734903e-05,1.554130792620569e-09,0.18029346450267195
2016-04-15,-0.001106398,-0.931842691,0.006320902,-0.324442992,-0.0066002,0.000981988,13.61999989,0.652301409,1,Stable Bull,4.787015127211247e-13,0.9781019061015563,1.4648144959699934e-06,5.5834303977603645e-11,0.021896629027092503
2016-04-18,0.007002089,-0.873056849,0.006349659,-0.323846757,0.0,0.000905866,13.35000038,0.550697682,1,Stable Bull,1.0049518687733947e-14,0.9981964896668413,7.856160697245391e-08,1.7487278000587672e-13,0.0018034317719799776
2016-04-19,0.003149264,-0.966543298,0.006335963,-0.310441309,0.0,0.000823411,13.23999977,0.623332171,1,Stable Bull,2.6269352726736304e-16,0.9999031573717865,4.0391129287230843e-08,4.2069060083167096e-14,9.68022377837667e-05
2016-04-20,0.000952456,-1.061651523,0.00633623,-0.299658166,0.0,0.000719378,13.27999973,0.592571558,1,Stable Bull,1.2531175832523596e-16,0.9999822893264017,2.408773380896287e-08,9.575990878176705e-16,1.7686585145143995e-05
2016-04-21,-0.005393057,-1.147356526,0.006491293,-0.222923947,-0.00537854,0.000628925,13.94999981,0.588061051,1,Stable Bull,1.586103865678659e-16,0.999983409724623,3.6942440134377776e-08,2.7927891726151766e-16,1.655333212039476e-05
2016-04-22,0.0,-0.909901475,0.006258426,-0.310877387,-0.00537854,0.000575726,13.22000027,0.427031243,1,Stable Bull,6.928270327192459e-17,0.9999820715826983,1.601878933244153e-09,1.591695971693032e-19,1.7926815645340447e-05
2016-04-25,-0.001724236,-0.99526891,0.006282782,-0.282160498,-0.007092025,0.000504119,14.07999992,0.423425271,1,Stable Bull,2.1910653024379686e-17,0.9999612514834105,2.017145938085765e-09,1.7242345419552356e-18,3.874649883117305e-05
2016-04-26,0.00148492,-0.992120581,0.006280979,-0.303174336,-0.005616541,0.000450425,13.96000004,0.421963902,1,Stable Bull,5.887215150035034e-16,0.999700475841601,2.9793027048785047e-09,5.957155218896232e-17,0.0002995211789999163
2016-04-27,0.002056148,-1.086597221,0.006019964,-0.285724952,-0.003569838,0.000374202,13.77000046,0.27812391,1,Stable Bull,4.594975741907432e-16,0.9942052317964596,2.2835434579320852e-10,6.515268101944699e-20,0.005794767974843479
2016-04-28,-0.009117086,-1.170817115,0.006349476,-0.144724832,-0.012613091,0.000325114,15.22000027,0.312758425,1,Stable Bull,4.364330771612747e-16,0.721764452112212,6.460395043558829e-08,4.2322632927646005e-17,0.2782354832840244
2016-04-29,-0.005413526,-0.779109404,0.006446939,-0.102701162,-0.017943894,0.00028021,15.69999981,0.311701161,4,Bull Recovery,4.858659553571054e-14,0.003257633041418856,7.683198493144472e-08,1.7183398755068512e-16,0.996742290127443
2016-05-02,0.007916973,-0.579539846,0.006509104,-0.092807279,-0.010138124,0.000232291,14.68000031,0.308736703,4,Bull Recovery,8.917337234218817e-14,7.354388835663207e-05,6.374763693955072e-09,5.185686275816837e-16,0.9999264497365653
2016-05-03,-0.008741317,-0.703212659,0.006761935,-0.076770896,-0.018753113,0.000197177,15.60000038,0.272852058,4,Bull Recovery,1.787511200417893e-15,2.9281682850807987e-06,2.792909469941632e-09,3.173532168030082e-17,0.9999970690393845
2016-05-04,-0.005593811,-0.436432915,0.006497078,-0.031258145,-0.024226699,0.000194778,16.04999924,0.256118532,4,Bull Recovery,4.523060398847626e-16,2.3962484031075816e-10,1.4937025407025004e-09,1.941983503456665e-18,0.9999999982665031
2016-05-05,-0.000195006,-0.248374674,0.006019507,-0.055160992,-0.024416963,0.000208522,15.90999985,0.212556688,4,Bull Recovery,7.237967050995217e-17,4.3402855316215765e-12,3.654991233308962e-10,1.7098049097034958e-20,0.9999999996307452
2016-05-06,0.003652506,-0.390576012,0.005440227,0.030451168,-0.020847125,0.000282894,14.72000027,0.192100435,4,Bull Recovery,2.6041306392390628e-17,5.0596933097022785e-11,6.797654674165575e-11,3.165271667277967e-21,0.9999999998817657
2016-05-09,0.000825407,-0.538884528,0.005416273,0.077535575,-0.020038591,0.000335482,14.56999969,0.186496015,4,Bull Recovery,3.170381252551874e-18,2.5317377590517145e-09,2.4409898202794816e-11,1.7747896707035183e-21,0.9999999974443199
2016-05-10,0.012357579,-0.677253012,0.005975438,0.118882771,-0.007853507,0.000324994,13.63000011,0.248888978,4,Bull Recovery,3.5817151682085055e-17,8.154618188145241e-06,6.397168423475892e-10,9.686798005457741e-18,0.9999918447416016
2016-05-11,-0.009398664,-0.781637566,0.006075021,0.179512718,-0.017134675,0.000325892,14.68999958,0.19810352,4,Bull Recovery,3.8663420904805625e-17,7.345271417656497e-05,7.040143066292363e-11,3.031638843315536e-20,0.9999265472163179
2016-05-12,0.000290328,-0.445183382,0.00563591,0.199845414,-0.01684928,0.000348425,14.40999985,0.118636472,4,Bull Recovery,9.732612055893154e-20,3.047147969829636e-06,1.25883608750543e-12,7.70179612794107e-25,0.9999969528499647
2016-05-13,-0.008752531,-0.557603943,0.005926057,0.242614682,-0.025416788,0.000350987,15.03999996,0.095087037,4,Bull Recovery,9.201566429789445e-22,1.7421940335859478e-10,5.245286798167922e-13,1.0243767244807423e-25,0.999999999825377
2016-05-16,0.009816957,-0.250037837,0.006356935,0.179750169,-0.015802231,0.00035181,14.68000031,0.216339927,4,Bull Recovery,7.956554096403353e-20,4.035364169418375e-09,3.029522526036421e-10,6.404116051953453e-20,0.9999999956617103
2016-05-17,-0.009377357,-0.405351864,0.006429683,0.32810472,-0.024988267,0.000354173,15.56999969,0.238665837,4,Bull Recovery,8.972968585616336e-17,7.72623622089008e-09,8.431374169546444e-10,7.423291702159282e-19,0.9999999914307409
2016-05-18,0.000292754,-0.093608961,0.006367209,0.389700722,-0.024702786,0.000354912,15.94999981,0.247932355,4,Bull Recovery,2.1889209552966442e-16,5.5705712267018154e-11,1.5580018186487337e-09,5.751882062631368e-19,0.9999999983865564
2016-05-19,-0.003470927,-0.282124596,0.006367493,0.487050637,-0.028082104,0.000355645,16.32999992,0.25359964,4,Bull Recovery,4.911127280416596e-16,4.2445137577084803e-13,1.0128782912679415e-09,1.2287750786127843e-18,0.9999999989868229
2016-05-20,0.006297645,-0.214615898,0.00650646,0.288449998,-0.021941996,0.00035631,15.19999981,0.282632799,4,Bull Recovery,1.917356960375962e-15,1.1746779864887984e-12,3.9087202998086175e-09,2.3388084542785355e-17,0.9999999960909918
2016-05-23,-0.001363528,-0.380888014,0.006504885,0.319216849,-0.023274697,0.000362787,15.81999969,0.427292504,4,Bull Recovery,1.3469586145042234e-13,6.908643689960434e-10,1.5111272921089866e-07,1.0229360084959872e-12,0.9999998481944319
2016-05-24,0.0128788,-0.389087585,0.007156319,0.303021904,-0.010614297,0.0004187,14.42000008,0.488778852,4,Bull Recovery,2.2076659374209975e-12,0.00047529531240003285,3.160666597496137e-05,1.0444055045403084e-11,0.9994930980095037
2016-05-25,0.006760251,-0.524650626,0.007308264,0.221882979,-0.003903142,0.000479331,13.89999962,0.519374629,1,Stable Bull,1.49241891610878e-13,0.9463264516093391,1.8048732106759224e-06,3.308595378037824e-13,0.05367174351681037
2016-05-26,0.000286558,-0.660993048,0.007294552,0.257635381,-0.003617661,0.000522323,13.43000031,0.578040461,1,Stable Bull,8.708916416593381e-15,0.9992130104159914,9.562809551002703e-08,8.688004852726111e-14,0.000786893956245485
2016-05-27,0.004290435,-0.789690248,0.007039167,0.129938765,0.0,0.000543556,13.11999989,0.496641402,1,Stable Bull,2.0371216748475148e-16,0.9999788490676503,4.122285078241673e-09,6.35769561001789e-17,2.1146809545544658e-05
2016-05-31,-0.001904292,-0.903422619,0.006929164,0.093647615,-0.00190248,0.000556444,14.18999958,0.467337611,1,Stable Bull,3.007988007481514e-18,0.9999887824807755,2.2325649480953334e-09,4.725384434608154e-19,1.1215285769280544e-05
2016-06-01,0.00204697,-0.985525128,0.006743766,0.169264733,0.0,0.000560965,14.19999981,0.473850303,1,Stable Bull,1.0528207600743111e-18,0.9999885890479928,1.18887623753337e-09,2.4868620930681314e-19,1.1409762892054845e-05
2016-06-02,0.003038673,-1.083352353,0.006416552,0.084367037,0.0,0.000555373,13.63000011,0.531916865,1,Stable Bull,1.2294747360278176e-18,0.9999909693422836,2.985144782465049e-09,2.93906795232199e-18,9.027671896967099e-06
2016-06-03,-0.002991318,-1.166728703,0.006305282,0.075525962,-0.002986848,0.000555279,13.47000027,0.525020185,1,Stable Bull,7.791070290707557e-18,0.9999937497573015,2.8540300623117744e-09,3.3940198397329104e-18,6.2473893827679865e-06
2016-06-06,0.005075626,-1.093539128,0.006351348,-0.035532231,0.0,0.000548858,13.64999962,0.528125987,1,Stable Bull,1.226443034155128e-17,0.9999882276098931,4.640925971823359e-09,8.492250894889159e-18,1.1767749000770144e-05
2016-06-07,0.001560194,-1.172339345,0.006331608,0.01038396,0.0,0.000502901,14.05000019,0.541405078,1,Stable Bull,3.791969730521678e-16,0.9999773702343534,6.589905632083391e-09,5.839917431293198e-16,2.262317518178281e-05
2016-06-08,0.003254795,-1.243754326,0.006343535,-0.044346094,0.0,0.000445034,14.07999992,0.539063513,1,Stable Bull,3.371699529470775e-14,0.9995666376849588,1.958793570611964e-08,5.720013558858752e-14,0.000433342726472181
2016-06-09,-0.00136687,-1.309101894,0.005854499,-0.046628349,-0.001365936,0.000452789,14.64000034,0.524042061,1,Stable Bull,9.406274655697213e-13,0.9759028690694568,3.354510285071134e-07,1.0835610878436904e-12,0.024096795476730572
2016-06-10,-0.009522786,-1.332618186,0.005865386,-0.053268573,-0.010830578,0.000464504,17.03000069,0.533555073,4,Bull Recovery,3.56367065371187e-12,0.30542887086311477,1.6081318257069584e-05,1.700267045513182e-10,0.6945550476443243
2016-06-13,-0.007741715,-0.842965067,0.006156072,0.007565837,-0.01845888,0.000429948,20.96999931,0.658266002,4,Bull Recovery,5.865976192590274e-14,3.312745301994947e-09,4.73845272559334e-06,4.110435659858267e-08,0.9999952171297775
2016-06-14,-0.001968696,-0.530736992,0.005818665,0.036112414,-0.020389335,0.000437717,20.5,0.672688665,4,Bull Recovery,9.603573047161872e-14,4.3153354786494926e-13,6.233452410527888e-07,5.167703095650375e-08,0.9999993249768981
2016-06-15,-0.001394993,-0.557125017,0.005448368,0.107481897,-0.021754932,0.000493633,20.13999939,0.631990471,4,Bull Recovery,4.4818753208375856e-14,2.884597012415074e-13,4.553464032556674e-07,2.956568655303867e-08,0.9999995150884654
2016-06-16,0.002979904,-0.597758299,0.00500929,0.144625643,-0.018835508,0.000585857,19.37000084,0.614170777,4,Bull Recovery,8.109494651265541e-14,1.47752279066505e-12,1.9615924938405576e-07,2.6659494838559987e-08,0.9999997771792799
2016-06-17,-0.003731387,-0.725738791,0.005106152,0.215949852,-0.022489791,0.000649151,19.40999985,0.61252658,4,Bull Recovery,7.827462256732394e-14,5.182423427500861e-12,2.2217923606025663e-07,2.573491205798063e-08,0.99999975208087
2016-06-20,0.00641945,-0.65514479,0.005165762,0.025425314,-0.016194528,0.000696593,18.37000084,0.586415601,4,Bull Recovery,2.6063436285059186e-13,4.705738663184723e-11,2.1832501060310668e-07,1.714955144873666e-08,0.9999997644772798
2016-06-21,0.002834959,-0.772701403,0.0050451,0.073592521,-0.013401523,0.000743153,18.47999954,0.575963226,4,Bull Recovery,3.154403240257552e-14,2.2636144582779194e-09,4.853365508153286e-08,3.760151473185812e-09,0.9999999454430523
2016-06-22,-0.001632814,-0.883916343,0.005051548,0.079226048,-0.015011141,0.000780066,21.17000008,0.628726838,4,Bull Recovery,5.573226521669399e-18,1.1229183077763772e-14,4.3379263911955e-08,4.077503696735471e-08,0.9999999158462778
2016-06-23,0.012938588,-0.913340794,0.005058641,0.087378553,-0.002183972,0.000776437,17.25,0.558288536,4,Bull Recovery,1.6748586302432006e-22,4.3862955792854143e-07,0.00013968580969783733,8.510220009106937e-17,0.9998598755604563
2016-06-24,-0.036569534,-0.995322176,0.009469385,-2.495981825,-0.038014493,0.001049464,25.76000023,0.714090259,2,Correction,7.298758025014601e-37,1.0328968742574067e-26,0.9999999930132617,4.675367203562683e-15,6.986346367583925e-09
2016-06-27,-0.018072275,1.437217174,0.010153141,-1.996991565,-0.055243606,0.001349958,23.85000038,0.752489612,2,Correction,6.463610928988956e-25,2.3535730108254753e-41,1.0,2.2304766174471617e-20,7.995085539489342e-15
2016-06-28,0.017875265,2.122800569,0.010974939,-1.467009817,-0.038203995,0.001692007,18.75,0.785661536,2,Correction,3.0444710695045893e-21,4.3796338774111023e-42,1.0,1.257206604499738e-21,4.713179541410351e-18
2016-06-29,0.016884081,1.698905289,0.011673228,-1.259192724,-0.021827087,0.00203926,16.63999939,0.816472381,2,Correction,1.9228470041947427e-21,4.009170117424081e-21,1.0,1.565467677070298e-21,8.772451600568511e-16
2016-06-30,0.013553349,1.333513877,0.012061372,-1.201018442,-0.008479319,0.002353175,15.63000011,0.842872886,2,Correction,1.7044330294667754e-22,7.751117398434044e-13,1.0,6.690725153047948e-22,1.9958272752408483e-15
2016-07-01,0.002098599,1.004465987,0.012051534,-1.193065573,-0.00639633,0.002599359,14.77000046,0.849537983,2,Correction,2.1295674891129675e-21,2.912913148232419e-13,1.0,2.7119879587659283e-20,9.34773651312173e-16
2016-07-05,-0.007219306,0.703584075,0.012139405,-1.12645085,-0.013543628,0.002802294,15.57999992,0.854286452,2,Correction,8.366784282363762e-22,5.783707176502052e-16,1.0,5.083201193950025e-20,4.8851460554489734e-14
2016-07-06,0.005979489,0.848053723,0.012160549,-1.128945302,-0.007627453,0.002966957,14.96000004,0.853958835,2,Correction,1.298750473876013e-21,2.073866437596898e-17,1.0,1.551316711018103e-19,4.487641104489422e-14
2016-07-07,-0.0006204,0.568150522,0.012154655,-1.104467812,-0.00824293,0.003096182,14.76000023,0.85274284,2,Correction,1.65899598582622e-20,7.369218291084339e-19,1.0,7.390012161069213e-18,2.644623918482323e-13
2016-07-08,0.014781018,0.365599775,0.012573354,-1.04580158,0.0,0.003221791,13.19999981,0.858943171,2,Correction,2.226478990067117e-21,4.0957681041024125e-23,0.999999999990905,1.1437503093361321e-17,8.667956331606127e-12
2016-07-11,0.003521026,0.155291429,0.012586001,-1.098536776,0.0,0.003296872,13.53999996,0.877342127,2,Correction,7.596832213402114e-21,1.6933074994451371e-22,0.999999999992724,6.706131889508309e-17,6.883857938035768e-12
2016-07-12,0.00723653,-0.047796288,0.012446434,-1.298234287,0.0,0.003331203,13.55000019,0.881171193,2,Correction,1.0575650496029032e-22,3.917025413474854e-23,0.9999999999108695,1.7106283198925477e-17,8.898796902545821e-11
2016-07-13,-0.000139433,-0.22545607,0.012278489,-1.422255233,-0.000139423,0.003340808,13.03999996,0.878181946,2,Correction,8.579527825099346e-23,6.857358717968169e-24,0.9999999999781721,5.446689443351261e-17,2.2684924295105316e-11
2016-07-14,0.005568083,-0.379235095,0.012275963,-1.510062765,0.0,0.003305363,12.81999969,0.85297105,2,Correction,3.2064741197059193e-23,5.05950737521812e-24,0.9999999998672138,1.3551468320077066e-16,1.331516443407627e-10
2016-07-15,-0.00134299,-0.524703904,0.012275236,-1.510900326,-0.001342089,0.003214623,12.67000008,0.85190758,2,Correction,1.5976571632464314e-22,2.640950336571296e-23,0.9999999998835847,5.020471152692209e-16,1.161670598628979e-10
2016-07-18,0.002683931,-0.57322815,0.012274301,-1.507730286,0.0,0.00304969,12.43999958,0.848430599,2,Correction,4.721182048719796e-22,1.628243871241613e-21,0.999999999492502,7.880683267236943e-16,5.084036588969893e-10
2016-07-19,-0.001016992,-0.703785284,0.012224569,-1.554101912,-0.001016475,0.002839237,11.97000027,0.864698222,2,Correction,2.5924892967232597e-21,3.680149642624474e-20,0.9999999994306563,3.704406197284421e-15,5.685839184207485e-10
2016-07-20,0.004154364,-0.72564205,0.012195241,-1.540087349,0.0,0.002571237,11.77000046,0.775190115,2,Correction,4.0673178054548723e-19,3.70464511261218e-18,0.9999999970368663,5.09361751207521e-12,2.9582843205362575e-09
2016-07-21,-0.00378455,-0.838041232,0.012259891,-1.442390868,-0.003777397,0.002204117,12.73999977,0.78046571,2,Correction,1.2341133652771091e-15,1.348040901945888e-14,0.9999999781648514,3.1650697186393873e-09,1.8670275356217836e-08
2016-07-22,0.004475379,-0.724135043,0.012247924,-1.517995389,0.0,0.001691321,12.02000046,0.757577878,2,Correction,1.5285009354211922e-11,7.601696711998071e-12,0.9999971515466864,1.1679304432073982e-06,1.680500547533794e-06
2016-07-25,-0.002719716,-0.835737855,0.012026321,-1.453863623,-0.00271602,0.00078535,12.86999989,0.74281445,2,Correction,2.151071927494829e-07,4.8078515489936986e-06,0.9953108682788091,0.00016645299795028907,0.004517655764834536
2016-07-26,0.000461513,-0.784571206,0.008348228,-0.22309047,-0.002255654,0.000975887,13.05000019,0.610065911,4,Bull Recovery,0.0001578650806247493,0.4212557322585996,0.023438563597393478,1.235535133360236e-06,0.5551466035277105
2016-07-27,-0.001061725,-0.892974181,0.006893249,0.706878939,-0.003314422,0.001421195,12.82999992,0.229668586,4,Bull Recovery,4.7894157679837033e-08,0.34635516950035133,5.610328388253962e-10,1.2739733083952913e-17,0.6536447820440433
2016-07-28,0.001153705,-0.896903148,0.006117225,0.795234563,-0.002163878,0.001872279,12.72000027,0.181310116,4,Bull Recovery,8.586995199860441e-13,0.0017200574771271755,4.407898543152536e-13,4.184533478337735e-20,0.9982799425213991
2016-07-29,0.001613597,-0.992799235,0.005238573,0.756941414,-0.000552472,0.002314814,11.86999989,0.154685656,4,Bull Recovery,5.300222889655034e-18,8.230191900400229e-11,1.4846419378263879e-15,1.4010436902973373e-20,0.9999999999181455
2016-08-01,-0.000829511,-1.08074882,0.004602343,0.821555253,-0.001381181,0.002711467,12.43999958,0.126711614,4,Bull Recovery,5.525915622527312e-24,6.214762804288645e-17,1.48053293638633e-17,2.3414945251425364e-21,1.0
2016-08-02,-0.006428086,-1.137985307,0.004926975,0.696346063,-0.007779801,0.002982754,13.36999989,0.163744409,4,Bull Recovery,3.2346995788113246e-26,1.503770901350093e-20,6.708475163425413e-17,3.6729888174310447e-19,1.0
2016-08-03,0.002918709,-0.860149779,0.004535716,0.901330146,-0.004879568,0.003224001,12.85999966,0.143739461,4,Bull Recovery,1.320340721215697e-25,2.109105816546136e-24,5.168230191201782e-18,1.094592358440021e-19,1.0
2016-08-04,0.001063311,-0.957259438,0.004431806,1.083831504,-0.003820883,0.003415554,12.42000008,0.149307247,4,Bull Recovery,1.7838440239854804e-26,2.2391928809062e-27,1.2030591120902455e-18,9.806337245491188e-19,1.0
2016-08-05,0.008145552,-1.047329997,0.00462963,0.82869801,0.0,0.003543839,11.39000034,0.16042024,4,Bull Recovery,8.943682539623152e-27,1.4919721082616666e-30,2.6675186635961625e-18,7.084698497403861e-18,1.0
2016-08-08,-0.000596001,-1.115940162,0.003595345,0.045163866,-0.000595824,0.003680698,11.5,0.160517463,4,Bull Recovery,3.994106606247584e-27,4.4714472235328545e-35,3.218430354790086e-16,5.949088813875118e-17,1.0
2016-08-09,0.000596001,-1.166737585,0.003557147,0.152485777,0.0,0.003763817,11.65999985,0.165370357,4,Bull Recovery,1.4881877471070795e-25,6.611364386989856e-37,5.5118932519436883e-17,1.0620918415100247e-16,1.0
2016-08-10,-0.002477991,-1.230694893,0.003337961,0.227270158,-0.002474923,0.003815834,12.05000019,0.19514127,4,Bull Recovery,7.448926572510973e-26,2.862884435263298e-38,5.354199681736236e-17,2.7309732169261097e-15,1.0
2016-08-11,0.004629819,-1.155684759,0.003446181,0.08651858,0.0,0.003819949,11.68000031,0.180297089,4,Bull Recovery,6.32642745289488e-25,2.800277557561125e-38,6.616074439135984e-17,8.159542437300964e-16,1.0
2016-08-12,-0.000869294,-1.215920792,0.003285201,0.225885945,-0.000868916,0.003783643,11.55000019,0.176528157,4,Bull Recovery,3.1589500971094394e-25,8.936426220152944e-38,2.9671402101729795e-17,3.8957136650071847e-16,1.0
2016-08-15,0.002879641,-1.213367965,0.003295146,0.06415319,0.0,0.003694842,11.81000042,0.172125333,4,Bull Recovery,6.653493845420277e-26,3.514903201521898e-36,4.381066566529239e-17,1.580934224305895e-16,1.0
2016-08-16,-0.005170831,-1.270430602,0.00349979,0.130693749,-0.005157485,0.003541563,12.64000034,0.184755587,4,Bull Recovery,5.881713413155355e-26,9.674615071886068e-33,1.2267957939555567e-16,1.8880817761818291e-16,1.0
2016-08-17,0.001879311,-1.051494758,0.003500715,0.016753697,-0.003286109,0.003331322,12.18999958,0.169644633,4,Bull Recovery,2.0952288701249463e-25,7.692000370915183e-29,4.3575235497344793e-16,1.0336806757631531e-17,1.0
2016-08-18,0.002241141,-1.126132319,0.00342431,0.043291417,-0.001049828,0.003053846,11.43000031,0.178417446,4,Bull Recovery,1.951205991998471e-24,2.576940996286084e-24,1.0495353268324432e-15,6.4464784118529105e-18,1.0
2016-08-19,-0.001463043,-1.191360787,0.003318763,0.037970728,-0.002510267,0.00267602,11.34000015,0.158472459,4,Bull Recovery,6.0138397984104615e-24,6.518780395838839e-19,1.1602716924186597e-15,1.6242572549182123e-19,1.0
2016-08-22,-4.57e-05,-1.207427466,0.003192016,0.150912514,-0.00255589,0.0021548,12.27000046,0.185140618,4,Bull Recovery,1.9834371290815794e-23,2.6392110398922316e-12,3.9662013445894975e-15,2.0852894560282222e-19,0.999999999998181
2016-08-23,0.002011777,-1.195361892,0.003136047,-0.008594634,-0.000547235,0.001383765,12.38000011,0.183201005,4,Bull Recovery,2.011219258046112e-22,0.0008759278471534456,8.841457953139462e-13,4.391549898842988e-20,0.9991240721523336
2016-08-24,-0.005128114,-1.268525554,0.003368702,-0.003358437,-0.005659424,0.00103924,13.44999981,0.186878583,4,Bull Recovery,4.2871228550805975e-21,0.15307533728310097,9.559520223268983e-12,2.3614471592021508e-20,0.8469246627081685
2016-08-25,-0.000689059,-1.055182351,0.003362472,-0.017705815,-0.006344347,0.000821295,13.63000011,0.514910682,1,Stable Bull,6.524145766720699e-18,0.5299815865916521,1.898020839076129e-07,8.488835698095159e-11,0.470018223521726
2016-08-26,-0.0018851,-1.085738297,0.00338733,0.100153624,-0.008215723,0.000650266,13.64999962,0.550735072,1,Stable Bull,2.7922811059413695e-14,0.8818218453422334,1.1121164951054943e-07,3.26946718772467e-11,0.11817804341415919
2016-08-29,0.004912117,-1.059063138,0.003533656,0.075822031,-0.003331978,0.000556856,12.93999958,0.546860494,1,Stable Bull,5.9261812513446925e-15,0.9904873285601772,1.744632572646554e-08,2.3424218511421263e-12,0.009512653991519593
2016-08-30,-0.001649949,-1.134433505,0.003550927,0.101957096,-0.004975074,0.000515936,13.11999989,0.642096575,1,Stable Bull,6.298247476446266e-16,0.99944175675521,4.414050475405179e-09,2.4335483021522372e-12,0.0005582388278328738
2016-08-31,-0.002847912,-1.131498332,0.003291653,0.351064259,-0.007804786,0.000426741,13.42000008,0.618522702,1,Stable Bull,2.9142050988637757e-16,0.9999281598770062,1.3376777784736833e-09,1.1597929360868573e-13,7.183878435842694e-05
2016-09-01,4.61e-05,-1.046722888,0.003241164,0.473508081,-0.007758999,0.000367572,13.47999954,0.587770358,1,Stable Bull,9.1693678011488e-18,0.9999529849257922,9.212427820637002e-10,6.632006669793134e-16,4.70141525326965e-05
2016-09-02,0.004497736,-1.100878827,0.003367599,0.373735488,-0.003286109,0.000298828,11.97999954,0.591382716,1,Stable Bull,6.011570742393501e-18,0.9999948347018905,2.8597453155215997e-10,2.343963894604112e-16,5.165011659756817e-06
2016-09-06,0.003017825,-1.177644028,0.002938731,-0.074009714,-0.000273658,0.000157962,12.02000046,0.430057415,1,Stable Bull,3.128144583086093e-18,0.9999909096836097,4.3591950378566417e-10,1.4077130744828282e-19,9.089881230183513e-06
2016-09-07,-9.16e-05,-1.255459238,0.002934084,-0.098603613,-0.000365232,0.000174456,11.93999958,0.436557619,1,Stable Bull,1.9370690554310237e-16,0.9999834347589591,5.657842770853777e-10,1.549307061507038e-17,1.65646755981849e-05
2016-09-08,-0.002285676,-1.323652436,0.002982082,0.01752908,-0.002647464,0.000182286,12.51000023,0.463249698,1,Stable Bull,3.365789043365577e-20,0.9993313953874438,4.551088412881782e-06,1.077670032372066e-18,0.0006640535232396434
2016-09-09,-0.024225614,-1.221597306,0.006079491,-2.735965292,-0.026518627,0.000632697,17.5,0.692268557,2,Correction,1.5996342660239572e-23,4.014056461913707e-09,0.9999999936189852,1.214229153591498e-11,2.3544715212010664e-09
2016-09-12,0.014245242,0.57890591,0.006836757,-1.59403534,-0.012551906,0.000975453,15.15999985,0.773886945,2,Correction,2.655022073657738e-13,6.38179775348875e-09,0.9999998355779234,3.946952507104993e-12,1.5803559360880607e-07
2016-09-13,-0.014479516,0.349479183,0.007487115,-1.279965963,-0.026746662,0.001288979,17.85000038,0.604978556,2,Correction,2.491804695018663e-13,3.1923106407756513e-10,0.9999999182819044,4.9391877906164605e-14,8.139930660152984e-08
2016-09-14,-0.000375256,0.792234308,0.007432934,-1.25217655,-0.027111812,0.001506412,18.13999939,0.524793441,2,Correction,7.472551576362475e-13,5.3003126096788797e-14,0.9999999754199965,4.638041295750181e-15,2.457921866567742e-08
2016-09-15,0.009943025,0.651251878,0.007764608,-1.222047871,-0.017390109,0.001710201,16.29999924,0.602110902,2,Correction,1.4068331011721904e-12,3.965980335286879e-12,0.999999935653252,1.8888129717560484e-13,6.434032383542674e-08
2016-09-16,-0.003873064,0.404572598,0.007774632,-1.114472497,-0.021188459,0.001870066,15.36999989,0.602663707,2,Correction,4.3873571875889084e-11,9.871454550268687e-11,0.9999998334351542,3.5286203585908815e-12,1.6641940571516984e-07
2016-09-19,0.000187429,0.248366063,0.007746497,-1.091017534,-0.021004985,0.00199121,15.52999973,0.601010376,2,Correction,3.9588094566578983e-11,9.736192678689416e-13,0.9999971175025784,8.432405594810876e-12,2.8824477595486667e-06
2016-09-20,4.67e-05,0.227299048,0.007748609,-1.118521439,-0.02095928,0.002080653,15.92000008,0.600383518,2,Correction,1.325731670168656e-10,2.8574902890041015e-13,0.9999972301395408,6.76547499787104e-11,2.7696602109039606e-06
2016-09-21,0.011183054,0.016091918,0.008184857,-0.985827374,-0.009949166,0.002169068,13.30000019,0.576906769,2,Correction,1.7391131059145985e-10,2.7880055487094866e-12,0.9999823904567885,6.336925471913115e-11,1.7609302427307617e-05
2016-09-22,0.006281797,-0.162994059,0.008298822,-0.996094974,-0.003710292,0.002232379,12.02000046,0.577258121,2,Correction,2.9094681366539838e-11,6.911015595356312e-10,0.99998975982421,2.3025335130455978e-11,1.0239433460513437e-05
2016-09-23,-0.005494421,-0.322162873,0.008310184,-0.988175982,-0.009169317,0.002278518,12.28999996,0.595531384,2,Correction,2.168108821293684e-11,8.511168200720872e-11,0.9999943694251026,4.1612367053059444e-11,5.630425993379622e-06
2016-09-26,-0.008135291,-0.104472619,0.008490416,-0.84042985,-0.017197314,0.002308527,14.5,0.599221801,2,Correction,2.3633256344086933e-11,7.821034683621357e-12,0.9999944864309439,1.299457680239656e-11,5.513524601888087e-06
2016-09-27,0.006188756,0.194860845,0.008607644,-0.919468346,-0.011096128,0.002319029,13.10000038,0.57017007,2,Correction,3.0122222098844366e-11,2.596284755882989e-12,0.9999986301400273,5.241503662925299e-12,1.3698223086875786e-06
2016-09-28,0.004951071,-0.002939662,0.008608791,-0.919522033,-0.006187854,0.002310445,12.39000034,0.576605204,2,Correction,3.9006226415888584e-11,1.0782592807951039e-10,0.9999972963050993,1.60134490048299e-11,2.7035328243166308e-06
2016-09-29,-0.009088064,-0.186168484,0.00882448,-0.783493939,-0.015178766,0.002286558,14.02000046,0.599035946,2,Correction,2.7887556332656866e-10,2.947471675465716e-11,0.9999945465463951,1.2166735357341682e-10,5.453022818997784e-06
2016-09-30,0.007517669,0.087878503,0.008974667,-0.876731871,-0.007747307,0.002220533,13.28999996,0.601194701,2,Correction,9.421790745384981e-09,2.275658166284155e-10,0.9999892181712388,2.915740674895719e-09,1.0769264454975864e-05
2016-10-03,-0.00240677,-0.106609853,0.008990024,-0.833289923,-0.010132559,0.00211262,13.56999969,0.603504846,2,Correction,5.6928988098978e-07,5.189858712611135e-08,0.9993147896889837,1.3887955711512e-07,0.0006844502427244369
2016-10-04,-0.0051109,-0.271867157,0.008988087,-0.692919677,-0.015178766,0.001972014,13.63000011,0.59886234,2,Correction,1.171937836360936e-05,1.7006702273051403e-08,0.9726361293284622,9.844658955008456e-07,0.027351149821404703
2016-10-05,0.004415172,-0.034241896,0.0090211,-0.7025881,-0.010820998,0.001725531,12.98999977,0.597288534,2,Correction,6.207261988655632e-05,2.592165696696729e-06,0.8834627084814642,1.6794508424755511e-06,0.11647094728265439
2016-10-06,0.000695728,-0.21820268,0.00902454,-0.714440459,-0.010132559,0.001374036,12.84000015,0.597916242,2,Correction,0.00012096005424782622,0.00041900793623568424,0.5145313222406575,2.357467338565241e-06,0.48492635230126696
2016-10-07,-0.003435498,-0.389842077,0.009039598,-0.693652438,-0.013527412,0.000805156,13.47999954,0.604858686,4,Bull Recovery,0.00010244431059312691,0.0003835629729455835,0.10767505228924251,1.268483954522217e-06,0.8918376719436578
2016-10-10,0.005194801,-0.287144034,0.007293521,-0.135403737,-0.00838955,0.000678843,13.38000011,0.503598595,4,Bull Recovery,2.3798376587868316e-05,0.006685556421203983,0.0007471452841593717,1.4060145070082608e-09,0.9925434985127869
2016-10-11,-0.012710003,-0.444244156,0.007194773,-0.260222138,-0.020913166,0.000644979,15.35999966,0.452608886,4,Bull Recovery,1.0598157883290756e-06,8.138424991964315e-05,1.0901880733665478e-05,4.8960712003202225e-11,0.9999066540045365
2016-10-12,0.001311313,0.208316112,0.006435344,-0.187597312,-0.019628434,0.000742763,15.90999985,0.557080458,4,Bull Recovery,2.1109280059229945e-07,3.3179305787237437e-06,5.761100961344574e-05,5.397803262119722e-09,0.9999388545688733
2016-10-13,-0.003280717,-0.010414418,0.006482707,-0.126804817,-0.022839486,0.00081859,16.69000053,0.651593934,4,Bull Recovery,2.328302387306853e-08,4.2080791125703204e-08,2.0532773961697224e-05,4.164991930747294e-08,0.9999793602130008
2016-10-14,0.000515964,-0.002418119,0.006089394,-0.135237341,-0.022335176,0.000934614,16.12000084,0.561895212,4,Bull Recovery,6.203110005530174e-09,3.98696503925175e-09,6.418023490668561e-06,2.571478830922444e-09,0.999993569214653
2016-10-17,-0.003478369,-0.198773373,0.00607822,-0.142298242,-0.025729947,0.001032458,16.20999908,0.56702089,4,Bull Recovery,1.7554127973633383e-09,3.047912706249324e-11,3.166956578419924e-06,3.240031601435023e-09,0.999996828016748
2016-10-18,0.006243122,-0.116193971,0.006240082,-0.216723946,-0.019628434,0.001102415,15.27999973,0.55983526,4,Bull Recovery,9.90575307123797e-10,2.0183592116757378e-10,3.713228860036985e-06,3.2711862270474856e-09,0.9999962823072549
2016-10-19,0.002663477,-0.290167699,0.006265733,-0.271570907,-0.017013757,0.001161776,14.40999985,0.551758155,4,Bull Recovery,6.170988124036651e-10,1.0601509213290048e-07,1.699289954550228e-06,1.3192335781598406e-09,0.999998192759263
2016-10-20,-0.00186833,-0.45635598,0.005746764,-0.379018529,-0.018848585,0.00124821,13.75,0.585702174,4,Bull Recovery,3.843220900264939e-10,2.6981238716018257e-08,2.058202146112019e-06,8.117768922465757e-09,0.9999979063144655
2016-10-21,0.000467306,-0.548905289,0.005543704,-0.359248634,-0.018389981,0.001331025,13.34000015,0.398155179,4,Bull Recovery,7.467232834534952e-11,5.648665086297554e-10,3.327646552135198e-08,9.512410512048824e-13,0.9999999660831241
2016-10-24,0.004243397,-0.614075458,0.00553047,-0.55023776,-0.014215769,0.001396696,13.02000046,0.400105869,4,Bull Recovery,1.2945167511464943e-12,7.047584091801403e-09,6.242349017875731e-08,2.6642181856702744e-12,0.9999999305255212
2016-10-25,-0.003355876,-0.740748684,0.005282222,-0.60365722,-0.017518394,0.001456941,13.46000004,0.388197647,4,Bull Recovery,8.907568685937186e-13,5.173286049627282e-09,4.2826302092810994e-08,1.6884945076913543e-12,0.9999999519986897
2016-10-26,-0.002009705,-0.627412453,0.005100587,-0.529968876,-0.01949091,0.001505268,14.23999977,0.386600918,4,Bull Recovery,5.459652434457643e-13,1.4361392433394044e-10,2.751849198616218e-08,1.2672193571742368e-12,0.9999999723368095
2016-10-27,-0.002670633,-0.634416925,0.004969831,-0.41701018,-0.022105996,0.001541439,15.35999966,0.404306577,4,Bull Recovery,3.316496033662319e-13,2.2872486552085467e-12,2.316588919709145e-08,5.022192144375596e-12,0.9999999768260752
2016-10-28,-0.002959844,-0.58733503,0.004624867,-0.418943791,-0.024996131,0.001565882,16.19000053,0.342196297,4,Bull Recovery,6.458261273796054e-14,5.316196735414153e-15,4.2435275483647555e-09,1.1822828098997368e-13,0.9999999957562977
2016-10-31,4.7e-05,-0.538740838,0.004251405,-0.622083301,-0.024950262,0.001577907,17.05999947,0.334173344,4,Bull Recovery,4.828416591296706e-15,6.56523639957711e-17,1.0345472950671656e-08,3.537766320644103e-13,0.9999999896535883
2016-11-01,-0.007271571,-0.648332857,0.004468457,-0.527289425,-0.03201469,0.001540751,18.55999947,0.364295342,4,Bull Recovery,1.7228943530624647e-14,1.5698133233750658e-20,5.303835641414161e-08,1.1306952918010673e-11,0.9999999469509945
2016-11-02,-0.006036675,-0.352649779,0.004514701,-0.512786698,-0.0378405,0.0014675,19.31999969,0.37396521,4,Bull Recovery,7.380788446014595e-13,8.302694659360328e-27,6.810546732893221e-07,5.877001083495212e-11,0.9999993188851067
2016-11-03,-0.004587673,-0.124656068,0.004389666,-0.384233814,-0.042244464,0.001358794,22.07999992,0.389577444,4,Bull Recovery,5.316874527965615e-13,1.8104319857380142e-34,4.868096742555037e-06,1.1262597953013556e-09,0.9999951307773103
2016-11-04,-0.001102119,-0.02270334,0.004361379,-0.338233201,-0.043299443,0.001199824,22.51000023,0.387031145,4,Bull Recovery,7.677290329088043e-12,5.245160015784429e-38,1.5435700852925246e-05,2.1674370610984907e-09,0.9999845621232667
2016-11-07,0.021817191,-0.138019704,0.006694093,1.548732008,-0.02219757,0.000959436,18.70999908,0.51459778,4,Bull Recovery,1.0653345607745195e-08,1.588046424987775e-18,1.707636202440546e-05,2.8635036991618004e-06,0.9999800494813994
2016-11-08,0.004493745,-0.285679625,0.00666638,1.57342531,-0.017793688,0.000912641,18.73999977,0.513548905,4,Bull Recovery,8.287404938596019e-15,0.012135915042682207,1.904589721248362e-06,1.3571595492332795e-12,0.9878621803662796
2016-11-09,0.01054609,-0.444480847,0.006456931,1.802596765,-0.007380439,0.000859545,14.38000011,0.507384103,1,Stable Bull,2.594601183684533e-19,0.999371096997557,4.289014308082264e-09,1.59695315742971e-16,0.0006288987143226249
2016-11-10,0.002492463,-0.582310134,0.006468081,1.767681708,-0.004903286,0.000861291,14.73999977,0.496691848,1,Stable Bull,5.10285418984126e-24,0.9999999866686267,8.009121497243897e-13,7.581658371172648e-22,1.3330779782923721e-08
2016-11-11,-0.002307641,-0.717352669,0.006441493,1.774461838,-0.007196965,0.000859066,14.17000008,0.483096608,1,Stable Bull,2.3856053231484667e-27,0.9999999962128641,4.109034596344936e-13,1.2688033972891187e-26,3.786260554574424e-09
2016-11-14,0.000785358,-0.705723792,0.006441259,1.768535782,-0.006416952,0.000873775,14.47999954,0.478640498,1,Stable Bull,1.0924303486650438e-26,0.9999999936135282,2.7393982528139433e-13,3.2168296139460605e-26,6.385563450667385e-09
2016-11-15,0.007772244,-0.78264452,0.006537478,1.516112661,0.0,0.000893205,13.36999989,0.522959598,1,Stable Bull,3.862183599545229e-26,0.9999999056490241,6.540446311812246e-12,3.4537975271099313e-25,9.434363724379724e-08
2016-11-16,-0.001879709,-0.881374745,0.006470645,1.718687607,-0.001877944,0.000903199,13.72000027,0.470027569,1,Stable Bull,3.178915392009083e-25,0.9999999906885932,6.878627269008035e-13,6.533103315663798e-25,9.31107086836597e-09
2016-11-17,0.005127251,-0.812059176,0.006525975,1.632838353,0.0,0.000914758,13.35000038,0.476594657,1,Stable Bull,4.030130500947277e-26,0.9999999783158275,8.35909764566509e-13,5.491658336120649e-26,2.1682899190917286e-08
2016-11-18,-0.00224004,-0.913960297,0.006534742,1.632644881,-0.002237533,0.000937198,12.85000038,0.474361679,1,Stable Bull,3.237241711613063e-24,0.9999999815572667,1.7136199150961919e-12,5.5980175920193085e-24,1.844149091600311e-08
2016-11-21,0.007523232,-0.837580559,0.006684707,1.417814619,0.0,0.000964493,12.42000008,0.574667068,1,Stable Bull,4.6455911827187824e-23,0.9999996584138572,5.975754522754128e-11,4.1189100071890086e-22,3.4152575899551087e-07
2016-11-22,0.001951247,-0.933206005,0.006653805,1.483933248,0.0,0.000986314,12.40999985,0.574738784,1,Stable Bull,1.5074767461533392e-21,0.9999998625062384,3.2263024006596424e-11,8.111577529057615e-21,1.3746188947013882e-07
2016-11-23,0.000543972,-1.03109791,0.00657292,1.470019471,0.0,0.000996527,12.43000031,0.582033356,1,Stable Bull,2.120095590537368e-21,0.9999998207531623,3.477386433195293e-11,9.279318426795677e-21,1.7921233777144082e-07
2016-11-25,0.003708303,-1.120670148,0.006541656,1.372778675,0.0,0.000995472,12.34000015,0.580890795,1,Stable Bull,3.1050912333899043e-21,0.9999996915521954,3.1388055347955046e-11,9.609101736458647e-21,3.0841659455901155e-07
2016-11-28,-0.004705756,-1.197941152,0.006624234,1.335409652,-0.004694702,0.000986089,13.14999962,0.563744401,1,Stable Bull,2.81075666548172e-21,0.9999997202885815,4.085277363552932e-11,1.1650850540417663e-20,2.796710993080293e-07
2016-11-29,0.00194841,-1.054495003,0.006541165,1.294471251,-0.002753548,0.000945268,12.89999962,0.554894108,1,Stable Bull,8.15152994082405e-22,0.9999997014329428,1.942599266337239e-11,1.4915434319484282e-21,2.985479442912091e-07
2016-11-30,-0.002402017,-1.140954046,0.006596316,1.304036483,-0.005146077,0.000857874,13.32999992,0.563788436,1,Stable Bull,2.178339575637318e-22,0.999999828121887,2.477559428602939e-11,1.2559208899611953e-21,1.7185410982869383e-07
2016-12-01,-0.003682062,-1.118821289,0.006395033,1.460509963,-0.008802455,0.000767074,14.06999969,0.569871184,1,Stable Bull,6.630628115952467e-23,0.9999998928979097,1.6050503707836608e-11,4.1109369385805473e-22,1.0708608906516578e-07
2016-12-02,0.000500634,-0.936797969,0.006143878,1.600727529,-0.008306103,0.00065814,14.11999989,0.57542198,1,Stable Bull,4.620625160667579e-24,0.9999999401970872,7.639361385959474e-12,7.107659904184373e-23,5.979607457825562e-08
2016-12-05,0.005990721,-1.009778633,0.005990865,1.555028972,-0.002347311,0.000495968,12.14000034,0.54133169,1,Stable Bull,6.222421793110833e-24,0.9999999684259824,8.974105477092646e-12,1.3942577922307466e-23,3.156468402416081e-08
2016-12-06,0.003162536,-1.083367822,0.005927172,1.513971081,0.0,0.000209646,11.78999996,0.520912696,1,Stable Bull,5.0464368863966235e-21,0.9999999778538042,2.747239666790891e-11,3.582491997884699e-21,2.2118894108575264e-08
2016-12-07,0.012995876,-1.1562659,0.004707416,0.482074703,0.0,0.000433296,12.22000027,0.469978556,1,Stable Bull,2.84732975085553e-19,0.9999868706188573,9.9738183476122e-10,1.9463060551617396e-21,1.3128383464785231e-05
2016-12-08,0.002445762,-1.200125183,0.004685026,0.549020578,0.0,0.000563382,12.64000034,0.455842419,1,Stable Bull,1.3199696570194292e-19,0.9999983820065965,1.4759876072432234e-11,8.518503390707877e-21,1.6179788641283268e-06
2016-12-09,0.006022426,-1.259868469,0.004385915,0.520317988,0.0,0.000696849,11.75,0.524260967,1,Stable Bull,3.392112247654908e-20,0.9999977946996966,4.261137420575572e-11,1.835661749667105e-19,2.2052585694079063e-06
2016-12-12,-0.001148616,-1.306071387,0.004444471,0.59849421,-0.001147957,0.00078941,12.64000034,0.540167289,1,Stable Bull,2.9235664852984434e-19,0.9999954916776677,5.5198983461436535e-11,2.192188388440679e-18,4.5082674502362044e-06
2016-12-13,0.006651884,-1.264696973,0.004439778,0.409733553,0.0,0.000862087,12.72000027,0.579647393,1,Stable Bull,2.7279828328747084e-18,0.9999803114870781,3.948000831669953e-10,2.0774417973332174e-16,1.9688117672894695e-05
2016-12-14,-0.00828871,-1.308064593,0.005012651,0.050970392,-0.008254453,0.00088107,13.18999958,0.564869233,1,Stable Bull,5.848903280337709e-17,0.9999647424187205,7.054756476287346e-09,1.623537872271252e-15,3.525052627355823e-05
2016-12-15,0.004108938,-0.817692421,0.004863242,0.084635402,-0.004171049,0.000898414,12.78999996,0.528104826,1,Stable Bull,1.5110705406574564e-16,0.9999395437966199,2.0157078533844322e-09,7.814983553249525e-17,6.045418691384789e-05
2016-12-16,-0.001957831,-0.907335241,0.004866247,0.085367878,-0.006118807,0.000910669,12.19999981,0.609955405,1,Stable Bull,4.546639323199936e-17,0.9999662013615549,3.5455794956886456e-09,1.5340183247960474e-15,3.379509319324691e-05
2016-12-19,0.00217493,-0.854243502,0.004808276,0.161775398,-0.003954832,0.00091635,11.71000004,0.614751951,1,Stable Bull,6.460937384701678e-17,0.9999720067324318,2.2694161282034726e-09,7.556479079904626e-16,2.7990998487133833e-05
2016-12-20,0.003850058,-0.943257205,0.004743168,0.014175033,-0.000112608,0.000916841,11.44999981,0.606957253,1,Stable Bull,2.8584901453396345e-17,0.9999750947072286,3.443518236940694e-09,5.182952488220059e-16,2.490184876465318e-05
2016-12-21,-0.002786221,-1.023141708,0.004672785,0.199028897,-0.002894638,0.000902987,11.27000046,0.587671599,1,Stable Bull,5.252037746369186e-17,0.9999825430691426,1.7155068368483263e-09,2.055464110685978e-16,1.745521519637486e-05
2016-12-22,-0.001728957,-1.015178342,0.004722977,0.290746916,-0.004617101,0.00087818,11.43000031,0.589796118,1,Stable Bull,1.7404461793535814e-17,0.9999858583068502,8.351808391060817e-10,7.932394116128695e-17,1.414085772052358e-05
2016-12-23,0.00146326,-0.870373086,0.004719831,0.263033037,-0.00315953,0.000848461,11.43999958,0.583488503,1,Stable Bull,4.763944075681542e-18,0.9999882297289908,8.095585806398972e-10,3.2572124897427305e-17,1.1769461479126455e-05
2016-12-27,0.002477534,-0.954912852,0.00469665,0.299524065,-0.000686763,0.000810908,11.98999977,0.581119988,1,Stable Bull,1.1553980156798775e-17,0.9999887319643697,6.16359709812475e-10,7.457965653058856e-17,1.1267418517718207e-05
2016-12-28,-0.008298536,-1.032748989,0.004982709,0.080584702,-0.008945285,0.000747159,12.94999981,0.592439947,1,Stable Bull,8.150411033547433e-17,0.9999671522083983,9.151564782708274e-09,1.048229201575253e-15,3.283863948292335e-05
2016-12-29,-0.000223011,-0.629716913,0.004987166,0.14288065,-0.009166276,0.000677128,13.36999989,0.603117456,1,Stable Bull,2.108777006009843e-15,0.9999242744458176,9.418134010002354e-09,5.792301044503894e-15,7.571613573878922e-05
2016-12-30,-0.003661586,-0.653357979,0.005037643,0.150223171,-0.012787665,0.000581958,14.03999996,0.607924347,1,Stable Bull,2.6318856037292136e-15,0.9997245376206327,5.446045463463233e-08,1.552834880858335e-14,0.000275407918536775
2017-01-03,0.007620909,-0.547419724,0.005120499,-0.030265367,-0.005235469,0.000489532,12.85000038,0.558811124,1,Stable Bull,6.545108252471492e-16,0.9998995700837447,3.077513994520745e-08,7.163632704384708e-16,0.00010039914174591138
2017-01-04,0.005931682,-0.650170333,0.005204291,-0.149598912,0.0,0.000411756,11.85000038,0.534838576,1,Stable Bull,5.867853189569379e-17,0.9999922773211324,7.277821386750951e-09,2.3582321535049844e-17,7.715401914184794e-06
2017-01-05,-0.000795075,-0.746510538,0.00513823,0.003150557,-0.000794759,0.000334115,11.67000008,0.614143717,1,Stable Bull,3.766117856779351e-17,0.9999936191401354,1.621925660659037e-08,4.834642699877861e-17,6.364640493632169e-06
2017-01-06,0.003571661,-0.841688779,0.0051459,-0.006762738,0.0,0.000240246,11.31999969,0.638299647,1,Stable Bull,6.409578766254308e-17,0.9999926808554396,1.1983472604546177e-08,6.086923415951874e-17,7.307160624966539e-06
2017-01-09,-0.003306462,-0.932608152,0.004506829,-0.396948128,-0.003301002,0.000249098,11.56000042,0.556942166,1,Stable Bull,3.490318566770358e-17,0.9999933665441776,1.4559252540588313e-08,9.574904589732082e-18,6.61889607835897e-06
2017-01-10,0.0,-0.911271265,0.004490287,-0.324927147,-0.003301002,0.000257781,11.48999977,0.590368315,1,Stable Bull,2.6875608670357325e-17,0.9999940880072381,8.226256782422734e-09,1.2830638276787406e-17,5.903765774939411e-06
2017-01-11,0.002821983,-0.881227267,0.004347524,-0.344778894,-0.000484361,0.000261048,11.26000023,0.536244914,1,Stable Bull,1.442159002652398e-17,0.9999949554548856,5.6398499750324976e-09,2.1473534925519026e-18,5.0389053387919705e-06
2017-01-12,-0.002512894,-0.965460652,0.004381938,-0.303970041,-0.002992885,0.000265707,11.53999996,0.57778646,1,Stable Bull,1.248715967553546e-17,0.9999943150812826,8.646499550341389e-09,8.030035265564333e-18,5.67627271801091e-06
2017-01-13,0.00229277,-0.873748149,0.004165844,-0.37348934,-0.000704355,0.000290098,11.22999954,0.48827072,1,Stable Bull,1.3793382665076085e-17,0.9999952261428269,2.9344934132023135e-09,3.257210115221613e-19,4.77092221500942e-06
2017-01-17,-0.003529621,-0.968511986,0.003798116,-0.16415692,-0.004225273,0.000357072,11.86999989,0.444365456,1,Stable Bull,1.0469072846210807e-17,0.9999925366288358,7.268282223963785e-10,6.22569783979314e-20,7.46264437167052e-06
2017-01-18,0.002207619,-0.870731515,0.003726207,-0.145138239,-0.002024553,0.000417486,12.47999954,0.443346179,1,Stable Bull,2.619664364215328e-18,0.999984905892464,8.147568903896664e-10,1.2709908028497386e-19,1.5093292584747985e-05
2017-01-19,-0.003711777,-0.973396595,0.003797549,-0.118120425,-0.005721949,0.000456827,12.77999973,0.453896116,1,Stable Bull,1.7470678926269334e-18,0.99998318674935,8.657726430097869e-10,2.2677168311431005e-19,1.681238472951962e-05
2017-01-20,0.003667704,-0.866684031,0.003850289,-0.139221336,-0.002068536,0.000484925,11.53999996,0.48429154,1,Stable Bull,1.4916797391206715e-18,0.9999921783179466,7.017512446653524e-10,5.547576499695092e-19,7.82098016295e-06
2017-01-23,-0.002605733,-0.969263662,0.003806356,0.039825794,-0.004665495,0.000511771,11.77000046,0.472437481,1,Stable Bull,1.3604271434811971e-18,0.9999931669187107,2.8154815355255017e-10,1.2888049731926468e-19,6.832800176557371e-06
2017-01-24,0.006391377,-0.903235043,0.003998802,-0.072248315,0.0,0.00052389,11.06999969,0.452848204,1,Stable Bull,8.574463951744373e-19,0.999992211235941,3.877785296464588e-10,9.766469201564964e-20,7.788377110320336e-06
2017-01-25,0.008618128,-0.995536033,0.00434763,-0.052273093,0.0,0.000522518,10.81000042,0.496683506,1,Stable Bull,2.0289085574750937e-18,0.9999885371146203,1.521331480126784e-09,1.1302257676946427e-18,1.146136411628392e-05
2017-01-26,-0.00104591,-1.072500499,0.00436516,0.028016237,-0.001045363,0.000520381,10.63000011,0.468556523,1,Stable Bull,3.116488735491869e-18,0.9999953115839929,3.9457287359931227e-10,1.7336521574745038e-19,4.688021676499593e-06
2017-01-27,-0.001570764,-1.15104475,0.004374789,0.1525463,-0.002613253,0.000518145,10.57999992,0.355802584,1,Stable Bull,4.498051972395833e-19,0.9999934098940464,2.4461612938285905e-11,1.7174129731444245e-22,6.590082251871303e-06
2017-01-30,-0.00622094,-0.985724507,0.004183642,0.370283895,-0.008798676,0.000506738,11.88000011,0.361726379,1,Stable Bull,6.706664194387202e-20,0.9999884346484891,2.6369384722115593e-11,5.693801220053589e-22,1.1565326011339466e-05
2017-01-31,-8.82e-05,-0.695416005,0.004182316,0.366106643,-0.008886047,0.00049174,11.98999977,0.367436071,1,Stable Bull,2.1524843680478008e-19,0.9999754774768038,5.7980653816217554e-11,3.123837343093651e-21,2.452246501347615e-05
2017-02-01,0.000395292,-0.675166788,0.00406425,0.314732402,-0.00849419,0.000472086,11.81000042,0.017049166,1,Stable Bull,2.6661035690549927e-24,0.9999195155445436,1.9277600504427514e-16,3.69979648196775e-36,8.048445608336667e-05
2017-02-02,0.000658965,-0.797937489,0.003757876,0.372169419,-0.007840607,0.000451661,11.93000031,0.020348568,1,Stable Bull,1.4524782539395083e-30,0.9999480803526244,6.24156775168588e-17,2.4774225180408836e-36,5.191964769692668e-05
2017-02-03,0.00686925,-0.898582031,0.003830112,0.404191591,-0.001001755,0.000406564,10.97000027,0.058282202,1,Stable Bull,7.349682772747495e-31,0.999989805202075,1.6490376524610216e-16,6.914278241211823e-35,1.0194798267118524e-05
2017-02-06,-0.001789244,-0.987213485,0.003853983,0.424949179,-0.002787608,0.000351717,11.36999989,0.054431047,1,Stable Bull,3.5654388778233076e-31,0.9999968005028019,8.601531324056311e-17,3.048868734197237e-36,3.199496894038345e-06
2017-02-07,4.37e-05,-1.003500731,0.003791109,0.556175156,-0.002744077,0.000273967,11.28999996,0.030057353,1,Stable Bull,3.8709137211341664e-32,0.9999978513338084,1.1429193352700254e-17,2.5190235013474485e-38,2.1486655556180867e-06
2017-02-08,0.001309519,-1.004342484,0.003700562,0.465929351,-0.001437297,0.000267154,11.44999981,0.032920921,1,Stable Bull,1.7389252704901208e-32,0.9999978316960412,1.655869637921998e-17,7.63876875053361e-38,2.168304278936996e-06
2017-02-09,0.005915235,-1.107924837,0.003875134,0.315697001,0.0,0.000248226,10.88000011,0.056886564,1,Stable Bull,3.673737546064826e-31,0.9999934917680422,1.7578621802661922e-16,7.192576187959726e-36,6.508232723667757e-06
2017-02-10,0.003938248,-1.193349399,0.003910845,0.283818732,0.0,0.000236506,10.85000038,0.040007505,1,Stable Bull,2.3748554811686266e-30,0.9999946304195426,6.334766296932969e-17,4.58146710573122e-36,5.369580340224975e-06
2017-02-13,0.005427714,-1.281735419,0.003946469,0.090878654,0.0,0.000218725,11.06999969,0.026377587,1,Stable Bull,8.893126414944747e-31,0.999991686110661,7.527549066084866e-17,2.26037358139073e-36,8.313889202998109e-06
2017-02-14,0.003987361,-1.357089257,0.00398505,0.041019089,0.0,0.000214055,10.73999977,0.03753262,1,Stable Bull,1.3441613287790183e-30,0.9999914501096898,2.0334507354355263e-16,1.265534106052889e-35,8.54988942730817e-06
2017-02-15,0.00520707,-1.42692387,0.003902646,-0.135143956,0.0,0.000211316,11.97000027,0.028139713,1,Stable Bull,4.09405939478977e-31,0.9999961900739254,8.58406608266597e-17,2.4928507561186573e-36,3.809926556450122e-06
2017-02-16,-0.000851986,-1.482755194,0.003943204,-0.032862483,-0.000851623,0.000204279,11.76000023,0.036466973,1,Stable Bull,2.4342730937095357e-31,0.9999974644738671,7.560349424060901e-17,2.303877094989472e-36,2.535525304552775e-06
2017-02-17,0.001575502,-1.426608821,0.003748038,-0.095520234,0.0,0.000206696,11.48999977,0.010223493,1,Stable Bull,1.0418533264957173e-31,0.999996199043328,2.7214850334121588e-17,7.943289586231176e-38,3.8009559666736193e-06
2017-02-21,0.005937206,-1.489726208,0.003833402,-0.121028227,0.0,0.000207227,11.56999969,0.001050615,1,Stable Bull,4.826653290408435e-32,0.999995475008524,2.939459227586327e-17,9.263950651742628e-38,4.5249914048637335e-06
2017-02-22,-0.000888397,-1.534789142,0.003747481,-0.124802837,-0.000888002,0.000209953,11.73999977,0.011810856,1,Stable Bull,1.278998741737703e-32,0.999997395286964,2.677201473231428e-17,8.188055330488053e-38,2.6047126080397612e-06
2017-02-23,0.000677013,-1.563815861,0.003624731,0.004481986,-0.000211361,0.000222749,11.71000004,0.016687673,1,Stable Bull,2.3282937488199836e-32,0.9999985136466554,1.2317085456175411e-17,8.618626582578112e-38,1.486353331442755e-06
2017-02-24,0.001268081,-1.560817319,0.003272693,-0.124399866,0.0,0.000248982,11.47000027,-0.001755927,1,Stable Bull,6.742373761260443e-33,0.9999976220307042,8.856913235571758e-18,7.156410401256284e-39,2.377969362798912e-06
2017-02-27,0.001561696,-1.606104039,0.003221753,-0.224695261,0.0,0.000266507,12.09000015,0.018318389,1,Stable Bull,7.90831500803688e-33,0.9999982011848068,3.0298116602162627e-17,2.336418329304259e-37,1.79881538880424e-06
2017-02-28,-0.002702837,-1.647080885,0.00328609,-0.229902013,-0.002699187,0.000264227,12.92000008,0.112278872,1,Stable Bull,1.0365029119805429e-31,0.9999981889448492,5.082430017883482e-15,1.3009678680403946e-33,1.8110544768820143e-06
2017-03-01,0.013900496,-1.432844577,0.003804262,1.254099589,0.0,0.000248726,12.53999996,0.194390786,1,Stable Bull,4.341807530278587e-27,0.9999998631137808,1.6347140026598693e-15,1.1577401533935177e-29,1.3688534074620004e-07
2017-03-02,-0.006317497,-1.452969072,0.004234159,0.675332217,-0.006297583,0.000253184,11.81000042,0.257384506,1,Stable Bull,2.464728701587671e-26,0.9999992919313405,1.462588631637752e-13,2.41240676529132e-28,7.080684555588935e-07
2017-03-03,0.000629446,-1.011038894,0.004229485,0.670820518,-0.005671904,0.000264831,10.96000004,0.700376878,1,Stable Bull,2.0233646805138167e-22,0.9999977602062772,3.05245994619276e-10,1.0375070592217887e-17,2.2394876712849357e-06
2017-03-06,-0.002982578,-1.063625773,0.004368512,0.647248972,-0.008633147,0.000293589,11.23999977,0.691574233,1,Stable Bull,8.26522979899149e-18,0.9999943910127475,1.0132784346909357e-09,3.7330059131025513e-16,5.607974840420996e-06
2017-03-07,-0.002991276,-0.855022802,0.004352715,0.838212749,-0.011594168,0.000316232,11.44999981,0.685387925,1,Stable Bull,2.521091638936696e-16,0.9999730884302682,2.47160621685979e-09,1.4107677326684733e-14,2.690909725448741e-05
2017-03-08,-0.001858091,-0.75386892,0.004355393,0.837511425,-0.013429011,0.000335699,11.85999966,0.650214816,1,Stable Bull,1.783084038647655e-15,0.9998454980400252,1.2737098317737447e-08,6.490268890202131e-14,0.00015448922368980345
2017-03-09,0.001267214,-0.556833447,0.004342241,0.806064731,-0.012178022,0.000350953,12.30000019,0.681456541,1,Stable Bull,6.032451322013991e-16,0.9998953515395997,9.161433946504929e-09,9.90530673256959e-14,0.00010463929804569382
2017-03-10,0.003498144,-0.682504992,0.004360655,0.726525621,-0.008716428,0.00036253,11.65999985,0.684764384,1,Stable Bull,2.1211020630557875e-17,0.9999725848421794,2.2249889480588344e-09,2.740486472603017e-15,2.7412932069206828e-05
2017-03-13,0.000504996,-0.798911436,0.004259277,0.91579919,-0.008215707,0.000369711,11.35000038,0.671286538,1,Stable Bull,2.409206854493755e-18,0.9999970132475066,2.1674536780879717e-10,3.0513147055859445e-16,2.9865353878874418e-06
2017-03-14,-0.003834239,-0.904023238,0.004369975,1.0082728,-0.012011165,0.000381326,12.30000019,0.699734539,1,Stable Bull,2.6617792608588876e-19,0.9999934511120755,5.441091643034058e-10,6.667903355532099e-17,6.548343096596532e-06
2017-03-15,0.008616134,-0.56002786,0.004578419,0.958400599,-0.003461742,0.000404335,11.63000011,0.694801723,1,Stable Bull,1.2098176680314446e-20,0.9999974617017343,5.139989395369518e-10,5.452410906068956e-18,2.537783647597055e-06
2017-03-16,-0.001968694,-0.668108628,0.004584701,1.116268938,-0.005421691,0.000424531,11.21000004,0.697739246,1,Stable Bull,1.4666640185835584e-21,0.9999997955838107,7.967822314072626e-11,3.569835918018464e-19,2.043365082206846e-07
2017-03-17,-0.001757676,-0.651975062,0.00451379,1.342220339,-0.007168302,0.000436853,11.27999973,0.679722953,1,Stable Bull,2.631143560045937e-19,0.9999998789426245,2.7560596021754267e-11,2.906146426554705e-17,1.210300115229652e-07
2017-03-20,-0.001097697,-0.557538022,0.004518146,1.345242109,-0.008257532,0.000447765,11.34000015,0.648051454,1,Stable Bull,1.0330883226656382e-15,0.9998018988221784,2.5077619690215933e-09,4.193952280788122e-14,0.00019809866956994998
2017-03-21,-0.012922586,-0.579713873,0.005388765,0.375353684,-0.020990959,0.00052421,12.47000027,0.710408861,4,Bull Recovery,2.166874497944718e-11,0.016699451297756164,0.0003433753830819306,2.514310280829135e-10,0.9829571730465896
2017-03-22,0.002350269,0.505008526,0.005243745,0.435557186,-0.018687318,0.000569397,12.81000042,0.734319585,4,Bull Recovery,1.2954596131250789e-06,0.010515239999900242,0.0017049710286942234,5.942053577687111e-05,0.9877190729768481
2017-03-23,-0.001067619,0.270150779,0.005244998,0.440142703,-0.019734427,0.000599981,13.11999989,0.736682435,4,Bull Recovery,4.024479860756038e-06,0.002124790207982591,0.00040253034460441814,1.091483074713627e-05,0.9974577401373084
2017-03-24,-0.000726663,0.101174793,0.005241551,0.479894205,-0.020446491,0.000613514,12.96000004,0.751396416,4,Bull Recovery,6.218388333946795e-07,1.7924280599793255e-05,1.764612390982057e-05,1.3734652287168503e-06,0.9999624342907056
2017-03-27,-0.001026644,0.033937137,0.00523079,0.545539556,-0.021451628,0.000586602,12.5,0.752087308,4,Bull Recovery,4.787305313003455e-08,2.65208982584235e-07,4.2384026605117916e-06,8.707102825172926e-07,0.999994577805558
2017-03-28,0.007250464,-0.032558202,0.005480184,0.460636315,-0.014330914,0.000553704,11.52999973,0.746115131,4,Bull Recovery,3.3351268101165587e-09,2.5959400826800638e-05,3.8580013757636525e-06,4.969662536659279e-07,0.9999696822972741
2017-03-29,0.000934447,-0.19666842,0.005453015,0.375518151,-0.013409429,0.000501785,11.42000008,0.744713635,4,Bull Recovery,8.113534484831832e-10,0.004733457214690687,2.7688781700848554e-06,2.9073019061431616e-07,0.9952634823654655
2017-03-30,0.003179115,-0.364224886,0.004508468,-0.463725815,-0.010267953,0.000462766,11.53999996,0.64674894,4,Bull Recovery,7.330932103714558e-10,0.011281209944456,4.757702627412257e-06,6.258615357532063e-08,0.9887139690345447
2017-03-31,-0.002330253,-0.507896936,0.004331323,-0.537062292,-0.012571593,0.00045826,12.36999989,0.612560847,4,Bull Recovery,1.5966847561704584e-09,0.011353770920233121,3.874082976815707e-06,2.6817863979200264e-08,0.9886423265822085
2017-04-03,-0.001740877,-0.384340465,0.004336728,-0.457407877,-0.014289089,0.000453181,12.38000011,0.606677133,4,Bull Recovery,1.7011709846572595e-09,0.004747519546760927,4.117528093271385e-06,2.0292462275809438e-08,0.9952483409311673
2017-04-04,0.00063717,-0.417105804,0.004301344,-0.580394552,-0.013660824,0.000455994,11.78999996,0.606156867,4,Bull Recovery,1.5566720965161264e-09,0.0008886413912398148,4.234350455654397e-06,2.5049315729734064e-08,0.9991070976515707
2017-04-05,-0.002976865,-0.495891318,0.004300884,-0.580861741,-0.016592656,0.000458183,12.89000034,0.62300634,4,Bull Recovery,1.695523525526468e-09,6.328550986737761e-05,3.944916433545164e-06,4.094214334159227e-08,0.9999327269362059
2017-04-06,0.002807082,-0.448746715,0.004333564,-0.705055351,-0.013828272,0.000459056,12.39000034,0.669873488,4,Bull Recovery,1.1749961092617922e-09,3.75157555313193e-05,6.490601977909251e-06,1.973037561059481e-07,0.9999557951635248
2017-04-07,-0.0010199,-0.585062007,0.004328352,-0.632216212,-0.014833557,0.000459623,12.86999989,0.6843283,4,Bull Recovery,1.5153687816820274e-09,6.659868378724761e-05,3.925449700439962e-06,1.8997876803372977e-07,0.9999292843724956
2017-04-10,0.000595093,-0.671226519,0.004252436,-0.598233634,-0.014247116,0.000464317,14.05000019,0.678353812,4,Bull Recovery,7.023241085497928e-10,2.3126370006185364e-05,3.1963899454705627e-06,2.3079189643154932e-07,0.9999734457466323
2017-04-11,-0.001190541,-0.754565516,0.004253153,-0.540397966,-0.015419997,0.000464613,15.06999969,0.671948989,4,Bull Recovery,3.337917422567155e-10,4.271386404306944e-06,2.703675783252968e-06,2.3903322528584677e-07,0.9999927855702606
2017-04-12,-0.00439163,-0.746186689,0.004277671,-0.527634126,-0.019734427,0.000468357,15.77000046,0.662415424,4,Bull Recovery,4.096322373724602e-10,7.796264028437703e-08,4.6485153897751074e-06,3.171354737953629e-07,0.999994955976933
2017-04-13,-0.006516032,-0.490332299,0.003949534,-0.899906584,-0.026101103,0.000495827,15.96000004,0.654440973,4,Bull Recovery,2.8099607826197553e-09,2.9032966046950534e-11,5.027818274775924e-05,2.1724132180068716e-06,0.9999475465653
2017-04-17,0.008820874,0.025066746,0.004494322,-0.41324089,-0.017472464,0.000496996,14.65999985,0.669509152,4,Bull Recovery,3.576974556238618e-08,3.804939196008465e-09,2.5400293827341622e-05,5.096072704454013e-07,0.9999740505247231
2017-04-18,-0.002988581,-0.136449556,0.004518405,-0.373637629,-0.020404444,0.000496927,14.42000008,0.691012324,4,Bull Recovery,1.2480926479747896e-08,7.380504495269928e-07,9.502348740591818e-06,2.1634750457896063e-07,0.9999895307721601
2017-04-19,-0.001840356,-0.061735652,0.004525075,-0.348867606,-0.022205591,0.000496826,14.93000031,0.710880354,4,Bull Recovery,3.75793078467454e-09,3.7921865558640464e-07,1.3102057189880723e-05,3.566032030622719e-07,0.9999861583631439
2017-04-20,0.008106266,-0.065486337,0.003972113,0.747588872,-0.014247116,0.000489967,14.14999962,0.686263129,4,Bull Recovery,7.744578447192104e-10,0.009453330009130963,1.5930227289763855e-05,2.527521397966891e-07,0.9905304862371586
2017-04-21,-0.003192044,-0.225038353,0.004014846,0.885297778,-0.017388666,0.000482433,14.63000011,0.546579213,1,Stable Bull,1.418199921503401e-11,0.5867062786936951,6.143160701782054e-06,2.4741131817970724e-10,0.4132875778847875
2017-04-24,0.010937858,-0.233066655,0.004650275,0.845780542,-0.00658201,0.00045572,10.84000015,0.621837642,1,Stable Bull,1.8301453427727683e-14,0.9658404972232538,1.7245233286037834e-06,7.841869455559985e-12,0.0341577782459966
2017-04-25,0.005801893,-0.370275812,0.004771365,0.648678027,-0.000801552,0.000428848,10.76000023,0.631594099,1,Stable Bull,1.849626384107424e-16,0.9999620441358497,7.765435867094547e-09,1.8296359229978712e-14,3.7948099070952996e-05
2017-04-26,-0.000629263,-0.498563031,0.004763935,0.641291694,-0.001430113,0.000399614,10.85000038,0.63771213,1,Stable Bull,1.3430235733990733e-18,0.9999992877021932,3.1781192252272964e-09,3.168985171726222e-17,7.091189199052634e-07
2017-04-27,0.000838683,-0.521736657,0.004541178,0.811489737,-0.000592278,0.000326473,10.35999966,0.676993372,1,Stable Bull,2.434712942406553e-19,0.9999995221497788,1.4980612132980544e-09,1.874538458551573e-18,4.76351610135463e-07
2017-04-28,-0.002181612,-0.655244896,0.004582454,0.877119224,-0.002770221,0.000230183,10.81999969,0.673112438,1,Stable Bull,1.2048694268001349e-19,0.999999413288778,1.069102348376775e-09,8.887234005490002e-19,5.856421298710545e-07
2017-05-01,0.002517169,-0.636978202,0.004565427,0.902314272,-0.000256863,0.000232084,10.10999966,0.664543131,1,Stable Bull,8.193640291833761e-20,0.999999450812689,8.019810524527454e-10,1.1235486502933912e-18,5.483853777610212e-07
2017-05-02,0.000376601,-0.754861346,0.004520126,0.854331288,0.0,0.000233593,10.59000015,0.647755727,1,Stable Bull,1.315616966733252e-19,0.9999992669111593,8.432008493646865e-10,7.560198743604124e-19,7.322450419921667e-07
2017-05-03,-0.001215077,-0.860578284,0.004507903,0.848084633,-0.001214339,0.000234515,10.68000031,0.655838984,1,Stable Bull,1.313702532271404e-19,0.9999992437518035,5.297608325826071e-10,8.841357498278525e-19,7.557186007921848e-07
2017-05-04,0.001173256,-0.748815803,0.004509445,0.829900762,-4.18e-05,0.000234483,10.46000004,0.656370947,1,Stable Bull,1.1822383788377865e-19,0.9999992333344591,7.360385901312066e-10,1.784710357467846e-18,7.659286489849564e-07
2017-05-05,0.003929522,-0.852796791,0.004482808,0.666062308,0.0,0.000233568,10.56999969,0.621517838,1,Stable Bull,2.358071592760517e-19,0.9999987150976336,5.077927499622013e-10,4.860584897659179e-19,1.2843937606414663e-06
2017-05-08,-0.000167014,-0.941563978,0.004469411,0.765173566,-0.000167,0.000232942,9.770000458,0.521963792,1,Stable Bull,3.0283293527309453e-19,0.9999986176454063,4.353376332207863e-10,7.371160646130737e-20,1.3819189397075173e-06
2017-05-09,-0.000918523,-1.003187637,0.004467349,0.76348761,-0.001084948,0.000231996,9.960000038,0.511756147,1,Stable Bull,1.9101134791276438e-19,0.9999987415184212,2.635627019954686e-10,3.0864129852663814e-20,1.2582172614172553e-06
2017-05-10,0.001794134,-0.980784403,0.004471578,0.722559126,0.0,0.000228377,10.21000004,0.499785795,1,Stable Bull,6.753964515198052e-20,0.9999989817247934,1.5178270661968092e-10,8.36955954863715e-21,1.0181236022983255e-06
2017-05-11,-0.002044458,-1.063512341,0.004495433,0.729622427,-0.002042369,0.000224378,10.60000038,0.447348036,1,Stable Bull,3.919283756665437e-20,0.999999018108183,6.356402065052596e-11,6.679396585170248e-22,9.818284433779226e-07
2017-05-12,-0.001672746,-0.995919335,0.004373913,0.780133451,-0.003710303,0.000221544,10.39999962,0.412679796,1,Stable Bull,3.71125168641044e-21,0.9999986390385114,3.1031497708309944e-11,3.4249515443499555e-23,1.3609309934433864e-06
2017-05-15,0.005508344,-0.851115205,0.00412099,0.880408622,0.0,0.000204304,10.42000008,0.34493509,1,Stable Bull,1.4239091388553595e-21,0.9999994657011093,2.543936634231293e-12,1.6022299981498188e-24,5.342969280230766e-07
2017-05-16,-0.000915855,-0.929936743,0.00379952,1.129879264,-0.000915436,0.000250734,10.64999962,0.269856823,1,Stable Bull,1.3087492843183666e-20,0.9999956239339807,1.4877007206511642e-10,1.868464023653134e-24,4.375916739541883e-06
2017-05-17,-0.017903469,-0.926311845,0.005579952,-1.255163444,-0.018643346,0.000354175,15.59000015,0.609093881,1,Stable Bull,1.7203212530995635e-22,0.6683847535094375,0.3226860321671555,1.0479695234924241e-16,0.008929214323651761
2017-05-18,0.004020366,0.976963903,0.005609026,-1.371758015,-0.014689992,0.000430968,14.65999985,0.603798149,1,Stable Bull,1.219418930654162e-12,0.6708950467106726,0.32910481552717125,1.8636326968730663e-14,1.3776060423652824e-07
2017-05-19,0.00648327,0.715482758,0.005511845,-1.468115847,-0.008281209,0.000460118,12.03999996,0.581087585,1,Stable Bull,1.878218644397923e-14,0.9339886350745764,0.06601135338512074,4.317304678849496e-16,1.1540839939784364e-08
2017-05-22,0.005064647,0.495654303,0.005522509,-1.635201869,-0.003245762,0.000479821,10.93000031,0.62067106,1,Stable Bull,6.484023764514266e-18,0.9979596633282385,0.002040336148952748,3.0738116698009732e-18,5.222722816984355e-10
2017-05-23,0.002210329,0.29014153,0.005044159,-2.284270422,-0.001040171,0.000486186,10.72000027,0.605956839,1,Stable Bull,6.352269587433133e-21,0.9999374140293052,6.258596356367087e-05,1.6104723562554048e-19,6.511286874564444e-12
2017-05-24,0.002329963,0.095728092,0.004919627,-2.417944053,0.0,0.000488339,10.02000046,0.599158804,1,Stable Bull,9.546491879381227e-23,0.9999978081310849,2.1918593890722287e-06,1.616813693981575e-20,1.0073758554316794e-11
2017-05-25,0.004768057,-0.07742916,0.00500293,-2.422895257,0.0,0.000492486,9.989999771,0.594130861,1,Stable Bull,2.5317647962380827e-24,0.9999994955761757,5.043693630526258e-07,7.054980490447315e-22,5.5269341178321814e-11
2017-05-26,-0.000206682,-0.232827009,0.00500633,-2.387668194,-0.000206661,0.000494547,9.81000042,0.593514264,1,Stable Bull,9.345427747974852e-25,0.9999992841387955,7.157194091113101e-07,2.849980470585174e-22,1.420385088143515e-10
2017-05-30,-0.000869161,-0.381567717,0.004977761,-2.459874544,-0.001075265,0.000495729,10.38000011,0.589546516,1,Stable Bull,6.507750486637733e-25,0.9999996354054684,3.6443615640873896e-07,3.4204624017653493e-22,1.5839026474796605e-10
2017-05-31,-0.0002487,-0.329527319,0.004963267,-2.402827711,-0.001323667,0.000495527,10.40999985,0.579558028,1,Stable Bull,4.163319600971211e-23,0.9999996485967748,3.5119337358191954e-07,8.047773901697345e-21,2.094491487800259e-10
2017-06-01,0.007921076,-0.466858914,0.005216852,-2.136565906,0.0,0.000500636,9.890000343,0.569699458,1,Stable Bull,1.3226792460424307e-22,0.9999992806317864,7.050603665880715e-07,5.80006379954117e-21,1.4307954328961011e-08
2017-06-02,0.003322735,-0.5778472,0.005218551,-2.253318734,0.0,0.000503063,9.75,0.570536837,1,Stable Bull,6.141973851906036e-23,0.9999996771039672,3.1970202226068976e-07,9.435615015529707e-21,3.1945188860286828e-09
2017-06-05,-0.000737472,-0.688294852,0.005234261,-2.181948099,-0.0007372,0.000503692,10.06999969,0.554451849,1,Stable Bull,4.384795040860847e-22,0.9999996838196739,3.1026064264654223e-07,2.1796100583985906e-20,5.919535386811471e-09
2017-06-06,-0.003201867,-0.713244407,0.00526809,-1.976852981,-0.003931591,0.000501846,10.44999981,0.549783102,1,Stable Bull,8.882337116808631e-22,0.9999995713406871,3.8082438821560337e-07,5.437789802412629e-21,4.7834362898389296e-08
2017-06-07,0.001848457,-0.490204576,0.005270012,-2.029917841,-0.002088698,0.000496462,10.39000034,0.610688429,1,Stable Bull,2.713395730896536e-22,0.999999752077232,2.3762699023499897e-07,1.0264584445936747e-20,1.0296361677899914e-08
2017-06-08,0.000492302,-0.613967107,0.005256141,-2.083580299,-0.001597304,0.000487408,10.15999985,0.616292289,1,Stable Bull,2.484443205369636e-22,0.9999997408431562,2.505745650473958e-07,2.4651003483402906e-20,8.582743815609174e-09
2017-06-09,-0.001518656,-0.696413166,0.005276233,-1.972884436,-0.003112383,0.00047582,10.69999981,0.61626613,1,Stable Bull,4.0748470068745283e-22,0.9999997390423573,2.3834034273035805e-07,1.4161613897409054e-20,2.2616473939723922e-08
2017-06-12,-0.000205499,-0.705522835,0.005243607,-2.054218438,-0.003317221,0.000461445,11.46000004,0.642229122,1,Stable Bull,6.47573432830635e-23,0.9999998046951268,1.8364852636877846e-07,7.55361074142644e-21,1.1656350226168947e-08
2017-06-13,0.004877933,-0.695298539,0.005284759,-2.159321776,0.0,0.000435054,10.42000008,0.684575431,1,Stable Bull,1.7029394981391267e-23,0.9999998089024484,1.8671392309580226e-07,2.1878184083132024e-20,4.383214755124368e-09
2017-06-14,-0.001268538,-0.786423145,0.005208284,-2.101044405,-0.001267734,0.000371413,10.64000034,0.696651254,1,Stable Bull,8.499404239694872e-23,0.9999998288876815,1.6495285437517893e-07,6.586688280066412e-20,6.159091333720582e-09
2017-06-15,-0.00192613,-0.743459109,0.005229302,-2.052857701,-0.00318957,0.000201022,10.89999962,0.735708738,1,Stable Bull,2.757056688115228e-20,0.9999998013354541,1.7927617401256917e-07,1.9201239220502493e-17,1.9388210952293545e-08
2017-06-16,0.000218467,-0.659190019,0.003036956,0.448237787,-0.002971777,0.000509436,10.38000011,0.595341364,1,Stable Bull,2.775803775721283e-16,0.9999975039440189,2.9573778782699305e-10,1.4571491994682544e-18,2.495759799524517e-06
2017-06-19,0.00829075,-0.725358302,0.003336114,0.545984406,0.0,0.000626102,10.36999989,0.645581725,1,Stable Bull,1.9611790112096744e-18,0.9999931885117865,2.673794952993608e-10,1.0238008301262357e-16,6.811220255899199e-06
2017-06-20,-0.00676708,-0.804137095,0.003643482,0.183418878,-0.006744235,0.000680328,10.85999966,0.673047926,1,Stable Bull,8.37698143633457e-19,0.9999875596941652,2.8327792974556044e-09,2.953976001829924e-16,1.2437472174348084e-05
2017-06-21,-0.000246967,-0.346790496,0.003541939,0.347789789,-0.006989506,0.000727181,10.75,0.651909304,1,Stable Bull,5.007966567274226e-18,0.9999957057299416,2.6249480484513735e-09,3.821147614585985e-16,4.291645325611056e-06
2017-06-22,-0.00045269,-0.364299157,0.00354068,0.452851797,-0.00743893,0.000776166,10.47999954,0.650295049,1,Stable Bull,8.262892038088821e-18,0.9999945263157055,2.0020340524467837e-09,2.835093358037987e-16,5.471682157136569e-06
2017-06-23,0.001193408,-0.441427612,0.003524483,0.50207315,-0.006253693,0.000819121,10.02000046,0.647267393,1,Stable Bull,1.3440738126407857e-17,0.999990665943094,1.273976706220352e-09,7.420035452276754e-16,9.332782873730449e-06
2017-06-26,0.000657763,-0.566006272,0.003400855,0.650061319,-0.005599828,0.000861072,9.899999619,0.627456482,1,Stable Bull,2.5156607044603357e-16,0.9999809166913188,4.264743444632394e-10,2.108062969104325e-14,1.9082881818096633e-05
2017-06-27,-0.008088801,-0.660134822,0.003886718,0.174592084,-0.01361089,0.000869516,11.06000042,0.660234463,1,Stable Bull,1.9623582914579077e-16,0.9994648658330131,8.565297530002023e-08,5.2236402036053567e-14,0.0005350485147406609
2017-06-28,0.008910758,-0.088504981,0.004319476,0.221575736,-0.004782139,0.000865194,10.02999973,0.684622892,1,Stable Bull,3.967479931826159e-15,0.9999572807421803,1.0275485634679297e-07,1.6228470025161669e-12,4.261650070379339e-05
2017-06-29,-0.008827682,-0.233117148,0.004786432,0.031885467,-0.013528942,0.000861507,11.43999958,0.706095834,1,Stable Bull,1.1411477838684855e-15,0.9999664864130662,5.28852931683875e-07,1.9344169187662827e-14,3.298473329800915e-05
2017-06-30,0.001862661,0.320394463,0.004470844,-0.022119978,-0.011689768,0.000846175,11.18000031,0.720042355,1,Stable Bull,2.248392195990512e-15,0.9999971050643647,1.1896013782438745e-06,2.4567431913761225e-14,1.705334540640172e-06
2017-07-03,0.001694092,0.158309959,0.004422833,0.011117783,-0.01001406,0.000828858,11.22000027,0.698665672,1,Stable Bull,7.031333264592973e-15,0.999997937742899,2.5407752397767023e-07,1.5790488354363216e-15,1.8081791369788883e-06
2017-07-05,0.002309442,-0.038660479,0.004452548,-0.080539364,-0.007725104,0.000808578,11.06999969,0.716766025,1,Stable Bull,2.611300563708996e-14,0.9999952978979809,6.544456498595253e-08,1.7781897773832597e-14,4.6366582118280375e-06
2017-07-06,-0.009186443,-0.224998342,0.00484176,-0.215899077,-0.016798839,0.00079085,12.53999996,0.718313945,1,Stable Bull,7.51795907022482e-18,0.9997056662923345,4.922018503745912e-06,1.409613089046358e-17,0.0002894116894922058
2017-07-07,0.006463972,0.854614795,0.005044304,-0.205775918,-0.010422869,0.000779598,11.18999958,0.738464322,1,Stable Bull,5.0186175362932574e-17,0.9999703129383499,2.968120083687019e-05,1.8134884883669172e-15,5.860618820788525e-09
2017-07-10,0.001073363,0.605954442,0.005049147,-0.221503879,-0.009360124,0.000769058,11.10999966,0.741636741,1,Stable Bull,1.1561901777522842e-15,0.9999976072114328,2.389950490798332e-06,8.96786024833701e-16,2.838270028670182e-09
2017-07-11,-0.000742824,0.376540772,0.005040653,-0.244011607,-0.010095722,0.000756628,10.89000034,0.774508434,1,Stable Bull,2.4818066019244237e-16,0.9999994433493796,4.955898430098621e-07,3.0540151647977493e-16,6.106100771923523e-08
2017-07-12,0.007486486,0.128736783,0.005298437,-0.27799641,-0.002657007,0.000759961,10.30000019,0.797424067,1,Stable Bull,1.2542637413057953e-17,0.9999993954081228,1.2207909281620418e-07,1.732170630851998e-17,4.82512061479256e-07
2017-07-13,0.001678834,-0.082833017,0.005207208,-0.235563216,-0.000981228,0.000755368,9.899999619,0.785901295,1,Stable Bull,2.746277089099121e-17,0.9999993788134927,1.0932621913666676e-07,7.399998922812828e-17,5.118608981870255e-07
2017-07-14,0.00465338,-0.283358604,0.005283141,-0.358128119,0.0,0.000759801,9.510000229,0.792661544,1,Stable Bull,1.4614186679209425e-17,0.999996993931716,5.6948081547726355e-08,5.591243846478472e-17,2.9491193327562023e-06
2017-07-17,-0.000122051,-0.47250341,0.005256517,-0.408957641,-0.000122043,0.000761397,9.819999695,0.785406133,1,Stable Bull,2.1809670191477103e-17,0.9999953068637375,7.277512334476315e-08,3.774840962041296e-16,4.620361062371861e-06
2017-07-18,0.00052935,-0.651138017,0.005255903,-0.41774379,0.0,0.000722818,9.890000343,0.812636291,1,Stable Bull,1.1007112246387024e-17,0.9999932460314793,2.2145533134601204e-08,2.6603438387744783e-16,6.731822458344101e-06
2017-07-19,0.005399202,-0.743881403,0.005078944,-0.514713941,0.0,0.000686805,9.789999962,0.830556631,1,Stable Bull,6.73087619611823e-19,0.9999926497072935,1.0055017993557253e-08,1.4473689416399556e-16,7.340237755054738e-06
2017-07-20,0.000445441,-0.881687705,0.004802763,-0.654992048,0.0,0.000657063,9.579999924,0.800679799,1,Stable Bull,3.543055144428979e-19,0.9999962166674495,1.3169408281046817e-08,2.0259902361865945e-16,3.7701639029130186e-06
2017-07-21,-0.000890725,-1.022493904,0.004811791,-0.633409724,-0.000890328,0.000612153,9.359999657,0.805369802,1,Stable Bull,7.261795673806655e-19,0.9999958432013039,1.416672019923209e-08,1.6540269183737044e-16,4.142631122190443e-06
2017-07-24,-0.000243024,-0.86506701,0.004809357,-0.640394421,-0.001133106,0.00055667,9.430000305,0.767672417,1,Stable Bull,9.21702165407631e-19,0.9999954744937524,2.111880088041996e-08,1.251107727320416e-16,4.5043875036064744e-06
2017-07-25,0.002427869,-1.008968224,0.004822265,-0.670708229,0.0,0.00048518,9.430000305,0.777226487,1,Stable Bull,1.0327749825038152e-18,0.9999968595088122,1.7271342599587862e-08,1.1802103634481465e-16,3.1232195580430805e-06
2017-07-26,4.04e-05,-1.136017034,0.004825267,-0.650951573,0.0,0.000368549,9.600000381,0.780804122,1,Stable Bull,6.2303446779504945e-19,0.9999975987422385,1.987186375784041e-08,4.5910944374524637e-17,2.3813861426010826e-06
2017-07-27,-0.000930089,-1.253079012,0.00439975,-0.677504372,-0.000929656,0.000314875,10.10999966,0.711019752,1,Stable Bull,1.5699391083326182e-18,0.999998932712175,1.582990490596756e-08,2.092010039490777e-17,1.0514575142569833e-06
2017-07-28,-0.00117389,-1.135582663,0.004045808,-0.876694427,-0.002101767,0.000343207,10.28999996,0.702384831,1,Stable Bull,9.95565946853234e-19,0.9999991826501785,1.3353618180362606e-08,1.5380468434569602e-17,8.039962552317581e-07
2017-07-31,-0.000566937,-1.080623133,0.003431778,-0.708777595,-0.002667351,0.000463456,10.26000023,0.619914656,1,Stable Bull,3.0730322266608974e-18,0.9999982083570692,5.655983201537944e-09,3.131902995567527e-18,1.7859861097299508e-06
2017-08-01,0.00222621,-1.085512278,0.003436955,-0.719707788,-0.000444606,0.0005468,10.09000015,0.602917816,1,Stable Bull,3.1010095678051026e-18,0.9999981337677261,5.595507094317223e-09,1.2292484123829515e-17,1.8606375497052421e-06
2017-08-02,0.000485148,-1.201694472,0.003436189,-0.669240755,0.0,0.000614005,10.27999973,0.42011224,1,Stable Bull,4.077940000579177e-18,0.999995628013956,9.779646891394377e-10,1.2943113080536163e-20,4.371008495138877e-06
2017-08-03,-0.001942008,-1.307568181,0.0034812,-0.49872377,-0.001940123,0.000667567,10.43999958,0.445501099,1,Stable Bull,8.667827217604402e-19,0.999994688957947,7.79614127599212e-10,6.122895376513352e-20,5.310261888244069e-06
2017-08-04,0.001820813,-1.07079385,0.002622898,1.054427091,-0.000121187,0.000798523,10.02999973,0.408917739,1,Stable Bull,5.548204960188898e-19,0.9999974189846964,3.3592086241075314e-13,3.643125406599649e-21,2.5810147679695103e-06
2017-08-07,0.001857524,-1.183918319,0.002351434,1.221139927,0.0,0.000921105,9.930000305,0.364598206,1,Stable Bull,1.5033624175905057e-20,0.9999942915891683,3.7077855045537084e-14,6.515357145165176e-21,5.708410380779791e-06
2017-08-08,-0.002464069,-1.287600927,0.002478203,1.097520378,-0.002461036,0.001000272,10.96000004,0.333070292,1,Stable Bull,3.026794752041434e-20,0.9998485830634061,5.1533905937998145e-14,7.262506340392176e-20,0.00015141693699668245
2017-08-09,-4.04e-05,-1.082736654,0.002458861,1.09519893,-0.002501338,0.001060762,11.10999966,0.329950794,1,Stable Bull,4.837299763322786e-23,0.9955812188290235,9.236267773483741e-10,4.596624974885565e-22,0.004418780247373606
2017-08-10,-0.014215754,-1.096715441,0.00378992,-2.405054861,-0.016581218,0.001031276,16.04000092,0.543285371,2,Correction,1.00129431120653e-31,9.21148582248761e-05,0.9999023597551994,1.8749179970054027e-18,5.52538712489984e-06
2017-08-11,0.001475682,0.895523413,0.003785547,-2.407068557,-0.015128933,0.001001136,15.51000023,0.535369931,2,Correction,1.6156256410428644e-16,1.549464024543146e-10,0.9999999998453859,2.2341992059483283e-16,4.487837529274801e-15
2017-08-14,0.009864349,0.630079853,0.004251912,-1.296856284,-0.005365747,0.000961174,12.32999992,0.56016494,2,Correction,6.046524993940998e-13,0.00010165733184275306,0.9998983417461039,2.7422065361181514e-15,9.21204938431901e-10
2017-08-15,-0.000121708,0.393107594,0.00425191,-1.296869167,-0.005486794,0.000918656,12.03999996,0.567536931,2,Correction,2.110639677755401e-11,0.0012899474437688707,0.9987100502011229,3.459844134632931e-13,2.333919663274101e-09
2017-08-16,0.001742732,0.140936845,0.004264981,-1.32418318,-0.003752113,0.000871645,11.73999977,0.554898884,2,Correction,5.885685470192734e-11,0.002396166829416839,0.9976036329160362,1.055269718521e-12,2.0019546437660333e-07
2017-08-17,-0.015713548,-0.086947365,0.005342231,-1.500455971,-0.019284349,0.000891311,15.55000019,0.617088786,2,Correction,4.678352034219957e-24,1.3091781018813701e-05,0.9999862167900955,6.428672727778045e-24,6.914293392111388e-07
2017-08-18,-0.00156447,1.668163154,0.005337597,-1.450002908,-0.02081745,0.000925385,14.26000023,0.625215533,2,Correction,3.7026171205683606e-22,8.742008159505147e-10,0.9999999991250661,3.81997615034226e-25,1.3673367872905133e-19
2017-08-21,0.000782288,1.747838403,0.005349488,-1.484674532,-0.020051147,0.000957998,13.18999958,0.621768761,2,Correction,5.233362384553544e-20,9.50222918196109e-10,0.9999999990504875,1.7506421446248344e-21,2.721698538754728e-20
2017-08-22,0.010402969,1.359702848,0.005880412,-1.031685031,-0.009803559,0.001031653,11.35000038,0.6526708,2,Correction,2.3853872467610535e-18,5.672471250383004e-07,0.9999994327537723,1.9091970766395987e-19,4.4271702824856286e-15
2017-08-23,-0.003591842,1.046285865,0.005889192,-0.891453039,-0.013353809,0.001098188,12.25,0.65429975,2,Correction,4.1651849679108397e-16,8.051510086563226e-06,0.9999919484904596,7.948054309402577e-19,1.0440385512715919e-13
2017-08-24,-0.002333389,1.122082611,0.005899991,-0.829122349,-0.015653354,0.00115932,12.22999954,0.654219322,2,Correction,1.9046217470605084e-14,2.233599154562854e-06,0.9999977663999222,4.309708269043037e-17,1.4793191856680951e-13
2017-08-25,0.002333389,1.062166395,0.005935579,-0.888182428,-0.013353809,0.00122546,11.27999973,0.658340315,2,Correction,1.02880621025325e-12,2.7274440817185133e-05,0.9999727255553519,3.6042068870897236e-14,2.155237892472488e-12
2017-08-28,4.1e-05,0.74493842,0.005934718,-0.918423385,-0.013313365,0.001283288,11.31999969,0.658235072,2,Correction,1.5335313572622252e-10,0.0021130680238070614,0.997886927927197,2.3614906687268148e-11,3.872186295453126e-09
2017-08-29,0.001144245,0.463736472,0.00594482,-0.954893069,-0.012183708,0.001318188,11.69999981,0.660593755,2,Correction,1.316288858951402e-09,0.05113672692559747,0.9488596529735209,1.7804199171832494e-10,3.6186058586981384e-06
2017-08-30,0.004726441,0.336630686,0.006023966,-0.951562776,-0.007503801,0.001345576,11.22000027,0.650822278,2,Correction,2.0445990772749992e-09,0.35487362925833277,0.6451071627269728,3.074344452037155e-10,1.9205662419096213e-05
2017-08-31,0.005997606,0.111452297,0.006175922,-0.960754431,-0.001533313,0.001368868,10.59000015,0.789812166,1,Stable Bull,2.2246408537830286e-10,0.822957354176854,0.1770071454978672,1.1551913680219944e-09,3.5498947264570445e-05
2017-09-01,0.001413294,-0.097079478,0.006166302,-1.042701188,-0.000121189,0.00138052,10.13000011,0.765551258,1,Stable Bull,5.219085332972362e-10,0.9264531628872026,0.07352531512646882,3.4976281532529646e-09,2.1517966807563394e-05
2017-09-05,-0.007207817,-0.296251245,0.0063572,-0.824292187,-0.007302221,0.001329923,12.22999954,0.77185008,1,Stable Bull,5.070364578109919e-13,0.987510801894078,0.012395507166923314,5.536265478731952e-13,9.369093735480287e-05
2017-09-06,0.003407731,0.465129181,0.00639193,-0.83861277,-0.003913604,0.001223803,11.63000011,0.789123219,1,Stable Bull,1.3345842297488298e-13,0.9984007621054378,0.0015992224280026196,1.3561607125985072e-13,1.5465680604075223e-08
2017-09-07,-0.000121175,0.211936378,0.006370605,-0.898563492,-0.004034297,0.001087945,11.55000019,0.770327051,1,Stable Bull,4.86848920156553e-14,0.9999435404884113,5.642057901396967e-05,3.7299012254062604e-14,3.893321658648873e-08
2017-09-08,-0.001175602,-0.02585957,0.00637511,-0.870856353,-0.005204469,0.000889896,12.11999989,0.773471946,1,Stable Bull,2.778680269908246e-15,0.9999990032161316,7.308962229078729e-07,1.326448236941055e-15,2.6588692729561363e-07
2017-09-11,0.010609477,0.006634108,0.005917695,-0.714248716,0.0,0.000800886,10.72999954,0.735595347,1,Stable Bull,5.958270987781876e-17,0.999997642305112,1.0384830726289022e-06,3.062728707478502e-17,1.3192119796698861e-06
2017-09-12,0.00336494,-0.161216041,0.005938767,-0.750240531,0.0,0.000684815,10.57999992,0.737348064,1,Stable Bull,4.780970593162634e-17,0.9999991437693125,3.2287385756682465e-07,2.9392982631394035e-17,5.333569087736066e-07
2017-09-13,0.000479783,-0.346080594,0.005592679,-0.846517104,0.0,0.00059875,10.5,0.681223904,1,Stable Bull,5.624654310624363e-17,0.9999987545241791,3.573891495053128e-07,1.6974228898508755e-17,8.880859830646801e-07
2017-09-14,-0.000319713,-0.509788841,0.005594294,-0.840750018,-0.000319662,0.000489317,10.43999958,0.703189902,1,Stable Bull,9.422463723659484e-17,0.9999977664272071,2.1533930097258896e-07,5.622274079279138e-17,2.0182332188274974e-06
2017-09-15,0.001345331,-0.606877727,0.005591214,-0.831997217,0.0,0.000337682,10.17000008,0.708250346,1,Stable Bull,3.012979374872224e-17,0.9999956580999098,1.9527036133101594e-07,5.566851905342939e-17,4.146630057599646e-06
2017-09-18,0.002124624,-0.782664291,0.004146442,0.482487688,0.0,0.000499442,10.14999962,0.605900941,1,Stable Bull,1.4734251067467705e-16,0.9999980587891256,4.688422367790836e-10,4.9501417779249484e-18,1.9407424466112646e-06
2017-09-19,0.00100045,-0.943634118,0.004088504,0.433262793,0.0,0.000622518,10.18000031,0.606492027,1,Stable Bull,1.2006287538779432e-18,0.9999968280131101,3.323581612088703e-10,3.801404721242894e-18,3.1716547607202074e-06
2017-09-20,0.000360135,-1.097534888,0.004093962,0.445534183,0.0,0.000719548,9.779999733,0.610932812,1,Stable Bull,4.1538932538503104e-18,0.999995139866756,3.0756151962124596e-10,4.544881498906788e-17,4.85982576422091e-06
2017-09-21,-0.002683165,-1.187655456,0.0036634,0.360767507,-0.002679569,0.00084749,9.670000076,0.573405127,1,Stable Bull,3.993009477385618e-17,0.9999823233372637,3.6021718654231464e-10,2.70770717320902e-16,1.7676302949012656e-05
2017-09-22,0.000200533,-0.952360345,0.003516459,0.363080646,-0.002479553,0.000960871,9.590000153,0.583953311,1,Stable Bull,1.413550633968716e-16,0.9999415708215769,6.639647650874096e-10,6.694629353467186e-15,5.8428513783705085e-05
2017-09-25,-0.002046793,-1.007197983,0.003502685,0.367028962,-0.004519183,0.001050504,10.21000004,0.598854387,1,Stable Bull,1.4485624090780993e-15,0.9998098922198786,9.451915952908848e-10,1.5246037279056032e-13,0.0001901068343016789
2017-09-26,0.00060252,-0.869684502,0.003494796,0.439997633,-0.003919206,0.001120544,10.17000008,0.555106779,1,Stable Bull,6.207752788397136e-15,0.9994178228618769,1.0625241396063268e-09,2.7541793039425174e-13,0.0005821760757608134
2017-09-27,0.003886734,-1.013376243,0.003536609,0.291507903,-4.02e-05,0.001171529,9.869999886,0.591657436,1,Stable Bull,1.4951720476513744e-14,0.9986856193656806,2.886229459263029e-09,5.271856195603129e-12,0.0013143777435589202
2017-09-28,0.001199144,-1.153192727,0.003536515,0.289261372,0.0,0.001208749,9.550000191,0.59965206,1,Stable Bull,5.83308051844411e-14,0.998040423970662,3.891055894854867e-09,1.98019924938239e-11,0.0019595721191554903
2017-09-29,0.003508795,-1.289993852,0.003487053,0.317118534,0.0,0.001233192,9.510000229,0.599376844,1,Stable Bull,1.1882068754772716e-13,0.9979564766235965,2.6446130987407397e-09,4.0712474701636775e-11,0.0020435206900796202
2017-10-02,0.004329443,-1.41537884,0.003390821,0.313925097,0.0,0.001242272,9.449999809,0.573960756,1,Stable Bull,9.252058399257581e-14,0.9984287427611712,2.296606172783652e-09,2.1313242457963107e-11,0.0015712549199494968
2017-10-03,0.002137677,-1.517975165,0.003397246,0.282146423,0.0,0.001236694,9.510000229,0.588517806,1,Stable Bull,2.26512770338272e-15,0.9993887460693791,1.962543554321016e-09,6.949766749020435e-13,0.0006112519669871138
2017-10-04,0.001185895,-1.622334634,0.002801222,1.442281667,0.0,0.001236985,9.630000114,0.581554143,1,Stable Bull,1.609529233990587e-16,0.9999896532088816,4.437925281341207e-13,3.0916365281093974e-14,1.0346790752991714e-05
2017-10-05,0.005907786,-1.727159862,0.002932378,1.283737629,0.0,0.001201812,9.18999958,0.643757973,1,Stable Bull,1.3734200040731675e-17,0.9999966676824485,3.589099032719119e-12,2.8487549098270654e-15,3.332313455940882e-06
2017-10-06,-0.001139758,-1.796069975,0.002972322,1.24968652,-0.001139109,0.001140806,9.649999619,0.67861177,1,Stable Bull,9.369976737992928e-19,0.9999992773157711,1.2315913670715435e-12,1.1999571394484592e-16,7.226825327815707e-07
2017-10-09,-0.00165226,-1.721796062,0.002996785,1.216827192,-0.002788124,0.001048792,10.32999992,0.633809414,1,Stable Bull,1.170864843734306e-18,0.9999995147683234,6.798076783537212e-13,4.0108308485172096e-16,4.852313748916483e-07
2017-10-10,0.002634637,-1.481456669,0.002203345,0.143203914,-0.000157369,0.001023733,10.07999992,0.575578705,1,Stable Bull,2.8321299263177743e-19,0.9999319971815538,2.8961415827262883e-10,2.616571944209272e-16,6.800252963305523e-05
2017-10-11,0.001569757,-1.582392723,0.00215175,0.22803269,0.0,0.000966033,9.850000381,0.593551946,1,Stable Bull,1.78249596132831e-17,0.9999818438966267,9.575756036686362e-11,8.534155235312056e-15,1.815600804884934e-05
2017-10-12,-0.001491269,-1.694797889,0.002225231,0.249543078,-0.001490157,0.000905355,9.909999847,0.567569092,1,Stable Bull,1.1469203435648545e-17,0.9999953681670326,4.73496101575348e-11,9.854107098005638e-16,4.631786309671237e-06
2017-10-13,0.001216669,-1.459587137,0.002202079,0.168469595,-0.000274562,0.000808912,9.609999657,0.552530337,1,Stable Bull,2.8781192632726e-19,0.9999918698834684,6.062715127434e-11,9.795840450478007e-18,8.130056259516812e-06
2017-10-16,0.001332762,-1.581231657,0.002202025,0.169311127,0.0,0.000659519,9.909999847,0.522792721,1,Stable Bull,9.140598636366942e-20,0.9999986611646686,2.1368712878379437e-11,1.0989724546164356e-18,1.3388136427506088e-06
2017-10-17,0.000704934,-1.689526548,0.002192432,0.261453634,0.0,0.000652472,10.31000042,0.531430529,1,Stable Bull,1.070075711089891e-20,0.9999994008050611,1.21465864543062e-11,7.358232169727943e-20,5.991836118013604e-07
2017-10-18,0.000978012,-1.793075477,0.00219248,0.262931557,0.0,0.000636284,10.06999969,0.532212381,1,Stable Bull,3.879767637778763e-21,0.9999998205621684,8.834972039286156e-12,1.8317973246960042e-20,1.7942942219498842e-07
2017-10-19,0.000273841,-1.88348442,0.002193983,0.267411589,0.0,0.000605076,10.05000019,0.47017397,1,Stable Bull,1.8897602548392488e-21,0.9999999128431265,3.4753903248525284e-12,2.18717415909197e-22,8.715358568845573e-08
2017-10-20,0.005147003,-1.956493769,0.002188021,0.330143972,0.0,0.000596976,9.970000267,0.384126799,1,Stable Bull,6.573151647696577e-21,0.9999999494757515,1.0275834147668583e-12,8.121374596758509e-24,5.05229545783486e-08
2017-10-23,-0.003896783,-2.00212169,0.00246972,-0.040758741,-0.0038892,0.00057977,11.06999969,0.365980398,1,Stable Bull,1.95697635387603e-20,0.9999999133815474,5.74670469615431e-12,1.136261803966753e-22,8.661239809498676e-08
2017-10-24,0.001755462,-1.465360519,0.002352002,-0.141888709,-0.00213903,0.000561623,11.15999985,0.270937672,1,Stable Bull,2.9707598024233442e-21,0.9999928956055989,1.1244656934917822e-12,2.8739784813619755e-26,7.10439280780405e-06
2017-10-25,-0.00496247,-1.569664285,0.002733385,-0.447629516,-0.007078618,0.000532944,11.22999954,0.355170161,1,Stable Bull,6.153563585569617e-20,0.9999940545616782,1.5924770697407034e-10,6.561546271472585e-20,5.945278999778189e-06
2017-10-26,0.00129176,-0.854696511,0.002662285,-0.395946259,-0.005795173,0.000495841,11.30000019,0.324409937,1,Stable Bull,2.332614255003752e-19,0.9999524971158975,1.8903822877170555e-10,1.0080105890304998e-22,4.750269442990538e-05
2017-10-27,0.008143144,-1.012286597,0.003080276,0.03888081,0.0,0.000463639,9.800000191,0.611435206,1,Stable Bull,7.189042622386549e-19,0.9999929812521101,7.839005958606251e-10,5.024254930336559e-16,7.017963665750769e-06
2017-10-30,-0.003732136,-1.121171087,0.003231594,0.145530453,-0.00372518,0.000442637,10.5,0.520143663,1,Stable Bull,1.6115821190884869e-18,0.9999960825393254,2.2311460619970203e-10,8.342669016449393e-19,3.917237811255043e-06
2017-10-31,0.001556812,-0.845699061,0.003145764,0.22825525,-0.00217296,0.000423801,10.18000031,0.514396463,1,Stable Bull,1.7692081120386458e-19,0.9999964798124096,1.8398851485145744e-10,1.8521876381820163e-19,3.520004163813073e-06
2017-11-01,0.001321163,-0.930489651,0.003134767,0.265787726,-0.000853796,0.000402331,10.19999981,0.51397874,1,Stable Bull,1.3242457190026158e-19,0.9999971163238766,1.457247434319937e-10,1.3777544490120578e-19,2.8835306940712865e-06
2017-11-02,0.000388413,-1.075153798,0.003135503,0.302599636,-0.000465639,0.000417676,9.930000305,0.519438411,1,Stable Bull,1.813263914436536e-19,0.9999976246846034,9.286699753680424e-11,2.1553381634607537e-19,2.375222536440848e-06
2017-11-03,0.003332882,-1.119537402,0.002972979,0.256693288,0.0,0.000419382,9.140000343,0.486782508,1,Stable Bull,1.082234535561055e-19,0.9999966269481364,7.00250952310427e-11,5.2454781672685864e-20,3.3729818498336014e-06
2017-11-06,0.00154658,-1.254771749,0.002947388,0.143660403,0.0,0.000418315,9.399999619,0.481041564,1,Stable Bull,5.1212188725317225e-20,0.9999977405175802,6.478922546337769e-11,3.220853509262314e-20,2.2594183049161684e-06
2017-11-07,-0.000695591,-1.387397042,0.002914288,0.124896233,-0.000695349,0.000414781,9.890000343,0.486517419,1,Stable Bull,7.095316311035119e-20,0.9999987479085228,5.045678348989721e-11,3.4746690521763116e-20,1.2520411006108838e-06
2017-11-08,0.001699472,-1.267608576,0.002893155,0.164661941,0.0,0.000409349,9.779999733,0.496348829,1,Stable Bull,3.2623397068471994e-20,0.9999983387492805,5.289673723538322e-11,1.7824657208902254e-20,1.6611974733489644e-06
2017-11-09,-0.003634316,-1.393513903,0.003045695,0.229504263,-0.00362772,0.000403615,10.5,0.512270966,1,Stable Bull,2.521381893465975e-19,0.9999987783911096,5.860431666530464e-11,2.423123232967096e-19,1.2215506636616589e-06
2017-11-10,-0.000309966,-0.786465214,0.003016204,0.194328857,-0.003936514,0.000396671,11.28999996,0.52617584,1,Stable Bull,1.7339699859599461e-19,0.9999940016712392,4.396135076564339e-10,3.4916023761629447e-19,5.9978900336404886e-06
2017-11-13,0.00092934,-0.847699034,0.003014112,0.20837609,-0.003010402,0.000384081,11.5,0.522818814,1,Stable Bull,9.887577381421442e-19,0.9999930519248119,3.591323244749228e-10,1.1044443161292909e-18,6.947716278218959e-06
2017-11-14,-0.002325242,-1.014104014,0.003076354,0.324334008,-0.005325951,0.000368975,11.59000015,0.534920346,1,Stable Bull,7.88561870456946e-18,0.9999949968130399,1.4395460748083498e-10,1.5403678782935126e-17,5.003042208358108e-06
2017-11-15,-0.005017613,-0.798412897,0.003298359,0.283949248,-0.010304341,0.000358169,13.13000011,0.563645524,1,Stable Bull,1.246590731285978e-19,0.9999449726408123,4.1206987722670834e-09,1.7803231605902376e-18,5.502323770470514e-05
2017-11-16,0.008464814,0.051510351,0.003761041,0.446255964,-0.001891193,0.000378739,11.76000023,0.5351661,1,Stable Bull,1.2658535476109796e-18,0.9999995028994234,4.698215884244327e-08,6.937178785336082e-18,4.5011804359174326e-07
2017-11-17,-0.002942817,-0.14888922,0.003837028,0.504852069,-0.004824127,0.00039131,11.43000031,0.588389612,1,Stable Bull,1.6646725663999027e-18,0.9999997673840242,2.228021264919685e-08,5.753518810161575e-20,2.1033573470342883e-07
2017-11-20,0.001704874,0.045065937,0.003694243,0.594693585,-0.003126031,0.000373498,10.64999962,0.596290181,1,Stable Bull,4.0189050018934e-18,0.99999994515929,2.170498899594736e-08,5.491274229939602e-19,3.3135353480351255e-08
2017-11-21,0.006521433,-0.19512312,0.003811446,0.435101108,0.0,0.000380827,9.729999542,0.619400376,1,Stable Bull,2.9617921761982388e-18,0.9999995451035955,7.688924722077806e-09,1.5965445864180913e-19,4.4720661097534296e-07
2017-11-22,-0.000884866,-0.384919106,0.003818984,0.528967377,-0.000884475,0.00036494,9.880000114,0.610489162,1,Stable Bull,4.240895287364983e-18,0.9999994050105621,7.959970364104819e-09,2.1055901042701673e-18,5.870288351534788e-07
2017-11-24,0.002307091,-0.519740227,0.00361449,0.519811952,0.0,0.000359071,9.670000076,0.601559804,1,Stable Bull,2.3141266273018208e-18,0.9999990364235696,1.3642239291294687e-09,7.866657299398716e-19,9.622119262780122e-07
2017-11-27,-0.000499203,-0.711805969,0.003626795,0.583613997,-0.000499079,0.000342355,9.869999886,0.593301052,1,Stable Bull,1.477597626431315e-18,0.9999986987394831,6.813893792406539e-10,2.213437132965964e-18,1.3005782254036239e-06
2017-11-28,0.010093344,-0.891538895,0.003841463,0.77987838,0.0,0.000359033,10.02999973,0.367240657,1,Stable Bull,4.3827912133943673e-20,0.9999963452295044,9.560499480187471e-12,4.721519770636813e-24,3.654760667548884e-06
2017-11-29,-0.000608673,-1.004997363,0.003709559,0.841608519,-0.000608488,0.000367837,10.69999981,0.476901354,1,Stable Bull,9.017429442008125e-22,0.9999995315412167,1.248561021818075e-11,3.8990430861799696e-21,4.684459055609668e-07
2017-11-30,0.008716733,-1.156099988,0.004066233,0.718231116,0.0,0.000396267,11.27999973,0.557957604,1,Stable Bull,3.016598930623906e-21,0.9999989114718586,6.607446782606416e-11,1.8696350513984125e-20,1.0884627192122868e-06
2017-12-01,-0.002077619,-1.251508446,0.004137945,0.770529113,-0.002075462,0.000423265,11.43000031,0.565271619,1,Stable Bull,5.925076083112997e-21,0.9999996118204607,2.47810614001605e-11,1.759419182664545e-20,3.881542107605012e-07
2017-12-04,-0.001210854,-1.072544104,0.004169612,0.798930477,-0.003283072,0.00044567,11.68000031,0.517542301,1,Stable Bull,1.3903423582602966e-21,0.9999994950777729,1.3230043192044561e-11,8.649685506512035e-22,5.049085115721249e-07
2017-12-05,-0.003602819,-0.98338932,0.004265448,0.905415398,-0.006867602,0.000459874,11.32999992,0.510472222,1,Stable Bull,1.7198825494608235e-22,0.999999233032507,2.132875439810723e-11,2.2681853431606933e-22,7.669460837645546e-07
2017-12-06,0.000189688,-0.288133408,0.004264891,0.951934307,-0.0066792,0.000463342,11.02000046,0.487150463,1,Stable Bull,3.7920680765931416e-22,0.9999998866515007,1.3604742479640378e-10,1.0260070229150756e-21,1.1321221469715958e-07
2017-12-07,0.003148345,-0.49493594,0.004279918,0.821029722,-0.003546955,0.000456121,10.15999985,0.489288776,1,Stable Bull,1.676645071683988e-20,0.9999993627063516,1.3374157773571286e-10,6.563980310605633e-22,6.371597912176564e-07
2017-12-08,0.005438344,-0.682583238,0.004387588,0.690635589,0.0,0.000443926,9.579999924,0.49683468,1,Stable Bull,7.858332940578972e-20,0.9999981082819135,2.6723702136433806e-10,1.65560543048127e-20,1.891450409280148e-06
2017-12-11,0.003008644,-0.823865861,0.004262182,0.60199051,0.0,0.000426537,9.340000153,0.507131676,1,Stable Bull,1.6502962075573698e-19,0.9999972335319467,3.172489244888347e-10,6.719476409007088e-20,2.7661515083602157e-06
2017-12-12,0.001763133,-0.982689251,0.004242657,0.542649782,0.0,0.000395644,9.920000076,0.500655986,1,Stable Bull,1.218389513076387e-19,0.9999981790150041,1.3700657322524889e-10,2.525085172472587e-20,1.8208483228187225e-06
2017-12-13,-0.000112311,-1.12108597,0.004256673,0.570108825,-0.000112305,0.000352472,10.18000031,0.495123686,1,Stable Bull,1.3817356027828166e-19,0.9999987215513998,9.696491577258207e-11,2.7806649146672075e-20,1.278351078666844e-06
2017-12-14,-0.004094693,-1.066704875,0.004353166,0.517690665,-0.004198167,0.000305817,10.48999977,0.49657972,1,Stable Bull,3.9836336659101325e-19,0.9999972011467494,3.0197873188808194e-10,8.855881946175513e-20,2.7985508126261107e-06
2017-12-15,0.008292628,-0.534246832,0.004334399,0.443421318,0.0,0.000270973,9.420000076,0.509540792,1,Stable Bull,8.987199186670584e-19,0.9999934143105236,3.822540520806528e-09,8.439009245543932e-19,6.5818676418418985e-06
2017-12-18,0.006321464,-0.680027354,0.004199598,0.434821449,0.0,0.000265648,9.529999733,0.486588925,1,Stable Bull,7.508172300763948e-18,0.9999951974593203,1.0031939175972405e-09,3.5021749479260225e-19,4.801538331959519e-06
2017-12-19,-0.003847788,-0.816224569,0.004256836,0.396510939,-0.003840394,0.000264143,10.02999973,0.491310152,1,Stable Bull,1.167820616346783e-18,0.9999950160287481,1.4692699551222268e-09,1.5060503676002463e-19,4.982501161139847e-06
2017-12-20,-0.000524356,-0.376000998,0.00429044,0.45373798,-0.0043626,0.000252869,9.720000267,0.494352121,1,Stable Bull,1.6515873666841615e-19,0.9999983100638656,4.801607221428058e-09,5.177696443486166e-20,1.6851347652491712e-06
2017-12-21,0.002057584,-0.254428405,0.004154585,0.583174928,-0.002311884,0.000243928,9.619999886,0.455149056,1,Stable Bull,5.035387108058059e-19,0.9999996367042263,2.6514238525523575e-09,4.858586508008379e-21,3.606434974926543e-07
2017-12-22,-0.000261352,-0.450468189,0.004138036,0.57465016,-0.002572598,0.000233931,9.899999619,0.485989564,1,Stable Bull,2.851715998442188e-19,0.9999992502874274,1.6287021883916635e-09,2.2458341804814595e-21,7.48083693539907e-07
2017-12-26,-0.001196999,-0.433417834,0.00418034,0.663886859,-0.003765803,0.000201173,10.25,0.469999148,1,Stable Bull,1.3375156896055474e-19,0.9999994815608695,1.026807958617561e-09,1.812770692694755e-21,5.174123055733905e-07
2017-12-27,0.000486397,-0.445510107,0.004162552,0.642557127,-0.00328112,0.000159446,10.47000027,0.476326436,1,Stable Bull,1.0037032066911436e-19,0.9999994105639335,8.42729395951416e-10,1.5204063552078934e-21,5.885934627057636e-07
2017-12-28,0.002055223,-0.567007288,0.003676203,0.605034347,-0.001230533,0.000180154,10.18000031,0.521251439,1,Stable Bull,2.3940010331995187e-19,0.9999991764165069,5.938003056112255e-10,2.933140167042553e-20,8.229896262314819e-07
2017-12-29,-0.003777699,-0.736011096,0.003814035,0.558589657,-0.004996466,0.000167499,11.03999996,0.504754265,1,Stable Bull,1.0367781622856531e-19,0.9999982759233118,5.071487427348417e-10,6.6565253891580244e-21,1.7235689247365202e-06
2018-01-02,0.007131978,-0.243815055,0.003666308,0.453388866,0.0,0.000201091,9.770000458,0.489316196,1,Stable Bull,4.53835004615999e-19,0.9999993534968141,4.601796527722643e-09,1.3881928861151013e-19,6.419005963969889e-07
2018-01-03,0.006305168,-0.416397307,0.003778959,0.262250339,0.0,0.000218161,9.149999619,0.477903573,1,Stable Bull,8.119180104414272e-18,0.9999968324004986,4.6178787946552285e-09,5.293214753570936e-20,3.1629808878647608e-06
2018-01-04,0.004205827,-0.57111582,0.003782947,0.089603279,0.0,0.000232221,9.220000267,0.490345635,1,Stable Bull,1.926377831388171e-17,0.9999952557831182,4.068130043096703e-09,7.302055311368081e-19,4.740148374870265e-06
2018-01-05,0.006642299,-0.729298462,0.003742791,-0.047779676,0.0,0.000244744,9.220000267,0.543061203,1,Stable Bull,1.2966606642623698e-17,0.9999900649602423,5.469416067068832e-09,5.669523357620113e-18,9.929570883094103e-06
2018-01-08,0.001826881,-0.860232867,0.003718889,-0.106670162,0.0,0.000255769,9.520000458,0.579394064,1,Stable Bull,7.1847450385977e-18,0.9999954892074912,3.5255496529647584e-09,1.4486768594054508e-17,4.5072664717525905e-06
2018-01-09,0.002260795,-1.00304649,0.003711853,-0.073309506,0.0,0.000263487,10.07999992,0.588406027,1,Stable Bull,3.740909161702741e-18,0.9999968977747729,1.5863476492603548e-09,4.474527046337166e-18,3.100638633732849e-06
2018-01-10,-0.00153123,-1.136382474,0.003709491,0.116986943,-0.001530059,0.000261967,9.819999695,0.614997592,1,Stable Bull,4.804071471759813e-18,0.9999974212584274,1.0183027376810536e-09,1.5416691343853035e-17,2.5777232075613096e-06
2018-01-11,0.007269485,-1.042345714,0.003893047,0.084186262,0.0,0.00025729,9.880000114,0.596865972,1,Stable Bull,4.447382466053771e-18,0.9999947749338473,2.2499494364527497e-09,1.084788765314581e-17,5.222816068845628e-06
2018-01-12,0.006498327,-1.144125492,0.00401594,-0.022414254,0.0,0.000251423,10.15999985,0.631973048,1,Stable Bull,8.427907717793392e-18,0.9999967819437127,2.978070236866336e-09,5.152925671875404e-17,3.215077630805114e-06
2018-01-16,-0.00342438,-1.232409865,0.004172885,-0.01995972,-0.003418524,0.000247653,11.65999985,0.654288882,1,Stable Bull,6.704837546626353e-17,0.9999969663213593,3.020344020633927e-09,2.7737038709021337e-16,3.0306578865551017e-06
2018-01-17,0.009486291,-0.785221483,0.004227741,-0.05655954,0.0,0.0002398,11.90999985,0.707215561,1,Stable Bull,6.515614990612539e-17,0.9999652728702189,2.499922200241805e-08,2.0636739296845286e-15,3.470213035134115e-05
2018-01-18,-0.001681946,-0.895821647,0.004124681,0.10504576,-0.001680532,0.000228504,12.22000027,0.691315912,1,Stable Bull,1.279906533041792e-16,0.9999814098900912,1.1183804181746835e-08,2.3728676281725425e-15,1.8578925390077135e-05
2018-01-19,0.004539209,-0.944562683,0.004053464,0.13117279,0.0,0.000223404,11.27000046,0.733569971,1,Stable Bull,1.3064879434547507e-17,0.999993941954177,1.8681862889355535e-09,7.377759331623156e-16,6.056177801545729e-06
2018-01-22,0.008097935,-1.068118608,0.004012092,0.034443326,0.0,0.000213606,11.02999973,0.628717006,1,Stable Bull,7.801831234310557e-18,0.9999944205202285,4.071848076137371e-09,6.293209833296221e-17,5.575408415798887e-06
2018-01-23,0.002120365,-1.151757827,0.003947171,-0.034460814,0.0,0.000199195,11.10000038,0.627679509,1,Stable Bull,5.5136967108502105e-18,0.999997346314441,2.083434985329159e-09,1.7168443661249207e-17,2.651601578760831e-06
2018-01-24,-0.0003882,-1.259284494,0.00400627,0.030598651,-0.000388124,0.000193659,11.47000027,0.64186216,1,Stable Bull,1.3762555542753508e-17,0.9999975501298646,2.328913356046335e-09,3.1413332158976885e-17,2.447542114936638e-06
2018-01-25,0.000423232,-1.129049886,0.003983705,0.017432243,0.0,0.000188233,11.57999992,0.62326418,1,Stable Bull,1.909890547258654e-15,0.9999944598120002,3.4684776333407397e-09,3.4522638825280957e-16,5.536718785888434e-06
2018-01-26,0.011511715,-1.246254748,0.004309184,0.051369065,0.0,0.000198844,11.07999992,0.608539457,1,Stable Bull,7.46884197805596e-13,0.9999133946091007,7.169017481326273e-08,1.1080406585358734e-12,8.653369813350738e-05
2018-01-29,-0.006652523,-1.303213192,0.004798989,-0.195925083,-0.006630444,0.000271454,13.84000015,0.637436888,1,Stable Bull,9.597641784617874e-12,0.9953305557206836,6.178114538999252e-05,1.9704427565365544e-11,0.004607663104421756
2018-01-30,-0.010309657,-0.538699808,0.005610188,-0.482038927,-0.016819131,0.000443885,14.78999996,0.640402115,1,Stable Bull,8.663997296347535e-21,0.7455627716129564,0.11701161929999243,6.954764138946203e-23,0.1374256090864463
2018-01-31,0.000496889,1.56543322,0.005449813,-0.568046581,-0.016330479,0.000534429,13.53999996,0.580182815,2,Correction,9.452584454683472e-18,0.0017238449386051537,0.9982761550609425,7.847883665502687e-19,9.485920380583079e-15
2018-02-01,-0.001135862,1.243054325,0.00540533,-0.404907365,-0.017447157,0.000590846,13.47000027,0.575477723,2,Correction,4.0946616956835215e-16,4.450406267876872e-05,0.9999554959366698,6.530490849243399e-19,3.0959968795899647e-13
2018-02-02,-0.022010511,1.057575365,0.007471415,-1.347608877,-0.038837379,0.000915636,17.30999947,0.747705639,2,Correction,8.330315515956009e-24,2.398761689639884e-17,1.0,4.537974785354883e-22,7.613570062862624e-13
2018-02-05,-0.042722377,3.0,0.012042897,-2.175369092,-0.079035732,0.001894074,37.31999969,0.759845762,2,Correction,1.117303959960827e-40,2.1609326932738036e-91,1.0,5.553968339110874e-20,1.2207545042004277e-42
2018-02-06,0.019510525,3.0,0.012775827,-1.758679782,-0.060890803,0.002556348,29.97999954,0.797415252,2,Correction,1.0022683593200676e-34,3.2902446400335456e-98,1.0,9.760278494945213e-22,2.9046434479013284e-30
2018-02-07,-0.00543939,3.0,0.012800831,-1.668211786,-0.065985116,0.003017791,27.72999954,0.797675994,2,Correction,8.261362336254598e-32,1.5744721040512965e-77,1.0,3.9723935372933815e-25,2.1601846293100204e-34
2018-02-08,-0.038230389,3.0,0.015110585,-1.380484426,-0.101018923,0.003618276,33.45999908,0.815512152,2,Correction,4.520556993156852e-35,2.3987924083513694e-145,1.0,1.8918350375768212e-22,4.937871216658593e-46
2018-02-09,0.014909846,3.0,0.015609653,-1.328886354,-0.087514832,0.004109437,29.05999947,0.824751621,2,Correction,1.4502592542885807e-33,5.048926369808204e-199,1.0,2.8573557551814054e-23,1.699736206150377e-42
2018-02-12,0.014577685,3.0,0.015910924,-1.272471999,-0.074115482,0.004508603,25.61000061,0.807818907,2,Correction,2.7622173631410043e-33,6.859446463737252e-157,1.0,1.7826762241585523e-24,6.026910530052213e-41
2018-02-13,0.002484309,3.0,0.015828933,-1.261781073,-0.071812439,0.004802372,24.96999931,0.804480936,2,Correction,5.519994491732397e-34,6.186014808171654e-133,1.0,5.4635656785518035e-25,3.9981652609222556e-42
2018-02-14,0.013405834,3.0,0.016180033,-1.288795112,-0.059285532,0.005046488,19.26000023,0.813720802,2,Correction,2.9321917848511664e-35,1.1606541587376166e-131,1.0,5.0469876206981325e-26,9.141472211060278e-44
2018-02-15,0.012679517,3.0,0.016300886,-1.271586608,-0.047281787,0.005224785,19.12999916,0.812549181,2,Correction,8.303189492526972e-36,1.363771421462058e-101,1.0,5.1390878679319016e-26,6.442160337917826e-45
2018-02-16,0.000293045,3.0,0.016303264,-1.288727447,-0.047002557,0.005327399,19.45999908,0.810745776,2,Correction,7.729964728840766e-36,4.119260525134973e-89,1.0,6.72602950953575e-26,3.240982094271283e-48
2018-02-20,-0.006280788,2.697399695,0.016289096,-1.198588152,-0.052969374,0.005357759,20.60000038,0.810309081,2,Correction,1.3601101586331637e-35,3.9990263996935025e-95,1.0,5.589123281177617e-25,8.384445031158363e-44
2018-02-21,-0.004986726,2.655878938,0.016151057,-1.122359114,-0.057680201,0.005311689,20.02000046,0.821253935,2,Correction,2.1264478020344484e-35,8.21065681475161e-108,1.0,4.900420985850833e-25,2.4965886720044736e-42
2018-02-22,0.001295088,2.590809605,0.016141076,-1.117415245,-0.056459024,0.005193086,18.71999931,0.821038641,2,Correction,2.0440596555088338e-35,9.945300796541445e-114,1.0,2.565019665973202e-25,5.145270119875631e-40
2018-02-23,0.015813529,2.193230833,0.016613188,-1.102264048,-0.041419712,0.005026974,16.48999977,0.83462599,2,Correction,6.401267747971424e-36,8.118561562190695e-102,1.0,4.544197996004684e-25,9.440725757782681e-34
2018-02-26,0.011545562,1.875626468,0.016851346,-1.129430829,-0.030288228,0.004784968,15.80000019,0.851902126,2,Correction,1.0765979081639944e-35,6.027869497429513e-73,1.0,3.2299921947046655e-25,9.54911982170211e-30
2018-02-27,-0.012565363,1.594690957,0.016782419,-0.97098969,-0.042396775,0.004472312,18.59000015,0.85820691,2,Correction,2.9930467905828473e-33,1.2936586719901035e-63,1.0,3.7507621933509135e-24,1.6507794336889894e-27
2018-02-28,-0.010181529,2.076308158,0.016848214,-0.933692676,-0.052097174,0.004103271,19.85000038,0.868024065,2,Correction,2.151201841440215e-31,1.733572340125598e-71,1.0,1.2071321283942382e-24,1.8798838517444686e-29
2018-03-01,-0.014647679,2.385647035,0.016978308,-0.889510354,-0.065880556,0.003708394,22.46999931,0.867246062,2,Correction,2.5628513934799277e-26,2.2800257148218903e-86,1.0,1.9727748535618068e-24,3.5061807205911877e-31
2018-03-02,0.005141759,2.844943735,0.017048558,-0.914203969,-0.06106517,0.003149355,19.59000015,0.879512214,2,Correction,6.258095159761278e-22,8.183203375484314e-96,1.0,2.049602691507404e-23,4.191311928376002e-31
2018-03-05,0.011491955,2.410151343,0.017309281,-0.954913926,-0.050212734,0.002333749,18.72999954,0.875327663,2,Correction,2.719324977506895e-18,3.1661927911185887e-75,1.0,2.0364135712010618e-19,3.4295706932096156e-22
2018-03-06,0.002531487,2.05278821,0.016680471,-1.188331973,-0.047805314,0.001478381,18.36000061,0.874003901,2,Correction,4.42269258120106e-16,6.300209674994357e-57,1.0,1.0318452577957232e-16,1.3402571796844473e-15
2018-03-07,-0.000366501,1.727107746,0.013586904,-1.11531762,-0.04815423,0.001308995,17.76000023,0.850700246,2,Correction,2.1004958791739645e-15,1.2778761604636973e-49,1.0,1.1906059090735674e-16,4.291671886213814e-13
2018-03-08,0.004827438,1.518533356,0.012981868,-1.247308261,-0.043548145,0.001284882,16.54000092,0.830938958,2,Correction,1.0318955269570903e-14,6.609555042152716e-48,0.9999999999890861,2.2529188813040444e-15,1.021555522630521e-11
2018-03-09,0.017252613,1.263249467,0.013368952,-1.29146261,-0.026903684,0.001220295,14.64000034,0.838738554,2,Correction,2.299952159597085e-15,7.11847449283323e-35,0.9999999997380655,8.317833762698796e-15,2.617167897443772e-10
2018-03-12,-0.001255915,1.057958998,0.009759989,-0.306461671,-0.028125043,0.001816487,15.77999973,0.761547833,2,Correction,2.450484402426908e-13,4.920663855708151e-16,0.9999999996980478,9.396611276084919e-15,3.0151051494450424e-10
2018-03-13,-0.006483281,0.84546367,0.00964866,-0.13189043,-0.0344056,0.002245121,16.35000038,0.794567301,2,Correction,3.562861927619529e-15,2.4428971035142517e-23,0.9999999985648174,6.983840178202818e-16,1.4360586548370754e-09
2018-03-14,-0.005144957,1.089779198,0.00939051,0.031813716,-0.039360784,0.002595584,17.22999954,0.821179016,2,Correction,3.37982356771813e-16,9.248129273600778e-32,0.9999999999763531,3.981062498992973e-16,2.3138812645980256e-11
2018-03-15,-0.001090043,1.167128057,0.009409,0.085802645,-0.040407351,0.002868796,16.59000015,0.820559828,2,Correction,1.6702996025184375e-15,1.5875646375527246e-39,0.999999999996362,5.090228489585433e-15,3.942858222107917e-12
2018-03-16,0.00108354,1.017672921,0.009010724,0.182475973,-0.039367031,0.003111613,15.80000019,0.801218574,2,Correction,6.248623460452647e-16,1.1336188354524216e-43,0.9999999999654392,7.516239328488985e-15,3.509440492854491e-11
2018-03-19,-0.013622942,0.811009716,0.009132962,0.282187742,-0.052364941,0.003286668,19.02000046,0.815296936,2,Correction,1.2226470648389622e-18,3.246235105932489e-55,0.999999999992724,1.040001295332252e-15,7.956594027510973e-12
2018-03-20,0.001699506,1.346580105,0.009142332,0.259290002,-0.05075306,0.003416524,18.20000076,0.81815012,2,Correction,2.8982371067573892e-18,3.6644988042542614e-66,1.0,1.129033585758771e-15,1.3630990417295103e-14
2018-03-21,-0.001921294,1.148288249,0.009046049,0.212394191,-0.052575092,0.003513498,17.86000061,0.80367683,2,Correction,4.462834976973116e-24,1.379424247763951e-69,1.0,2.768710014309868e-20,8.328358720464653e-14
2018-03-22,-0.025314853,0.968519307,0.010568166,-0.284794652,-0.076257985,0.003507964,23.34000015,0.817906459,2,Correction,4.2420494395253984e-29,5.121088413347913e-103,1.0,1.6707331890517583e-20,7.619774885820773e-20
2018-03-23,-0.021544829,2.396202997,0.011463139,-0.228156016,-0.095946989,0.003457163,24.87000084,0.847785418,2,Correction,3.952654817342752e-29,5.032696986417326e-159,1.0,1.7556461531193097e-22,1.1369798103270854e-33
2018-03-26,0.026991391,3.0,0.01254213,0.182719966,-0.071213041,0.003353135,21.03000069,0.874306972,2,Correction,3.217713876465253e-29,9.97357872024838e-159,1.0,2.4213904667129647e-24,1.389820667613951e-35
2018-03-27,-0.0171581,2.802657241,0.0126128,0.359473005,-0.087013321,0.003218165,22.5,0.878169074,2,Correction,1.156868463499004e-28,3.617669374536297e-130,1.0,3.145892794570969e-24,7.23574110176068e-35
2018-03-28,-0.002959303,3.0,0.01241627,0.287898488,-0.089711131,0.003067811,22.87000084,0.880077805,2,Correction,8.7953259047022e-29,4.9976245213148703e-160,1.0,3.555398880422307e-25,1.927500701432536e-35
2018-03-29,0.012696709,2.838034139,0.012700986,0.102591319,-0.078079774,0.002890845,19.96999931,0.888791219,2,Correction,3.005297583001894e-26,1.368424487035114e-154,1.0,1.8283183802162705e-25,1.1731044529162935e-31
2018-04-02,-0.021821153,2.410909741,0.01316524,0.031639342,-0.097979232,0.002683633,23.62000084,0.875713961,2,Correction,7.184386940060612e-23,1.4441780817949146e-164,1.0,1.773909833722833e-24,1.1657241872523583e-31
2018-04-03,0.012735674,2.922481468,0.013462491,0.003084408,-0.086417925,0.002446728,21.10000038,0.878454063,2,Correction,9.681560405654404e-21,1.167516620544397e-185,1.0,4.2782173948501935e-25,3.726065617416992e-33
2018-04-04,0.010642342,2.473447947,0.013423335,0.004111069,-0.076643352,0.002134773,20.05999947,0.888652954,2,Correction,3.8672010324973615e-18,5.2448514787895835e-146,1.0,1.0656614543314095e-22,9.174811584942397e-26
2018-04-05,0.007860853,2.103795832,0.013550046,-0.038722204,-0.069356378,0.00185262,18.94000053,0.886622667,2,Correction,4.441280471901889e-16,9.004742773418276e-120,1.0,1.0712526370896591e-20,1.3646446233431835e-20
2018-04-06,-0.022537795,1.770138495,0.014332036,0.022450145,-0.090096438,0.001902132,21.48999977,0.896544017,2,Correction,1.922955375100592e-14,1.0835885238441859e-146,1.0,8.44748338883663e-19,8.592403046444615e-24
2018-04-09,0.004916221,2.47294258,0.014334209,0.021761448,-0.085612136,0.001976864,21.77000046,0.896914337,2,Correction,1.1806968866155395e-13,9.85496562252598e-169,1.0,7.766215146031975e-19,2.770691878264603e-27
2018-04-10,0.015775577,2.082425483,0.014237585,0.010002027,-0.071072758,0.002025391,20.46999931,0.898246149,2,Correction,3.1412958659480034e-12,6.319689409703285e-141,0.999999999996362,8.163867137143082e-17,2.912414527006371e-23
2018-04-11,-0.005256169,1.765102907,0.014250907,0.050552244,-0.075942547,0.002059526,20.23999977,0.902130234,2,Correction,8.270972864634768e-11,8.504277899893499e-124,0.9999999999181455,1.6699942593183131e-15,1.75558662438616e-20
2018-04-12,0.008193613,1.565624558,0.014399887,-0.078744499,-0.068340075,0.002072091,18.48999977,0.907520259,2,Correction,1.209652914236968e-09,6.522387102122027e-130,0.999999998790372,4.228461080335254e-14,6.275031229115485e-20
2018-04-13,-0.002937444,1.296681969,0.014381555,-0.100846327,-0.071072758,0.002040424,17.40999985,0.90499699,2,Correction,2.2422145337871232e-08,4.019381466002561e-128,0.9999999775754989,1.9280757251035466e-12,1.0292730930189659e-18
2018-04-16,0.008188005,1.056929503,0.014539601,-0.175413356,-0.063435473,0.001987737,16.55999947,0.905462228,2,Correction,4.691084862011073e-07,1.8726801191114483e-127,0.9999995308099833,8.146202531588457e-11,1.7073029817754872e-18
2018-04-17,0.010641616,0.850023929,0.01476115,-0.236468725,-0.053415694,0.001874416,15.25,0.909817023,2,Correction,9.051032415702972e-06,6.832074676918554e-105,0.9999909427834596,6.184085210949452e-09,6.654121390803819e-16
2018-04-18,0.000739821,0.679782987,0.014462232,-0.360336222,-0.052715132,0.001708848,15.60000038,0.90603338,2,Correction,0.00046429371006625163,1.3653177137999972e-85,0.9995354989412016,2.0734912944049867e-07,3.3795974716562677e-13
2018-04-19,-0.00556285,0.511756034,0.014505883,-0.286738081,-0.057970106,0.001483489,15.96000004,0.883553076,2,Correction,0.017062249730642392,1.7749050242629777e-94,0.9829327573702519,4.992899647737855e-06,7.949095099678697e-14
2018-04-20,-0.00851574,0.644194682,0.014612281,-0.223281629,-0.065958127,0.001145467,16.87999916,0.866163891,2,Correction,0.14531225597583539,5.507759188489879e-113,0.8546711599462368,1.6584078236684396e-05,3.719333299907511e-15
2018-04-23,-0.00014981,0.827910369,0.013478679,-0.245644923,-0.066098045,0.000919364,16.34000015,0.8725429,2,Correction,0.3432055053042579,5.346065638095005e-122,0.6567826508572915,1.184383890029106e-05,2.605945664523002e-15
2018-04-24,-0.013558595,0.757792927,0.012926319,-0.180318892,-0.078674988,0.000787626,18.02000046,0.867383528,0,Recovery,0.6858953471934677,5.031156631856266e-140,0.3140982217024302,6.431104394731284e-06,1.6183348047555845e-17
2018-04-25,0.002468549,1.101688269,0.011478057,-0.545251671,-0.076397843,0.000896967,17.84000015,0.81517255,0,Recovery,0.8061026233948813,3.405720577564985e-150,0.19389666908406533,7.075218662387252e-07,1.212663841291229e-18
2018-04-26,0.010114336,0.923323261,0.011004401,-0.754981052,-0.067008819,0.001051257,16.23999977,0.798223764,0,Recovery,0.85135624408428,2.1112687702496693e-134,0.14864236302594672,1.3928903574475628e-06,9.16306836370588e-18
2018-04-27,0.000938238,0.739884516,0.010966519,-0.812392712,-0.06613304,0.001175806,15.40999985,0.775352284,0,Recovery,0.8891623325868383,1.6039880227941203e-119,0.11083538227705686,2.285136441520853e-06,5.198642258471839e-16
2018-04-30,-0.007720317,0.559429343,0.010801763,-0.663176536,-0.07331503,0.001311244,15.93000031,0.692006147,0,Recovery,0.9694622293493633,4.897456776951141e-133,0.030537219042876623,5.516078463818129e-07,7.931400054427379e-18
2018-05-01,0.001775331,0.771967596,0.009545816,-0.691388775,-0.071668397,0.001567484,15.48999977,0.698190105,0,Recovery,0.9925904083865347,1.850751023179857e-139,0.0074093738867209045,2.177266146329941e-07,3.124500207684521e-20
2018-05-02,-0.006740134,0.588532221,0.009329928,-0.560158808,-0.077904437,0.00179057,15.97000027,0.568942803,0,Recovery,0.9998257668675955,8.005302059663241e-152,0.00017423128655156815,1.8457795061029833e-09,3.4033141286677067e-22
2018-05-03,-0.002206174,0.756113818,0.009044468,-0.481390099,-0.079936498,0.001995561,15.89999962,0.539808369,0,Recovery,0.999997986458974,6.239602308414751e-169,2.013317386649593e-06,2.229437592817081e-10,3.3057590454928807e-24
2018-05-04,0.012863298,0.663504581,0.009327995,-0.41027553,-0.068025001,0.002134836,14.77000046,0.575586273,0,Recovery,0.9999999684296204,2.4421189591500658e-160,2.8217192457127173e-08,3.3525209794272644e-09,2.246463780639718e-25
2018-05-07,0.003377541,0.504903141,0.00777231,0.062921722,-0.064871895,0.002353012,14.75,0.516314267,0,Recovery,0.9999999995343387,2.7509623735939477e-128,4.209773544247797e-11,4.227354780266118e-10,1.964639110721536e-20
2018-05-08,0.0,0.353938345,0.007731944,0.151541557,-0.064871895,0.002515524,14.71000004,0.513388108,0,Recovery,0.9999999992232915,1.9542694560164566e-128,2.7586536481100068e-14,7.760262980566879e-10,3.875182764211861e-20
2018-05-09,0.009619462,0.294067543,0.007247998,-0.035568856,-0.055833061,0.002672485,13.42000008,0.485479773,0,Recovery,0.9999999981737346,1.2716336141021792e-121,1.714957727699767e-17,1.82567802524943e-09,3.0581826941852348e-18
2018-05-10,0.009307191,0.171112167,0.007338244,-0.216716033,-0.047004498,0.002771808,13.22999954,0.481552955,0,Recovery,0.9999999923184077,1.6397165411194745e-95,3.0962638375083023e-18,7.68142293816003e-09,9.99646204826268e-15
2018-05-11,0.003046617,0.058646356,0.007186783,-0.167270005,-0.044096659,0.002829393,12.64999962,0.47131914,0,Recovery,0.9999999892588676,2.464692036009312e-78,9.892668606606046e-15,1.0738641360894045e-08,2.7197309343144595e-12
2018-05-14,0.000476376,-0.0523923,0.007126318,-0.231563458,-0.043641181,0.002847551,12.93000031,0.470895362,0,Recovery,0.9999999848096196,7.743763342249976e-73,2.6834769890652815e-12,1.5186786324199866e-08,1.1850870068709398e-12
2018-05-15,-0.0069106,-0.156761888,0.007167267,-0.041418306,-0.050227411,0.0028077,14.63000011,0.482766047,0,Recovery,0.9999999910451152,9.270877092039055e-77,1.1350002498525285e-12,8.954359537950895e-09,7.620994053725529e-14
2018-05-16,0.00419603,0.098030355,0.006849727,-0.060813507,-0.046233764,0.002718714,13.42000008,0.462535862,0,Recovery,0.9999999981318979,1.7746604582580005e-80,7.72428374077251e-14,1.8675074010335517e-09,7.103532228382136e-14
2018-05-17,-0.000845016,-0.016802858,0.006854062,-0.027135855,-0.047039371,0.002597963,13.43000031,0.467809494,0,Recovery,0.999999998617568,3.311261748310344e-76,7.051950080896279e-14,1.3815431061529798e-09,1.349653294304305e-13
2018-05-18,-0.002503163,-0.072153361,0.006755358,-0.065028725,-0.049421804,0.002415226,13.42000008,0.451669876,0,Recovery,0.9999999997144187,4.543870753675412e-79,1.3455729017493252e-13,2.8562015970040933e-10,3.630937175451286e-14
2018-05-21,0.007490263,-0.055482251,0.006596641,-0.236090995,-0.042274991,0.00214615,13.07999992,0.376007831,0,Recovery,0.999999999994543,1.2315562475767836e-71,3.6343523973979647e-14,3.990975399670687e-12,6.296470749516482e-13
2018-05-22,-0.002783846,-0.148075188,0.006648277,-0.183167064,-0.044937442,0.001920458,13.22000027,0.383072616,0,Recovery,0.999999999996362,4.400882545860502e-65,6.295250583628034e-13,2.6730519313047792e-12,3.031083842048069e-13
2018-05-23,0.002747369,-0.168701347,0.005745645,0.144474651,-0.042309925,0.001733822,12.57999992,0.268798354,0,Recovery,0.999999999994543,2.6162839771379493e-62,2.6561800523007156e-13,1.1056064716602444e-15,5.348098059798113e-12
2018-05-24,-0.002050792,-0.259185743,0.005805386,0.238543924,-0.044271936,0.001639384,12.52999973,0.286732136,0,Recovery,0.999999999992724,2.870668420624627e-61,5.104750498979447e-12,2.8373383984951697e-15,2.0193029283855975e-12
2018-05-25,-0.002385345,-0.278855638,0.005525866,0.403881884,-0.04654896,0.0015623,13.22000027,0.29382159,0,Recovery,0.999999999992724,1.373680947373534e-62,1.430370043421972e-12,1.8880872930418673e-15,5.434092694928935e-12
2018-05-29,-0.011567806,-0.215055221,0.006172628,0.151454931,-0.057514749,0.001400581,17.02000046,0.351618479,0,Recovery,0.999999999994543,2.779792118103528e-72,5.431158972781193e-12,5.994477716034264e-14,1.4725415038305493e-13
2018-05-30,0.013256574,0.298620194,0.006476318,0.152773493,-0.044937442,0.001185466,14.93999958,0.375218834,0,Recovery,0.999999999998181,3.0098261813635427e-72,1.518247694153092e-13,7.959348179830425e-14,7.089913410921108e-13
2018-05-31,-0.006144607,0.178376783,0.0066829,0.237918174,-0.050787934,0.001066932,15.43000031,0.372341403,0,Recovery,0.9999999978936103,2.776603665903667e-60,4.889234110537296e-13,7.039140083597305e-14,2.1054224770841758e-09
2018-06-01,0.009769647,0.305570145,0.006690611,0.068344837,-0.04146902,0.000940799,13.46000004,0.702763678,0,Recovery,0.9999999264582611,1.3541222285430346e-56,2.071110924655349e-09,7.034668573900813e-08,1.1234377332112285e-09
2018-06-04,0.004739945,0.17864891,0.006651884,-0.067648281,-0.036914851,0.000815877,12.73999977,0.713374765,0,Recovery,0.9999987116433772,2.5560734995729196e-43,6.471971225738954e-10,1.3695779056266615e-07,1.1507515395359829e-06
2018-06-05,0.000727591,0.056271962,0.006187978,-0.060665467,-0.036213864,0.000603829,12.39999962,0.733882091,0,Recovery,0.9999837678431984,3.608206785490196e-36,2.417469966668839e-08,3.1082347751099643e-07,1.5897159231482326e-05
2018-06-06,0.008325842,-0.057208261,0.006351181,-0.110445614,-0.028156035,0.000558454,11.64000034,0.722398009,0,Recovery,0.9999544509106488,4.5818743470132236e-30,1.843462379431833e-07,3.457317662852346e-07,4.50190106696593e-05
2018-06-07,-0.000108219,-0.154152669,0.006352787,-0.10809954,-0.028261201,0.000504151,12.13000011,0.704946634,0,Recovery,0.9999130496513267,1.742797617884137e-23,2.9583264208331323e-07,1.428596486227041e-07,8.651165552852256e-05
2018-06-08,0.002951848,-0.246575876,0.006105764,-0.067865726,-0.025388539,0.00049119,12.18000031,0.643237076,0,Recovery,0.9999000314369081,2.2459437568152904e-21,5.517898689114457e-07,2.3570299928437162e-08,9.939320311252913e-05
2018-06-11,0.001329269,-0.325364185,0.005838803,0.000747565,-0.024092156,0.000477651,12.35000038,0.609852512,0,Recovery,0.9998936718709946,1.8473132823477555e-18,6.263689851249369e-07,8.196248771469628e-09,0.00010569356375205611
2018-06-12,0.001291259,-0.40167649,0.005822555,0.043066016,-0.022831193,0.000467284,12.34000015,0.615437691,0,Recovery,0.9998918058135094,4.4467172821778146e-17,1.4097518107007151e-06,1.1830590637631876e-08,0.00010677260444516074
2018-06-13,-0.003195817,-0.463711114,0.005895261,0.113641606,-0.025949061,0.000448502,12.93999958,0.631316463,0,Recovery,0.999892302356744,9.047820510536022e-18,3.1224633593650898e-06,2.3197936223924426e-08,0.00010455198266069656
2018-06-14,0.002514778,-0.387617426,0.005625678,0.021939165,-0.023496457,0.000432505,12.11999989,0.597018168,0,Recovery,0.9998948461682237,1.896535982634171e-18,4.878767054676536e-06,1.5784825086222e-08,0.00010025928042994592
2018-06-15,-0.00127684,-0.459930508,0.005612617,0.15297459,-0.024742501,0.000433608,11.97999954,0.612454586,0,Recovery,0.9998994230041311,5.405185211279283e-18,7.89264440179656e-06,4.5177209067427335e-08,9.263917458655666e-05
2018-06-18,-0.002058992,-0.430955586,0.005639419,0.175618305,-0.026748482,0.000424231,12.31000042,0.595137391,0,Recovery,0.9999071623756591,1.495126678390377e-19,1.3658916301493749e-05,4.181363135209403e-08,7.91368953078021e-05
2018-06-19,-0.003840131,-0.434038574,0.005688318,0.185908717,-0.030478728,0.000412027,13.35000038,0.58285297,0,Recovery,0.9999206892100644,2.9059742158787865e-22,1.4464826003916084e-05,2.606671077194574e-08,6.481989804318816e-05
2018-06-20,0.001704701,-0.244300131,0.005491902,0.274118535,-0.028824574,0.000416058,12.78999996,0.556810573,0,Recovery,0.9999349441084773,4.8017514909676547e-23,9.77261848523168e-06,8.108699813667102e-09,5.527516449462643e-05
2018-06-21,-0.006288669,-0.328889742,0.005652821,0.258450229,-0.034912812,0.000400692,14.64000034,0.573233303,0,Recovery,0.9999445550220952,5.808173560440145e-25,1.2524930447775746e-05,1.239298017492589e-08,4.290765485939758e-05
2018-06-22,0.001821682,-0.051176077,0.005637986,0.281937899,-0.033153128,0.000404787,13.77000046,0.552547176,0,Recovery,0.9999567140895039,3.798380531612426e-27,8.956620950755269e-06,2.829805769535478e-09,3.432645918896988e-05
2018-06-25,-0.01370642,-0.155582033,0.006416744,-0.089634383,-0.046314731,0.000412333,17.32999992,0.640999316,0,Recovery,0.9999645216939822,1.1134768539836888e-36,3.42780233509826e-05,5.26465764136429e-08,1.147636113654529e-06
2018-06-26,0.002211481,0.473608392,0.006413358,-0.190024671,-0.044203341,0.000404041,15.92000008,0.644604083,0,Recovery,0.9999911900710408,4.31334620786022e-46,8.787276704046145e-06,8.555499235706022e-09,1.4096275472008277e-08
2018-06-27,-0.008318919,0.314055901,0.006151222,-0.07366242,-0.052121555,0.000403788,17.90999985,0.652058573,0,Recovery,0.9999978773216545,2.3047332503093013e-52,2.1042925565619166e-06,1.6877714421676512e-08,1.5081378943535895e-09
2018-06-28,0.005701621,0.551858371,0.005544863,-0.510675118,-0.046701675,0.000407603,16.85000038,0.709256888,0,Recovery,0.9999991963198728,8.445328735995053e-56,6.359996921667923e-07,1.6737315118992974e-07,3.076923156285972e-10
2018-06-29,0.001438637,0.390004734,0.005375037,-0.693002226,-0.045329238,0.000401386,16.09000015,0.715851396,0,Recovery,0.9999995980307075,5.3171064321122155e-50,1.8694474051336983e-07,2.128019274223751e-07,2.2225317618061304e-09
2018-07-02,0.002135349,0.23967926,0.004941296,-1.026347763,-0.043288504,0.000422981,15.60000038,0.658061943,0,Recovery,0.9999997970644677,9.240363881789407e-48,6.861445352502853e-08,1.3096785265686884e-07,3.3528965311862493e-09
2018-07-03,-0.003537278,0.107331434,0.004866277,-0.893303665,-0.04666668,0.000438419,16.13999939,0.646175621,0,Recovery,0.9999994609080748,1.5698674493054792e-48,4.216604398576312e-08,1.1287607621348025e-07,3.8404983657292333e-07
2018-07-05,0.00812481,0.216146216,0.005213734,-0.704313877,-0.038889477,0.0004458,14.97000027,0.665795584,0,Recovery,0.9996755552403893,6.568764435335338e-43,5.464240379750315e-08,7.447630653654307e-06,0.00031694248617025836
2018-07-06,0.008422764,0.094666356,0.005221633,-0.696267551,-0.030760081,0.000437016,13.36999989,0.712027659,0,Recovery,0.8773560019202786,2.2972585408798617e-28,2.422416847416912e-07,0.0002024250805611455,0.12244133075778356
2018-07-09,0.008964077,-0.015787207,0.005585923,-0.586061846,-0.022032682,0.000410154,12.68999958,0.747632615,4,Bull Recovery,0.1587400931446486,1.265220322009833e-15,6.075793014522592e-06,0.0001009581648552134,0.8411528728967543
2018-07-10,0.003591455,-0.110701371,0.0056028,-0.592552209,-0.018514042,0.000396948,12.64000034,0.774925532,4,Bull Recovery,0.004666973768910079,1.2509535150529962e-08,9.515587681260395e-06,4.758905245761241e-06,0.9953187392283201
2018-07-11,-0.007340884,-0.209091956,0.005840262,-0.422035954,-0.025692635,0.000396986,13.63000011,0.773717607,4,Bull Recovery,0.00033895802240077236,1.5753086359226528e-10,1.3290215834847077e-05,5.354128211886278e-07,0.9996472161917463
2018-07-12,0.009024822,-0.004962804,0.006165688,-0.378194392,-0.016859888,0.000412063,12.57999992,0.803395596,4,Bull Recovery,1.0525774402483845e-05,8.531687402168503e-10,1.3956865841251979e-05,4.3424088556984256e-07,0.999975082265651
2018-07-13,0.000787404,-0.10733464,0.00611414,-0.473716417,-0.016085455,0.000421326,12.18000031,0.791452726,4,Bull Recovery,1.8530267878341826e-07,3.939267131613258e-06,1.0311422857075412e-05,2.038467447287853e-07,0.999985360160124
2018-07-16,-0.000894503,-0.207710394,0.006102656,-0.397081713,-0.016965175,0.000432256,12.82999992,0.791106692,4,Bull Recovery,4.2778503297381304e-09,3.923586213768792e-06,6.1866527693232046e-06,1.3584733338958627e-07,0.9999897496361547
2018-07-17,0.004037195,-0.219063638,0.006143283,-0.503687017,-0.01298845,0.000443489,12.06000042,0.796311435,4,Bull Recovery,3.4325849614963193e-10,5.035377544922166e-05,7.568453300622253e-06,1.6008846027911496e-07,0.9999419173388793
2018-07-18,0.002101019,-0.307794905,0.006121285,-0.603794005,-0.010912539,0.000452293,12.10000038,0.791508238,4,Bull Recovery,3.127460723233174e-10,0.0014146615282480202,9.245983020695549e-06,1.5820928067009856e-07,0.9985759339675617
2018-07-19,-0.003778224,-0.388917555,0.006118969,-0.605090513,-0.014642482,0.000460092,12.86999989,0.780427087,4,Bull Recovery,6.462674041437571e-10,0.0016531360980773847,1.2049329074093209e-05,1.6822696415956358e-07,0.9983346456996355
2018-07-20,-0.001143589,-0.221631923,0.00612881,-0.535882241,-0.015768682,0.000463302,12.85999966,0.739073705,4,Bull Recovery,1.4728457734967074e-09,0.0030463443680924544,4.480769991390655e-05,1.3326727534129484e-07,0.9969087131923399
2018-07-23,0.001857569,-0.285699818,0.00592296,-0.713035169,-0.013938706,0.000463374,12.61999989,0.715799761,4,Bull Recovery,6.650676270569831e-10,0.04074267911498672,0.0003563466010705981,5.164778845535812e-08,0.958900921970628
2018-07-24,0.005019254,-0.373738313,0.00598527,-0.754099917,-0.008976972,0.000463805,12.40999985,0.706718732,1,Stable Bull,1.792342384170509e-11,0.6479571990007865,0.00023020431264525346,1.3891521872958636e-09,0.3518125952793704
2018-07-25,0.008486198,-0.445783076,0.005123306,-0.441195032,-0.000531168,0.000464859,12.28999996,0.643191773,1,Stable Bull,6.593098864773311e-13,0.991357896053775,3.453806143303928e-06,7.756874824540384e-12,0.008638650131040267
2018-07-26,-0.002360998,-0.508592678,0.005220502,-0.32362712,-0.002888128,0.00045204,12.14000034,0.665128545,1,Stable Bull,5.551906227477023e-14,0.9999148027861021,1.3105885202777765e-07,8.865251060667239e-13,8.506615371850682e-05
2018-07-27,-0.006799962,-0.499790266,0.005078761,-0.231548394,-0.00964545,0.000457871,13.02999973,0.719828184,1,Stable Bull,2.557617999833184e-14,0.9999682822827467,1.0425923004450768e-07,3.4922031644757496e-13,3.16134580577829e-05
2018-07-30,-0.005237232,-0.191234801,0.005247701,-0.05976651,-0.014818608,0.000465452,14.26000023,0.7261515,1,Stable Bull,4.822233719059803e-14,0.9997680049122036,1.3174163054100286e-06,2.719998862174935e-13,0.00023067767037634318
2018-07-31,0.004917017,-0.014762229,0.005298114,-0.141257974,-0.009962526,0.000467813,12.82999992,0.724633562,1,Stable Bull,3.6122092516888856e-14,0.999920764250161,6.761812112489302e-07,1.5853472582347795e-13,7.85595687701088e-05
2018-08-01,-0.001671583,-0.124033311,0.00534852,-0.046294238,-0.011616073,0.000446163,13.14999962,0.490746513,1,Stable Bull,4.673370326552117e-15,0.9999887773840244,5.7440619172615235e-08,6.862753888223039e-18,1.1165174721326043e-05
2018-08-02,0.005433018,-0.140073995,0.005279596,-0.231185537,-0.006231552,0.000418565,12.18999958,0.47656489,1,Stable Bull,3.230689055447057e-17,0.9999936487421804,3.53809823607702e-08,6.052190146385304e-20,6.315877096748811e-06
2018-08-03,0.00427514,-0.237438149,0.005119917,-0.227410363,-0.001973959,0.000424033,11.64000034,0.478123834,1,Stable Bull,8.885006064577146e-18,0.9999988951628175,1.3407962455386429e-08,2.2706582778348025e-20,1.0914295823392255e-06
2018-08-06,0.003660787,-0.327760235,0.004912957,-0.238378818,0.0,0.00044468,11.27000046,0.460559825,1,Stable Bull,5.8712841739618076e-18,0.9999987540403285,1.2374725927898486e-08,3.913103770748595e-21,1.2335850612715535e-06
2018-08-07,0.003296874,-0.409496615,0.004634115,-0.310449114,0.0,0.000496109,10.93000031,0.443858828,1,Stable Bull,5.600692744827898e-18,0.9999982446804041,7.3365243724096e-09,2.6781361229378602e-21,1.7479822312011731e-06
2018-08-08,-0.000419809,-0.487298652,0.004617501,-0.195485572,-0.000419721,0.00054005,10.85000038,0.447674064,1,Stable Bull,1.0996404990817807e-17,0.9999975927104842,9.190535359120384e-09,1.3283792113457862e-20,2.3980993153349034e-06
2018-08-09,-0.001367185,-0.560817233,0.004239578,-0.063955912,-0.001785398,0.00060581,11.27000046,0.426026636,1,Stable Bull,5.445769511861231e-17,0.9999962960060134,2.035197759816359e-09,2.0328362790178253e-20,3.701958392792831e-06
2018-08-10,-0.006723194,-0.503800167,0.004214582,-0.182156956,-0.008474079,0.000642685,13.15999985,0.394770948,1,Stable Bull,1.1285921662413517e-16,0.999980279529883,5.529264947010806e-09,8.786928880509368e-20,1.9714940201117368e-05
2018-08-13,-0.00375015,-0.265282026,0.004321693,-0.068886545,-0.012185486,0.000659078,14.77999973,0.39836563,1,Stable Bull,9.161845538779764e-17,0.9998651762835367,3.705286983064752e-08,1.747763876615602e-19,0.00013478666307092853
2018-08-14,0.006360478,-0.124919943,0.0044973,-0.178720801,-0.00588249,0.000653708,13.31000042,0.391878041,1,Stable Bull,4.2775929804159926e-16,0.9999828799219664,1.2533117366646243e-08,4.234690013493164e-19,1.710754532833408e-05
2018-08-15,-0.007495732,-0.220898959,0.004774165,-0.076543904,-0.013306271,0.000624413,14.64000034,0.401771243,1,Stable Bull,5.216916472800658e-17,0.9999714105464184,4.649276632120443e-08,4.100493638898088e-20,2.8542961329078633e-05
2018-08-16,0.008059221,0.012152999,0.005059917,-0.049093214,-0.005322158,0.000583718,13.44999981,0.400531653,1,Stable Bull,7.34542722012227e-18,0.999995910836508,1.562512986215339e-08,1.5644003065920174e-21,4.073538231513502e-06
2018-08-17,0.003514191,-0.097714986,0.005001116,-0.22130298,-0.001820521,0.000535314,12.64000034,0.402082024,1,Stable Bull,3.406011654469422e-18,0.9999994889914374,1.1988065478261572e-08,4.025890851032657e-22,4.990202076072628e-07
2018-08-20,0.002137328,-0.196845353,0.004986855,-0.31538563,0.0,0.000474695,12.48999977,0.434952902,1,Stable Bull,3.21713716954422e-17,0.999998697773601,6.844227116081282e-08,3.871261800182449e-21,1.2337840030338824e-06
2018-08-21,0.002342667,-0.290903443,0.004992103,-0.327891771,0.0,0.000424465,12.85999966,0.451312895,1,Stable Bull,1.360430332397271e-16,0.9999962216987552,7.342466584996624e-08,1.8447411774881453e-20,3.7048767015175943e-06
2018-08-22,-0.000593508,-0.375784351,0.004917662,-0.204915745,-0.000593332,0.000352048,12.25,0.44213164,1,Stable Bull,1.91447357161527e-16,0.9999972887417619,3.512690232471016e-08,3.5245648652730745e-20,2.6761304888120786e-06
2018-08-23,-0.001329055,-0.444381247,0.004603517,-0.183126514,-0.001920717,0.000353782,12.40999985,0.428940351,1,Stable Bull,4.7566289085781323e-17,0.9999964092176818,1.2216854940009909e-08,6.945298576870856e-21,3.5785661421548564e-06
2018-08-24,0.005999915,-0.389611419,0.004722117,-0.330137201,0.0,0.000346048,11.98999977,0.412784829,1,Stable Bull,1.103538221844363e-17,0.9999966287452918,5.958030507953548e-09,3.5641614763234355e-21,3.3652957897186533e-06
2018-08-27,0.007864744,-0.457505503,0.004641864,-0.409208661,0.0,0.000344791,12.15999985,0.334898324,1,Stable Bull,1.1631735228903587e-18,0.9999933374023421,1.0461408331629267e-09,2.0424699887573355e-23,6.661551927090068e-06
2018-08-28,0.000482808,-0.518586897,0.004394525,-0.497477524,0.0,0.00034338,12.5,0.269202922,1,Stable Bull,9.011481922912489e-20,0.9999937814038818,6.37392184532075e-10,7.08066291876926e-25,6.217959266176412e-06
2018-08-29,0.005366628,-0.583354314,0.004412214,-0.496703817,0.0,0.000331989,12.25,0.297861818,1,Stable Bull,1.5547619435915636e-19,0.9999929917894418,2.869507470648615e-10,9.115609267834612e-24,7.00792348856802e-06
2018-08-30,-0.004056849,-0.637832331,0.004532092,-0.464737274,-0.004048631,0.000304739,13.52999973,0.423974174,1,Stable Bull,7.583558309221965e-19,0.9999731849250638,3.332153028082642e-08,8.297365157842628e-20,2.6781753839494506e-05
2018-08-31,3.47e-05,-0.533458417,0.004454712,-0.347194606,-0.004014101,0.000279547,12.85999966,0.351897597,1,Stable Bull,1.068690364156807e-17,0.9999927161435764,1.0390023906897666e-09,5.359695176341221e-22,7.28281764488239e-06
2018-09-04,-0.001723896,-0.547950455,0.004447885,-0.182519595,-0.005729598,0.000263352,13.15999985,0.362533349,1,Stable Bull,1.825700145927433e-18,0.9999902502861536,9.677824270987285e-10,1.0345371915533782e-21,9.748746634246061e-06
2018-09-05,-0.00269464,-0.517803339,0.004476164,-0.010844724,-0.008405193,0.000257661,13.90999985,0.410414244,1,Stable Bull,4.363157949268574e-17,0.9999633330873113,3.815444871258362e-09,3.4366676678907955e-19,3.666309785843335e-05
2018-09-06,-0.003014726,-0.459604131,0.004506902,0.155856333,-0.011390078,0.000258714,14.64999962,0.439054767,1,Stable Bull,1.6194979643390714e-15,0.9997435206660417,1.7620326921572035e-08,3.974544010285182e-17,0.0002564617134173071
2018-09-07,-0.001945404,-0.329131544,0.004533473,0.195378616,-0.013311454,0.000259244,14.88000011,0.456549137,1,Stable Bull,1.7192705134583832e-14,0.9992401515021384,1.0500951724616958e-07,9.014136934772317e-16,0.0007597434883764625
2018-09-10,0.001736773,-0.345292489,0.004525087,0.100301732,-0.011596311,0.000246215,14.15999985,0.400761803,1,Stable Bull,7.509721305539461e-15,0.9993710216442309,2.3017504680693274e-08,1.2190334362966913e-17,0.0006289553378148903
2018-09-11,0.003292106,-0.427362024,0.004244433,0.042012711,-0.00833702,0.000243833,13.22000027,0.431996418,1,Stable Bull,3.9760667973030707e-16,0.9998751372784601,7.853462571709925e-09,1.3415492537293472e-17,0.00012485486724836566
2018-09-12,0.000241983,-0.496181136,0.004109214,-0.018154794,-0.008097025,0.000260708,13.14000034,0.426598704,1,Stable Bull,2.781321033769382e-17,0.9999692324294605,3.3338295146718424e-09,4.991645426394942e-19,3.076423740283427e-05
2018-09-13,0.00589724,-0.53088317,0.004081107,-0.027688816,-0.002230253,0.000284524,12.36999989,0.460950992,1,Stable Bull,5.214551535815414e-18,0.9999881071523832,3.503766408096888e-09,3.121131295569022e-19,1.1889343196742974e-05
2018-09-14,0.000171954,-0.587980744,0.00358149,0.363795753,-0.002058668,0.000356202,12.06999969,0.447952717,1,Stable Bull,8.208682324259712e-17,0.9999958090244546,7.175802237576057e-10,1.0576420573822258e-18,4.190257068462227e-06
2018-09-17,-0.005308155,-0.648022423,0.003547688,0.246014529,-0.007341861,0.000395375,13.68000031,0.539786656,1,Stable Bull,6.224113089590019e-17,0.9999247882297099,2.309195659835683e-08,9.781143915544347e-17,7.518867891902685e-05
2018-09-18,0.005411598,-0.424666668,0.003641141,0.230752414,-0.001955433,0.000413693,12.78999996,0.552886979,1,Stable Bull,2.359851318459132e-16,0.9999715472541248,1.8632412156241927e-08,3.209489409715016e-16,2.8434112851764242e-05
2018-09-19,0.00106473,-0.494153262,0.003631419,0.274138511,-0.00089222,0.000422819,11.75,0.543234064,1,Stable Bull,2.2086919190008339e-16,0.9999948865118994,7.533911534418064e-09,7.411972045546427e-17,5.1059548244997735e-06
2018-09-20,0.008071241,-0.562806664,0.003945506,0.303975041,0.0,0.000402459,11.80000019,0.571478353,1,Stable Bull,2.6328789281246886e-17,0.9999914415823404,3.170176578875073e-09,9.716368459738693e-18,8.55524736796252e-06
2018-09-21,-0.000914081,-0.616064958,0.00395336,0.31102016,-0.000913663,0.000380901,11.68000031,0.5735316,1,Stable Bull,1.5594827011607916e-17,0.9999951091805545,6.445449836879831e-09,2.1829858363305992e-17,4.884374598829311e-06
2018-09-24,-0.003327197,-0.640483941,0.004039713,0.305237029,-0.004232296,0.000373607,12.19999981,0.540360468,1,Stable Bull,9.016415654938884e-18,0.9999958825604337,2.614054414804887e-09,9.613865205909355e-19,4.114826110431632e-06
2018-09-25,-0.000928235,-0.523965027,0.003898132,0.490456975,-0.005156173,0.000360226,12.42000008,0.53774553,1,Stable Bull,2.723565682422785e-18,0.9999975581152085,1.0363084159053618e-09,7.043153023108089e-19,2.440848522268464e-06
2018-09-26,-0.002996893,-0.497835795,0.0036172,0.609572004,-0.008133151,0.000362694,12.89000034,0.543609427,1,Stable Bull,1.468864651261469e-18,0.9999958354142426,1.272953249661922e-09,1.086034393404365e-18,4.163312179060444e-06
2018-09-27,0.002790226,-0.452767344,0.003660008,0.513605752,-0.005361753,0.000370487,12.40999985,0.544646309,1,Stable Bull,5.106245955810994e-19,0.9999958220356313,1.060357958892396e-09,4.358412413763699e-19,4.1769042188455765e-06
2018-09-28,0.000102926,-0.526089898,0.003474173,0.667632982,-0.005259374,0.000385628,12.11999989,0.509295712,1,Stable Bull,6.339094492125526e-19,0.9999985261394561,2.161652919560321e-10,1.9393643422418317e-19,1.4736446540531e-06
2018-10-01,0.003468486,-0.593702156,0.003412533,0.522082984,-0.00180314,0.000391953,12.0,0.549515011,1,Stable Bull,2.5203457575868027e-18,0.9999951910565084,7.636061578641677e-10,4.435427001939008e-18,4.8081800135467735e-06
2018-10-02,-0.000582974,-0.65360277,0.003418939,0.54428148,-0.002384893,0.000395648,12.05000019,0.542817419,1,Stable Bull,1.2564685521228919e-15,0.9999775766704483,1.0540742589003999e-09,1.5185074473577914e-15,2.2422275961663212e-05
2018-10-03,0.000548628,-0.694755393,0.00338348,0.47624971,-0.001837423,0.000395546,11.60999966,0.541421053,1,Stable Bull,1.4499869182471687e-13,0.9976854855734735,1.1478608607585914e-08,1.2768776787502016e-13,0.0023145029485498003
2018-10-04,-0.007846066,-0.741541474,0.003790999,0.017061818,-0.009638429,0.000372318,14.22000027,0.627657912,1,Stable Bull,3.272038139864705e-12,0.6236120125187185,8.131946770490962e-06,1.5099933471850698e-10,0.37637985538103363
2018-10-05,-0.005613115,-0.365949757,0.003943342,-0.029624387,-0.01518187,0.000342222,14.81999969,0.652286864,4,Bull Recovery,1.9565301970502654e-09,0.0862292434340147,3.715654791038684e-05,3.9563796754105244e-08,0.9137335584973217
2018-10-08,0.0,-0.164367889,0.00391418,-0.095104239,-0.01518187,0.000303019,15.68999958,0.632810256,4,Bull Recovery,3.953371823224283e-09,0.0005087236370411969,0.0003065778589301146,7.470586971466521e-08,0.9991846198455241
2018-10-09,-0.001460523,-0.208178509,0.0039157,0.017519566,-0.01661917,0.000255649,15.94999981,0.650393546,4,Bull Recovery,1.802090790866102e-18,2.8690394588213088e-05,0.008491664881279247,1.5731496504988974e-16,0.9914796447241078
2018-10-10,-0.032175011,-0.269004007,0.007994328,-2.712836666,-0.047755861,0.000955126,22.95999908,0.809714882,2,Correction,4.7023674355916114e-36,1.6091483911514203e-30,0.9999999984356691,7.2115018706341e-20,1.564696704016728e-09
2018-10-11,-0.022272475,1.981701891,0.009160979,-2.031319864,-0.068730251,0.001485888,24.97999954,0.76509712,2,Correction,9.301053108318412e-30,2.4567878554814432e-64,1.0,1.722541706784412e-22,5.3482943149565e-22
2018-10-12,0.013792309,2.743245138,0.009677249,-1.62634258,-0.055796906,0.001907299,21.30999947,0.799530372,2,Correction,9.177066392872047e-29,4.322750066843617e-72,1.0,1.3453409033112623e-25,3.237330690986371e-26
2018-10-15,-0.005632573,2.304341437,0.00968643,-1.536927558,-0.061100249,0.002208606,21.29999924,0.809249089,2,Correction,6.103687497985965e-26,2.8616715252985624e-64,1.0,2.1328464118065954e-25,1.5550615000822463e-23
2018-10-16,0.021630514,2.051555069,0.010999389,-0.863909452,-0.040570127,0.00257444,17.62000084,0.836319079,2,Correction,2.5988692183791416e-24,3.2017845148678366e-59,1.0,4.823087483194436e-24,8.258514434996284e-20
2018-10-17,0.000178096,1.720685095,0.010899039,-0.829420303,-0.040399241,0.002841714,17.39999962,0.837280614,2,Correction,5.2116683178333165e-24,2.513691600195529e-39,1.0,9.752449105472946e-24,3.4754694904137615e-18
2018-10-18,-0.014546204,1.409026708,0.011240345,-0.632732528,-0.054256758,0.003074046,20.05999947,0.856627429,2,Correction,3.635716928267449e-26,1.718758299610523e-54,1.0,3.903506399396557e-24,1.1208980466691876e-17
2018-10-19,-0.000543086,1.810290878,0.010998589,-0.603085002,-0.054770238,0.003240844,19.88999939,0.851520709,2,Correction,1.0181771180322386e-25,1.4119670971025576e-68,1.0,2.971425597808087e-24,6.048070248751918e-20
2018-10-22,-0.00449869,1.602681025,0.010997591,-0.555975436,-0.059012983,0.003364674,19.63999939,0.858177638,2,Correction,2.862261023145904e-25,6.082951542695132e-78,1.0,1.3145910998662466e-23,2.7203145896949697e-19
2018-10-23,-0.005104006,1.397158795,0.011008252,-0.531167654,-0.06380355,0.003454202,20.70999908,0.850360966,2,Correction,1.5853421235249327e-28,2.1163778776720275e-91,1.0,2.714889106727097e-23,6.553219905048398e-19
2018-10-24,-0.030766732,1.464154175,0.012553209,-0.56711068,-0.092168668,0.003602095,25.22999954,0.876540568,2,Correction,5.73101286230669e-30,2.0417035753130486e-145,1.0,2.1622953718956074e-22,9.375699117206518e-29
2018-10-25,0.017781424,2.501048077,0.013452549,-0.458999188,-0.075881761,0.003745944,24.21999931,0.873329702,2,Correction,2.4263163063528654e-28,8.12084104228149e-163,1.0,3.8819679955742807e-23,8.387952406518202e-33
2018-10-26,-0.017744049,2.090496386,0.013725977,-0.276209874,-0.092134737,0.003846568,24.15999985,0.876733324,2,Correction,1.2530433254434233e-25,1.3800595560394332e-164,1.0,2.6302465440003716e-21,1.7341500613963524e-32
2018-10-29,-0.005555701,2.283013733,0.013689751,-0.219687086,-0.09716458,0.003868423,24.70000076,0.86874675,2,Correction,3.550084699037955e-23,2.0284885730645348e-206,1.0,2.983321453745159e-19,5.805027612333902e-36
2018-10-30,0.014709976,2.218918895,0.014230791,-0.19233059,-0.083785733,0.003854969,23.35000038,0.850978272,2,Correction,7.561773066228186e-21,1.298621091490502e-198,1.0,3.468110943662468e-17,2.2197933743468663e-34
2018-10-31,0.010624027,1.847419523,0.014574513,-0.239741408,-0.073999957,0.003790156,21.22999954,0.862449758,2,Correction,8.271895028517037e-18,2.4553300092178756e-159,1.0,1.3238819546514753e-15,2.126045637664362e-28
2018-11-01,0.010585548,1.527263601,0.014876982,-0.281354337,-0.064145675,0.003659018,19.34000015,0.850408601,2,Correction,1.6249223599938224e-14,1.8851740550818606e-131,1.0,1.2760492270395755e-13,4.4855676326778875e-24
2018-11-02,-0.005940447,1.236946004,0.014852181,-0.300214152,-0.069688588,0.003473608,19.51000023,0.746748033,2,Correction,3.157314601269436e-11,1.0741058015649698e-123,0.9999999999527063,1.516733557312518e-11,7.901853285500753e-22
2018-11-05,0.005501636,1.026506892,0.014951315,-0.393522753,-0.064556248,0.003210894,19.95999908,0.717611349,2,Correction,7.93835693593092e-09,1.186982126988588e-123,0.9999999911142368,9.4751315865943e-10,1.734493450459196e-20
2018-11-06,0.006308321,0.786722267,0.01506592,-0.436069369,-0.058636517,0.002826669,19.90999985,0.720834187,2,Correction,5.365549759311038e-07,1.4691103934224662e-104,0.9999994396004446,2.3844807645768364e-08,1.228727542319537e-17
2018-11-07,0.021182868,0.586677355,0.015904594,-0.417658014,-0.038483038,0.002310678,16.36000061,0.747742052,2,Correction,2.2574265242072685e-05,4.885544774708581e-82,0.9999769827511606,4.4298347937122265e-07,1.814331770664254e-15
2018-11-08,-0.001816636,0.421232133,0.014227284,-0.361591019,-0.040228179,0.0021069,16.71999931,0.697277844,2,Correction,0.000779634465113919,1.9553877011888443e-48,0.9992198598154516,5.05123039617641e-07,5.958416930893819e-10
2018-11-09,-0.009816364,0.251087813,0.013475683,-0.339890891,-0.049603557,0.001948603,17.36000061,0.728013606,2,Correction,0.01178289240429294,1.6853203403202796e-59,0.9882141734423221,2.9340822854895397e-06,7.05702608472419e-11
2018-11-12,-0.018861937,0.532374852,0.013801947,-0.161533113,-0.06736187,0.001809484,20.45000076,0.728409521,2,Correction,0.07970692937717792,8.023479289675029e-88,0.920285956900447,7.113722430417596e-06,1.28115292777261e-14
2018-11-13,-0.001873067,1.306091711,0.013757538,-0.200621539,-0.069107129,0.001634499,20.02000046,0.724697562,2,Correction,0.21516216048266518,1.3719040622678306e-109,0.784837277133085,5.62384947556375e-07,2.313040119590625e-16
2018-11-14,-0.00685986,1.071623114,0.012850456,-0.18527972,-0.07547107,0.001552108,21.25,0.707044274,0,Recovery,0.426511631278391,8.674646696693154e-121,0.5734877623673942,6.063537289655664e-07,3.4016949029558996e-17
2018-11-15,0.010382387,1.204732963,0.013117735,-0.247597124,-0.06582225,0.001446156,19.97999954,0.72212736,0,Recovery,0.6206375477483136,8.392430240010368e-120,0.3793616692451201,7.830064829884695e-07,1.6773538954120055e-17
2018-11-16,0.002597253,0.953983196,0.012779862,-0.405649592,-0.063392801,0.001362875,18.13999939,0.716114973,0,Recovery,0.7951882878477847,1.28658289689193e-105,0.20481094460461452,7.675484096275617e-07,1.9772561656149175e-15
2018-11-19,-0.017059104,0.715982227,0.013283368,-0.278949921,-0.07923497,0.001232615,20.10000038,0.743926866,0,Recovery,0.9482005229807572,2.642804013875372e-131,0.05179828034383743,1.196675090445683e-06,2.1345437542565403e-19
2018-11-20,-0.018679623,1.13151189,0.013806982,-0.200350585,-0.096274868,0.001069093,22.47999954,0.7668207,0,Recovery,0.9906508102780459,1.5065213738259219e-189,0.009349061696224825,1.2802610497761887e-07,2.2504725285011165e-26
2018-11-21,0.003401742,1.844769058,0.013833765,-0.285675884,-0.093195394,0.000855453,20.79999924,0.78334204,0,Recovery,0.9974875993178552,2.379606367318739e-220,0.0025123918874603904,8.79445381478527e-09,1.0076789994242805e-28
2018-11-23,-0.006701233,1.49868591,0.012188738,-0.003619916,-0.099251787,0.000888142,21.52000046,0.775595624,0,Recovery,0.9995366466946541,6.008049748439809e-222,0.0004633508723226463,2.433328557076258e-09,1.858584131003817e-29
2018-11-26,0.016015615,1.478603712,0.012062674,-0.028473137,-0.08470961,0.000972934,18.89999962,0.775947931,0,Recovery,0.9998965997276023,6.934329613879886e-217,0.00010339414943931913,6.122179172044708e-09,1.3328995127015708e-29
2018-11-27,0.003358831,1.19384864,0.011412006,-0.125049814,-0.081630136,0.00111021,19.02000046,0.791688293,0,Recovery,0.9999514904700056,1.7623802773057132e-171,4.850345811803321e-05,6.071989607939671e-09,4.025403813981482e-23
2018-11-28,0.022764348,0.928611679,0.012293915,-0.130024468,-0.060484272,0.001154866,18.48999977,0.827969771,0,Recovery,0.9999618437908865,3.087443004643059e-135,3.8006501028556536e-05,1.4970717992136858e-07,4.386459858044993e-21
2018-11-29,-0.002187541,0.718005469,0.011961816,0.000940087,-0.062537255,0.001206082,18.79000092,0.84325327,0,Recovery,0.9999660431312083,1.0502298414734312e-94,3.391158342306189e-05,4.528463601288149e-08,3.392133385074286e-14
2018-11-30,0.006076898,0.538050822,0.011820964,0.034267296,-0.056823045,0.001241177,18.06999969,0.83481783,0,Recovery,0.9999698166765082,3.3352282985337966e-93,3.012576658429144e-05,5.7557515889474386e-08,2.4009616065987202e-14
2018-12-03,0.013154351,0.346468051,0.011939171,0.0299356,-0.044334203,0.001237153,16.44000053,0.856361262,0,Recovery,0.9999716852842178,7.546403611224275e-74,2.806544825651703e-05,2.4926591230752045e-07,2.213057718151885e-12
2018-12-04,-0.032938915,0.184500264,0.013999488,-0.421893918,-0.075300008,0.001197153,20.73999977,0.905070868,0,Recovery,0.9999699675280334,1.3019531191893277e-106,2.616119812592542e-05,3.8712737989663635e-06,9.827333755467885e-19
2018-12-06,-0.001518419,1.53455779,0.013938004,-0.357465806,-0.076703024,0.001145011,21.19000053,0.929000076,0,Recovery,0.9999783130011275,5.65038284776594e-137,2.1640931941389344e-05,4.6067227845176815e-08,9.311920366621889e-20
2018-12-07,-0.023510122,1.508955919,0.014694954,-0.205971514,-0.098156671,0.001117565,23.22999954,0.932868723,0,Recovery,0.9999879152058276,6.88273187028327e-185,1.2024061594932265e-05,6.073176622315853e-08,1.2818505199730106e-26
2018-12-10,0.001895141,2.002917039,0.013742658,-0.292152049,-0.096445931,0.000941436,22.63999939,0.916023619,0,Recovery,0.9999937505030825,5.3990224053491205e-223,6.241475215912442e-06,8.021337915502455e-09,8.306647912952549e-30
2018-12-11,0.000227043,1.713388977,0.013758392,-0.312287525,-0.096240761,0.000918512,21.76000023,0.91594911,0,Recovery,0.999998388935116,3.478370654721271e-228,1.6042640233239989e-06,6.801749708891343e-09,1.745588934947078e-30
2018-12-12,0.005023059,1.370754392,0.013764511,-0.453592966,-0.091689705,0.000926977,21.45999908,0.916667806,0,Recovery,0.9999997929462766,1.475143571496109e-226,1.9648663292341064e-07,1.0567597003766217e-08,1.0052561670158792e-31
2018-12-13,-0.000339168,1.076965179,0.013223351,-0.613531937,-0.091997723,0.000913133,20.64999962,0.906764452,0,Recovery,0.9999999753490559,1.8379542969325383e-223,1.26546628967091e-08,1.199602886095326e-08,4.8830232971321535e-32
2018-12-14,-0.018637166,0.926183255,0.013756547,-0.469324073,-0.108763593,0.000913095,21.62999916,0.911965091,0,Recovery,0.9999999920346454,5.013479157838935e-273,1.8522720547496845e-10,7.779499473063482e-09,4.092633199122995e-39
2018-12-17,-0.019813804,1.298714159,0.014263032,-0.384700211,-0.126248582,0.000948349,24.52000046,0.896092177,0,Recovery,0.9999999983083399,0.0,8.685746179940028e-13,1.6910471275892986e-09,1.7461416810257104e-49
2018-12-18,-0.001097005,2.07430564,0.013953599,-0.332422956,-0.127206566,0.000965381,25.57999992,0.887368483,0,Recovery,0.9999999994470272,0.0,1.691223401142603e-14,5.537907636323716e-10,1.0215174891286007e-53
2018-12-19,-0.015088922,1.678549612,0.014116671,-0.171346985,-0.14027722,0.000982595,25.57999992,0.877395839,0,Recovery,0.9999999998381099,0.0,2.2050824172960034e-17,1.612669230854536e-10,4.6631857430472344e-62
2018-12-20,-0.016411899,2.030223858,0.014087593,-0.173434326,-0.154271751,0.001000321,28.37999916,0.874758089,0,Recovery,0.9999999998435669,0.0,5.425365823482459e-20,1.558759703679787e-10,2.6189431477664716e-72
2018-12-21,-0.020702529,2.238231227,0.014199119,-0.175139469,-0.171600471,0.001014454,30.11000061,0.879954101,0,Recovery,0.9999999999399733,0.0,6.459122476622767e-23,6.020175011884397e-11,1.4802771682959006e-84
2018-12-24,-0.026778163,2.686588098,0.01490684,-0.040019147,-0.193489112,0.001068973,36.06999969,0.87926607,0,Recovery,0.9999999445662995,0.0,3.230714038328119e-23,5.543407402314833e-08,5.416040617492727e-103
2018-12-26,0.049289803,3.0,0.019110976,0.761909685,-0.152740349,0.001621542,30.40999985,0.924511434,0,Recovery,0.9999986071298431,0.0,1.7304913999353433e-25,1.3928708946226646e-06,2.337395442130945e-121
2018-12-27,0.007648171,2.695932883,0.018780926,0.82466268,-0.146235519,0.001923766,29.95999908,0.920625882,0,Recovery,0.9999999858991941,0.0,1.448230790122014e-24,1.4101338066137545e-08,6.854490166392284e-77
2018-12-28,-0.001290812,2.219535342,0.018725657,0.866082578,-0.147336858,0.002089215,28.34000015,0.919280156,0,Recovery,0.999999997775376,0.0,7.368271820987311e-26,2.223743118880766e-09,3.2381453919474424e-79
2018-12-31,0.008720491,1.896352089,0.017975195,0.949348835,-0.139868701,0.002177644,25.42000008,0.91093689,0,Recovery,0.9999999992051016,0.0,7.321180085689455e-28,7.957857323927689e-10,1.0951886426982933e-82
2019-01-02,0.001040061,1.528220538,0.018007067,0.919271288,-0.138973647,0.002209997,23.21999931,0.910590438,0,Recovery,0.9999999992578523,0.0,1.561332744104383e-28,7.419118745589629e-10,3.1874444471624814e-82
2019-01-03,-0.024152059,1.204755936,0.018361793,1.032707125,-0.159520089,0.002216216,25.45000076,0.870903835,0,Recovery,0.9999999989995558,0.0,1.3455178938214214e-29,1.0000154940186758e-09,3.557665002140452e-93
2019-01-04,0.032946906,2.020140903,0.019816939,1.00636445,-0.131367655,0.00230088,21.37999916,0.886804041,0,Recovery,0.9999999202609647,0.0,2.4131970350142436e-28,7.973844460655997e-08,8.397920582261994e-95
2019-01-07,0.007853562,1.665512006,0.018871486,1.036735448,-0.124518939,0.002377867,21.39999962,0.880913165,0,Recovery,0.9999999714382288,0.0,5.5355106671075824e-27,2.8561653667003754e-08,8.587839378957653e-69
2019-01-08,0.009351601,1.325849933,0.019050989,0.936815436,-0.116293388,0.002437393,20.46999931,0.883157355,0,Recovery,0.999999929530534,0.0,2.2805549628814794e-27,7.046898665019104e-08,2.9804160127141434e-66
2019-01-09,0.00466245,1.032895298,0.018449404,0.890256851,-0.11216353,0.002470073,19.97999954,0.879172804,0,Recovery,0.9999999297997444,0.0,1.8525513281598245e-27,7.020031953756018e-08,5.162413794264502e-62
2019-01-10,0.003521353,0.763940425,0.018464448,0.875672333,-0.109031633,0.002446709,19.5,0.884954485,0,Recovery,0.9999999023111789,0.0,1.0337273505758444e-27,9.76888980412123e-08,1.2218138582001085e-61
2019-01-11,0.000386421,0.530714985,0.018464867,0.874352918,-0.108687278,0.002402089,18.19000053,0.886899339,0,Recovery,0.9999996804345357,0.0,1.268661658467253e-27,3.195660288286559e-07,5.099730895495579e-63
2019-01-14,-0.006119878,0.417839945,0.018453481,0.961567545,-0.114125346,0.002334171,19.06999969,0.88671437,0,Recovery,0.9999998815073993,0.0,5.430377787551376e-28,1.1849213531681166e-07,2.226563288106241e-66
2019-01-15,0.011396034,0.347306718,0.018657128,0.854046319,-0.103972145,0.002202934,18.60000038,0.889170678,0,Recovery,0.9999999019783038,0.0,9.381605099101188e-29,9.80217372997887e-08,7.766252409393702e-70
2019-01-16,0.002416757,0.159813121,0.018201341,0.800154498,-0.101804044,0.002068458,19.04000092,0.883920195,0,Recovery,0.9999999461088024,0.0,1.5301263572463642e-28,5.3890713122451444e-08,7.710517689684169e-63
2019-01-17,0.00755797,-0.012409001,0.017655535,0.729312558,-0.094989787,0.001941682,18.05999947,0.895849244,0,Recovery,0.9999999438950924,0.0,1.2296117495394162e-28,5.61053938038672e-08,5.003706042530905e-61
2019-01-18,0.013222395,-0.165772561,0.017818931,0.60587722,-0.082943923,0.001759508,17.79999924,0.900145436,0,Recovery,0.9999997770210278,6.621121707750928e-308,3.4106799357346433e-28,2.229794272703962e-07,1.2939428710066902e-55
2019-01-22,-0.013602771,-0.29474301,0.017748998,0.612213211,-0.095333967,0.001553808,20.79999924,0.908789567,0,Recovery,0.9999998929924971,5.975963714124037e-288,1.5007558472401534e-27,1.0700665317360987e-07,8.397537098684981e-52
2019-01-23,0.002090381,0.042917265,0.0172184,0.580227049,-0.093440892,0.001299558,19.52000046,0.905535974,0,Recovery,0.9999999812607714,4.49614944e-315,4.4489463202904475e-28,1.8739789671841728e-08,2.0763089093478426e-53
2019-01-24,0.000531233,-0.066369345,0.016338942,0.650890989,-0.092959171,0.001041151,18.88999939,0.897630357,0,Recovery,0.9999999907686288,1.072852105006505e-309,2.508877207793057e-28,9.23115979851824e-09,1.1989550797480684e-52
2019-01-25,0.008426078,-0.22300988,0.014714046,1.024139607,-0.085284084,0.001071554,17.42000008,0.899888503,0,Recovery,0.9999999948395271,3.501824047462156e-288,1.1487927790939017e-28,5.160458533910052e-09,1.9793541378422044e-50
2019-01-28,-0.007629564,-0.35998129,0.011151191,0.023518212,-0.092236412,0.001841299,18.87000084,0.868348171,0,Recovery,0.9999994991614021,8.947518842564132e-258,3.786531773569571e-29,5.0083884894248e-07,1.0017883701884469e-41
2019-01-29,-0.001327747,-0.247631464,0.011147595,0.134767293,-0.093440892,0.002320457,19.12999916,0.864416018,0,Recovery,0.9996155723240845,6.256628249227114e-278,2.267557680774519e-28,0.00038442767584430344,6.803820330335927e-43
2019-01-30,0.015706556,-0.291499106,0.011444476,-0.018289424,-0.079089561,0.002634415,17.65999985,0.873398195,0,Recovery,0.9216613994273115,2.1648858085244413e-258,3.258736693490976e-27,0.07833860057302543,9.830515960106695e-42
2019-01-31,0.008744152,-0.412657505,0.011444999,-0.018527301,-0.07100167,0.002892307,16.56999969,0.844978529,0,Recovery,0.5747311888045812,2.634690693194764e-208,5.4151190410060935e-25,0.42526881119589804,1.961915429746469e-31
2019-02-01,0.000481899,-0.523769142,0.011452053,-0.011842519,-0.070553879,0.003095024,16.13999939,0.839186357,3,Panic,0.17338406477063587,7.647671410945652e-195,4.2876324091509884e-24,0.8266159352293301,2.9951884765538436e-28
2019-02-04,0.007010296,-0.572950886,0.009527953,0.770556277,-0.064015294,0.003403581,15.72999954,0.803710241,3,Panic,0.02244482238067787,2.903381054291265e-179,3.62358184014078e-27,0.9775551776192805,2.2351894095690985e-26
2019-02-05,0.004183221,-0.6724149,0.007081919,-0.627767125,-0.060091662,0.003801582,15.56999969,0.766175282,3,Panic,5.185200817721537e-08,7.557901993565027e-169,2.9056863425536864e-28,0.9999999481478894,1.2546443861962842e-26
2019-02-06,-0.001319332,-0.763815602,0.007099373,-0.462326174,-0.061330895,0.004118517,15.38000011,0.782016603,3,Panic,2.4354628260131882e-12,5.205738787884007e-172,4.3860212296102136e-29,0.999999999998181,3.278613519441193e-27
2019-02-07,-0.0095782,-0.826540503,0.007486276,-0.311016737,-0.070278735,0.00429628,16.37000084,0.780399772,3,Panic,1.338863094735226e-12,9.428984110481942e-194,7.660394366453464e-30,0.999999999998181,6.771680734889489e-31
2019-02-08,0.001220845,-0.444293731,0.007472323,-0.246929176,-0.069142996,0.004430185,15.72000027,0.777590181,3,Panic,1.4191146735590611e-12,6.080167842641363e-212,3.5469031646257724e-30,0.999999999998181,1.8695534943981687e-31
2019-02-11,0.000554369,-0.559564693,0.007475196,-0.189387102,-0.068626816,0.00449575,15.97000027,0.781412955,3,Panic,5.588978834991463e-13,1.1046787516445715e-211,8.305521343728801e-31,1.0,4.2118007701105115e-32
2019-02-12,0.012777407,-0.666483282,0.007813559,-0.267583333,-0.056649928,0.004477695,15.43000031,0.773080932,3,Panic,1.2777300903343917e-13,9.500816849859073e-194,4.644358527970552e-31,1.0,1.1657335092164828e-31
2019-02-13,0.00324178,-0.747186539,0.007547604,-0.396836881,-0.053586832,0.004413088,15.64999962,0.764815933,3,Panic,1.1612468080334053e-13,1.2794941648262032e-163,1.7490122518940097e-29,1.0,3.8918348438495852e-25
2019-02-14,-0.002220939,-0.831275328,0.007386768,-0.243751639,-0.055686425,0.004273469,16.21999931,0.752709407,3,Panic,9.666525441738713e-13,7.71739696766721e-151,2.1509122042759512e-29,0.999999999998181,8.861676211179558e-24
2019-02-15,0.010838641,-0.798765961,0.007607384,-0.317879159,-0.045395682,0.004086023,14.90999985,0.733128469,3,Panic,5.634315652441547e-12,7.049279426003171e-137,7.972447819567938e-29,0.999999999994543,1.0686325318969804e-22
2019-02-19,0.001728735,-0.867932014,0.007534944,-0.226127542,-0.043743997,0.003874577,14.88000011,0.734822899,3,Panic,1.362693335720758e-10,1.5252306689279923e-111,3.007256083398493e-27,0.9999999998635758,2.364691548436627e-17
2019-02-20,0.002013373,-0.9397693,0.00713283,-0.204238675,-0.041816757,0.003582348,14.02000046,0.743885696,3,Panic,3.0953274896273693e-06,1.8589148294767207e-97,3.4694484138021114e-23,0.9999969046723592,4.226957344387716e-16
2019-02-21,-0.003561882,-1.007450183,0.006318401,0.221229157,-0.045223621,0.0032258,14.46000004,0.657841822,3,Panic,0.02307457339791649,1.767643268492573e-88,5.1428809385412245e-21,0.9769254266028449,5.6017664062206846e-14
2019-02-22,0.006180798,-0.937435564,0.006365838,0.131621831,-0.039304066,0.002790609,13.51000023,0.665074605,3,Panic,0.4256071848448134,3.44897215091634e-78,2.0224004759579868e-17,0.5743928151556216,4.62733199694616e-14
2019-02-25,0.001360195,-0.997422593,0.006353872,0.114935383,-0.037996443,0.00230828,14.85000038,0.660564641,0,Recovery,0.9214723654675064,1.568124993439678e-61,5.690313173668093e-16,0.07852763453225645,5.167091999058655e-13
2019-02-26,-0.000715742,-1.056336368,0.006261744,0.287947054,-0.038684743,0.001897612,15.17000008,0.651585065,0,Recovery,0.998939583829398,2.919311904261064e-56,2.629768055875746e-14,0.0010604161696710042,1.0894457961702629e-14
2019-02-27,-0.00042963,-1.075117836,0.005872063,0.416645885,-0.039097664,0.001841969,14.69999981,0.62510678,0,Recovery,0.9999965044978283,8.694598309030959e-59,3.555854529065836e-16,3.4955021161207165e-06,6.682093982761814e-17
2019-02-28,-0.001864499,-1.058073181,0.005891648,0.418354448,-0.040887596,0.001746322,14.77999973,0.615917065,0,Recovery,0.9999999808387658,4.0681742179898393e-63,4.576079511975771e-18,1.9161292669902836e-08,4.461611369515947e-19
2019-03-01,0.006224658,-1.059769582,0.005161819,0.085427753,-0.03489883,0.001613316,13.56999969,0.475452848,0,Recovery,0.9999999998726707,3.457861980563127e-60,2.6565999272157465e-19,1.2729801388506022e-10,1.2604878224570989e-17
2019-03-04,-0.003644171,-1.105216776,0.005087723,0.260953679,-0.038409423,0.00140808,14.63000011,0.559043002,0,Recovery,0.999999998281055,3.5733749542744647e-53,5.076611101863539e-18,1.7193249996701451e-09,1.3631934462607967e-16
2019-03-05,-0.001361146,-1.054539938,0.005124499,0.298311608,-0.039717398,0.001077275,14.73999977,0.585723142,0,Recovery,0.9999999985921022,9.349341019905535e-56,7.234848965801401e-17,1.408303325937761e-09,5.4915834072146345e-18
2019-03-06,-0.006075091,-0.97366464,0.005222518,0.43228491,-0.045533518,0.000940851,15.73999977,0.509483524,0,Recovery,0.9999999999399733,8.28515435911698e-62,5.2720464231812564e-18,6.033290651353745e-11,1.5872383049163278e-17
2019-03-07,-0.008400669,-0.78165111,0.005542829,0.440446782,-0.05351809,0.000963819,16.59000015,0.543152078,0,Recovery,0.999999999836291,1.9821970662953485e-76,1.5105834053374357e-17,1.6358704437054416e-10,4.351304175031303e-19
2019-03-08,-0.002001995,-0.454471659,0.005554986,0.453097109,-0.055411047,0.000979397,16.04999924,0.553555231,0,Recovery,0.9999999998890416,2.0686315108208334e-89,4.213882419005207e-19,1.1175304272759979e-10,3.7609602734409267e-19
2019-03-11,0.014397363,-0.427829047,0.005877804,0.727580077,-0.041713087,0.000959997,14.32999992,0.62866127,0,Recovery,0.9999999960000423,8.077450147088282e-78,2.0143633403475294e-19,4.000494285567101e-09,2.052363635699037e-18
2019-03-12,0.003763701,-0.5187086,0.005899194,0.659715172,-0.038099586,0.000933967,13.77000046,0.631511462,0,Recovery,0.9999999964420567,7.02859949892043e-56,1.812161114885023e-18,3.557109087477899e-09,5.949597797998304e-14
2019-03-13,0.006597432,-0.616474349,0.005994202,0.511756153,-0.031732533,0.000898813,13.40999985,0.628070169,0,Recovery,0.9999999961910362,1.973777429121187e-43,5.4129598090470224e-14,3.808429781973009e-09,4.644637697383218e-13
2019-03-14,-0.000639825,-0.700177038,0.005462717,0.622435999,-0.032351856,0.00084074,13.5,0.600641545,0,Recovery,0.999999997591658,2.167295691473591e-35,1.8069461073083237e-13,1.892413230336387e-09,5.150972270755062e-10
2019-03-15,0.004928376,-0.726083645,0.005506291,0.576128821,-0.027571151,0.000787703,12.88000011,0.625703489,0,Recovery,0.9999999336487257,6.611032145829329e-30,3.564711060672357e-12,4.619635906482632e-09,6.172764861709e-08
2019-03-18,0.003619267,-0.799425963,0.005467376,0.449547537,-0.024045294,0.000735075,13.10000038,0.631125383,0,Recovery,0.9999909305745133,2.392202119655246e-22,6.434939414220902e-12,7.316874257293321e-09,9.062102166638546e-06
2019-03-19,0.000248028,-0.869074332,0.005041482,0.562604667,-0.023803201,0.00065737,13.56000042,0.681353902,0,Recovery,0.9997859647396661,4.252521452566564e-17,7.177307213053564e-11,6.745542049498686e-08,0.0002139677326517069
2019-03-20,-0.003014477,-0.934446807,0.005115965,0.648108278,-0.026741493,0.000548793,13.90999985,0.670178521,0,Recovery,0.9984877265910933,5.389748916105595e-17,3.0656508029957648e-09,6.583927563640147e-07,0.001511611950052531
2019-03-21,0.011230854,-0.806736171,0.005594744,0.58168788,-0.015749358,0.000444427,13.63000011,0.751983263,0,Recovery,0.9682330337378762,9.879983847215002e-13,6.567114926303133e-07,0.00010486675917305224,0.03166144278971326
2019-03-22,-0.019434047,-0.861219906,0.007140016,-0.628178855,-0.034692663,0.00053321,16.47999954,0.889217676,0,Recovery,0.8057522494747736,1.156701013975253e-17,0.0004532391799253316,0.0020355473690928006,0.19175896397703607
2019-03-25,-0.00075224,0.075955706,0.00702465,-0.542136321,-0.035418533,0.000591059,16.32999992,0.865459125,4,Bull Recovery,0.32145683961471305,2.3649717542451107e-24,0.00047354601173945954,0.0002470659291140039,0.677822548444405
2019-03-26,0.007426808,0.031089936,0.007197697,-0.575609668,-0.028228103,0.00066063,14.68000031,0.820702212,4,Bull Recovery,0.17192205377003758,4.272487836879429e-21,0.0009607523088929473,7.486775477568383e-05,0.8270423261654044
2019-03-27,-0.00524283,-0.107929474,0.007302369,-0.484881035,-0.033309605,0.000734714,15.14999962,0.800986674,4,Bull Recovery,0.08833649926259382,9.26056251955129e-20,0.0011700149415080614,1.5870235336935397e-05,0.9104776155612027
2019-03-28,0.003783254,-0.070998517,0.007340089,-0.555801539,-0.029645443,0.000806866,14.43000031,0.796940266,4,Bull Recovery,0.043976262262462824,3.8061181363937e-21,0.0015925060861708138,1.772703879056133e-05,0.9544135046133212
2019-03-29,0.006285813,-0.208609408,0.00742567,-0.671381216,-0.023526765,0.000874278,13.71000004,0.797635247,4,Bull Recovery,0.008569564440569747,4.021151546109189e-16,0.0014214975165602593,9.828852301038303e-06,0.9899991091898844
2019-04-01,0.011789348,-0.323461516,0.007720338,-0.574616148,-0.011946655,0.000934226,13.39999962,0.786006906,4,Bull Recovery,0.0003743919708595984,2.4205071866478442e-06,0.0012020144715526528,1.2927944913064912e-06,0.99841988025591
2019-04-02,0.000489684,-0.424261541,0.007645145,-0.658545347,-0.011462703,0.000964836,13.35999966,0.781304412,4,Bull Recovery,2.3959690729735734e-06,0.11144826109855506,0.0006379970014987131,7.622521493822987e-08,0.8879112697061656
2019-04-03,0.001572448,-0.526873983,0.007620542,-0.719079585,-0.009907057,0.000979351,13.73999977,0.779482135,4,Bull Recovery,2.7860011487697562e-09,0.4442900487454122,0.0004860353516965483,1.3894145729913687e-08,0.5552238992222944
2019-04-04,0.002649759,-0.622050644,0.007424756,-0.896007776,-0.00728007,0.000973975,13.57999992,0.77216034,1,Stable Bull,9.963469834636466e-13,0.8951655901634556,0.00017327236076736211,4.1409193498733483e-10,0.1046611370609787
2019-04-05,0.004828922,-0.704992625,0.007062016,-1.154857008,-0.00247471,0.000961613,12.81999969,0.748250862,1,Stable Bull,8.478447212235088e-15,0.9981624929298581,1.2883271946486274e-05,1.0846030575665133e-11,0.0018246237869584793
2019-04-08,0.00076169,-0.775812245,0.006999374,-1.231091053,-0.001714615,0.000942397,13.18000031,0.734952708,1,Stable Bull,3.3929932896907055e-16,0.9999806452942209,9.571822994410367e-07,1.5335195306297316e-13,1.839752411066008e-05
2019-04-09,-0.005137984,-0.831560423,0.006646928,-1.370250657,-0.006830635,0.000929213,14.27999973,0.692237361,1,Stable Bull,1.9167185306486507e-17,0.9999903564558976,2.2968021553017437e-06,2.422817781342159e-15,7.346742784508009e-06
2019-04-10,0.003405163,-0.704568024,0.006641828,-1.366175775,-0.003442967,0.000915174,13.30000019,0.688474475,1,Stable Bull,2.4612935355096642e-17,0.9999954988608244,8.857191725302365e-07,4.2114898275761755e-16,3.6154191815009765e-06
2019-04-11,-0.000277488,-0.779784436,0.006556497,-1.289503847,-0.003719461,0.000903583,13.02000046,0.687922721,1,Stable Bull,8.056147856282935e-18,0.9999968693276862,5.000420727828614e-07,8.223036824663083e-17,2.6306308431828075e-06
2019-04-12,0.006743315,-0.848120729,0.006641407,-1.374858817,0.0,0.000860853,12.01000023,0.684264115,1,Stable Bull,5.132270340925729e-18,0.999996754631675,1.0904574906147436e-06,1.527578023182636e-16,2.1549114052843834e-06
2019-04-15,-0.000654895,-0.903413852,0.006617827,-1.274268537,-0.000654681,0.000815488,12.31999969,0.677804979,1,Stable Bull,9.387498212057778e-18,0.9999977748090915,4.909958276029475e-07,5.1315764186099497e-17,1.734195242119837e-06
2019-04-16,0.000654895,-0.958601731,0.006600698,-1.220384592,0.0,0.000760426,12.18000031,0.680738648,1,Stable Bull,7.925351232167345e-18,0.999997834348122,3.8524816527250553e-07,4.844954925297667e-17,1.780403678291777e-06
2019-04-17,-0.002450003,-1.001879939,0.006648338,-1.143933153,-0.002447005,0.000643697,12.60000038,0.655883495,1,Stable Bull,9.24242123292067e-18,0.9999970887171544,3.669540391717242e-07,2.2404179226046545e-17,2.5443290433637222e-06
2019-04-18,0.001966807,-0.914191219,0.00657993,-1.277547315,-0.00048308,0.000504737,12.09000015,0.65050259,1,Stable Bull,2.3284969889649818e-18,0.9999981310665319,3.459415159813994e-07,1.158057275915272e-17,1.5229914297560601e-06
2019-04-22,0.000862027,-0.967187595,0.006183324,-1.498689924,0.0,0.000436051,12.42000008,0.556479135,1,Stable Bull,1.040337645226149e-16,0.9999991445714862,1.861369071221746e-07,1.7796486087182228e-16,6.692911534807837e-07
2019-04-23,0.008951506,-0.996628349,0.004339661,0.284275765,0.0,0.000724305,12.27999973,0.282143493,1,Stable Bull,8.238122714582225e-15,0.9998643452069191,1.5818903694650823e-12,4.3814795397952175e-23,0.0001356547913575581
2019-04-24,-0.002221833,-1.028570459,0.004402221,0.283363391,-0.002219367,0.000900505,13.14000034,0.31664423,1,Stable Bull,1.1891423323738167e-17,0.9967069594967938,2.3339262172367015e-11,2.7427378897851415e-19,0.0032930404796292618
2019-04-25,-0.000616063,-0.937819544,0.004272651,0.477774446,-0.002833873,0.00104175,13.25,0.146256946,1,Stable Bull,2.258196261015072e-19,0.9552018137954694,8.990504529951537e-14,6.683793696405125e-25,0.04479818620499195
2019-04-26,0.004645686,-0.966567182,0.003991413,0.523303778,0.0,0.001172963,12.72999954,0.135791204,1,Stable Bull,1.0517145441385748e-21,0.6087471067305783,1.2546914062307478e-13,3.787985858546066e-24,0.39125289327020396
2019-04-29,0.001566701,-1.00855179,0.003979163,0.60668733,0.0,0.001270101,13.10999966,0.144791043,4,Bull Recovery,1.4250424451295878e-21,0.17313885786805486,1.4478340271597793e-13,1.1523884328001473e-22,0.8268611421314677
2019-04-30,0.000510253,-1.047595013,0.003879666,0.808125788,0.0,0.001344504,13.11999989,0.130581247,4,Bull Recovery,1.0657151571336947e-21,0.02788332984491682,1.1009484792120062e-14,7.520497851099248e-23,0.9721166701541761
2019-05-01,-0.007544958,-1.048154916,0.003707433,-0.1134128,-0.007516567,0.001389623,14.80000019,-0.097031223,4,Bull Recovery,2.477351567236468e-29,2.374586102848966e-05,1.7813246642666985e-19,1.3673368808058726e-35,0.9999762541392496
2019-05-02,-0.002161284,-0.753999295,0.003769784,-0.034594149,-0.009659289,0.001407086,14.42000008,-0.042660872,4,Bull Recovery,3.5576055471648074e-32,7.63222254138398e-07,4.592153453231056e-18,9.574193917108213e-33,0.9999992367778033
2019-05-03,0.009740319,-0.666276531,0.004239135,0.163583374,0.0,0.001374367,12.86999989,0.039690479,4,Bull Recovery,7.816391217619914e-28,1.6207679959662034e-05,1.2439938609547586e-15,1.9206448173461977e-27,0.9999837923209418
2019-05-06,-0.004123754,-0.724535695,0.004382469,0.278668839,-0.004115263,0.001329832,15.43999958,0.106104998,4,Bull Recovery,3.3900495512233944e-25,5.589520702849815e-06,6.77773049380633e-14,6.838270672459845e-24,0.999994410479463
2019-05-07,-0.016840827,-0.648058341,0.0057541,-0.843632132,-0.020746352,0.001279513,19.31999969,0.304904571,4,Bull Recovery,1.296743881506367e-22,1.397456632642498e-09,9.08474655349968e-08,3.653499700236438e-14,0.9999999077554136
2019-05-08,-0.001390065,0.235381302,0.005757039,-0.788365988,-0.022106632,0.001228253,19.39999962,0.307513364,4,Bull Recovery,2.578018919723202e-14,4.0859143556670233e-10,3.402152611417875e-06,3.444687686143261e-14,0.9999965974387712
2019-05-09,-0.003030103,0.169293528,0.005684711,-0.845981093,-0.025065265,0.001193493,19.10000038,0.3079426,4,Bull Recovery,1.290390498320151e-12,2.842071759729522e-11,9.458472591114784e-06,2.2408755461525142e-14,0.9999905414981033
2019-05-10,0.005010502,0.145709602,0.00574479,-0.836105375,-0.020168094,0.001157373,16.04000092,0.277512025,4,Bull Recovery,9.887102509997483e-16,3.931616452964242e-08,0.001181536286404603,9.286625525302839e-20,0.9988184243981891
2019-05-13,-0.025451354,-0.002930577,0.007987455,-1.49751794,-0.044791465,0.001275735,20.54999924,0.536699863,2,Correction,4.598828894385223e-19,3.0965170356905285e-24,0.9998637375833722,7.029754448574962e-14,0.00013626241589960778
2019-05-14,0.009002706,1.126929667,0.008114434,-1.414933361,-0.036153177,0.00138902,18.05999947,0.557061157,2,Correction,2.0507867927830118e-13,3.565805256011173e-31,0.9999999993506208,9.703001023364131e-16,6.492155152276695e-10
2019-05-15,0.005840789,0.869119819,0.008255729,-1.428020603,-0.030507079,0.001504178,16.44000053,0.569918768,2,Correction,1.6613093009237478e-12,4.995135932518154e-22,0.9999999912943167,1.8572612988319926e-14,8.704683701376408e-09
2019-05-16,0.009218851,0.641336215,0.008538548,-1.354870162,-0.021528144,0.001632784,15.28999996,0.5610327,2,Correction,1.6451056157902231e-12,2.6943712710473018e-15,0.999999894867875,4.139579663829089e-14,1.0512962062405405e-07
2019-05-17,-0.006486122,0.444337807,0.008631787,-1.260208126,-0.027854093,0.001753386,15.96000004,0.571206086,2,Correction,5.649758509972356e-13,1.4098319678311114e-14,0.9999998376097342,1.995061757994068e-14,1.6238977502112915e-07
2019-05-20,-0.006634199,0.578798519,0.008707744,-1.101192377,-0.034282156,0.001868807,16.30999947,0.588794446,2,Correction,3.221888601861248e-12,4.665780789065257e-22,0.9999999542960732,6.506603898321695e-14,4.570092919444933e-08
2019-05-21,0.008974877,0.592584094,0.008970813,-1.06947418,-0.025575947,0.001997222,14.94999981,0.593031511,2,Correction,9.244635771612303e-12,7.243931893782428e-23,0.9999999031442759,4.2046324911291687e-13,9.684647490297289e-08
2019-05-22,-0.003075747,0.393652448,0.00870924,-1.035473405,-0.028568425,0.002057357,14.75,0.569400782,2,Correction,8.937958262614555e-12,4.752091963611639e-20,0.999999597619616,2.541943059643217e-13,4.023709415280707e-07
2019-05-23,-0.012294218,0.208441572,0.00903978,-0.857517791,-0.040438302,0.002117354,16.92000008,0.579183367,2,Correction,1.4122375473711946e-12,1.2568114465030568e-30,0.9999996942042811,2.855381669790751e-14,3.0579380457212673e-07
2019-05-24,0.002266069,0.735028453,0.009078429,-0.888984013,-0.038261403,0.002147753,15.85000038,0.626864709,2,Correction,2.8927293395496272e-11,5.8687317321279586e-37,0.9999999942010618,2.4937367315125915e-14,5.769853527429918e-09
2019-05-28,-0.009344118,0.5141254,0.009115348,-0.701322983,-0.047206147,0.002137135,17.5,0.618318663,2,Correction,1.6399685689407606e-09,9.584555405980441e-43,0.9999999870742613,6.659111272233633e-14,1.128578514577013e-08
2019-05-29,-0.006733395,0.722880361,0.009123701,-0.576028056,-0.053600134,0.002096399,17.89999962,0.615427511,2,Correction,2.394922809589174e-08,3.951017252308531e-57,0.9999999754272725,1.8815106634495182e-13,6.237809963785154e-10
2019-05-30,0.002727139,0.81673059,0.009174142,-0.593928643,-0.051015647,0.002018123,17.29999924,0.635040654,2,Correction,1.1876166701169185e-07,6.065050283602037e-62,0.9999998809689785,8.482743158734699e-13,2.6928672956391175e-10
2019-05-31,-0.013566371,0.585573997,0.009430488,-0.528392687,-0.063802986,0.001897005,18.70999908,0.82817231,2,Correction,4.4533873502555944e-07,1.8948149798764518e-75,0.9999995545696121,8.719539538465419e-11,5.197498418518117e-12
2019-06-03,-0.002546395,0.953045875,0.009429602,-0.522576794,-0.06618388,0.001730223,18.86000061,0.784971862,2,Correction,2.6671833628196315e-06,1.997891898954395e-93,0.9999973327320832,8.495301689047054e-11,1.1826548589649057e-13
2019-06-04,0.021474673,0.86067589,0.01049695,0.003464905,-0.045913615,0.001621127,16.96999931,0.815518219,2,Correction,8.162811701094899e-06,9.947633747957676e-77,0.9999918359341268,1.251965820371226e-09,1.4571106390447988e-12
2019-06-05,0.008624719,0.649447465,0.010748084,-0.117425372,-0.0376493,0.001479987,16.09000015,0.826107136,2,Correction,1.7066021768521165e-05,6.433242210513317e-41,0.9999827229258722,1.9755937647449523e-08,1.9129705564614708e-07
2019-06-06,0.006481327,0.447098213,0.010293201,-0.276334903,-0.031391734,0.001403021,15.93000031,0.82008077,2,Correction,5.756974903810631e-05,1.8329744886626566e-26,0.999456921845507,1.3398531881332276e-06,0.000484168551708827
2019-06-07,0.009957379,0.259293091,0.010540156,-0.364744096,-0.021698756,0.001299325,16.29999924,0.833119479,2,Correction,0.00011274304537797465,4.487431317057986e-15,0.9516601374233805,1.3270039625400197e-05,0.048213849491746924
2019-06-10,0.004578253,0.099040444,0.010560819,-0.462757063,-0.017209577,0.001130414,15.93999958,0.833849889,2,Correction,9.785999804387487e-05,7.043263138136394e-08,0.6094321908307564,1.3653074151447155e-05,0.3904562256643394
2019-06-11,-0.000241683,-0.053429145,0.010507787,-0.401004743,-0.017447072,0.000877106,15.98999977,0.842305895,4,Bull Recovery,7.765716184710078e-05,7.675597015623585e-07,0.18708864439606915,8.553123914402e-06,0.8128243777577314
2019-06-12,-0.001767255,-0.167060958,0.008748306,0.187333604,-0.019181961,0.00083454,15.90999985,0.796004075,4,Bull Recovery,5.064734888040125e-05,2.126180810773831e-06,0.010956839902238563,2.0420803535037878e-06,0.988988344488199
2019-06-13,0.004117771,-0.219861233,0.008595746,0.245133999,-0.01513485,0.000805188,15.81999969,0.78996126,4,Bull Recovery,3.0415473975988276e-06,1.3265203382161734e-06,0.00030160375035091184,1.8384536363117614e-07,0.9996938443362902
2019-06-14,-0.001105699,-0.343390364,0.00853469,0.359648511,-0.016223213,0.000788066,15.27999973,0.784683387,4,Bull Recovery,3.2382421581506427e-07,6.341744789107481e-06,1.9559812147721904e-05,1.509603590892754e-07,0.9999736236590963
2019-06-17,0.000380596,-0.429487901,0.008308332,0.49041339,-0.01584872,0.000801834,15.35000038,0.813548118,4,Bull Recovery,1.7552845460606526e-08,1.1794996785810689e-05,5.329828415166694e-06,1.3471758946272073e-07,0.9999827229040447
2019-06-18,0.01041665,-0.505544799,0.008438254,0.289242078,-0.005543581,0.000811779,15.14999962,0.823512101,4,Bull Recovery,4.96122794976631e-10,0.0010772217947072212,5.038092488362884e-06,1.309271161516675e-07,0.9989176086902083
2019-06-19,0.002254616,-0.591134477,0.008252825,0.19336812,-0.003298934,0.00083576,14.32999992,0.819706036,4,Bull Recovery,2.6913418932359785e-10,0.012324170194679497,4.5298677721495615e-06,7.78248114879439e-08,0.9876712218440011
2019-06-20,0.009508821,-0.679655077,0.008277778,0.190849528,0.0,0.000864181,14.75,0.823198145,4,Bull Recovery,1.221049530071139e-10,0.009067099659364483,2.9362564352322367e-06,9.564164627592644e-08,0.9909298683199118
2019-06-21,-0.001454865,-0.750047992,0.008240164,0.171188105,-0.001453808,0.000886132,15.39999962,0.859301884,4,Bull Recovery,3.033269537895348e-11,0.006143634106309309,2.486313020110814e-06,4.328648059596437e-08,0.9938538362632064
2019-06-24,-0.001224903,-0.791925662,0.007638589,0.308572448,-0.002676181,0.000955377,15.26000023,0.844703707,4,Bull Recovery,2.3177246809909182e-11,0.00454746721907808,8.55098160353828e-07,4.056651814730407e-08,0.9954516370938562
2019-06-25,-0.00985641,-0.770464225,0.008073733,0.313707833,-0.012457928,0.000987229,16.28000069,0.861592314,4,Bull Recovery,2.0838004298419498e-11,0.0015295777595558046,3.5926964308126353e-06,1.1715064996202755e-07,0.9984667123722927
2019-06-26,-0.00099801,-0.372124655,0.00770744,0.344995269,-0.013443013,0.001037512,16.20999908,0.846237471,4,Bull Recovery,3.598948521201257e-11,0.00024178337337336318,1.0962218589909973e-06,4.2067279836353677e-08,0.9997570783005983
2019-06-27,0.003539881,-0.409269528,0.007450229,0.261533574,-0.009944531,0.001098174,15.81999969,0.838541158,4,Bull Recovery,6.1576231212656664e-12,0.00014861486465304413,5.976679292297634e-07,3.2507665549302194e-08,0.9998507549539913
2019-06-28,0.005132273,-0.51190269,0.007473268,0.214391953,-0.004850235,0.001147934,15.07999992,0.819175441,4,Bull Recovery,5.549869145601506e-12,0.0006634952701604264,7.404257949884553e-07,4.007574981637266e-08,0.9993357242219673
2019-07-01,0.009037594,-0.598464025,0.006613174,0.595177644,0.0,0.001248045,14.06000042,0.80574968,4,Bull Recovery,1.6022652183241417e-11,0.0007777932898679045,1.707123737570734e-07,1.2130743465069593e-07,0.9992219146735264
2019-07-02,0.002600827,-0.674123749,0.006466422,0.564564674,0.0,0.00133828,12.93000031,0.815701698,4,Bull Recovery,1.279254850973291e-11,0.0011313070070098088,2.98430761305674e-07,1.566914073175575e-07,0.9988682378571262
2019-07-03,0.007963737,-0.748102797,0.005170463,-0.505075334,0.0,0.00147182,12.56999969,0.767573222,4,Bull Recovery,2.5649565282370425e-12,6.398493208123948e-05,1.460411150312514e-06,3.583026436015385e-07,0.9999341963508533
2019-07-05,-0.001138849,-0.811704734,0.005100126,-0.337987486,-0.001138201,0.001538027,13.27999973,0.761086291,4,Bull Recovery,1.0279634558905985e-11,3.129303847609995e-06,8.325408586993701e-07,2.059463218354324e-07,0.9999958321982827
2019-07-08,-0.005509698,-0.869007603,0.005329972,-0.174857803,-0.006626494,0.00157197,13.96000004,0.745101146,4,Bull Recovery,8.47012414546483e-12,3.40985462946262e-06,4.284676463871788e-07,1.6096252395337725e-07,0.9999960007069539
2019-07-09,0.001246022,-0.639690304,0.005026351,-0.142912382,-0.005387958,0.001570492,14.09000015,0.691688291,4,Bull Recovery,5.585530519408008e-12,1.6262598405989872e-06,2.461430288588538e-07,8.436857786989751e-08,0.9999980432222446
2019-07-10,0.004766369,-0.721951707,0.005031743,-0.146033067,-0.000635953,0.001519608,13.02999973,0.690791561,4,Bull Recovery,5.922079497620558e-12,7.047808681582156e-06,2.8266615107190065e-07,9.352427439109925e-08,0.9999925759951115
2019-07-11,0.002341323,-0.789726062,0.005011028,-0.219823445,0.0,0.00142438,12.93000031,0.702860623,4,Bull Recovery,6.956703359186243e-12,2.241736837323648e-05,4.857836903959118e-07,1.0608136022456059e-07,0.9999769907599866
2019-07-12,0.004467072,-0.856789393,0.004966337,-0.381950129,0.0,0.001446922,12.39000034,0.698225246,4,Bull Recovery,1.0909558798210551e-11,4.480326895517067e-05,7.105890505226197e-07,1.4675563467836827e-07,0.9999543393753054
2019-07-15,0.000332716,-0.911266635,0.004962457,-0.276826172,0.0,0.001456034,12.68000031,0.691809632,4,Bull Recovery,1.7966496845884782e-11,2.0856072946963823e-05,5.322525982685712e-07,1.1066858313077001e-07,0.999978500987804
2019-07-16,-0.003230445,-0.944028112,0.005050537,-0.246702928,-0.003225233,0.001442792,12.85999966,0.69893845,4,Bull Recovery,1.6671515758749823e-11,4.6477687510563503e-05,5.505848660844155e-07,1.1795479056623722e-07,0.9999528537555472
2019-07-17,-0.006828561,-0.868698695,0.005394564,-0.224768078,-0.010008583,0.001409972,13.97000027,0.705972915,4,Bull Recovery,1.7721168243888203e-11,4.807754173774169e-05,7.710753873115039e-07,1.2170066070663914e-07,0.9999510296642339
2019-07-18,0.003654608,-0.574846448,0.005030838,-0.353362518,-0.006383933,0.00136641,13.52999973,0.651733384,4,Bull Recovery,2.798980487782666e-11,0.0002669523104382526,9.138375271237319e-07,4.82663148318283e-08,0.9997320855577562
2019-07-19,-0.005570869,-0.659337746,0.00523951,-0.207999385,-0.011903848,0.001307882,14.44999981,0.643011812,4,Bull Recovery,3.67384806654801e-11,0.0033626316453963774,1.8792435914144003e-06,3.0719879959610016e-08,0.9966354583552184
2019-07-22,0.00245364,-0.502883289,0.004872882,-0.327676423,-0.009476439,0.001240899,13.52999973,0.642164297,4,Bull Recovery,1.840740444003527e-11,0.05444229861001521,1.5741549579982784e-05,1.4003763331150621e-08,0.9455419458175053
2019-07-23,0.007124612,-0.596533421,0.005052023,-0.427465318,-0.002394143,0.001143401,12.60999966,0.64510877,1,Stable Bull,3.4567191122265083e-12,0.606002454045522,2.174866958337493e-05,2.7681776742177017e-09,0.39397579451290127
2019-07-24,0.004688395,-0.673601839,0.00508842,-0.564516787,0.0,0.001076402,12.06999969,0.642901624,1,Stable Bull,1.7064574438699334e-12,0.9521923536046683,7.0674523250376644e-06,6.579477452084665e-10,0.04780057828376402
2019-07-25,-0.004788776,-0.746431236,0.004635451,-0.315672944,-0.004777328,0.000955074,12.73999977,0.593239216,1,Stable Bull,5.3883607627157474e-12,0.9913892115568129,4.1787789888008203e-07,7.17411551835116e-11,0.008610370488005146
2019-07-26,0.006678141,-0.584417892,0.004731138,-0.459884398,0.0,0.000832839,12.15999985,0.637768341,1,Stable Bull,2.014937406222276e-12,0.9960900958385387,1.6653484787928931e-07,2.436583262038796e-10,0.003909737381384311
2019-07-29,-0.0018231,-0.664927921,0.004780146,-0.307074431,-0.001821439,0.000699614,12.82999992,0.618401234,1,Stable Bull,1.770151779161107e-11,0.9897149161140685,7.577313022628286e-07,1.596664371643527e-10,0.010284325977341795
2019-07-30,-0.00245745,-0.66388743,0.004786631,-0.125049677,-0.004271401,0.000495784,13.93999958,0.662224766,1,Stable Bull,1.0205125692767878e-10,0.866328915148658,5.277482764537384e-06,6.342245864856231e-10,0.13366580663226763
2019-07-31,-0.011000736,-0.631834562,0.005138515,-0.394804248,-0.01516512,0.000367319,16.12000084,0.38346844,4,Bull Recovery,2.883719311724603e-11,0.15526525719409254,4.176661354916166e-06,6.897028957521915e-14,0.8447305661150685
2019-08-01,-0.008746353,-0.161356855,0.005468731,-0.257340439,-0.023741273,0.000211854,17.87000084,0.304110293,4,Bull Recovery,1.4602058808693197e-12,7.052227403158174e-06,3.5210523920797847e-06,3.819326367322717e-16,0.9999894267179661
2019-08-02,-0.007557801,0.09387476,0.005349846,-0.163432391,-0.031091831,0.00022075,17.61000061,0.344941556,4,Bull Recovery,1.8512437707451306e-19,3.2122517645265533e-12,0.0029650065897581374,6.900181284480765e-22,0.9970349934075682
2019-08-05,-0.030534488,0.315429691,0.008377997,-1.769573461,-0.060229825,0.000759503,24.59000015,0.636791875,2,Correction,9.64201786486402e-24,5.386996382664051e-47,0.999999955540262,8.078707640802198e-16,4.4460116501704966e-08
2019-08-06,0.013925334,1.609272828,0.009062237,-1.411990929,-0.047051669,0.001134219,20.17000008,0.676862132,2,Correction,5.514162912896394e-16,1.4483177735113612e-55,1.0,5.320354751048565e-17,1.5208381243920285e-13
2019-08-07,0.00059056,1.287597141,0.00905354,-1.406244414,-0.046488729,0.00138378,19.48999977,0.682448172,2,Correction,2.895666299068231e-14,5.889167828162004e-41,0.9999999999854481,1.7639316236778066e-15,1.5118417518366695e-11
2019-08-08,0.019430065,0.996737664,0.010069546,-0.787822897,-0.027780784,0.00168804,16.90999985,0.710976239,2,Correction,4.601320732607557e-13,2.192491843431138e-31,0.9999999984102033,6.62425940261521e-14,1.5885887442701958e-09
2019-08-09,-0.006834504,0.760407491,0.010125234,-0.654516056,-0.034402765,0.001919274,17.96999931,0.721587447,2,Correction,7.627475536233772e-14,7.343143762570666e-21,0.9999999919073161,8.111673291734225e-15,8.092545620603387e-09
2019-08-12,-0.012248432,0.762669072,0.01030955,-0.453272278,-0.046157681,0.00211172,21.09000015,0.715579953,2,Correction,3.819024566248092e-15,5.3640490821043145e-34,0.9999999985175236,5.163935899251415e-15,1.4827448647045897e-09
2019-08-13,0.01543222,1.019982368,0.010987241,-0.370580607,-0.03132361,0.002318183,17.52000046,0.7519808,2,Correction,4.2484583114254316e-20,3.142407673609477e-36,0.9999999997435225,1.4704457868388176e-20,2.5703879160671486e-10
2019-08-14,-0.030013756,0.770129448,0.01264932,-0.529882951,-0.059965254,0.002635526,22.10000038,0.785820532,2,Correction,1.4993411596365342e-23,9.167457615127776e-55,1.0,1.1015166869947005e-21,8.324051426618343e-16
2019-08-15,0.002638241,1.630822931,0.012659465,-0.632592785,-0.057481941,0.002884528,21.18000031,0.780307576,2,Correction,1.9235519707258195e-22,6.266213540176978e-77,1.0,2.8537990889738443e-22,5.555825671783047e-18
2019-08-16,0.01464731,1.47165379,0.013129631,-0.586964318,-0.043574986,0.003098325,18.46999931,0.794415434,2,Correction,7.803404424010501e-21,4.0891378534974184e-67,1.0,4.030941621858363e-20,6.289557729950545e-17
2019-08-19,0.011975786,1.174573521,0.013420566,-0.686714539,-0.032052185,0.003283136,16.87999916,0.807419723,2,Correction,1.0739427339353403e-21,2.8224044532078696e-47,1.0,4.658723098696158e-20,5.3011958554663795e-15
2019-08-20,-0.007691566,0.903114297,0.013480735,-0.574953226,-0.039468661,0.00339763,17.5,0.806485185,2,Correction,3.7257644173897725e-21,1.4188198606802746e-45,1.0,2.8901554989992456e-19,7.375134481064837e-15
2019-08-21,0.008102288,0.951476271,0.013512808,-0.576654472,-0.031654546,0.003470049,15.80000019,0.808672961,2,Correction,3.7397637937116893e-20,4.105892865745373e-49,1.0,4.949693183267695e-18,1.7220537187099255e-14
2019-08-22,-0.000307823,0.702331162,0.013447432,-0.535038795,-0.03195258,0.003490808,16.68000031,0.811361196,2,Correction,7.882739912786504e-25,3.119575863397294e-42,1.0,1.9311740769039695e-22,4.2550790490208205e-13
2019-08-23,-0.026023408,0.558238585,0.014470019,-0.464355819,-0.056819508,0.003494256,19.87000084,0.84023801,2,Correction,1.2332913682454514e-24,1.322729975140209e-68,1.0,3.771056338688193e-21,6.983628915608845e-18
2019-08-26,0.010998036,1.364931486,0.014636289,-0.464520422,-0.046389124,0.00344939,19.31999969,0.847425398,2,Correction,2.326302268219398e-22,7.196441603480199e-75,1.0,2.0331041084277707e-20,5.885734666138589e-18
2019-08-27,-0.003931437,1.058046963,0.014640359,-0.443129431,-0.050130825,0.003339208,20.30999947,0.845103688,2,Correction,1.424117244547011e-20,1.1073877462752978e-64,1.0,2.581350400902735e-18,5.423584091991458e-16
2019-08-28,0.007016778,0.783167888,0.014782567,-0.511227338,-0.043442365,0.003161294,19.35000038,0.841605837,2,Correction,2.1188918494700956e-18,8.335117562184072e-65,1.0,3.2601073433807087e-16,2.489723485783644e-14
2019-08-29,0.012692025,0.541846478,0.014957249,-0.666684467,-0.03122434,0.002941603,17.87999916,0.91310899,2,Correction,9.163277240311768e-17,1.4100375893922595e-48,0.999999999996362,1.2593304622144974e-14,2.787460449288903e-12
2019-08-30,-0.000444171,0.343302268,0.014845541,-0.755823153,-0.031654546,0.002654528,18.97999954,0.946399319,2,Correction,1.26530522774317e-16,2.3125014512239722e-33,0.9999999992978701,8.851832400723825e-15,7.012799335866611e-10
2019-09-03,-0.005864325,0.145769721,0.0148092,-0.77491704,-0.037316621,0.002219958,19.65999985,0.947754558,2,Correction,1.0959733004778137e-14,1.947829062333092e-36,0.9999999984411261,3.524942657649593e-13,1.5578186283616238e-09
2019-09-04,0.011286242,0.302853149,0.013273392,-0.90184064,-0.026389999,0.002007466,17.32999992,0.936660194,2,Correction,1.1614868559845937e-12,1.0452468597806465e-30,0.9999999704068618,1.1365915625963667e-11,2.958139803177084e-08
2019-09-05,0.012773496,0.126009997,0.013222563,-0.909958104,-0.013873828,0.001818946,16.27000046,0.937023987,2,Correction,2.928732610827096e-12,7.700541994561903e-17,0.9999984649160029,3.645221987361555e-11,1.535044752497453e-06
2019-09-06,0.000772008,-0.035462791,0.013221909,-0.912091075,-0.013112237,0.00158152,15.0,0.936512553,2,Correction,4.1142983144901586e-11,5.535230222030019e-12,0.9999950423621268,1.356023542808418e-10,4.957456030491526e-06
2019-09-09,0.000503158,-0.190430262,0.012577882,-0.983867741,-0.012615552,0.001422024,15.27000046,0.927090666,2,Correction,5.293884178010812e-11,3.78765203981531e-10,0.9999744150280742,2.425468786861854e-10,2.558429793738081e-05
2019-09-10,-0.000234995,-0.231256005,0.012461149,-1.077852192,-0.012847555,0.001241755,15.19999981,0.911814723,2,Correction,6.91618921838265e-11,6.66864479119561e-10,0.9999630076093351,4.814523742425678e-10,3.6991172759970106e-05
2019-09-11,0.007085703,-0.369379014,0.01213947,-1.325771746,-0.005828046,0.001065392,14.60999966,0.896847243,2,Correction,1.7181734634517974e-11,2.08978057883172e-08,0.9999591488790113,1.2516593883881366e-09,4.0828954455398874e-05
2019-09-12,0.003458094,-0.488706664,0.011750613,-1.389407697,-0.002384155,0.000985712,14.22000027,0.880023964,2,Correction,2.1914664107755286e-11,7.961349032332903e-06,0.9999393897993856,2.3101387422030634e-09,5.264651950560527e-05
2019-09-13,-0.000663788,-0.598303457,0.009321609,-1.287034965,-0.003046141,0.001338412,13.73999977,0.847464014,2,Correction,2.762687721485119e-11,0.00029926180370672817,0.9996043564043263,1.0704955394548133e-09,9.638069436347852e-05
2019-09-16,-0.003093794,-0.661710183,0.009410066,-1.174468702,-0.006125744,0.001588984,14.67000008,0.843286171,2,Correction,1.2266352911392922e-11,6.247966940254866e-05,0.9998177295915258,7.736027330302482e-10,0.00011978995343438259
2019-09-17,0.0025292,-0.587402758,0.008991883,-1.273997343,-0.003608856,0.001837226,14.43999958,0.827078753,2,Correction,1.3475050432635489e-12,2.7413466811141095e-06,0.9999236181570641,4.4244189608383924e-10,7.36400533072768e-05
2019-09-18,0.000597373,-0.691289848,0.00869544,-1.295714161,-0.003013461,0.002061131,13.94999981,0.811865304,2,Correction,6.183126364062302e-13,5.8968444391313345e-08,0.9999685472065474,8.787744296421643e-10,3.1392945040791086e-05
2019-09-19,-6.61e-05,-0.756013779,0.008452284,-1.479288632,-0.00307938,0.002259731,14.05000019,0.770770209,2,Correction,3.300237801859424e-12,1.1230910287931385e-09,0.9999666012292929,6.895681355989972e-08,3.3328687314066606e-05
2019-09-20,-0.004735972,-0.846259602,0.008435701,-1.310012847,-0.007789605,0.002417998,15.31999969,0.774867179,2,Correction,1.030794879520914e-10,9.08187485237891e-11,0.9983790925713509,4.539525209037639e-06,0.0016163677102810244
2019-09-23,-0.000235318,-0.662000645,0.008435086,-1.311519981,-0.008023063,0.002544354,14.90999985,0.774512501,2,Correction,4.1004285557439434e-09,1.1985143971139724e-10,0.9655881356147055,8.733497480568995e-05,0.03432452519031569
2019-09-24,-0.00787712,-0.757740976,0.006123574,0.45372876,-0.015806289,0.002791104,17.04999924,0.640247729,4,Bull Recovery,4.6588563032065076e-07,3.407055163521774e-17,1.9865134687760792e-05,0.00010172837839857524,0.9998779406007106
2019-09-25,0.00589706,-0.463362195,0.005844746,0.479249659,-0.009985293,0.002977875,15.96000004,0.624651927,4,Bull Recovery,2.1813344811043526e-10,3.134619652933265e-21,4.092021857253538e-09,6.2103767401235116e-06,0.9999937853128658
2019-09-26,-0.002085143,-0.577880675,0.005767854,0.486196398,-0.012047465,0.003100691,16.06999969,0.630898476,4,Bull Recovery,2.338392483279587e-12,3.2393444820032766e-22,4.122227952258847e-09,6.529006110061796e-06,0.9999934668698777
2019-09-27,-0.005401989,-0.603930614,0.005850039,0.644516551,-0.017369985,0.003144358,17.21999931,0.656973403,4,Bull Recovery,7.916964444730214e-13,3.0875753949900487e-24,2.274682794746761e-09,2.3839379687727514e-05,0.9999761583444521
2019-09-30,0.004627186,-0.464236495,0.005302547,0.590746099,-0.012812637,0.003151894,16.23999977,0.637292993,4,Bull Recovery,5.512007739969624e-12,3.001926488666616e-25,1.7610188077304415e-09,2.036189102722546e-05,0.999979636342664
2019-10-01,-0.011966208,-0.582815801,0.005998627,0.1854697,-0.02455513,0.003054456,18.55999947,0.610682595,4,Bull Recovery,5.365649208298603e-14,2.678245327371076e-24,0.0003039944531751803,1.3308563591148995e-05,0.9996826969834626
2019-10-02,-0.017822395,-0.203868161,0.007086705,-0.469037825,-0.04178589,0.00284448,20.55999947,0.651709986,2,Correction,4.8237629109788406e-14,1.4015489552770074e-33,0.9830994924127263,3.97494047363595e-05,0.01686075818262926
2019-10-03,0.008159685,0.596240458,0.006862135,-0.598191419,-0.033935179,0.002722371,19.12000084,0.637936295,2,Correction,6.057205722937586e-10,2.451220942908699e-37,0.9999519060726381,3.947416117970486e-05,8.619160496822186e-06
2019-10-04,0.013440743,0.367241978,0.006927274,-0.539521869,-0.020862896,0.002559077,17.04000092,0.644068016,2,Correction,8.947025781673123e-09,3.609508191383174e-24,0.9999481092930625,2.6203861284475505e-05,2.5677897745138453e-05
2019-10-07,-0.004323741,0.172307496,0.006975503,-0.431185382,-0.025087292,0.002343451,17.86000061,0.649624374,2,Correction,4.212903302086886e-10,9.398748792464104e-17,0.9998949885710334,2.5218132468191066e-07,0.00010475882582241195
2019-10-08,-0.015646481,0.14991829,0.007702322,-0.395790291,-0.04022253,0.002125407,20.28000069,0.673058742,2,Correction,3.933327248760619e-09,5.207829126600267e-26,0.999995034354975,1.8622980044514976e-07,4.775482779068301e-06
2019-10-09,0.009451635,0.698708763,0.00805446,-0.398915999,-0.031108059,0.001867456,18.63999939,0.708611903,2,Correction,5.849046311722196e-07,4.9175800419466727e-26,0.999989564757803,4.820871618549072e-07,9.368250774601587e-06
2019-10-10,0.006740554,0.456066669,0.008037708,-0.401349699,-0.02455513,0.00158588,17.56999969,0.742897091,2,Correction,7.077952345026343e-06,1.028778074139558e-14,0.9965324640139809,2.3634000956830013e-06,0.0034580946338827914
2019-10-11,0.010313738,0.240105195,0.008356698,-0.360589552,-0.014442588,0.00128908,15.57999992,0.748301912,2,Correction,2.308882665359155e-05,1.7618424001652086e-05,0.9645078231798379,2.2203184255488714e-06,0.035449249251388905
2019-10-14,-0.001114496,0.058816724,0.008357505,-0.352604155,-0.015540375,0.001235469,14.56999969,0.775093608,2,Correction,1.8585134394197542e-05,0.08288942826285492,0.8468387121813592,1.0928679514482279e-06,0.07025218155270252
2019-10-15,0.009851518,-0.072471762,0.00863715,-0.447217396,-0.005794024,0.001183409,13.53999996,0.750309907,2,Correction,4.798287006656211e-07,0.4988136376768199,0.4342440219900144,4.40478082046063e-08,0.06694181645639702
2019-10-16,-0.001607082,-0.220180384,0.008624123,-0.380635052,-0.007390511,0.001160806,13.68000031,0.751097002,1,Stable Bull,5.890169676268966e-08,0.9764083478458574,0.018836343926900326,3.747495333781619e-09,0.004755245577437918
2019-10-17,0.002944741,-0.286963329,0.008649891,-0.414590575,-0.004463226,0.001158223,13.78999996,0.744233038,1,Stable Bull,4.051982229767429e-09,0.9987994362664975,0.0005590446944661344,3.4107095091713633e-10,0.0006415146459802333
2019-10-18,-0.004386721,-0.423378073,0.008701044,-0.340877296,-0.008820803,0.001171192,14.25,0.785441999,1,Stable Bull,2.2134903717341322e-10,0.9995878489461193,4.4394544794141524e-05,3.313176681277759e-11,0.00036775625479371586
2019-10-21,0.006756047,-0.301735367,0.008767585,-0.492137151,-0.002101678,0.00118843,14.0,0.788974889,1,Stable Bull,3.0389504891571998e-12,0.9997565334948216,9.948120895478058e-06,3.2295688523345405e-12,0.0002335183776046396
2019-10-22,-0.003271889,-0.429443381,0.008801349,-0.439321103,-0.005361355,0.001207168,14.46000004,0.786470838,1,Stable Bull,4.715838348192856e-13,0.999868132296428,7.2106672090588885e-06,1.1325947965234539e-12,0.00012465703498410545
2019-10-23,0.002905421,-0.358094938,0.008623744,-0.607597116,-0.002467309,0.0011981,14.01000023,0.78032595,1,Stable Bull,1.0806066297541127e-13,0.9999230947193197,4.694128264639988e-06,3.384396448600009e-13,7.221115242631376e-05
2019-10-24,0.001632312,-0.486152281,0.008543623,-0.563614764,-0.000837694,0.001153278,13.71000004,0.736855521,1,Stable Bull,1.8027241038728017e-13,0.9999266048413089,4.385654661279865e-06,2.9652838458761907e-13,6.900950425749876e-05
2019-10-25,0.004086732,-0.602319356,0.008558631,-0.660978315,0.0,0.001084416,12.64999962,0.745714465,1,Stable Bull,1.3609369426441444e-13,0.9998945750909496,7.126393723413898e-06,3.621588260188214e-13,9.829851494765139e-05
2019-10-28,0.005620856,-0.702762855,0.008501457,-0.835469779,0.0,0.000999259,13.10999966,0.72092016,1,Stable Bull,5.1989254570251376e-14,0.9999195276380308,5.661525565495027e-06,2.919603390776498e-13,7.481083547919991e-05
2019-10-29,-0.000296888,-0.795099982,0.008471703,-0.762738708,-0.000296844,0.000806872,13.19999981,0.699492699,1,Stable Bull,2.969933439664662e-14,0.9999513783438495,3.526899483679226e-06,6.572205320012067e-14,4.5094756688565206e-05
2019-10-30,0.003062713,-0.884158364,0.007937574,-0.979911188,0.0,0.000656178,12.32999992,0.701709145,1,Stable Bull,4.169879937551055e-15,0.9999764590290097,2.8399459136725807e-06,2.4284452394855884e-14,2.070102498910153e-05
2019-10-31,-0.002666882,-0.96417728,0.006655672,-0.711195316,-0.002663329,0.000696639,13.22000027,0.568179764,1,Stable Bull,6.861948051639969e-15,0.9999899272513891,7.835649477788614e-08,3.4909769267386984e-16,9.994392215802577e-06
2019-11-01,0.009221376,-0.942939217,0.006704984,-0.697729625,0.0,0.000711632,12.30000019,0.559520142,1,Stable Bull,2.432275496162093e-15,0.9999633473513033,3.5007303060610363e-07,1.3499279425625066e-15,3.630257506098678e-05
2019-11-04,0.004009531,-1.004770404,0.006235671,-0.920863213,0.0,0.000782251,12.82999992,0.519584524,1,Stable Bull,2.4609922924351306e-14,0.9999555706228724,4.635102394574545e-08,1.2479346259276869e-14,4.438302628568256e-05
2019-11-05,-0.001106698,-1.065918493,0.006109206,-1.005000823,-0.001106086,0.000862691,13.10000038,0.513203529,1,Stable Bull,1.54362114029581e-13,0.9964048253525359,1.0721637212765858e-06,2.098165985228345e-13,0.0035941024832221277
2019-11-06,0.000227682,-1.080095551,0.004579235,0.137221955,-0.00087863,0.001147612,12.61999989,0.482784416,1,Stable Bull,7.662985455184084e-11,0.672819250888482,6.574126570875602e-08,4.000269102000748e-13,0.32718068329280264
2019-11-07,0.003510455,-1.07943434,0.004335839,0.191491882,0.0,0.001384998,12.72999954,0.462744972,4,Bull Recovery,2.5227518889513657e-12,0.04000258965584449,1.907205759357285e-08,1.4754037189541925e-11,0.9599973912549511
2019-11-08,0.00246326,-1.131674802,0.004235209,0.308508813,0.0,0.001577088,12.06999969,0.444079355,4,Bull Recovery,7.36468731523997e-13,0.00030811825661992303,6.461153528318082e-10,2.3173702392759663e-11,0.9996918810730142
2019-11-11,-0.001911332,-1.18391964,0.003934639,0.367864278,-0.001909506,0.001748782,12.68999958,0.413807271,4,Bull Recovery,9.336453772667976e-15,1.1475822269761547e-07,5.5316187247824764e-11,5.517006948578726e-12,0.9999998851817574
2019-11-12,0.002105378,-1.182092449,0.003873497,0.288001763,0.0,0.00188566,12.68000031,0.400104094,4,Bull Recovery,2.6488940413168597e-16,2.638380487564996e-09,2.055164586668937e-11,3.002374715227129e-12,0.9999999973388185
2019-11-13,0.00032398,-1.228342402,0.003449375,0.216468379,0.0,0.002012282,13.0,0.44873906,4,Bull Recovery,7.46919573700908e-17,1.5398257176570528e-11,3.6653160474014634e-11,9.713701675237193e-11,0.9999999998508429
2019-11-14,0.001454548,-1.268698659,0.003370804,0.143082513,0.0,0.002107735,13.05000019,0.410299488,4,Bull Recovery,1.0649820579215509e-16,1.3875967989140848e-12,1.024992710578682e-11,1.6546020831213383e-11,0.9999999999727152
2019-11-15,0.007210311,-1.304640962,0.003569273,0.127187059,0.0,0.002154278,12.05000019,0.436922485,4,Bull Recovery,2.3710000117692727e-16,4.506680421169947e-12,3.1014455653878756e-11,2.8017461738726e-10,0.9999999996834958
2019-11-18,0.000737276,-1.326851171,0.003277655,0.302589538,0.0,0.002186832,12.46000004,0.427626839,4,Bull Recovery,5.771839699673257e-16,5.44122411313623e-13,5.118208164121344e-12,5.95785592522895e-11,0.9999999999345164
2019-11-19,-0.000288374,-1.354775317,0.003145214,0.490077508,-0.000288332,0.002190753,12.85999966,0.423265622,4,Bull Recovery,7.739370848452051e-17,1.929742201972425e-13,1.104251546721179e-12,4.1010084946438847e-11,0.9999999999581632
2019-11-20,-0.003725808,-1.31424427,0.003183562,0.431352267,-0.004006136,0.002155446,12.77999973,0.418391866,4,Bull Recovery,8.820759759918179e-17,1.6559556467307686e-12,2.7315759716073244e-12,3.054713857832523e-11,0.9999999999654392
2019-11-21,-0.001610065,-1.180686031,0.003259376,0.542647933,-0.005608461,0.002094387,13.13000011,0.43110805,4,Bull Recovery,7.359164858884548e-17,9.191332745157437e-12,2.499656534392197e-12,3.300096129364063e-11,0.9999999999545253
2019-11-22,0.002221449,-1.096816874,0.003262004,0.515216746,-0.003397015,0.002004384,12.34000015,0.462066512,4,Bull Recovery,2.607019385302372e-16,1.378310947824462e-10,1.0895071807704012e-11,1.5605604604030056e-10,0.9999999996944098
2019-11-25,0.007720173,-1.142017097,0.003486361,0.522258327,0.0,0.001864814,11.86999989,0.4921261,4,Bull Recovery,4.3798619561331235e-15,3.830242618052995e-09,4.1585113028515654e-11,9.907473215507957e-10,0.9999999951378413
2019-11-26,0.002263344,-1.174279306,0.003378814,0.646663117,0.0,0.00168819,11.53999996,0.466538402,4,Bull Recovery,3.5270520704929575e-14,3.045514623554429e-07,3.6956530657095394e-11,1.5093673660172282e-10,0.9999996952611137
2019-11-27,0.004447392,-1.210468602,0.003399753,0.468154934,0.0,0.001451818,11.75,0.392178366,4,Bull Recovery,4.57881261166304e-15,1.76627111545525e-05,2.4983922823436033e-11,1.532061926961763e-12,0.9999823372632005
2019-11-29,-0.003715382,-1.239333117,0.003598685,0.475924783,-0.003708489,0.001203469,12.61999989,0.454493964,4,Bull Recovery,2.5368399463930475e-15,0.0003582592205168042,4.863139564575428e-10,4.532616391267287e-11,0.9996417402472105
2019-12-02,-0.008531173,-1.079160447,0.004131657,-0.170178126,-0.012171872,0.001057356,14.90999985,0.672141539,4,Bull Recovery,1.6188000310086882e-14,2.7667030653587207e-05,2.3456710440858507e-07,1.7416216508884755e-07,0.9999719242399371
2019-12-03,-0.006729143,-0.677777868,0.004065718,-0.370768426,-0.018796794,0.000861587,15.96000004,0.718060509,4,Bull Recovery,6.145629942743732e-12,1.0373436982798516e-07,9.012477581492025e-07,4.1581289831481233e-07,0.9999985791993001
2019-12-04,0.006151285,-0.374364447,0.004182615,-0.320535894,-0.012742532,0.000680692,14.80000019,0.708473256,4,Bull Recovery,5.6582679739711254e-11,1.3419164185711874e-06,1.2045676702367045e-06,2.695439113089116e-07,0.9999971839155112
2019-12-05,0.001796303,-0.478437758,0.00417032,-0.42049951,-0.010967525,0.000441463,14.52000046,0.684159842,4,Bull Recovery,8.607072690700222e-11,0.0001797309248299834,1.931523474141742e-06,1.207321751418101e-07,0.9998182167337004
2019-12-06,0.009092758,-0.576303025,0.0045448,-0.296291723,-0.001933482,0.00043812,13.61999989,0.729904748,4,Bull Recovery,1.0973422587035228e-10,0.0006809657616559593,1.6258190104175153e-06,2.7901676767991916e-07,0.9993171292923951
2019-12-09,-0.003149075,-0.653098582,0.004606697,-0.121899106,-0.005071524,0.000460939,15.85999966,0.750877374,4,Bull Recovery,1.2140930870670827e-11,1.2663796090929871e-05,9.936845322832994e-07,1.893018412770487e-07,0.9999861532045613
2019-12-10,-0.001116139,-0.590339909,0.004611122,-0.014076139,-0.006181384,0.000488416,15.68000031,0.759000399,4,Bull Recovery,6.5976023570382155e-12,0.00045183113975136676,7.520927412601419e-07,1.2899007092362985e-07,0.9995472877704475
2019-12-11,0.002835046,-0.606574799,0.004592896,-0.151077976,-0.003359865,0.000521647,14.98999977,0.775600594,4,Bull Recovery,2.2526997645767247e-12,0.01879377945640412,4.850672558262985e-06,9.452532959215467e-08,0.981201275343388
2019-12-12,0.008581999,-0.692078678,0.004884108,-0.123574171,0.0,0.000575549,13.93999958,0.766305465,4,Bull Recovery,5.577631445279685e-13,0.3261724338589874,1.0347763396800665e-05,1.0226456985280265e-08,0.6738172081505763
2019-12-13,0.000599126,-0.757711887,0.004881905,-0.131771134,0.0,0.000613368,12.63000011,0.762954436,1,Stable Bull,1.1704515901206784e-13,0.9402089557524728,2.169303447168882e-06,4.402217457408609e-10,0.05978887450304053
2019-12-16,0.006846321,-0.823635585,0.005032667,-0.206799764,0.0,0.000649721,12.14000034,0.786679565,1,Stable Bull,8.142081672466845e-15,0.9973469346502853,6.885263457543158e-08,2.5787913775158335e-11,0.0026529964716318307
2019-12-17,0.000218797,-0.880180351,0.004864938,-0.101736131,0.0,0.000671419,12.28999996,0.765950971,1,Stable Bull,8.410274840781347e-16,0.999811451411542,1.811222995883201e-08,1.855169820150064e-12,0.00018853047425367367
2019-12-18,6.3e-05,-0.928528164,0.004870185,-0.081709903,0.0,0.00067252,12.57999992,0.767686221,1,Stable Bull,1.147679184854643e-16,0.9999349065342394,1.8224381649639248e-08,8.093030489003181e-14,6.50752413711328e-05
2019-12-19,0.004090569,-0.989090037,0.004899558,-0.198716795,0.0,0.000656424,12.5,0.753669987,1,Stable Bull,4.055016828352085e-17,0.999975260474894,1.0294638343440948e-08,1.1672483891776048e-14,2.4729230133050474e-05
2019-12-20,0.004375001,-1.042840325,0.004797784,-0.38584538,0.0,0.000627013,12.51000023,0.715333442,1,Stable Bull,2.317039542878441e-17,0.9999842796713546,1.755317601004487e-08,4.0777712326157e-15,1.5702775976265302e-05
2019-12-23,0.00152601,-1.09229571,0.004736853,-0.479825168,0.0,0.000590609,12.60999966,0.68497359,1,Stable Bull,4.299454790399643e-17,0.9999864914373766,2.6209650310170567e-08,1.9501473154134046e-15,1.3482353680293339e-05
2019-12-24,3.13e-05,-1.154593449,0.004753161,-0.410498,0.0,0.000543097,12.67000008,0.688417061,1,Stable Bull,4.304329446806256e-17,0.9999863202054989,2.6746974981282004e-08,9.37600548130944e-16,1.3653046801831272e-05
2019-12-26,0.005309023,-1.231183287,0.004630045,-0.453353339,0.0,0.000502251,12.64999962,0.677024882,1,Stable Bull,2.7470856942889625e-16,0.9999933809814008,2.2247132845097768e-08,7.874873620661569e-15,6.5967720173815686e-06
2019-12-27,-0.000247496,-1.291242533,0.00464624,-0.373191927,-0.000247466,0.000438032,13.43000031,0.702439942,1,Stable Bull,1.1191161259922788e-15,0.9999686807561957,6.6637153344558e-08,3.4336045774810586e-14,3.125260645689459e-05
2019-12-30,-0.005528456,-1.344576017,0.004840717,-0.198287302,-0.005759303,0.000359791,14.81999969,0.679565344,1,Stable Bull,7.0758999201545935e-15,0.999896060484076,2.3548920705853517e-07,2.631116493793941e-13,0.00010370402642293148
2019-12-31,0.002426297,-1.012904268,0.004721106,-0.349816955,-0.003344051,0.000280048,13.77999973,0.667419326,1,Stable Bull,6.133018833081994e-15,0.9999288140806895,8.861645116177542e-08,7.366369206885328e-14,7.109730284726544e-05
2020-01-02,0.009308363,-1.083077363,0.004448737,-0.157025552,0.0,0.000258956,12.47000027,0.659186347,1,Stable Bull,4.980835442247966e-14,0.9999682401417378,4.0568941163432805e-08,4.997449142737272e-13,3.1719288960262435e-05
2020-01-03,-0.00760098,-1.128643509,0.004539504,-0.245765227,-0.007572165,0.000223084,14.02000046,0.696877765,1,Stable Bull,5.581930704514229e-14,0.9998147142868093,2.5610446813753346e-07,1.3722653683364851e-12,0.00018502960692045876
2020-01-06,0.003808022,-0.698030292,0.004464984,-0.215186735,-0.003785774,0.000198875,13.85000038,0.70091886,1,Stable Bull,1.3532149295762186e-13,0.9995044691673641,2.709518937460038e-07,3.010603719279714e-12,0.0004952598768461337
2020-01-07,-0.002816194,-0.797489611,0.004590309,-0.112244514,-0.006587359,0.000161332,13.78999996,0.731930251,1,Stable Bull,1.213373236222905e-13,0.9996348037837751,1.2464501328487376e-07,8.362498793812156e-12,0.0003650715619686843
2020-01-08,0.005315577,-0.723660781,0.004360168,-0.213899147,-0.001292738,0.00017534,13.44999981,0.717037546,1,Stable Bull,1.8742886963349988e-14,0.9995686469955839,2.830372724690346e-07,2.8323695833106886e-12,0.0004310699636447413
2020-01-09,0.006758018,-0.815085255,0.004349684,-0.398509476,0.0,0.000190729,12.53999996,0.732794696,1,Stable Bull,7.159193232361354e-15,0.9999031278360786,1.0074415041457167e-07,1.1179055770616385e-12,9.67714194754387e-05
2020-01-10,-0.002881995,-0.894641894,0.004431919,-0.372435711,-0.002877846,0.000198351,12.56000042,0.739019804,1,Stable Bull,1.982908657492806e-15,0.9999633045720604,6.548295778930386e-08,1.2334856191922548e-13,3.6629945764787325e-05
2020-01-13,0.006853659,-0.854301244,0.004552694,-0.412889565,0.0,0.000199453,12.31999969,0.755304277,1,Stable Bull,1.0443698044332793e-15,0.9999630667006596,6.114824353972554e-08,8.097951285932341e-14,3.687215180907838e-05
2020-01-14,-0.001525752,-0.932182985,0.004379677,-0.312658976,-0.001524589,0.000204068,12.39000034,0.798952232,1,Stable Bull,4.373407897455884e-16,0.99996001602897,3.2633289064596964e-08,4.430332919290876e-14,3.995133855317458e-05
2020-01-15,0.002257458,-1.009998263,0.004372672,-0.36865553,0.0,0.000206226,12.42000008,0.787404178,1,Stable Bull,1.7122100795924964e-16,0.9999694758755414,3.065361375479332e-08,4.267720545527044e-14,3.049347164241459e-05
2020-01-16,0.008283392,-1.082241959,0.004465245,-0.311502563,0.0,0.000187504,12.31999969,0.786792593,1,Stable Bull,2.1926410308667328e-16,0.9999754775150016,4.804156572432755e-08,5.150303815336871e-14,2.4474442935997247e-05
2020-01-17,0.003108234,-1.12877602,0.004455166,-0.404803211,0.0,0.000180343,12.10000038,0.789060973,1,Stable Bull,8.306357223816778e-16,0.9999890742452644,1.8400873767953283e-08,8.584442363049541e-14,1.0907354406969213e-05
2020-01-21,-0.001960083,-1.182394235,0.004521511,-0.352999032,-0.001958163,0.000168537,12.85000038,0.794559398,1,Stable Bull,1.1960304367535703e-14,0.9998902602538603,5.119068989446259e-08,1.2278066910522535e-12,0.00010968855334668584
2020-01-22,0.000120452,-1.049609094,0.004510395,-0.23558795,-0.00183794,0.000150893,12.90999985,0.805480444,1,Stable Bull,3.3474083356747025e-13,0.9979488172714486,7.828330104284133e-08,3.491022387572586e-11,0.0020511044094350434
2020-01-23,0.001146394,-1.115304797,0.004471592,-0.146437322,-0.000692997,0.000140648,12.97999954,0.835299902,1,Stable Bull,1.954465829920631e-12,0.9748633188667394,1.4000587552474477e-06,8.175417658333606e-10,0.025135280254222528
2020-01-24,-0.008932967,-1.167725215,0.005028531,-0.268899905,-0.009580021,0.000172367,14.56000042,0.846368748,1,Stable Bull,1.4334890355003586e-11,0.7811294956044748,0.004132834430862084,1.5304019459853067e-08,0.21473765464564362
2020-01-27,-0.016159216,-0.618688711,0.006285627,-0.820215104,-0.025455816,0.000415682,18.22999954,0.876371799,2,Correction,6.770732931642836e-12,3.314343893923881e-06,0.5958256604895611,5.9312851189116807e-08,0.4041709658471535
2020-01-28,0.010424427,0.694913188,0.00658023,-0.666214834,-0.015243616,0.000596175,16.28000069,0.891371614,2,Correction,5.872737924929668e-09,3.658701615764743e-06,0.9453448180169189,3.1574829416060963e-07,0.05465120166006964
2020-01-29,-0.000826047,0.480768722,0.006585072,-0.652281369,-0.016056735,0.000721859,16.38999939,0.867030277,2,Correction,2.6154682715203184e-08,0.0003980385287741107,0.9907122045395804,9.047883888425805e-08,0.00888964029833014
2020-01-30,0.003240026,0.276278156,0.006457039,-0.84446628,-0.012863562,0.000806765,15.48999977,0.810844286,2,Correction,1.3676752745824067e-09,0.00043699336874219275,0.9968028569023277,1.5206645926653407e-09,0.0027601468408518627
2020-01-31,-0.018324884,0.089196189,0.007692491,-0.911001112,-0.03078799,0.001011331,18.84000015,0.834517661,2,Correction,6.859627354692388e-15,1.2566983307180104e-11,0.9999133568119564,4.976457935246773e-14,8.664317533266983e-05
2020-02-03,0.007401122,1.235779065,0.007587399,-0.95984958,-0.023588123,0.001144881,17.96999931,0.790778781,2,Correction,1.3468496601793816e-13,1.516819201364046e-13,0.9999999995579856,6.982608016192362e-14,4.4119594776445867e-10
2020-02-04,0.015126166,0.951110886,0.008070951,-0.826611641,-0.008706488,0.001296178,16.04999924,0.817429852,2,Correction,3.883675906569296e-14,4.5007422844962835e-08,0.9999999499777926,3.3031307808268257e-14,5.014478028814208e-09
2020-02-05,0.011481986,0.718119894,0.008373813,-0.775063733,0.0,0.001436751,15.14999962,0.787754099,2,Correction,5.088466782513931e-14,8.576815753309894e-07,0.9999991408261901,2.039992322449277e-14,1.4919707762331396e-09
2020-02-06,0.00335924,0.505770285,0.008328961,-0.889147967,0.0,0.001542294,14.96000004,0.784765764,2,Correction,4.281064090691466e-13,3.278218621085216e-07,0.9999996707229544,2.171739509203569e-13,1.4553761834808938e-09
2020-02-07,-0.00534369,0.290462186,0.008417559,-0.709210686,-0.005329437,0.001617363,15.47000027,0.783159698,2,Correction,1.2487992749882198e-11,5.444474157981315e-07,0.9999994337724059,6.3232062288312146e-12,2.176143126236515e-08
2020-02-10,0.007437423,0.316638636,0.008441567,-0.708757077,0.0,0.001666868,15.03999996,0.774087308,2,Correction,1.159773839221432e-11,1.1074113298058679e-06,0.9999985563146273,9.457706109379003e-12,3.362523457121798e-07
2020-02-11,0.001731616,0.128549384,0.008391094,-0.796400797,0.0,0.001692971,15.18000031,0.74286943,2,Correction,1.72855326630192e-10,3.776044886390661e-07,0.9999991531643848,1.837151565104757e-10,4.688739119446886e-07
2020-02-12,0.006421963,-0.042172279,0.008377522,-0.795860632,0.0,0.001703084,13.73999977,0.721650897,2,Correction,7.772786806555004e-10,1.2805522881154885e-05,0.9999751215457492,5.945063875419419e-10,1.2071559278537727e-05
2020-02-13,-0.001067716,-0.195123603,0.008370238,-0.805103943,-0.001067146,0.001681099,14.14999962,0.720232358,2,Correction,1.4042623020413187e-08,2.4826991314884566e-05,0.9999411904422598,1.2793666689303785e-08,3.395573066801703e-05
2020-02-14,0.001600799,-0.317014171,0.008368012,-0.794317939,0.0,0.001635173,13.68000031,0.721875615,2,Correction,8.264766142978584e-08,0.0003313391591642778,0.9989275995077148,8.336497477890468e-08,0.0007408953207008322
2020-02-18,-0.002579969,-0.451091104,0.008252701,-0.671073008,-0.002576644,0.00156682,14.82999992,0.69805315,2,Correction,1.4416288611883483e-07,0.001438685792004694,0.994215532208033,1.1624492312400157e-07,0.004345521592102945
2020-02-19,0.004769929,-0.353888697,0.008283558,-0.688517245,0.0,0.001472498,14.38000011,0.693043446,2,Correction,1.0023419562887517e-07,0.0032187752914314793,0.9900226249885162,5.304656770507024e-08,0.006758446439037808
2020-02-20,-0.00411681,-0.476159299,0.00833411,-0.647320898,-0.004108348,0.001354873,15.56000042,0.696061352,2,Correction,1.815647101947289e-08,0.003180924006499498,0.9898098943789174,1.4044233648554875e-08,0.007009149414686659
2020-02-21,-0.01035173,-0.244536257,0.008683129,-0.504270671,-0.014364374,0.001209488,17.07999992,0.727820393,2,Correction,3.614263312568306e-11,0.001237475511879595,0.9950588508709848,3.932664821814221e-09,0.0037036696482798696
2020-02-24,-0.033727491,0.241842178,0.011418479,-1.128071433,-0.047053039,0.001262889,25.03000069,0.794464037,2,Correction,2.918752483521756e-14,5.472988818351851e-28,0.9999996565657646,3.392509874644298e-07,4.183383035866084e-09
2020-02-25,-0.03077112,3.0,0.01302468,-1.094282173,-0.075929722,0.001525518,27.85000038,0.793820843,2,Correction,2.3478079265271385e-08,1.887855822341974e-67,0.9999981424079096,1.8341144199463713e-06,5.895847011689918e-34
2020-02-26,-0.003684912,3.0,0.012644409,-1.274489724,-0.079328573,0.001723661,27.55999947,0.774587581,2,Correction,1.4546532505571982e-06,2.238132519809871e-108,0.9999109347784355,8.761056761813471e-05,4.925750959717529e-27
2020-02-27,-0.045951426,3.0,0.015566294,-1.341303534,-0.120677443,0.00223555,39.15999985,0.845788415,3,Panic,5.0791281531810006e-17,3.384641054981904e-199,0.08003964885689108,0.9199603511422871,5.522720711306025e-44
2020-02-28,-0.004210409,3.0,0.015544027,-1.315870682,-0.124371967,0.002574424,40.11000061,0.841761733,3,Panic,3.815287153744687e-21,2.74922189241315e-310,0.004778283106513929,0.9952217168934275,4.675716374168245e-49
2020-03-02,0.042395046,3.0,0.0185876,-0.252447036,-0.086451537,0.003161315,33.41999817,0.887802328,3,Panic,9.565116991481594e-17,4.994472649499225e-263,3.7049382679104697e-06,0.9999962950619613,9.167577952745406e-50
2020-03-03,-0.029050261,3.0,0.019174146,-0.252533199,-0.112608584,0.003685184,36.81999969,0.895646054,3,Panic,8.704128699606043e-17,8.892412785486133e-210,5.686733793249127e-07,0.9999994313258664,1.5915593574473203e-46
2020-03-04,0.041173369,3.0,0.021402647,0.040024321,-0.075309086,0.004304751,31.98999977,0.903011366,3,Panic,6.409542858336856e-18,8.627195937439843e-235,2.657721126672293e-11,0.9999999999727152,4.313284990153023e-50
2020-03-05,-0.033806537,3.0,0.022132273,0.18199906,-0.106047181,0.004846547,39.61999893,0.898054212,3,Panic,1.1117199434204996e-26,4.777756166974553e-202,3.6463966061395184e-17,1.0,8.2082351680867e-56
2020-03-06,-0.016669461,3.0,0.021998927,0.345236344,-0.120825378,0.00524506,41.93999863,0.900608018,3,Panic,3.846789731806118e-32,5e-324,5.64932458003746e-24,1.0,2.7305603760156547e-62
2020-03-09,-0.081312277,3.0,0.027414718,-0.457479131,-0.189483855,0.006064903,54.45999908,0.910815198,3,Panic,1.0552733477654177e-64,0.0,4.0668557942916796e-42,1.0,2.1041770883040257e-132
2020-03-10,0.05045035,3.0,0.03037037,-0.214410317,-0.147543986,0.006974582,47.29999924,0.929058579,3,Panic,6.119778526027259e-61,0.0,1.9717122090003785e-52,1.0,1.1897362682882303e-168
2020-03-11,-0.049976765,3.0,0.031591012,-0.059831207,-0.189099916,0.007752924,53.90000153,0.93121394,3,Panic,2.6088139427947723e-70,0.0,5.992906143670246e-48,1.0,1.7727385823764646e-153
2020-03-12,-0.100568928,3.0,0.037172808,-0.387105986,-0.266684584,0.008874748,75.47000122,0.949647704,3,Panic,1.3004447894180532e-166,0.0,2.349698259677729e-81,1.0,1.749524128903307e-286
2020-03-13,0.082028273,3.0,0.042555359,0.070202091,-0.203996016,0.010245159,57.83000183,0.961480044,3,Panic,1.8822128023366628e-126,0.0,2.873925271244106e-107,1.0,0.0
2020-03-16,-0.11588658,3.0,0.048246693,-0.132713481,-0.291097775,0.011825236,82.69000244,0.969928711,3,Panic,5.116220241609449e-237,0.0,2.116860942060033e-124,1.0,0.0
2020-03-17,0.052584901,3.0,0.050421131,-0.13657678,-0.252822695,0.013152063,75.91000366,0.968616237,3,Panic,8.83600960547681e-244,0.0,6.189824372447412e-160,1.0,0.0
2020-03-18,-0.051959887,3.0,0.051020834,-0.012055093,-0.290654563,0.014109549,76.44999695,0.968215238,3,Panic,5.2542568554869036e-225,0.0,3.978497067343563e-136,1.0,0.0
2020-03-19,0.002122812,3.0,0.050969872,-0.005667633,-0.289147156,0.014710678,72.0,0.966923319,3,Panic,7.299238548869799e-213,0.0,4.778081949385721e-146,1.0,0.0
2020-03-20,-0.044050275,3.0,0.05123871,0.099700886,-0.319780757,0.015025281,66.04000092,0.965923829,3,Panic,2.6124897060476704e-172,0.0,5.6986678702058756e-130,1.0,0.0
2020-03-23,-0.025900852,3.0,0.05123268,0.143809112,-0.337172808,0.01507014,61.59000015,0.967818822,3,Panic,1.7874461827673127e-149,0.0,4.290954073540875e-130,1.0,0.0
2020-03-24,0.086730959,3.0,0.056009538,0.138651343,-0.277118528,0.01536298,61.66999817,0.96954957,3,Panic,2.4781528171595276e-197,0.0,6.845499370699204e-179,1.0,0.0
2020-03-25,0.01485954,3.0,0.056176935,0.026384555,-0.266296637,0.015474409,63.95000076,0.966416179,3,Panic,1.1490149721894855e-196,0.0,2.6679222985858234e-150,1.0,0.0
2020-03-26,0.056748566,2.697274966,0.058085102,-0.047425138,-0.223455946,0.015393574,61.0,0.967510686,3,Panic,1.6714613915302208e-211,0.0,6.511737183381939e-165,1.0,0.0
2020-03-27,-0.030238312,2.261695533,0.057672967,-0.076753441,-0.24658586,0.015203843,65.54000092,0.967803459,3,Panic,4.632120278661919e-215,0.0,3.1368550639777203e-149,1.0,0.0
2020-03-30,0.031959655,1.986574734,0.058308301,-0.149404109,-0.222118096,0.014762461,57.08000183,0.967043198,3,Panic,2.892360103279667e-191,0.0,4.8838990573724046e-152,1.0,0.0
2020-03-31,-0.015017637,1.654223064,0.057280525,-0.041184918,-0.233712764,0.014225274,53.54000092,0.969456916,3,Panic,1.5545282630242499e-164,0.0,5.021220226206035e-133,1.0,0.0
2020-04-01,-0.046049093,1.467238426,0.057705908,-0.009060504,-0.268199462,0.013480217,57.06000137,0.970116493,3,Panic,7.484173993162491e-161,0.0,2.4949230646793334e-133,1.0,0.0
2020-04-02,0.022813132,2.050113064,0.057040112,0.011535903,-0.251312914,0.012614111,50.90999985,0.970353206,3,Panic,1.835660423348031e-130,0.0,5.739400891369573e-128,1.0,0.0
2020-04-03,-0.01455964,1.702207502,0.056793473,-0.034204172,-0.262134558,0.011496522,46.79999924,0.970325595,3,Panic,4.929848531539471e-110,0.0,1.2716251411109182e-115,1.0,0.0
2020-04-06,0.065006736,1.40234125,0.059005497,-0.131675854,-0.21257493,0.010046514,45.24000168,0.972017216,3,Panic,9.323956865859402e-121,0.0,9.384164766479154e-136,1.0,0.0
2020-04-07,0.001018955,1.169738733,0.056375416,-0.239208111,-0.21177217,0.008716167,46.70000076,0.970144591,3,Panic,8.323373106592335e-103,0.0,4.1244742685443766e-112,1.0,0.0
2020-04-08,0.033017039,0.954618972,0.055699133,-0.23135359,-0.18531282,0.00733169,43.34999847,0.966227523,3,Panic,7.107111540781915e-96,0.0,9.429811553632806e-113,1.0,0.0
2020-04-09,0.015102964,0.765982485,0.054707169,-0.382678312,-0.172915245,0.005574462,41.66999817,0.965680605,3,Panic,7.065741499841908e-87,0.0,4.904834334992076e-108,1.0,0.0
2020-04-13,-0.009172114,0.604074056,0.049627465,-0.344921271,-0.180466676,0.004255975,41.16999817,0.957238604,3,Panic,1.2890471855511033e-66,0.0,4.823979577265585e-89,1.0,2.329037990667067e-281
2020-04-14,0.029066169,0.603087778,0.046797984,-0.464664994,-0.156296415,0.003751137,37.75999832,0.952260564,3,Panic,3.6166862680401417e-59,0.0,1.3661439537208336e-82,1.0,2.86570597116749e-270
2020-04-15,-0.021476784,0.459414409,0.038655444,0.285552833,-0.17422326,0.004925723,40.84000015,0.927022271,3,Panic,3.1154891829655924e-42,0.0,1.1039465930580566e-54,1.0,1.1817906783657635e-200
2020-04-16,0.004812367,0.480763935,0.03723473,0.41517661,-0.170239742,0.006087909,40.11000061,0.925545285,3,Panic,9.672060991656853e-44,0.0,3.597796037254207e-55,1.0,4.463708652017184e-223
2020-04-17,0.026657282,0.497296208,0.035114125,0.396616366,-0.147823134,0.007253334,38.15000153,0.915761309,3,Panic,1.0554190450842578e-49,0.0,4.152338351721261e-57,1.0,2.7242256600161485e-210
2020-04-20,-0.017775227,0.374502912,0.035567038,0.442684066,-0.162836939,0.008136878,43.83000183,0.920699079,3,Panic,1.5772956138569528e-65,0.0,1.5062406311513123e-58,1.0,5.256548803592771e-193
2020-04-21,-0.030833655,0.677509774,0.034710506,0.520608979,-0.188255843,0.00894591,45.40999985,0.918559292,3,Panic,3.8652100015970776e-68,0.0,2.9351742132188743e-60,1.0,2.4825880504263606e-221
2020-04-22,0.0219516,1.044113855,0.033906308,0.408000849,-0.170239742,0.009686204,41.97999954,0.919142906,3,Panic,3.601593664144058e-69,0.0,9.447718667930987e-67,1.0,5.005791163728938e-246
2020-04-23,-7.16e-05,0.837603996,0.029127856,0.168937403,-0.170299114,0.010601663,41.38000107,0.893999634,3,Panic,1.1319065860456004e-76,0.0,2.750034578130739e-66,1.0,1.1906979820515515e-217
2020-04-24,0.013842485,0.647809924,0.029114213,0.173903939,-0.158734133,0.011287563,35.93000031,0.900229452,3,Panic,4.661965524108539e-75,0.0,3.9952082935848176e-69,1.0,6.509860559424749e-228
2020-04-27,0.014315445,0.488825149,0.026836909,0.119192692,-0.146604424,0.011873639,33.29000092,0.883070418,3,Panic,7.875761063569979e-80,0.0,1.3906399200716184e-71,1.0,2.7909280346348173e-212
2020-04-28,-0.004608936,0.347640501,0.02573874,0.112856774,-0.150528619,0.012347593,33.56999969,0.869053762,3,Panic,9.089927222618764e-86,0.0,4.721697173049967e-73,1.0,5.2943733516479015e-204
2020-04-29,0.025841609,0.215840182,0.025459931,0.120972263,-0.128290819,0.012594411,31.22999954,0.884889766,3,Panic,9.690720788727451e-91,0.0,5.2157589912673474e-79,1.0,3.064800947196405e-208
2020-04-30,-0.009354356,0.110583928,0.025261815,0.107909418,-0.136407077,0.012713664,34.15000153,0.872610556,3,Panic,1.993813713122542e-95,0.0,2.0927434158313522e-75,1.0,1.8754049690456535e-185
2020-05-01,-0.026830077,0.040838872,0.023586139,0.419812444,-0.159269273,0.012712728,37.18999863,0.858448432,3,Panic,9.054623320179136e-99,0.0,4.25734412618099e-81,1.0,4.268970901980828e-203
2020-05-04,0.002754368,0.629124286,0.023301496,0.544007742,-0.156950398,0.012559544,35.97000122,0.851933318,3,Panic,6.726452359925834e-91,0.0,7.843047868041771e-82,1.0,1.1151888362770076e-212
2020-05-05,0.009197028,0.463024712,0.022843322,0.460717335,-0.149161083,0.012229942,33.61000061,0.848469257,3,Panic,2.8473581614885275e-84,0.0,8.148989544930184e-79,1.0,2.5362861839699706e-205
2020-05-06,-0.006801917,0.320811836,0.018688864,-0.15846974,-0.15492878,0.011689961,34.11999893,0.766812979,3,Panic,3.571545334782687e-83,0.0,1.4359620171496437e-76,1.0,3.2659959325533524e-188
2020-05-07,0.011994625,0.323322527,0.018773273,-0.236870643,-0.144731434,0.011064299,31.44000053,0.768792591,3,Panic,2.1920554597251893e-72,0.0,3.590277581532164e-72,1.0,8.641931461189343e-185
2020-05-08,0.016410895,0.200422066,0.017809934,-0.347204752,-0.130579909,0.01021614,27.97999954,0.774438448,3,Panic,7.344156268188732e-60,0.0,2.3740648347558865e-63,1.0,5.934667297523636e-159
2020-05-11,0.000205188,0.093532138,0.017603273,-0.25210462,-0.130401496,0.009071548,27.56999969,0.781099787,3,Panic,4.335421219371093e-46,0.0,5.210705228766935e-52,1.0,1.6309707153739253e-130
2020-05-12,-0.020132788,-0.008701108,0.018118097,-0.227713719,-0.147733878,0.008098732,33.04000092,0.808739762,3,Panic,5.589304697561049e-44,0.0,9.862908868310522e-48,1.0,3.3551022832758577e-131
2020-05-13,-0.017844264,0.3498325,0.017477221,-0.125172436,-0.162807055,0.007133526,35.27999878,0.784485938,3,Panic,1.9334073176308114e-36,0.0,1.0040883283638475e-44,1.0,7.101349806643198e-139
2020-05-14,0.011896135,0.526416523,0.016971913,-0.307520221,-0.15278822,0.00683791,32.61000061,0.778606586,3,Panic,1.1577060052317355e-31,0.0,7.235927008640974e-46,1.0,1.3118258875207532e-148
2020-05-15,0.004586554,0.376517493,0.016969595,-0.305784343,-0.148893513,0.006504988,31.88999939,0.778552245,3,Panic,1.872622576680029e-28,0.0,2.5768293206863393e-42,1.0,4.839836696010498e-134
2020-05-18,0.03000508,0.243353714,0.017234275,-0.246310543,-0.122969006,0.006199266,29.29999924,0.835739244,3,Panic,4.501354446302408e-28,0.0,1.032796572964397e-42,1.0,1.2639810651097772e-126
2020-05-19,-0.010324385,0.139257845,0.016893779,-0.268509795,-0.13197723,0.005713532,30.53000069,0.827962663,3,Panic,2.2129174152920673e-23,0.0,3.040475406520024e-34,1.0,3.604938140415106e-94
2020-05-20,0.016845505,0.166750581,0.015440894,-0.278689594,-0.117231094,0.005211283,27.98999977,0.784382528,3,Panic,6.458631042306977e-20,0.0,1.3165159618074815e-35,1.0,9.721286322287509e-95
2020-05-21,-0.006928059,0.063086623,0.0150425,-0.126338146,-0.123325832,0.004605171,29.53000069,0.771436693,3,Panic,5.0085239049156656e-17,0.0,4.530209857335509e-31,1.0,1.2817907681076456e-77
2020-05-22,0.001897298,0.076504939,0.015031023,-0.14551423,-0.121660941,0.00436247,28.15999985,0.773397578,3,Panic,3.006363525611059e-14,0.0,8.001009793446725e-31,1.0,1.3859764835598694e-81
2020-05-26,0.012244962,-0.023714742,0.01497582,-0.139332042,-0.110839594,0.003993302,28.01000023,0.738454446,3,Panic,1.844399381402568e-14,0.0,4.330137653309889e-31,1.0,1.2648310508300757e-77
2020-05-27,0.014769893,-0.109273323,0.014993858,-0.140328833,-0.097609325,0.003737349,27.62000084,0.745141493,3,Panic,5.4058511462984294e-15,0.0,6.507856823162074e-30,1.0,6.979786589054357e-65
2020-05-28,-0.001847012,-0.178188671,0.014938938,-0.164453941,-0.099274513,0.003493397,28.59000015,0.746656976,3,Panic,9.536936585950658e-15,1.1486523680584108e-300,2.2294435401489466e-27,1.0,3.359244289517306e-53
2020-05-29,0.00444601,-0.145394863,0.013987488,-0.205261841,-0.095260963,0.003229138,27.51000023,0.686435924,3,Panic,1.1153359373439763e-12,1.1467210330384968e-289,4.422896506184404e-27,0.999999999998181,1.495487943161276e-50
2020-06-01,0.004033817,-0.217661602,0.013758286,-0.330928254,-0.091604041,0.00287446,28.22999954,0.725563935,3,Panic,5.765103820732003e-14,1.061456472460416e-264,1.4461480602709357e-26,1.0,2.3555813168843274e-47
2020-06-02,0.008245833,-0.285585714,0.012054876,-0.183901235,-0.084082592,0.002721821,26.84000015,0.650988165,3,Panic,4.1744625059266604e-12,1.2151021463691027e-234,1.737739850248752e-26,0.999999999996362,5.806199835563333e-41
2020-06-03,0.013220709,-0.34023346,0.012212708,-0.280833166,-0.071893115,0.002461702,25.65999985,0.675316239,3,Panic,7.381267457225815e-12,1.453469316466735e-191,1.022630699076746e-25,0.999999999992724,1.1946336015364018e-34
2020-06-04,-0.002630324,-0.3886519,0.012261625,-0.149326896,-0.074331129,0.002108046,25.80999947,0.680517785,3,Panic,5.939809116491293e-10,1.8289886544869738e-164,2.6752013963917646e-23,0.9999999994051905,2.1120806886971037e-26
2020-06-05,0.025306618,-0.418050956,0.012834033,-0.23363574,-0.050606654,0.002090251,24.52000046,0.762140585,3,Panic,2.7783825706997525e-13,1.0980534568328761e-138,1.0132709400451887e-25,1.0,1.6621927036878693e-28
2020-06-08,0.012014961,-0.45123662,0.012834545,-0.233777993,-0.039130928,0.00202519,25.80999947,0.759397815,3,Panic,2.003649404839015e-15,3.402219602041467e-82,5.133581712377446e-24,1.0,1.3233068829793926e-13
2020-06-09,-0.007484336,-0.487474154,0.012882093,-0.042679923,-0.04629555,0.001994334,27.56999969,0.668061629,3,Panic,4.625296890134706e-16,1.4442398028668805e-59,6.584348119115837e-17,0.9999999990213837,9.790233012512536e-10
2020-06-10,-0.005595881,-0.404011161,0.013037936,0.002557694,-0.051617463,0.001941873,27.56999969,0.583118177,3,Panic,1.9093083328584505e-14,2.87158087883904e-74,1.1778748962281716e-12,0.9999999998526619,1.4530512045554916e-10
2020-06-11,-0.059377172,-0.298770799,0.018399566,-1.674980231,-0.106290508,0.001967022,40.79000092,0.771483113,3,Panic,7.909971784423671e-44,2.279650044662868e-196,2.043840277415e-21,1.0,1.2461637529909477e-46
2020-06-12,0.011904344,1.375599209,0.017912996,-1.978415603,-0.095587905,0.001999015,36.09000015,0.760930777,3,Panic,2.4225651949944854e-26,7.152069471758813e-267,1.655390782051271e-27,1.0,1.6765079537935909e-43
2020-06-15,0.009292477,1.108623737,0.017862206,-1.977401012,-0.087144507,0.002056143,34.40000153,0.76289548,3,Panic,6.342015180616021e-25,5.22504684185632e-233,3.932423538303416e-27,1.0,2.434318330605862e-37
2020-06-16,0.019065015,0.884056369,0.018180651,-1.960129673,-0.069573944,0.002134465,33.66999817,0.792558281,3,Panic,1.881748806180823e-28,9.008674654088395e-187,1.4769062922397778e-28,1.0,3.7061528249479814e-33
2020-06-17,-0.004162686,0.690709883,0.017265728,-2.174059647,-0.073438965,0.002136199,33.47000122,0.792626623,3,Panic,7.81712061550357e-27,2.024678323570176e-154,5.723287500233878e-26,1.0,2.0251822465218414e-25
2020-06-18,0.000384927,0.580070307,0.017020823,-2.338994231,-0.073082238,0.002142313,32.93999863,0.782051447,3,Panic,1.7030322511683272e-27,2.2712422584111883e-161,1.6254854453125246e-26,1.0,2.089248761627211e-28
2020-06-19,-0.00573154,0.415368063,0.016822796,-2.261101068,-0.078379709,0.002180596,35.11999893,0.779086124,3,Panic,3.1981533474059517e-32,1.1109839235229462e-172,1.7771763950781346e-27,1.0,8.086840008947375e-31
2020-06-22,0.006394805,0.436171826,0.016718139,-2.411709748,-0.072467243,0.002213894,31.77000046,0.767703696,3,Panic,6.2056467909104434e-27,1.3893561015177069e-176,5.845958945770844e-27,1.0,1.2828364636584872e-32
2020-06-23,0.004593087,0.293096324,0.016722135,-2.433499291,-0.068197205,0.002243839,31.37000084,0.7619871,3,Panic,1.6570147247260804e-27,2.1372580367634346e-158,7.763798015413996e-27,1.0,3.396636860807978e-30
2020-06-24,-0.025839498,0.165548581,0.01768557,-1.966337381,-0.091966111,0.002311573,33.84000015,0.809233366,3,Panic,2.3135505176677202e-26,5.0930912959830655e-195,4.799982153964779e-26,1.0,1.3192427616360052e-35
2020-06-25,0.010663404,0.435029388,0.017547874,-1.994931761,-0.08223157,0.002363663,32.22000122,0.822602739,3,Panic,2.6229871780489783e-25,4.8702295700605145e-228,1.3015235905192749e-27,1.0,9.402320876372005e-43
2020-06-26,-0.024037971,0.28728,0.018364684,-1.689990352,-0.104029818,0.002448528,34.72999954,0.836320575,3,Panic,4.568987857472926e-25,9.708363683739536e-252,2.521315847524688e-26,1.0,1.3385119354570006e-44
2020-06-29,0.014590321,0.495044722,0.018625999,-1.674496061,-0.090861494,0.002509806,31.78000069,0.842187618,3,Panic,2.7408174277854503e-22,1.1622359536176956e-286,5.103314646357158e-28,1.0,2.9796328741214345e-53
2020-06-30,0.012728388,0.342180932,0.018810476,-1.67878303,-0.079215668,0.002549939,30.43000031,0.840414863,3,Panic,5.591245426183789e-22,5.384782025743624e-230,3.533188907719294e-27,1.0,2.722522658413746e-43
2020-07-01,0.006980137,0.210300022,0.018786918,-1.676672764,-0.072765983,0.002450018,28.62000084,0.836944697,3,Panic,1.9240760754177188e-19,3.604674958477653e-191,9.54750926236685e-26,1.0,1.6844776223490475e-35
2020-07-02,0.005491802,0.090472258,0.018601791,-1.681520262,-0.067659789,0.002306538,27.68000031,0.841508935,3,Panic,1.4609254853909423e-18,4.668923617645873e-170,3.203532673237706e-25,1.0,9.733424653784821e-32
2020-07-06,0.015319522,-0.020566315,0.018874824,-1.722486767,-0.053266818,0.002124955,27.94000053,0.850939488,3,Panic,6.695093770355887e-22,1.3041791202527383e-138,1.2906845119769721e-26,1.0,9.16436862145716e-29
2020-07-07,-0.01036726,-0.107780814,0.018177018,-1.774605393,-0.063031145,0.001918257,29.43000031,0.845046634,3,Panic,2.0789234238484354e-21,5.570360687410527e-123,5.550848861460114e-25,1.0,6.584085053741902e-23
2020-07-08,0.007619501,0.075130597,0.01804902,-1.789697319,-0.055864642,0.001643098,28.07999992,0.853164813,3,Panic,1.102122234160296e-19,2.844097174684012e-124,2.0279779241614965e-25,1.0,1.7368376257263064e-23
2020-07-09,-0.00570936,-0.029450188,0.018020466,-1.8110779,-0.061239692,0.001269785,29.26000023,0.883256621,3,Panic,5.821975977019023e-20,4.579337021277626e-121,3.494710369055683e-25,1.0,1.5502171102111493e-21
2020-07-10,0.010158734,0.026914341,0.018136301,-1.891703723,-0.051654471,0.000691663,27.29000092,0.912497489,3,Panic,2.1860879753697387e-18,5.233617360810338e-119,3.044533613850934e-26,1.0,3.8190762445027256e-22
2020-07-13,-0.008696627,-0.072304698,0.012260442,-0.935610169,-0.05986612,0.001409421,32.18999863,0.815079372,3,Panic,4.738948661546004e-24,7.477258577644913e-102,6.697598141157618e-24,1.0,1.6097123629272965e-14
2020-07-14,0.012875697,0.015919239,0.012299816,-0.930218941,-0.047682976,0.001825866,29.52000046,0.814497638,3,Panic,7.918776073797644e-22,1.57206542719498e-91,1.8405442517463237e-19,1.0,4.83218963362345e-16
2020-07-15,0.009145087,-0.082411767,0.012295762,-0.92994164,-0.038934011,0.002130019,27.76000023,0.806143401,3,Panic,8.519281749291893e-20,2.044443325856897e-68,6.602884016471411e-20,0.9999999999636202,3.6592649010283675e-11
2020-07-16,-0.003298679,-0.172673133,0.011740786,-0.939710873,-0.042099035,0.002412682,28.0,0.786152109,3,Panic,3.49997441245423e-20,2.5036911137874724e-58,1.554929864102416e-14,0.9999999989067874,1.0924866306977768e-09
2020-07-17,0.002894883,-0.221968523,0.011674846,-1.038630051,-0.039322007,0.002655156,25.68000031,0.785509588,3,Panic,1.146916430176753e-17,2.072843534251943e-58,7.70804857544077e-13,0.9999999999381544,6.029115976647185e-11
2020-07-20,0.008049292,-0.301871986,0.011750515,-1.106131611,-0.031558023,0.002848951,24.45999908,0.776573624,3,Panic,7.263582248971396e-18,5.283013347219058e-54,4.073830960632751e-14,0.9999999998490239,1.5184185665203556e-10
2020-07-21,0.002125085,-0.367559696,0.011613413,-1.229205878,-0.029497813,0.003021286,24.84000015,0.761220966,3,Panic,1.5205347678077755e-19,9.233673464600784e-49,8.888203133565211e-14,0.9999999970696081,2.9301372254860488e-09
2020-07-22,0.005676242,-0.431671509,0.011602296,-1.224583117,-0.023973344,0.003166306,24.31999969,0.759356866,3,Panic,3.0057265957570253e-20,1.0932736430078912e-45,7.51668948085559e-13,0.9999999948231562,5.175518908090948e-09
2020-07-23,-0.012003732,-0.486545887,0.012005612,-0.991867392,-0.035619269,0.003262868,26.07999992,0.784433289,3,Panic,8.380740425414453e-21,7.540837701626279e-51,2.076899262638219e-12,0.9999999990086508,9.889965385297345e-10
2020-07-24,-0.00646124,-0.311484774,0.010429426,-0.872881352,-0.041830278,0.003408352,25.84000015,0.785637893,3,Panic,3.8936630906983114e-20,5.8596946186276774e-67,4.10815071865549e-14,0.9999999999872671,1.2074087293476958e-11
2020-07-27,0.007266186,-0.238191612,0.010323242,-0.871848898,-0.034842683,0.003524516,24.73999977,0.779595392,3,Panic,4.550735431863433e-20,9.304870144712787e-73,7.153647850463665e-17,0.999999999998181,2.1952152396317197e-12
2020-07-28,-0.006362539,-0.31355185,0.008644119,-0.373232523,-0.04096404,0.003678684,25.44000053,0.772815917,3,Panic,1.8569279782427737e-20,1.0838715602735586e-77,4.4385221460337285e-19,0.9999999999745341,2.5183603906461014e-11
2020-07-29,0.012223435,-0.2810341,0.008502992,-0.412831381,-0.029169387,0.00376166,24.10000038,0.773255386,3,Panic,4.699707632439552e-21,1.7648170948355466e-75,2.1464185970185509e-19,0.999999999994543,5.393188676475659e-12
2020-07-30,-0.003574217,-0.349888768,0.008324848,-0.2576999,-0.032633152,0.003777795,24.76000023,0.755718373,3,Panic,1.2058940432043504e-20,8.776651594360076e-65,3.409290979294141e-19,0.9999999976917024,2.3084656233741176e-09
2020-07-31,0.007871266,-0.377745554,0.008351856,-0.264754579,-0.024988704,0.003724408,24.45999908,0.619956006,3,Panic,1.3695645098642026e-19,1.2586512323976894e-56,2.5130668894882193e-16,0.9999833721376502,1.6627863106632465e-05
2020-08-03,0.006928078,-0.437500292,0.008384323,-0.281245167,-0.018210297,0.003613118,24.28000069,0.603017811,3,Panic,2.624318674021312e-18,1.759559930506135e-46,2.8637372386860953e-13,0.9608299430114514,0.039170056987959716
2020-08-04,0.003854687,-0.490089691,0.007862179,-0.351113739,-0.014418501,0.003428553,23.76000023,0.581549948,4,Bull Recovery,1.8252682160546874e-17,4.3271311340297436e-39,1.7882676897932114e-10,0.3128181808697061,0.6871818189518751
2020-08-05,0.006192399,-0.536364459,0.007384653,-0.507614785,-0.008296452,0.003248885,22.98999977,0.578105138,4,Bull Recovery,8.578412117977922e-18,7.371885485766098e-36,3.363003207302068e-09,0.033567171418546454,0.9664328252186957
2020-08-06,0.006662005,-0.578177318,0.007355682,-0.501890006,-0.001667662,0.002983862,22.64999962,0.57843263,4,Bull Recovery,7.199558385032755e-19,6.365767187353378e-34,3.1913506575365947e-09,0.00046397467612114315,0.9995360221324125
2020-08-07,0.000717461,-0.613302233,0.007120071,-0.603485089,-0.00095114,0.002608289,22.20999908,0.60308031,4,Bull Recovery,2.821566612116827e-19,1.1383103600603633e-29,4.339832044016389e-08,3.779681216871132e-06,0.9999961769208632
2020-08-10,0.002984699,-0.628889922,0.006927096,-0.56101257,0.0,0.002023998,22.12999916,0.608027731,4,Bull Recovery,8.76700837294509e-21,7.320959130328909e-25,2.7554276296193606e-08,6.995235973742096e-08,0.9999999024930778
2020-08-11,-0.008289174,-0.661562074,0.0068943,-0.554093715,-0.008254913,0.002043136,24.03000069,0.628525834,4,Bull Recovery,6.645150653301405e-24,3.8804150566785917e-28,7.608941463812436e-08,4.0778247530794253e-07,0.9999995161289268
2020-08-12,0.013846402,-0.50973111,0.006969193,-0.506129018,0.0,0.002021264,22.28000069,0.660189966,4,Bull Recovery,1.4404211978485565e-21,9.060845916076695e-26,2.6630933402975955e-08,1.2043237651451308e-06,0.9999987690451535
2020-08-13,-0.001809692,-0.547855888,0.006871002,-0.351172468,-0.001808055,0.001970751,22.12999916,0.664154606,4,Bull Recovery,5.713857378428305e-20,1.2475244427610688e-24,9.79395207029076e-08,2.583877668578119e-07,0.9999996436727723
2020-08-14,2.99e-05,-0.568545004,0.00677637,-0.412740883,-0.001778201,0.00193333,22.04999924,0.652938548,4,Bull Recovery,1.2155050925978437e-20,5.765767071384259e-24,5.99100487522229e-08,1.4745298372962175e-07,0.9999997926370485
2020-08-17,0.003171364,-0.591087852,0.006777801,-0.418381483,0.0,0.00186935,21.35000038,0.650499996,4,Bull Recovery,3.510903152560394e-20,6.355168808932184e-22,5.061659055828408e-08,8.857789176271545e-08,0.9999998608054835
2020-08-18,0.002158414,-0.625989103,0.00665031,-0.345611413,0.0,0.001769998,21.51000023,0.65185078,4,Bull Recovery,1.7080036021296834e-20,2.9229191659691096e-22,3.2042336548423695e-08,6.556774899785866e-08,0.9999999023893954
2020-08-19,-0.004172515,-0.657342646,0.006787681,-0.228756332,-0.004163822,0.001636052,22.54000092,0.653308078,4,Bull Recovery,2.5399501148473937e-21,1.6287872161374063e-22,3.1280349853268144e-08,5.6122527829441e-08,0.9999999125975629
2020-08-20,0.003109123,-0.585205734,0.006736502,-0.187890662,-0.001062827,0.00145586,22.71999931,0.658518964,4,Bull Recovery,4.52049638592981e-22,1.2315361496671849e-23,1.0809275942992432e-08,3.876046635096153e-08,0.999999950430721
2020-08-21,0.003540413,-0.619786386,0.005973727,-0.040942837,0.0,0.001175063,22.54000092,0.533522062,4,Bull Recovery,3.1516315345087578e-22,2.6881584596730965e-23,3.062634131870648e-09,1.072477342113326e-09,0.9999999958654371
2020-08-24,0.010082517,-0.651503096,0.005839451,-0.165855994,0.0,0.001046462,22.37000084,0.512009729,4,Bull Recovery,3.06279873849707e-23,5.174348109897764e-22,2.1268041982944324e-09,7.983320843530978e-10,0.999999997075065
2020-08-25,0.003493074,-0.673527932,0.005764465,-0.095028241,0.0,0.000867945,22.03000069,0.490973511,4,Bull Recovery,1.5509135019009558e-22,1.5337613790068804e-20,4.539522460819183e-09,1.352540198226248e-10,0.9999999953251972
2020-08-26,0.009975557,-0.698223282,0.005538072,-0.192640703,0.0,0.000871623,23.27000046,0.463981073,4,Bull Recovery,5.55066760652971e-25,3.146546553344853e-25,7.972606990339981e-10,1.4018328658056793e-10,0.9999999990632205
2020-08-27,0.002184304,-0.716271657,0.00519371,-0.172769993,0.0,0.000892372,24.46999931,0.442204594,4,Bull Recovery,6.01353458966149e-28,4.161258016265896e-32,5.287226866214744e-10,5.3911399494180185e-11,0.9999999994179234
2020-08-28,0.006438794,-0.737712629,0.004988202,-0.343697956,0.0,0.000918933,22.95999908,0.441711123,4,Bull Recovery,1.228787271549741e-25,7.071991435623344e-26,1.1773768286256176e-09,6.140684602712961e-11,0.9999999987612682
2020-08-31,-0.003629318,-0.754586999,0.005143221,-0.163049503,-0.00362274,0.000900831,26.40999985,0.433894621,4,Bull Recovery,2.385254397754863e-31,2.99904229998927e-39,2.6636975623472095e-10,7.996445630088003e-11,0.999999999654392
2020-09-01,0.009374703,-0.701536167,0.005258019,-0.156342494,0.0,0.000842155,26.12000084,0.439332092,4,Bull Recovery,3.20902165047126e-32,1.1730198134282568e-38,7.149735451910783e-11,1.767663270219781e-10,0.9999999997526174
2020-09-02,0.01436026,-0.719551299,0.005783969,-0.028662416,0.0,0.000784278,26.56999969,0.361321803,4,Bull Recovery,2.0379041046879607e-32,1.9314479200516407e-41,2.6660221221670684e-10,2.455226545591204e-08,0.9999999751817089
2020-09-03,-0.035020441,-0.732674091,0.010227278,-2.216716954,-0.034414321,0.0011412,33.59999847,0.694280862,3,Panic,1.2532120832778636e-45,8.960105222289041e-55,3.01655304872897e-06,0.9999969638038855,1.964278597372111e-08
2020-09-04,-0.008198606,0.36272695,0.010391713,-1.955062006,-0.042298414,0.001419299,30.75,0.683968798,3,Panic,1.7044994862169106e-24,5.560310231797852e-51,1.88644919025001e-07,0.9999998065923323,4.763454560180648e-09
2020-09-08,-0.027702689,0.446543767,0.012153428,-1.564552102,-0.068465204,0.001866093,31.45999908,0.766538971,3,Panic,7.881748328185308e-21,2.089732319529249e-82,2.633672253801456e-08,0.9999999736628528,1.1628736867327545e-15
2020-09-09,0.019554714,0.768533147,0.012885937,-1.317441294,-0.050070038,0.002285802,28.80999947,0.802148488,3,Panic,1.4353358614629197e-19,1.7617390179545504e-94,1.6074002907619726e-10,0.9999999998399289,6.874967558755497e-18
2020-09-10,-0.017516041,0.58618567,0.013352858,-1.195575476,-0.066564173,0.002657604,29.70999908,0.807509781,3,Panic,7.836539499102461e-18,2.8655276019876358e-89,6.341606995776904e-11,0.9999999999363354,4.668829760357448e-16
2020-09-11,0.000509119,0.68496239,0.012981133,-1.21082908,-0.066088822,0.002916504,26.87000084,0.795278051,3,Panic,2.4277072968689118e-14,6.901431281260344e-116,2.0186481957338698e-11,0.9999999999799911,1.807736617350654e-19
2020-09-14,0.013085037,0.512880044,0.013307621,-1.233575132,-0.053788259,0.003151789,25.85000038,0.799786313,3,Panic,2.48166486796311e-16,2.37424095050302e-106,6.010083921947058e-13,1.0,8.336456935468786e-20
2020-09-15,0.005039689,0.357699545,0.013348698,-1.274769906,-0.04900761,0.003342228,25.59000015,0.796864565,3,Panic,4.478844380773823e-17,2.7091656881469853e-86,6.41166662829918e-14,1.0,5.842859045374855e-16
2020-09-16,-0.003976471,0.22115988,0.013367448,-1.193427734,-0.052781695,0.003494367,26.04000092,0.799310363,3,Panic,1.1244120229627089e-17,6.953519288197646e-88,6.27203287935635e-15,1.0,4.811034652187835e-16
2020-09-17,-0.008834234,0.259497586,0.013498555,-1.054887666,-0.061112789,0.003615751,26.45999908,0.799862696,3,Panic,3.6872622782147225e-17,3.939723367457285e-105,3.999019116972848e-16,1.0,1.035175755693163e-18
2020-09-18,-0.011579561,0.198867583,0.013697493,-0.957228034,-0.071921987,0.003719452,25.82999992,0.803781035,3,Panic,1.989094974943202e-15,7.8879188659023e-140,1.4040396118271284e-17,1.0,3.0555787709110336e-24
2020-09-21,-0.01119178,0.373639974,0.013850776,-0.797598258,-0.082250925,0.003796875,27.78000069,0.771840618,3,Panic,2.0210166157117694e-16,8.644920029280782e-177,4.326760827550911e-20,1.0,1.7745136406361038e-29
2020-09-22,0.010132904,0.37449425,0.014042425,-0.807793401,-0.072904187,0.003814994,26.86000061,0.807359197,3,Panic,3.180887240707879e-17,3.6187679342927756e-188,5.465576478556438e-24,1.0,5.540433525835295e-33
2020-09-23,-0.023464345,0.23146691,0.014601886,-0.587548186,-0.094404649,0.003813015,28.57999992,0.821455651,3,Panic,3.7078840516064e-16,4.107128225097031e-213,3.396848580580056e-24,1.0,9.750967695115859e-36
2020-09-24,0.002661996,0.490274357,0.014585343,-0.58259125,-0.091990747,0.003756892,28.51000023,0.826870037,3,Panic,7.548320451974396e-16,9.818838515823069e-256,1.8765771215847613e-25,1.0,2.3664245506082716e-42
2020-09-25,0.01603784,0.33346374,0.014906315,-0.534575914,-0.077310837,0.003647139,26.37999916,0.833636918,3,Panic,4.930616314937485e-15,4.507655438421198e-229,7.947175072248613e-26,1.0,4.781265151900097e-40
2020-09-28,0.016472619,0.199513672,0.015445417,-0.523022566,-0.061985855,0.003468903,26.19000053,0.848324842,3,Panic,4.730722237917427e-16,1.7000649917073787e-165,5.706065429872452e-25,1.0,1.156917101857652e-29
2020-09-29,-0.005461077,0.083738529,0.015346664,-0.428206312,-0.067094461,0.003175823,26.27000046,0.850779841,3,Panic,2.0276446844808048e-13,5.671031755101949e-137,1.2094403542299106e-22,1.0,2.1835110334724095e-22
2020-09-30,0.00755359,0.11037499,0.015493364,-0.508450542,-0.060020993,0.002790304,26.37000084,0.880616271,3,Panic,7.272809151310191e-14,2.6043523226987455e-129,7.953617139680169e-23,1.0,3.311209664793964e-22
2020-10-01,0.00639938,-0.000760512,0.015399218,-0.501435155,-0.053986422,0.002246747,26.70000076,0.886991159,3,Panic,5.849498852629732e-14,6.0728664341029795e-105,3.1605664884500067e-22,1.0,9.66811702869593e-18
2020-10-02,-0.009539745,-0.101659062,0.015011111,-0.380235116,-0.06296824,0.001481487,27.62999916,0.916812903,3,Panic,2.447000180555895e-12,7.865210557654406e-102,2.5189551403061517e-19,0.999999999998181,4.473584082570693e-16
2020-10-05,0.01757784,-0.083956251,0.013753683,-0.245962532,-0.046351632,0.001248632,27.95999908,0.894478671,3,Panic,1.7155650850620257e-16,1.5348038034416507e-93,8.914417188836753e-20,1.0,6.681797794674107e-17
2020-10-06,-0.014317832,-0.170125174,0.013985754,-0.210047879,-0.059908524,0.00095994,29.47999954,0.904106833,3,Panic,2.107197210850282e-15,1.2893733215333227e-84,8.3324948681097745e-19,0.999999999998181,1.0884417688415133e-12
2020-10-07,0.01725683,-0.073361754,0.013087394,-0.186596401,-0.043544738,0.000886592,28.05999947,0.878021494,3,Panic,1.073854059556433e-16,2.58781807215061e-80,3.4464472306159595e-15,1.0,1.4016082062813695e-13
2020-10-08,0.008823704,-0.159890968,0.012535083,-0.23505903,-0.035067916,0.000913373,26.36000061,0.861576272,3,Panic,1.8666002577647023e-12,4.698051153034411e-49,9.330945628210273e-15,0.9994173298756246,0.0005826701219716113
2020-10-09,0.008890229,-0.238415944,0.011920947,-0.398276599,-0.026451204,0.001017571,25.0,0.844871465,3,Panic,2.049958267135624e-11,2.288386600430596e-28,1.388443569920717e-07,0.7042462865953043,0.2957535745403654
2020-10-12,0.015959893,-0.309226217,0.012295032,-0.472178772,-0.010788817,0.001062221,25.06999969,0.846619308,4,Bull Recovery,5.0923278740034005e-15,8.674488744816362e-21,4.991984730775786e-07,0.08885010043934465,0.9111494003619803
2020-10-13,-0.006547805,-0.37036423,0.012215195,-0.299382726,-0.01724482,0.00112164,26.06999969,0.835827713,4,Bull Recovery,8.102790967858923e-17,3.254777017328494e-17,3.7876298946793803e-07,0.00042109493828120767,0.9995785262982431
2020-10-14,-0.006303196,-0.399881924,0.012315357,-0.172768182,-0.023419837,0.00116974,26.39999962,0.837409838,4,Bull Recovery,1.7999588318331283e-18,1.199519487306756e-18,1.7948146143239094e-06,0.00010460050516090086,0.9998936046810354
2020-10-15,-0.00123647,-0.23720191,0.012271493,-0.203756647,-0.024626603,0.001216966,26.96999931,0.838892789,4,Bull Recovery,4.5678674058094724e-20,8.721694406761179e-22,5.624752193673036e-06,0.0011241947756979347,0.9988701804723055
2020-10-16,-0.000604743,-0.313521646,0.012058049,-0.283668539,-0.025216275,0.001275299,27.40999985,0.831594891,4,Bull Recovery,2.8941470388872985e-20,1.0535210878886006e-24,9.371302935077152e-05,0.047259835499773216,0.9526464514711753
2020-10-19,-0.015320017,-0.314885438,0.012290743,-0.2955543,-0.040036168,0.001314711,29.18000031,0.836658816,3,Panic,5.804961429823144e-20,1.0225508813657295e-33,0.0022940342360326534,0.9379650785364627,0.05974088722703098
2020-10-20,0.003997506,-0.128876032,0.011941774,-0.445153017,-0.036191026,0.001367696,29.35000038,0.887792046,3,Panic,2.0050832063139723e-20,1.2471919568624293e-43,5.830538847844972e-05,0.9992818141844197,0.0006598804265231325
2020-10-21,-0.001894524,-0.218232899,0.011836885,-0.32522678,-0.038015256,0.001415495,28.64999962,0.889444449,3,Panic,1.2090782927008286e-18,1.476152989663545e-41,5.0666269663480514e-06,0.9999618474669237,3.3085906684473926e-05
2020-10-22,0.005470191,-0.271208471,0.010343883,-0.154114787,-0.032738597,0.001547153,28.11000061,0.857604351,3,Panic,9.877708599598081e-20,1.2030319628895582e-42,2.9743555718152555e-08,0.9999940438679031,5.9263877546341125e-06
2020-10-23,0.003389693,-0.342716164,0.010343431,-0.164428019,-0.029454315,0.001643174,27.54999924,0.857754867,3,Panic,3.8686938046870934e-19,1.063547372315663e-40,1.0824725453012018e-09,0.9999569832610352,4.301565726035672e-05
2020-10-26,-0.018652861,-0.40926445,0.010938904,-0.161327655,-0.047389973,0.001651422,32.45999908,0.804993174,3,Panic,3.0218181098415982e-27,2.1630151566162886e-59,8.390946625339255e-10,0.9999999805659174,1.8594958033170418e-08
2020-10-27,-0.003453624,-0.153892952,0.010429353,-0.062209529,-0.050674255,0.001626914,33.34999847,0.788888295,3,Panic,2.3923862206833117e-29,8.887203983033172e-83,5.5481462964177444e-14,0.9999999999581632,4.156506208972026e-11
2020-10-28,-0.034776711,-0.09923705,0.01293748,-0.739287476,-0.083121212,0.001508455,40.27999878,0.836807331,3,Panic,1.2816384196571576e-42,3.475532100370376e-143,2.0037104735729943e-18,1.0,2.2088871618559364e-24
2020-10-29,0.010112466,0.458347743,0.013032045,-0.735380894,-0.073802267,0.001355636,37.59000015,0.831944244,3,Panic,9.625877063867439e-36,4.062757851423288e-177,4.796976023159438e-25,1.0,3.0279179970748566e-28
2020-10-30,-0.010479618,0.298680717,0.01309245,-0.565790463,-0.083457784,0.001185433,38.02000046,0.810625768,3,Panic,3.754436897493932e-33,7.609363533526785e-179,6.880096732288357e-26,1.0,2.4594560272865046e-25
2020-11-02,0.011146162,0.281563126,0.013235274,-0.720682931,-0.073184709,0.001037697,37.13000107,0.796357836,3,Panic,1.2311104250676167e-34,1.9156489609292776e-187,4.39330352135535e-28,1.0,1.6515668822948683e-29
2020-11-03,0.017501482,0.145210109,0.013230062,-0.722343468,-0.056821294,0.001005069,35.54999924,0.785948554,3,Panic,2.7717139595487517e-34,5.998327409260216e-148,2.344232704224922e-28,1.0,4.0219369063999914e-23
2020-11-04,0.02210352,0.028860143,0.01371018,-0.757596993,-0.035741615,0.000982216,29.56999969,0.798318347,3,Panic,8.54181766552352e-22,5.998007693239473e-83,7.058924709102999e-25,0.9999999999854481,1.3684515196652662e-11
2020-11-05,0.01931489,-0.068604268,0.013837396,-0.723804781,-0.016936041,0.001028876,27.57999992,0.812007227,3,Panic,3.604533854463688e-18,3.4435599708373603e-39,2.1777015626990322e-16,0.9814707063454731,0.018529293655175597
2020-11-06,-0.000228367,-0.161753017,0.013732114,-0.652527458,-0.017160515,0.001078631,24.86000061,0.817189001,4,Bull Recovery,4.514771480384789e-13,6.464424690888847e-16,5.4576574974088944e-08,0.022757184937172444,0.9772427604862437
2020-11-09,0.012487189,-0.251206923,0.013858928,-0.652548723,-0.004810666,0.00112762,25.75,0.767468269,4,Bull Recovery,9.659597013046894e-19,5.5065304654454114e-18,1.0625343027737128e-07,0.0010409818704505398,0.998958911876512
2020-11-10,-0.001467534,-0.33038758,0.01343663,-0.596295604,-0.006270069,0.001150683,24.79999924,0.730933173,4,Bull Recovery,6.928819063052892e-18,1.0310389524975789e-13,3.8857188534505745e-07,1.2046986007608831e-05,0.9999875644416685
2020-11-11,0.00740109,-0.403472069,0.01343027,-0.734921701,0.0,0.00116959,23.45000076,0.754302897,4,Bull Recovery,3.5361482870288577e-19,2.641878925935169e-13,5.270081554590049e-07,1.3193867621152044e-06,0.9999981536055877
2020-11-12,-0.009748139,-0.469006791,0.013542979,-0.696609472,-0.009700779,0.001190879,25.35000038,0.752322701,4,Bull Recovery,9.292693634978899e-21,1.5375976888901177e-14,2.0329311867514587e-06,4.910821493304351e-06,0.9999930562467007
2020-11-13,0.013749509,-0.383632831,0.01382674,-0.770355163,0.0,0.001220739,23.10000038,0.745333527,4,Bull Recovery,1.2918665851641636e-18,6.029190044040262e-13,1.487499603005179e-06,9.19955104988156e-06,0.9999893129486643
2020-11-16,0.012405192,-0.446708312,0.01402107,-0.849963202,0.0,0.001250111,22.45000076,0.746865884,4,Bull Recovery,1.056581063168474e-17,1.6775206846050975e-11,4.098866788772814e-06,1.4620780717820398e-05,0.9999812803349878
2020-11-17,-0.005392809,-0.503911251,0.013566108,-0.946450845,-0.005378294,0.001259333,22.70999908,0.732431433,4,Bull Recovery,6.150829731031906e-17,7.899038535995786e-10,1.5986730789465694e-05,9.17589325878884e-06,0.9999748365863613
2020-11-18,-0.012107711,-0.517560253,0.013928964,-0.764395766,-0.017348275,0.001268039,23.84000015,0.73692789,4,Bull Recovery,6.297461687207339e-16,1.3995232147211086e-10,6.42002413603913e-05,3.980628689178403e-05,0.999895993332151
2020-11-19,0.004201521,-0.238452787,0.01391259,-0.830044824,-0.013210958,0.001264215,23.11000061,0.738323471,4,Bull Recovery,2.8713510877016074e-15,3.6052038521817126e-11,1.3635534432358003e-05,9.141700525912465e-06,0.9999772227285756
2020-11-20,-0.006871947,-0.322056372,0.014020994,-0.695935678,-0.019968874,0.001129671,23.70000076,0.746180426,4,Bull Recovery,3.875407261490707e-15,1.1258280056833324e-11,3.552387021746655e-05,1.6025557046796795e-05,0.9999484505614791
2020-11-23,0.005976694,-0.220704681,0.014050143,-0.716996801,-0.014093989,0.000944264,22.65999985,0.724248564,4,Bull Recovery,2.873068215335179e-14,4.210060072913464e-12,1.3159272927753618e-05,1.1877739558463757e-05,0.9999749629829434
2020-11-24,0.015985563,-0.306783393,0.013581263,-0.938560746,0.0,0.000770911,21.63999939,0.745263248,4,Bull Recovery,1.8366959249338946e-15,1.2586187418871723e-11,8.748847083926967e-06,2.5437048653670777e-05,0.9999658140918666
2020-11-25,-0.001543183,-0.379701642,0.013540583,-0.963780123,-0.001541993,0.000340588,21.25,0.756866131,4,Bull Recovery,3.9539433454604935e-14,5.0804407860738334e-11,9.141771688175247e-06,1.4777560707202552e-05,0.9999760806172531
2020-11-27,0.002781172,-0.453705844,0.010364678,-0.140194432,0.0,0.000775068,20.84000015,0.67313821,4,Bull Recovery,1.7242131722079203e-14,5.995901408574207e-10,1.0258609457058072e-06,5.783477670679485e-08,0.9999989157046424
2020-11-30,-0.004436858,-0.520466319,0.01049903,0.024215019,-0.00442703,0.001009049,20.56999969,0.646548763,4,Bull Recovery,1.5450382644691344e-14,1.1143523225465545e-07,2.2821305532738427e-06,6.765478192668783e-08,0.9999975387793986
2020-12-01,0.010878,-0.513908611,0.010006658,-0.102749694,0.0,0.00124583,20.77000046,0.642667176,4,Bull Recovery,2.424667752056307e-16,1.749709396153636e-10,1.4401534562250224e-07,2.175254891991529e-08,0.9999998340572485
2020-12-02,0.002101507,-0.567785123,0.009942997,0.016870856,0.0,0.001434819,21.17000008,0.653440418,4,Bull Recovery,7.669578223237961e-18,8.028640374768145e-12,1.3471877018015503e-07,2.1270697392068405e-08,0.999999844001662
2020-12-03,-0.000272697,-0.620457515,0.009575719,0.168881888,-0.00027266,0.001621312,21.28000069,0.646438198,4,Bull Recovery,4.426195348460427e-18,2.315737532949496e-13,6.890202519455141e-08,2.4401542993125367e-08,0.9999999066967619
2020-12-04,0.008580669,-0.669153633,0.008725527,0.011466507,0.0,0.001842766,20.79000092,0.541136925,4,Bull Recovery,1.646078618019229e-19,4.8395444622788236e-14,2.203287336954526e-09,8.495878827520752e-10,0.9999999969477358
2020-12-07,-0.002057095,-0.709391667,0.008007229,-0.003193384,-0.00205498,0.002077312,21.29999924,0.416095469,4,Bull Recovery,1.7118998746840352e-22,4.841582030694857e-17,1.641865505491326e-10,3.775603788422838e-12,0.999999999832653
2020-12-08,0.002922102,-0.749654654,0.007983105,-0.058954532,0.0,0.002258443,20.68000031,0.417206445,4,Bull Recovery,1.0373443226309071e-23,9.223215227361616e-18,6.078554380312896e-11,4.331977832613562e-12,0.9999999999345164
2020-12-09,-0.009009397,-0.781859096,0.008036189,0.085596211,-0.008968934,0.002383941,22.27000046,0.556169222,4,Bull Recovery,6.118063815338042e-24,1.2338504483800387e-20,2.919017902547934e-09,1.3359233649156006e-08,0.9999999837218639
2020-12-10,-0.000327282,-0.677989564,0.008018097,0.067555242,-0.009293227,0.002489905,22.52000046,0.600616022,4,Bull Recovery,1.0937230975810253e-22,2.8559753397870165e-22,7.922964543843245e-10,2.8500310410582204e-08,0.9999999707069951
2020-12-11,-0.001173227,-0.671283228,0.007929863,0.206614249,-0.010454869,0.002570389,23.30999947,0.528308017,4,Bull Recovery,5.143149348366798e-24,1.8554655327564165e-24,5.22427049507514e-11,3.011795759541916e-09,0.9999999969368218
2020-12-14,-0.004487114,-0.699679643,0.007642302,0.26160943,-0.014885124,0.002633481,24.71999931,0.515755241,4,Bull Recovery,3.807743171369044e-27,8.200121065365884e-29,1.3822911512407203e-11,4.772964350514991e-09,0.9999999952124199
2020-12-15,0.013428803,-0.656941553,0.007616918,0.254145594,-0.001566987,0.002649805,22.88999939,0.522640687,4,Bull Recovery,1.2762879102737622e-25,1.8772587698953234e-29,5.724619010597997e-12,1.3362786958819492e-08,0.9999999866322469
2020-12-16,0.001568216,-0.69629092,0.007196953,0.344047881,0.0,0.002642245,22.5,0.473889228,4,Bull Recovery,1.188873553651572e-24,7.598706215557353e-30,5.365067125282217e-12,4.94200556469547e-10,0.9999999994997779
2020-12-17,0.005576231,-0.736710286,0.007108211,0.181612298,0.0,0.002629625,21.93000031,0.451182707,4,Bull Recovery,6.412696614586438e-26,1.1344193814436959e-27,2.5998391216133067e-12,1.0194552805953154e-10,0.9999999998963176
2020-12-18,-0.004000768,-0.774170147,0.006528121,0.486705234,-0.003992775,0.002583576,21.56999969,0.422983647,4,Bull Recovery,5.466418706681825e-25,8.867743310159713e-26,2.4237497998899207e-12,3.414297469886019e-11,0.9999999999636202
2020-12-21,-0.003581995,-0.765475675,0.006611123,0.609813091,-0.007554086,0.002481554,25.15999985,0.383591789,4,Bull Recovery,1.9145254870317184e-32,7.743098325816927e-34,1.1278580002193703e-14,1.6286071976097494e-12,0.999999999998181
2020-12-22,-0.00168672,-0.704023503,0.006374398,0.67175076,-0.009226654,0.002322465,24.22999954,0.324533337,4,Bull Recovery,3.6225784594450004e-32,9.459114594619134e-28,4.155785445292198e-15,9.291932626348893e-15,1.0
2020-12-23,0.000898305,-0.708237958,0.006302856,0.797551067,-0.008336237,0.00208614,23.30999947,0.378419048,4,Bull Recovery,1.2401510857052096e-31,3.1029204435628216e-23,4.985661281357258e-14,1.9722596806972455e-13,1.0
2020-12-24,0.003882525,-0.750849193,0.005404313,0.618166115,-0.004478594,0.001871197,21.53000069,0.352477412,4,Bull Recovery,3.529231858034773e-28,1.8683635711690272e-20,1.1573709776630547e-13,2.4456385411713595e-14,1.0
2020-12-28,0.008554461,-0.788747223,0.005616052,0.418460117,0.0,0.001518371,21.70000076,0.393575489,4,Bull Recovery,2.6426431246540756e-28,1.1065253461827992e-20,1.8162509024420042e-12,4.1082224474674753e-13,0.999999999998181
2020-12-29,-0.001909925,-0.818628795,0.005653012,0.520540924,-0.001908102,0.00148058,23.07999992,0.408223663,4,Bull Recovery,1.1942493337209064e-28,6.014337778493311e-25,4.573173546265602e-12,1.3299451739796281e-12,0.999999999994543
2020-12-30,0.00142596,-0.794348289,0.005502875,0.463638208,-0.000483847,0.001400145,22.77000046,0.439198404,4,Bull Recovery,1.1877840239854876e-27,7.656618878895946e-25,1.1424560409522502e-11,7.505239616821586e-12,0.9999999999818101
2020-12-31,0.00506783,-0.828438084,0.005141511,0.439469053,0.0,0.001352115,22.75,0.379240419,4,Bull Recovery,3.806044768202686e-28,6.080553426494901e-25,1.0932890816052252e-12,1.8488284868413257e-13,0.999999999998181
2021-01-04,-0.013707366,-0.858142392,0.006077298,-0.109585819,-0.013613848,0.001214189,26.96999931,0.497303284,4,Bull Recovery,1.4862898707224921e-33,1.2221685516389044e-33,1.1819502401333852e-09,2.463168608626948e-09,0.9999999963547452
2021-01-05,0.006863672,-0.610286506,0.006231751,-0.213809084,-0.00682033,0.001070629,25.34000015,0.494235957,4,Bull Recovery,2.9903098117587686e-28,1.8560149581092786e-28,3.4058459835695165e-10,4.538063162619903e-10,0.9999999992051016
2021-01-06,0.005960733,-0.660540716,0.006092902,-0.241338326,-0.000882572,0.000990324,25.06999969,0.456662985,4,Bull Recovery,2.0469522953243714e-29,8.045997459345857e-31,2.0932067713800276e-10,6.22948510513736e-11,0.9999999997289706
2021-01-07,0.014748259,-0.703872299,0.006780708,-0.078399978,0.0,0.000945639,22.37000084,0.553792631,4,Bull Recovery,6.85493905282323e-24,1.1227914396763525e-19,4.9107066706707076e-09,7.69873159506275e-09,0.9999999873907655
2021-01-08,0.005681521,-0.738587736,0.006836622,-0.124149011,0.0,0.000897257,21.55999947,0.556504169,4,Bull Recovery,3.243786204448452e-21,1.508203484861137e-16,8.540466546032992e-09,8.906727921436477e-10,0.9999999905685399
2021-01-11,-0.006763629,-0.775676806,0.006677956,-0.077463333,-0.006740807,0.000835769,24.07999992,0.536246471,4,Bull Recovery,3.3417958872228906e-24,1.768422463146423e-22,8.357667329497392e-09,8.703678242411594e-10,0.9999999907722668
2021-01-12,0.000211222,-0.70006219,0.006670751,-0.088648297,-0.006530986,0.000765395,23.32999992,0.543946,4,Bull Recovery,3.386147048654213e-23,3.195416351671735e-19,5.4769808268465104e-09,4.922825570120393e-10,0.9999999940300768
2021-01-13,0.002689136,-0.699180034,0.006639562,-0.170600595,-0.003855818,0.000691028,22.20999908,0.56499785,4,Bull Recovery,1.0742269074136476e-21,5.222835869378845e-17,1.7817501654226557e-08,1.2089489164691345e-09,0.9999999809733711
2021-01-14,-0.003507979,-0.741596575,0.006595577,-0.177329361,-0.007344148,0.000633391,23.25,0.594250036,4,Bull Recovery,3.6214183406410237e-22,2.0064857132083606e-19,3.412420282471179e-08,4.588550910696516e-09,0.9999999612864493
2021-01-15,-0.007319345,-0.680380889,0.006342623,-0.179516963,-0.014583214,0.000564751,24.34000015,0.612286922,4,Bull Recovery,2.0532789313160924e-22,2.6908635971597013e-21,8.699951101177108e-08,1.9096695488233316e-08,0.9999998939038107
2021-01-19,0.007821425,-0.600871513,0.006515875,-0.24698121,-0.006845631,0.000529358,23.23999977,0.649176397,4,Bull Recovery,2.8636252819008688e-21,1.0930496228646943e-20,5.8027732803046377e-08,6.891296972322578e-08,0.9999998730600136
2021-01-20,0.013743615,-0.653153375,0.007010071,-0.092982203,0.0,0.000521985,21.57999992,0.703905522,4,Bull Recovery,3.2552942132068114e-19,1.1537620700894607e-17,1.1256943019057678e-07,2.4540563509585043e-07,0.9999996420247684
2021-01-21,0.000911282,-0.694653085,0.006892352,-0.173728236,0.0,0.000536934,21.31999969,0.668127726,4,Bull Recovery,2.3578752842926796e-18,4.6211829890363865e-17,1.88509339972483e-07,2.796312120355673e-08,0.9999997835275515
2021-01-22,-0.003545821,-0.740947411,0.006890917,-0.17409724,-0.003539542,0.00054879,21.90999985,0.684939794,4,Bull Recovery,6.8721901069591e-19,2.003228272301996e-17,2.04326953990016e-07,3.8447830548386593e-08,0.9999997572249707
2021-01-25,0.003936214,-0.695089965,0.006853492,-0.288419209,0.0,0.000561942,23.19000053,0.712081693,4,Bull Recovery,8.93999696992512e-22,6.3885545748412926e-24,4.688222224949918e-08,1.0163818036853025e-07,0.9999998514795262
2021-01-26,-0.00156223,-0.739068861,0.006897275,-0.238551258,-0.001561011,0.000575812,23.02000046,0.699441228,4,Bull Recovery,3.905792245376323e-21,1.4530255033469562e-22,1.6572661321409026e-07,1.1700328446372789e-05,0.9999881339457788
2021-01-27,-0.024743884,-0.737912394,0.009020361,-0.982506635,-0.025963123,0.000782757,37.20999908,0.618545164,4,Bull Recovery,1.0306709086776165e-50,1.4575283107694428e-73,6.378486716096174e-08,0.013330430921120934,0.9866695052946954
2021-01-28,0.008563408,-0.175834429,0.009020751,-0.98240846,-0.017586231,0.000925539,30.20999908,0.504645048,4,Bull Recovery,8.541789138598121e-29,3.7521843417844e-38,6.352690919577905e-09,8.414350599124695e-05,0.9999158501406316
2021-01-29,-0.020222876,-0.273157804,0.010105017,-0.886409731,-0.037253924,0.001158392,33.09000015,0.583826689,4,Bull Recovery,2.2455658399440277e-32,1.386895426936453e-42,3.7997005737484647e-06,0.0004668484577578884,0.9995293518408856
2021-02-01,0.016508396,-0.005574586,0.010740749,-0.752068306,-0.021228618,0.001385318,30.23999977,0.613365471,4,Bull Recovery,1.3428259514358262e-27,2.0887310283327673e-39,2.891746116434051e-07,0.000594267630360674,0.9994054431959114
2021-02-02,0.01404144,-0.116850612,0.011102325,-0.710661896,-0.007388317,0.001554715,25.55999947,0.602324186,4,Bull Recovery,5.884710669293754e-21,3.511925044156612e-20,6.328518070106576e-08,1.558279531506052e-06,0.9999983784359261
2021-02-03,0.000785963,-0.214392257,0.010582828,-0.884718503,-0.006607854,0.001665859,22.90999985,0.55846376,4,Bull Recovery,1.9015871330312608e-19,6.36844796470943e-12,1.1000155651601492e-06,1.4149710670749249e-08,0.9999988858277743
2021-02-04,0.011301544,-0.309480413,0.010735207,-0.876794773,0.0,0.001762203,21.77000046,0.542462713,4,Bull Recovery,3.6079216862303097e-19,2.972437803624134e-12,4.049576067619317e-07,1.472328881446308e-08,0.9999995803155769
2021-02-05,0.003928228,-0.390854036,0.010705589,-0.858796191,0.0,0.001817874,20.87000084,0.57006565,4,Bull Recovery,4.615934222507442e-18,1.4883086698629094e-10,2.3576392647661466e-06,2.9407202831126626e-08,0.9999976128048119
2021-02-08,0.007195932,-0.463430463,0.010369446,-0.931466404,0.0,0.001858159,21.23999977,0.521175227,4,Bull Recovery,6.318697414043977e-19,8.874698598060761e-12,2.950972256623212e-07,4.555732136437223e-09,0.9999997003379115
2021-02-09,-0.000666281,-0.531453686,0.010331216,-0.855907915,-0.000666059,0.001881785,21.62999916,0.519931191,4,Bull Recovery,5.935255068107492e-20,7.164292028762884e-13,4.112620068721691e-07,4.604840877661069e-09,0.9999995841318151
2021-02-10,-0.000435503,-0.59287951,0.010181284,-0.961777886,-0.001101177,0.001875437,21.98999977,0.498278812,4,Bull Recovery,4.578043731518584e-21,1.6142046640192275e-13,1.5582265396245595e-07,1.735657668913469e-09,0.9999998424409693
2021-02-11,0.001613778,-0.590537291,0.010177619,-0.982906299,0.0,0.001852823,21.25,0.502815131,4,Bull Recovery,1.592138221891195e-20,4.454174783888094e-12,2.7407284488798324e-07,2.1195375777642655e-09,0.9999997238028682
2021-02-12,0.004927643,-0.64659747,0.01020263,-1.00591925,0.0,0.001812791,19.96999931,0.501879093,4,Bull Recovery,7.816829796266692e-19,2.9478453662256747e-09,4.5294109845176676e-07,2.275368163966109e-09,0.9999995418348729
2021-02-16,-0.000866476,-0.695648585,0.010152869,-1.053125547,-0.000866101,0.001750065,21.45999908,0.493972623,4,Bull Recovery,1.2294918236130657e-20,8.81896639526656e-12,2.1851484343764624e-07,1.5064456981057758e-09,0.999999779969609
2021-02-17,0.000229442,-0.710380913,0.009948768,-1.192264935,-0.000636831,0.001640809,21.5,0.47846247,4,Bull Recovery,2.002097371672304e-21,1.772389775618346e-11,2.0584610350993983e-07,9.100407944477892e-10,0.999999793226401
2021-02-18,-0.004265121,-0.755581556,0.009949002,-1.037262559,-0.004890159,0.00152046,22.48999977,0.481772536,4,Bull Recovery,3.969522057037942e-22,5.3732444860465306e-12,7.629829833819319e-08,5.298265527290592e-10,0.9999999231658906
2021-02-19,-0.001767342,-0.679645722,0.009562391,-1.040015839,-0.006647305,0.001416443,22.04999924,0.394347639,4,Bull Recovery,1.5485510059469733e-22,5.842310863952692e-10,6.993750885608722e-09,2.236170023144385e-12,0.9999999924202712
2021-02-22,-0.007721502,-0.711864208,0.009739288,-0.888319267,-0.014287943,0.001279603,23.45000076,0.476570715,4,Bull Recovery,2.5522159642435005e-23,1.0141011545137471e-11,5.888432432494883e-08,2.6198069402845264e-10,0.9999999408428284
2021-02-23,0.001213518,-0.566471346,0.009699527,-0.967787467,-0.013091038,0.001108972,23.11000061,0.490383856,4,Bull Recovery,8.805997052024176e-22,8.336475057297825e-12,7.015437384380772e-08,3.8092765000749226e-10,0.9999999294559554
2021-02-24,0.010959087,-0.621204166,0.00993945,-0.946354879,-0.002215936,0.000877463,21.34000015,0.476077667,4,Bull Recovery,2.6745094531072562e-20,1.0749144706532982e-09,7.630456385231945e-08,5.278362090045033e-10,0.9999999220926868
2021-02-25,-0.02439093,-0.663310329,0.011368509,-0.901504567,-0.026258416,0.000593671,28.88999939,0.562763473,4,Bull Recovery,1.1174597065839733e-26,5.8087425447044406e-24,6.266877969763289e-06,7.294747760206061e-06,0.9999864383745359
2021-02-26,-0.005165755,-0.180703891,0.009970305,-0.86514105,-0.031275556,0.000534709,27.95000076,0.612700353,4,Bull Recovery,7.25714597106893e-22,4.4341127840645595e-28,4.384537598731338e-06,1.9602027443704927e-06,0.9999936552595781
2021-03-01,0.023950983,-0.113314637,0.011077175,-0.381773087,-0.007793568,0.000490936,23.35000038,0.767180691,4,Bull Recovery,4.497970296397872e-16,1.5546165935380562e-20,2.347953897367299e-05,0.00010754575507546113,0.9998689747051938
2021-03-02,-0.007833759,-0.198607747,0.010154829,-0.213521362,-0.015535909,0.000489984,24.10000038,0.728294004,4,Bull Recovery,7.912889231540526e-16,2.288947327402314e-14,2.4994379669355217e-06,4.3614473335299516e-07,0.999997064417346
2021-03-03,-0.013334443,-0.185668341,0.010121857,-0.110369134,-0.028576054,0.000481869,26.67000008,0.734415644,4,Bull Recovery,2.6576827595720477e-19,1.827947850224239e-21,9.23056009227042e-06,1.975142495677757e-06,0.9999887942967981
2021-03-04,-0.01245194,0.044122337,0.010020163,0.038593306,-0.040597168,0.000447174,28.56999969,0.73624335,4,Bull Recovery,3.039618914655373e-19,1.1242192549281332e-32,0.0001603564248320764,5.9710072737950384e-05,0.9997799335016462
2021-03-05,0.018229574,0.145111606,0.01083175,0.063758346,-0.022947277,0.0004599,24.65999985,0.771910986,4,Bull Recovery,1.4310249213410219e-13,1.5121744187741621e-27,0.00019941790286752222,0.00015966060120049878,0.9996409214955232
2021-03-08,-0.004991317,0.025733626,0.010578989,0.229317408,-0.027811906,0.00045286,25.46999931,0.791685902,4,Bull Recovery,3.678185323209116e-15,8.03287000800104e-20,9.298959159485609e-06,2.0115410124645788e-06,0.9999886895005414
2021-03-09,0.014176586,-0.037721283,0.011023173,0.185339172,-0.013931442,0.000473927,24.03000069,0.816164839,4,Bull Recovery,1.6648232867448328e-16,6.772393826065927e-19,1.7843532120537844e-06,1.3487770765898578e-06,0.9999968668702393
2021-03-10,0.006205298,-0.133154367,0.010992617,0.194822517,-0.007793568,0.000500097,22.55999947,0.808407184,4,Bull Recovery,5.051681886938872e-16,2.0948412425882164e-12,8.018911156165129e-07,1.4804140909705523e-07,0.999999050065977
2021-03-11,0.01008811,-0.224175351,0.011213861,0.081609301,0.0,0.000539549,21.90999985,0.819992001,4,Bull Recovery,1.9249097594265155e-16,3.3974254889968245e-13,7.504440484136832e-07,2.3705535814801464e-07,0.9999990125002443
2021-03-12,0.001345876,-0.302956955,0.011213974,0.058404568,0.0,0.000571539,20.69000053,0.818985438,4,Bull Recovery,3.1531176714976245e-14,1.6610119463834495e-10,5.9030531909001666e-06,5.230195794363076e-07,0.9999935737602783
2021-03-15,0.00594575,-0.370834462,0.011275482,0.00698057,0.0,0.000601705,20.03000069,0.801758857,4,Bull Recovery,2.590625747190324e-13,4.982844873192502e-09,3.510466051110121e-06,2.623057682692371e-07,0.99999622224445
2021-03-16,-0.001262098,-0.445260581,0.011240006,0.084664312,-0.001261301,0.000624239,19.79000092,0.790459591,4,Bull Recovery,1.452523450165734e-12,2.8590246043904615e-08,1.2242121643568537e-05,7.081715404885878e-07,0.999987021114619
2021-03-17,0.003404172,-0.43787618,0.011254667,0.029832379,0.0,0.00064146,19.22999954,0.789572919,4,Bull Recovery,5.436811668420081e-12,1.2327520349502315e-07,1.0377214726328307e-05,4.3605519969370384e-07,0.9999890634496803
2021-03-18,-0.014656387,-0.524832093,0.011737479,0.099715495,-0.014549505,0.000677843,21.57999992,0.817727847,4,Bull Recovery,3.827020433913634e-12,5.17343870280882e-09,9.767788883391597e-05,7.249769351038753e-06,0.9998950671649525
2021-03-19,-0.001852218,-0.117324108,0.011706545,0.072456178,-0.016373085,0.000699356,20.95000076,0.818916843,4,Bull Recovery,4.534273124211279e-11,7.893238333099764e-09,2.024279951746978e-05,3.989158322963537e-07,0.999979350345187
2021-03-22,0.007953277,-0.196826096,0.011824574,-0.034358294,-0.008518836,0.000689349,18.87999916,0.827387553,4,Bull Recovery,7.492408818837787e-11,6.794615216356014e-08,2.388601209892273e-05,4.594159466424354e-07,0.9999755865516534
2021-03-23,-0.007901803,-0.315615382,0.011830881,-0.033219565,-0.016322453,0.000678109,20.29999924,0.811349035,4,Bull Recovery,6.641524426154485e-11,7.591385400238188e-08,5.5971955038275395e-05,1.168017420436227e-06,0.999942784046457
2021-03-24,-0.00509643,-0.243812296,0.011890727,0.039740518,-0.021322943,0.000650834,21.20000076,0.815739208,4,Bull Recovery,4.905477988916038e-11,5.353961944977716e-11,4.307534432184531e-05,8.653209148556538e-07,0.9999560592327676
2021-03-25,0.005609758,-0.130156404,0.0117036,0.0735038,-0.015817374,0.000618423,19.80999947,0.805882936,4,Bull Recovery,1.757177172532734e-10,1.6726707493005136e-10,3.033295657148496e-05,5.96499695970526e-07,0.9999690702006193
2021-03-26,0.015986327,-0.274245422,0.010794196,0.293634572,0.0,0.000618501,18.86000061,0.779336343,4,Bull Recovery,4.965594249271796e-11,2.9383214574352512e-08,1.1432715166093885e-05,1.219740701554332e-06,0.9999873181117601
2021-03-29,-0.000505102,-0.399392076,0.010690666,0.252223134,-0.000504975,0.000572784,20.73999977,0.80089697,4,Bull Recovery,3.641539426188339e-13,1.2168938255056856e-10,4.795375253079974e-06,5.208402011178646e-07,0.999994683662897
2021-03-30,-0.002656314,-0.528974409,0.009472303,0.136657539,-0.003156424,0.000674524,19.61000061,0.780764813,4,Bull Recovery,4.3761531446040374e-13,2.512591583664811e-08,2.88963523898058e-06,1.1769868052926662e-07,0.9999969675400784
2021-03-31,0.004044897,-0.544272937,0.009284956,0.000726111,0.0,0.000752931,19.39999962,0.771796628,4,Bull Recovery,4.306359518153862e-14,6.835832595200653e-09,9.56768301028845e-07,4.810539867942052e-08,0.9999989882895195
2021-04-01,0.010741127,-0.669282944,0.008858115,-0.104991801,0.0,0.00086726,17.32999992,0.741936624,4,Bull Recovery,6.65731660681643e-13,3.872982792664851e-06,2.258749536241582e-06,9.77623946376595e-08,0.9999937705045652
2021-04-05,0.014251232,-0.783389784,0.008515465,-0.168952888,0.0,0.0009981,17.90999985,0.766268108,4,Bull Recovery,3.2077638811940127e-13,6.523970198941874e-08,2.1218116026034103e-06,4.1501186001624247e-07,0.9999973979372246
2021-04-06,-0.000590762,-0.886010688,0.00788396,-0.186927299,-0.000590588,0.001190188,18.12000084,0.769655078,4,Bull Recovery,3.133039144687008e-14,1.6631714235603747e-08,5.095527205139561e-07,3.2963431285591303e-08,0.9999994408519086
2021-04-07,0.001156602,-0.996291234,0.007689244,-0.264435252,0.0,0.001361287,17.15999985,0.756029117,4,Bull Recovery,2.2277172255084376e-14,1.6259218464206837e-07,6.386130025275149e-07,4.922114635695468e-08,0.9999991495737027
2021-04-08,0.004735374,-1.061118371,0.007278003,-0.298803148,0.0,0.001534131,16.95000076,0.722971727,4,Bull Recovery,2.404848232864528e-14,4.754109735360432e-08,3.726638895249185e-07,9.403466993859039e-08,0.9999994857609139
2021-04-09,0.007243723,-1.145264884,0.007306399,-0.309512217,0.0,0.001667726,16.69000053,0.744734971,4,Bull Recovery,2.4843400213572634e-14,2.222766541990726e-08,6.15114912841026e-07,3.98752271720071e-07,0.9999989639059915
2021-04-12,0.000364947,-1.216551471,0.007124695,-0.191404781,0.0,0.00178102,16.90999985,0.728902316,4,Bull Recovery,1.5182118477211016e-14,1.1567857528515196e-09,1.7676851627855057e-07,1.1976386261251148e-07,0.9999997023115145
2021-04-13,0.002959144,-1.289346012,0.007122611,-0.224566968,0.0,0.001866462,16.64999962,0.720645746,4,Bull Recovery,7.842787341553079e-15,1.7168984788772634e-09,2.3839978346131998e-07,3.229216896827847e-07,0.9999994369610925
2021-04-14,-0.003421141,-1.350281936,0.007180873,-0.061182251,-0.003415295,0.001921262,16.98999977,0.762746995,4,Bull Recovery,1.4168775060627103e-14,9.310275230819953e-10,2.1291094196146585e-07,3.7542613478617567e-07,0.9999994107312804
2021-04-15,0.010685174,-1.214062024,0.007385764,-0.204009338,0.0,0.001944489,16.56999969,0.785784422,4,Bull Recovery,3.1733546741053795e-14,2.559076225774582e-10,7.272242509616434e-07,3.1415103247297825e-06,0.9999961310097473
2021-04-16,0.00333703,-1.267623464,0.007385366,-0.202730984,0.0,0.001948657,16.25,0.788481678,4,Bull Recovery,9.573699552879297e-14,1.6819480220307512e-09,4.1250554329985624e-07,4.0535467228016125e-07,0.999999180458298
2021-04-19,-0.004925307,-1.327259553,0.006508688,0.346135584,-0.004913198,0.00195164,17.29000092,0.704593256,4,Bull Recovery,2.751574635879705e-14,8.51872592628572e-11,9.249999148355978e-09,1.719314094077837e-07,0.9999998187340844
2021-04-20,-0.007348502,-1.181056923,0.006815088,0.26044009,-0.012198793,0.001906449,18.68000031,0.707408188,4,Bull Recovery,1.3874106089711174e-15,3.168696197984001e-11,2.8531186982372847e-08,2.644664181532312e-07,0.999999706969945
2021-04-21,0.00941788,-0.806760585,0.006878772,0.247037477,-0.002851854,0.001815898,17.5,0.681062904,4,Bull Recovery,5.864255465631833e-15,8.583914674951247e-11,1.296631969126306e-08,6.07716590867689e-08,0.9999999261763178
2021-04-22,-0.00917534,-0.905200133,0.006982358,0.189341469,-0.011959182,0.00168147,18.70999908,0.72791663,4,Bull Recovery,1.3452737477965722e-15,5.966819487016698e-10,1.1506429529976495e-07,1.0821064553776038e-07,0.9999997761279042
2021-04-23,0.010784075,-0.548908415,0.006955043,0.008569776,-0.001246415,0.001491891,17.32999992,0.721561074,4,Bull Recovery,1.8047493285440382e-14,3.086523683020896e-09,1.661117062784806e-07,7.00375221836685e-08,0.9999997607647233
2021-04-26,0.002085557,-0.669741349,0.006943128,0.081015277,0.0,0.00125816,17.63999939,0.757569137,4,Bull Recovery,1.232387081881216e-14,3.7117380300921433e-09,1.878584101143893e-07,3.70460811989802e-08,0.9999997713839809
2021-04-27,-0.000215508,-0.790592707,0.006335837,0.0622828,-0.000215485,0.001105092,17.55999947,0.790371326,4,Bull Recovery,6.875690650512105e-15,9.455932832077365e-10,1.1225394611472244e-07,3.694171580253734e-08,0.999999849858807
2021-04-28,-0.000287364,-0.895781738,0.006330812,0.058520594,-0.000502745,0.000894208,17.28000069,0.753346163,4,Bull Recovery,1.541296848451157e-14,4.2014178029048147e-08,1.7668056875687133e-07,3.633309265458552e-08,0.9999997449722612
2021-04-29,0.006352527,-0.906603732,0.006266515,-0.109756119,0.0,0.000798398,17.61000061,0.716696159,4,Bull Recovery,9.445134117114516e-15,2.831446323519459e-08,1.9054901154086572e-07,5.0463642470937454e-08,0.9999997306731893
2021-04-30,-0.0065924,-0.99393733,0.006595844,-0.013495067,-0.006570718,0.000666765,18.61000061,0.718596304,4,Bull Recovery,1.2042360434079586e-14,4.474312088670342e-08,5.496617071808859e-07,5.520941208341885e-08,0.9999993503863444
2021-05-03,0.002154596,-0.694365634,0.006316744,0.06826531,-0.004427972,0.000566005,18.30999947,0.725203591,4,Bull Recovery,3.1838309152773064e-14,2.589958012575351e-08,2.2895088931046925e-07,2.894126503590189e-08,0.9999997162085895
2021-05-04,-0.006188534,-0.810715854,0.00590331,0.003453706,-0.010570079,0.0005093,19.47999954,0.700041209,4,Bull Recovery,3.672930320653117e-15,7.495885067624409e-10,3.6217797310135065e-07,4.495597218994169e-08,0.9999995921171753
2021-05-05,0.000312863,-0.566473557,0.005893862,-0.017930811,-0.010260474,0.000504879,19.14999962,0.700030982,4,Bull Recovery,1.089046803104688e-14,1.5191045851965105e-09,3.004847009769264e-07,2.8412113604353987e-08,0.9999996695842674
2021-05-06,0.007953798,-0.698186024,0.006079911,-0.107268728,-0.002356896,0.00048804,18.38999939,0.718608615,4,Bull Recovery,9.356931891251134e-15,1.2525611345907678e-09,3.1660463547525885e-07,7.090097743176581e-08,0.9999996112420223
2021-05-07,0.007251459,-0.806000274,0.006172197,-0.127236248,0.0,0.000487012,16.69000053,0.71400773,4,Bull Recovery,2.97576600245153e-13,1.2587345748637356e-06,7.018706844230209e-07,6.560427374360094e-08,0.9999979737897384
2021-05-10,-0.00995143,-0.899721377,0.006511645,-0.036765039,-0.009902078,0.000467168,19.65999985,0.740558958,4,Bull Recovery,1.330697958555357e-14,4.767967135724918e-10,1.0927841423524598e-05,1.2648399536749135e-07,0.9999889451984795
2021-05-11,-0.008964916,-0.438335957,0.006848146,0.022278385,-0.018738555,0.000456959,21.84000015,0.736663903,4,Bull Recovery,3.9197439520383228e-16,2.768783685910519e-12,0.00279925047592874,1.5140276094030228e-07,0.9972005981177517
2021-05-12,-0.021474129,-0.118437791,0.008295716,-0.481040731,-0.039585652,0.000575424,27.59000015,0.782132876,2,Correction,5.0616531708792884e-20,1.8899285938842794e-29,0.7061704193221982,7.262904258865757e-05,0.29375695163462523
2021-05-13,0.01194086,0.921566378,0.008725428,-0.508437793,-0.028048735,0.000720992,23.12999916,0.804380865,2,Correction,3.331842648306477e-10,1.8470607577682562e-23,0.9590232909987862,7.541762120254913e-05,0.04090129104614314
2021-05-14,0.015238786,0.652585198,0.009058027,-0.364883067,-0.013123949,0.000869646,18.80999947,0.813446045,2,Correction,8.558876438137189e-07,1.4244365270338407e-09,0.9611676225397483,1.9957851824347857e-05,0.03881156229684494
2021-05-17,-0.002547876,0.419935853,0.009043285,-0.275028421,-0.015635187,0.000988084,19.71999931,0.815930606,2,Correction,3.0810108330861374e-06,1.267588260693452e-05,0.939416874415866,1.5572238846422914e-05,0.06055179645252562
2021-05-18,-0.008652844,0.266871865,0.009176295,-0.236830812,-0.024115997,0.001097118,21.34000015,0.830168219,2,Correction,4.040538236223411e-07,3.7448736409189995e-09,0.814149681265633,2.7662954529547394e-05,0.18582224798144
2021-05-19,-0.002625327,0.557507287,0.009053933,-0.300334624,-0.026674652,0.001178529,22.18000031,0.833365528,2,Correction,3.7279571801669283e-07,1.8047055317879333e-12,0.6780489037301854,9.356995674957484e-05,0.32185715351621663
2021-05-20,0.010700514,0.409488037,0.009125758,-0.286792403,-0.016203647,0.001251436,20.67000008,0.845338846,4,Bull Recovery,2.4697507617983604e-07,8.286748135533648e-11,0.17171466623136258,5.835722731570213e-05,0.8282267294842259
2021-05-21,-0.00081907,0.187502856,0.008888927,-0.393372181,-0.017009115,0.00129802,20.14999962,0.837044734,4,Bull Recovery,8.145688836291282e-08,8.346777762396395e-08,0.030607849950242627,5.288613417179485e-06,0.9693866965123042
2021-05-24,0.010142599,-0.02349968,0.008852151,-0.402353244,-0.006988301,0.001334081,18.39999962,0.832593946,4,Bull Recovery,8.748157907422224e-09,1.737321150706988e-07,0.0012457812423431606,5.188872418761525e-07,0.9987535173899806
2021-05-25,-0.002221191,-0.199989795,0.008858039,-0.3319514,-0.009191522,0.001362946,18.84000015,0.82782095,4,Bull Recovery,2.978577254404796e-10,7.644578836101381e-07,6.290278490378552e-05,1.2263300731773252e-07,0.9999362098270957
2021-05-26,0.001982566,-0.315101462,0.008867456,-0.366668387,-0.00722523,0.001363106,17.36000061,0.82853209,4,Bull Recovery,3.7351387304183164e-11,1.267166310961238e-05,9.773272505462083e-06,5.1644867715460855e-08,0.9999775033813734
2021-05-27,0.000524854,-0.473740762,0.008867103,-0.380110535,-0.006704032,0.001351744,16.73999977,0.86753601,4,Bull Recovery,4.092783009240304e-12,2.6977055951736197e-05,5.486317132206983e-06,2.419418450629283e-08,0.9999675124292917
2021-05-28,0.001787095,-0.601434565,0.008764477,-0.334648703,-0.004927331,0.001321379,16.76000023,0.884010398,4,Bull Recovery,7.676867453121541e-13,1.2037965449846479e-05,2.1796249743955394e-06,1.3272165537515547e-08,0.9999857691357976
2021-06-01,-0.000881049,-0.727431324,0.008637449,-0.423757893,-0.005803652,0.001295487,17.89999962,0.885383747,4,Bull Recovery,2.3593176209476466e-14,7.003427596849047e-07,1.3431811453226323e-06,1.2359717906668353e-08,0.9999979441166248
2021-06-02,0.001571177,-0.7125869,0.008632019,-0.415021953,-0.004240366,0.001242775,17.47999954,0.887877649,4,Bull Recovery,2.498073316501921e-14,1.724726645126675e-06,1.2592883850999252e-06,1.1033746145707638e-08,0.9999970049511208
2021-06-03,-0.003718373,-0.827516809,0.008556512,-0.451701717,-0.007936097,0.001137944,18.04000092,0.909771192,4,Bull Recovery,1.3342786436906463e-14,1.2909675562168638e-06,1.5437049402071936e-06,1.0642675823622191e-08,0.9999971546844342
2021-06-04,0.009104418,-0.662304198,0.008766607,-0.51606218,0.0,0.001007828,16.42000008,0.918243033,4,Bull Recovery,9.157686124728274e-14,6.764422645213277e-06,2.21041057604243e-06,1.3140062430356765e-08,0.9999910120263044
2021-06-07,-0.000970756,-0.771527154,0.008616393,-0.421796081,-0.000970285,0.000860857,16.42000008,0.903223276,4,Bull Recovery,4.264912577675765e-13,1.701405610562115e-05,2.7244322790680303e-06,1.1447348772545058e-08,0.9999802500646552
2021-06-08,0.000213357,-0.809562346,0.0084703,-0.349974653,-0.000757112,0.000677944,17.06999969,0.891429328,4,Bull Recovery,2.474743056975361e-13,2.4027333506503675e-06,1.508199683947537e-06,1.357780884466654e-08,0.9999960754889501
2021-06-09,-0.001493213,-0.920711877,0.00816825,-0.449134853,-0.002248081,0.000494175,17.88999939,0.879426056,4,Bull Recovery,3.8648287246496014e-14,2.161553108039561e-07,1.7653659803784602e-06,2.7921827154088612e-08,0.9999979905571489
2021-06-10,0.004637699,-0.902054949,0.007922388,-0.651270739,0.0,0.000320024,16.10000038,0.853275575,4,Bull Recovery,1.2318281462815814e-12,2.3441482806533175e-05,8.035487067121881e-06,1.4014704344145998e-07,0.9999683828824079
2021-06-11,0.001651233,-0.992902063,0.006008264,0.642966959,0.0,0.000671639,15.64999962,0.797210611,4,Bull Recovery,3.308813037407453e-11,6.943631051876972e-05,9.689634820208667e-08,9.281708827751222e-08,0.9999303739434465
2021-06-14,0.002236364,-1.103294599,0.005576875,0.783792488,0.0,0.000943693,16.38999939,0.743864219,4,Bull Recovery,1.192902568834876e-13,2.465376175806817e-06,1.2630537724236232e-08,9.205597566766112e-08,0.9999974299368034
2021-06-15,-0.001835751,-1.199974572,0.004677673,0.605824359,-0.001834067,0.001243992,17.02000046,0.712612371,4,Bull Recovery,3.464525994577822e-15,7.313479761750941e-10,1.7749007425257347e-09,7.443890373938005e-08,0.9999999230549322
2021-06-16,-0.00559911,-1.154549768,0.004834701,0.535454247,-0.007407291,0.001436212,18.14999962,0.681564873,4,Bull Recovery,4.05161240698755e-16,3.21659666166535e-11,1.407461984175514e-09,6.077106562396354e-08,0.9999999377887453
2021-06-17,-0.000331516,-0.934498133,0.004341413,0.977727091,-0.007736297,0.001624055,17.75,0.6377078,4,Bull Recovery,4.892268482748408e-16,9.836652250876018e-12,6.864348739502756e-11,3.6878981546558365e-08,0.999999963041774
2021-06-18,-0.013582281,-0.957802034,0.005356911,-0.226010066,-0.021122388,0.001684315,20.70000076,0.640943771,4,Bull Recovery,1.6073715911908965e-17,2.752036870148638e-16,1.9730201411736888e-07,7.499809436041018e-07,0.999999052716242
2021-06-21,0.014214247,-0.25520371,0.00572932,0.130552317,-0.007109021,0.001699196,17.88999939,0.618133373,4,Bull Recovery,2.0881900699266018e-13,4.4584852101174516e-13,1.0973307838666828e-07,1.4141664221062115e-07,0.9999997488503456
2021-06-22,0.00533223,-0.403947498,0.005799695,-0.00385001,-0.001800558,0.001706186,16.65999985,0.629696301,4,Bull Recovery,2.2237794378164267e-13,5.887293769083842e-10,3.286600900766169e-07,5.575588823645464e-08,0.999999614994596
2021-06-23,-0.0012063,-0.549152979,0.005430396,0.060633839,-0.003003959,0.001718681,16.31999969,0.596617459,4,Bull Recovery,9.646353953922102e-13,8.402876157765481e-10,2.0278575108579898e-07,2.7382926483932185e-08,0.9999997689901914
2021-06-24,0.005898411,-0.607432354,0.005512143,-0.104589336,0.0,0.001710888,15.97000027,0.583455465,4,Bull Recovery,1.6615194971189325e-13,7.832065003951257e-10,8.209514089188821e-08,9.745090754061368e-09,0.9999999073770639
2021-06-25,0.003545717,-0.738270066,0.00553756,-0.13943351,0.0,0.001685766,15.61999989,0.568003722,4,Bull Recovery,7.045241235090002e-14,4.713673535885555e-09,5.835124858967916e-08,4.119394085962998e-09,0.9999999328156286
2021-06-28,0.002013914,-0.85478051,0.005540641,-0.178201652,0.0,0.0016442,15.76000023,0.571092492,4,Bull Recovery,2.5093205299546002e-14,4.835458313536556e-09,4.596451868709353e-08,3.771117387628882e-09,0.9999999454285003
2021-06-29,0.000537983,-0.961989129,0.005539326,-0.145473059,0.0,0.001592372,16.02000046,0.574950761,4,Bull Recovery,1.070535245214307e-14,3.577495551769251e-09,3.03503225072842e-08,3.6431249673430447e-09,0.9999999624287745
2021-06-30,0.000841331,-1.065736306,0.005522557,-0.19038498,0.0,0.001532648,15.82999992,0.568231412,4,Bull Recovery,8.201606829618269e-15,2.3865347066715555e-08,2.8804547109279307e-08,3.235729255919358e-09,0.9999999440951812
2021-07-01,0.005521217,-1.109371412,0.005606111,-0.260049713,0.0,0.00145315,15.47999954,0.562415435,4,Bull Recovery,1.9323640800921564e-14,5.273898752798686e-07,4.338148983714735e-08,5.347864215013536e-09,0.9999994238807471
2021-07-02,0.007614797,-1.188019349,0.005645609,-0.441569095,0.0,0.001359189,15.06999969,0.569770364,4,Bull Recovery,1.2076946055152582e-13,6.7812201103576595e-06,2.7704298181313105e-07,3.281482614703062e-08,0.9999929089223257
2021-07-06,-0.001823223,-1.255487352,0.005441099,-0.33641639,-0.001821562,0.001222783,16.44000053,0.491651102,4,Bull Recovery,2.7131944381295092e-14,9.473317384549532e-07,2.647516689665896e-08,2.9874729062061045e-10,0.99999902589345
2021-07-07,0.003527847,-1.231105531,0.005435552,-0.451400867,0.0,0.00106481,16.20000076,0.519447722,4,Bull Recovery,6.436942538680277e-15,4.731798684310207e-06,1.0697312308690305e-07,2.0797513135460305e-09,0.9999951591479502
2021-07-08,-0.008181575,-1.301544078,0.005830771,-0.389992432,-0.008148197,0.000874349,19.0,0.589918192,4,Bull Recovery,8.810671613197166e-16,1.3161681787643803e-08,5.537132187875195e-07,3.71642089678162e-08,0.9999993959610952
2021-07-09,0.010618224,-0.844259223,0.006149634,-0.42889964,0.0,0.000676717,16.18000031,0.568932299,4,Bull Recovery,1.0344123162342695e-12,1.8677416988402515e-05,8.970326448513646e-07,8.794498013410127e-09,0.9999804167553848
2021-07-12,0.003575486,-0.936503881,0.006128567,-0.412151404,0.0,0.000439546,16.17000008,0.62533424,4,Bull Recovery,2.0332083986858445e-12,3.1117370556368976e-05,1.843051590321422e-06,2.2367796659966515e-08,0.9999670172074484
2021-07-13,-0.003414908,-1.031346835,0.006227274,-0.301212983,-0.003409084,0.000454385,17.12000084,0.594147207,4,Bull Recovery,1.386545731220705e-12,1.0383990675895985e-05,1.1571751707821448e-06,8.125872609589536e-09,0.999988450706342
2021-07-14,0.00149135,-0.95520424,0.006224422,-0.284227885,-0.001921709,0.000479884,16.32999992,0.584900309,4,Bull Recovery,2.402921951556278e-12,9.972144840360654e-05,8.106068582437419e-07,4.563637263101136e-09,0.9998994633779976
2021-07-15,-0.003421419,-1.016274247,0.006274663,-0.256436371,-0.005330718,0.000461215,17.01000023,0.590727913,4,Bull Recovery,1.0274277054737902e-12,4.728310755985788e-05,9.72903627783215e-07,6.16793652638188e-09,0.9999517378205868
2021-07-16,-0.007874466,-0.999460576,0.006417659,-0.273671814,-0.01313245,0.000455045,18.45000076,0.604789008,4,Bull Recovery,4.324762759639832e-13,1.3613299756235558e-06,1.9672305171212642e-06,1.6587322973432996e-08,0.99999665485134
2021-07-19,-0.014878025,-0.461452186,0.007312278,-0.435602229,-0.027706406,0.000473136,22.5,0.704242441,4,Bull Recovery,1.232205411055408e-14,1.6278083347728043e-15,3.902406837840312e-05,7.831004657332621e-07,0.9999601928313241
2021-07-20,0.014228468,0.290851164,0.007152321,-0.288164832,-0.013773269,0.000538919,19.72999954,0.695688988,4,Bull Recovery,8.813320122996472e-11,2.079273345018274e-12,0.00011319716549197327,1.1041348452254277e-06,0.9998856986103432
2021-07-21,0.008063898,0.087464152,0.006732931,-0.490533903,-0.005788285,0.000564449,17.90999985,0.655699569,4,Bull Recovery,1.47843661745748e-09,1.7766268439558863e-06,0.00015357353991505575,2.7520124053770946e-07,0.9998443731531652
2021-07-22,0.002091883,-0.099105172,0.006678208,-0.441117383,-0.003706334,0.000583105,17.69000053,0.634509424,4,Bull Recovery,2.4408997847098014e-09,4.175332472471741e-06,0.00011501448839541957,1.5005850418294552e-07,0.9998806576791771
2021-07-23,0.010235307,-0.282435404,0.006919867,-0.528685254,0.0,0.00059867,17.20000076,0.641521982,4,Bull Recovery,2.449446095061705e-10,1.3667978936680164e-06,1.6091945671172503e-05,5.8516868086424444e-08,0.9999824824942167
2021-07-26,0.002451868,-0.430421842,0.006861287,-0.478798125,0.0,0.000606226,17.57999992,0.649615366,4,Bull Recovery,1.7014551377152666e-11,2.3517055585208424e-07,1.0277402053780034e-05,4.779786271455454e-08,0.9999894396126457
2021-07-27,-0.00456787,-0.571420736,0.006982526,-0.322845052,-0.004557453,0.000615016,19.36000061,0.686178396,4,Bull Recovery,3.094859654437266e-13,5.458473396219389e-10,3.1000416136951477e-06,5.49307325346845e-08,0.9999968444821881
2021-07-28,-0.000410047,-0.314516068,0.006991282,-0.271754114,-0.004965547,0.000616343,18.30999947,0.687592848,4,Bull Recovery,2.9654514245006944e-12,3.3476205757359373e-07,7.4815688959631375e-06,6.629292967412332e-08,0.9999921173731852
2021-07-29,0.004138572,-0.474613281,0.007017077,-0.340265533,-0.000838993,0.000610778,17.70000076,0.690452828,4,Bull Recovery,3.084000822480342e-12,2.6103415100839047e-07,3.0381196568923834e-06,4.0676277326186484e-08,0.9999966601664093
2021-07-30,-0.004868175,-0.614472145,0.007149986,-0.239519494,-0.005691263,0.00060245,18.23999977,0.692279779,4,Bull Recovery,1.2692910264930159e-12,4.428373882092681e-07,3.1960729319497284e-06,4.1631559087393895e-08,0.9999963194563382
2021-08-02,-0.00210015,-0.516543875,0.007110252,-0.103310145,-0.00777727,0.000587953,19.45999908,0.699027016,4,Bull Recovery,8.017243877222218e-14,8.354860894715106e-09,8.579211660758819e-07,2.33983622900238e-08,0.9999991103254026
2021-08-03,0.008102444,-0.458854863,0.007134426,-0.101939323,0.0,0.0005681,18.04000092,0.695754079,4,Bull Recovery,1.7998215305753057e-13,3.892091012636538e-08,1.2479238399503817e-06,4.1284526615495475e-08,0.9999986718712259
2021-08-04,-0.004930923,-0.591025233,0.007223427,-0.058455946,-0.004918786,0.000520659,17.96999931,0.717604471,4,Bull Recovery,1.6704182346572368e-12,6.636279240445688e-07,3.856919827100574e-06,7.463698046790046e-08,0.999995404814043
2021-08-05,0.006312729,-0.485640712,0.007303809,-0.091726945,0.0,0.000455737,17.28000069,0.707610373,4,Bull Recovery,5.1373795625527096e-12,1.1775614323737626e-06,2.388474580759789e-06,4.883996972056461e-08,0.9999963851179781
2021-08-06,0.00165112,-0.62289633,0.007008898,-0.201810131,0.0,0.000406308,16.14999962,0.68892181,4,Bull Recovery,2.340419032548002e-11,2.9882401286588878e-05,5.024406915583408e-06,5.075821722760481e-08,0.9999650424104725
2021-08-09,-0.000813883,-0.750408596,0.006682188,-0.124050202,-0.000813552,0.000378744,16.71999931,0.697648168,4,Bull Recovery,1.6087064318090638e-11,2.8853217777837937e-06,2.6432314779396485e-06,5.1832298218029046e-08,0.9999944195980061
2021-08-10,0.001243184,-0.765245704,0.00665162,-0.078474965,0.0,0.000345729,16.79000092,0.697164344,4,Bull Recovery,5.676782881936203e-12,1.5689860124090708e-06,1.821148213075762e-06,4.673075138619528e-08,0.9999965631291104
2021-08-11,0.002481888,-0.883578336,0.006597627,-0.198558651,0.0,0.000320365,16.17000008,0.740851264,4,Bull Recovery,5.527979813151835e-12,1.2517633853531017e-05,2.0889456016098033e-06,8.407463176469011e-08,0.9999853093401243
2021-08-12,0.002992384,-0.983937115,0.006612615,-0.228827194,0.0,0.000290618,15.59000015,0.764210034,4,Bull Recovery,1.5200687441421052e-11,9.180048203726924e-05,3.1202529604990714e-06,1.491041470424073e-07,0.9999049301451672
2021-08-13,0.001818264,-1.075717692,0.006537514,-0.338664808,0.0,0.000267242,15.44999981,0.749579951,4,Bull Recovery,3.541751357120021e-11,0.00016352440712803432,6.120054836998418e-06,2.5197343077837696e-07,0.9998301035287979
2021-08-16,0.002351821,-1.158001546,0.006199268,-0.47773197,0.0,0.000290531,16.12000084,0.744918819,4,Bull Recovery,1.906419089466878e-11,2.9626018595197394e-05,7.233321161627986e-06,5.101225567036823e-07,0.999962630517749
2021-08-17,-0.006576968,-1.234628333,0.005287238,0.381382762,-0.006555387,0.000442498,17.90999985,0.666534241,4,Bull Recovery,4.270562398560942e-12,4.313940107041182e-07,2.459470827271732e-07,9.935044433869479e-08,0.9999992233045593
2021-08-18,-0.011004981,-0.946889761,0.005257982,-0.31869166,-0.017428289,0.000547955,21.56999969,0.687205702,4,Bull Recovery,6.89479857818135e-17,4.7427826568239494e-15,1.2314862010465862e-06,5.768246188341121e-07,0.9999981916896993
2021-08-19,0.001547093,-0.251931814,0.004999274,-0.331054968,-0.015906983,0.000663061,21.67000008,0.673323662,4,Bull Recovery,5.140826184856984e-16,1.5948630743362572e-17,1.034462726271886e-06,3.1325604642414703e-07,0.9999986522807363
2021-08-20,0.007925517,-0.418667343,0.005243684,-0.310200678,-0.008076547,0.000728399,18.55999947,0.692762925,4,Bull Recovery,8.272601182320427e-14,1.0610294343801321e-10,6.340046798472893e-07,1.3751851163151383e-07,0.9999992283704408
2021-08-23,0.008757976,-0.555439403,0.005120013,-0.417599917,0.0,0.000787501,17.14999962,0.650209889,4,Bull Recovery,2.4401219900750645e-13,3.7175031029853637e-09,1.0808751011402031e-06,8.184919612978456e-08,0.9999988335573544
2021-08-24,0.001586079,-0.678207568,0.005109401,-0.396981229,0.0,0.000835827,17.21999931,0.646244572,4,Bull Recovery,3.1057914471002134e-13,1.5194046296340343e-09,1.0782113639607003e-06,4.8821406895543095e-08,0.9999988714468602
2021-08-25,0.002096199,-0.802888964,0.004967946,-0.564828399,0.0,0.000879085,16.79000092,0.607855529,4,Bull Recovery,2.928375466198451e-13,1.6918880159129078e-08,9.56938548836045e-07,2.4086331341853628e-08,0.9999990020556174
2021-08-26,-0.005920472,-0.917304366,0.005190139,-0.463370985,-0.005902981,0.000895518,18.84000015,0.630252378,4,Bull Recovery,6.805551543790183e-15,4.0073486299186426e-11,5.096395726958268e-07,3.776384268431483e-08,0.999999452557099
2021-08-27,0.008900975,-0.680343816,0.005441301,-0.373058499,0.0,0.000890491,16.38999939,0.620771054,4,Bull Recovery,4.451168916885311e-13,3.673538683644612e-07,5.601098966947066e-07,2.285108768729923e-08,0.9999990496839896
2021-08-30,0.004388101,-0.795978408,0.005313343,-0.573365807,0.0,0.000875861,16.19000053,0.619339473,4,Bull Recovery,4.1890643971608577e-13,1.0254732793025506e-06,1.1679496824258823e-06,2.5322213232656937e-08,0.9999977812537567
2021-08-31,-0.001482761,-0.907310788,0.005294292,-0.589838243,-0.001481662,0.00085506,16.47999954,0.626898099,4,Bull Recovery,6.486448889175706e-13,5.325143368150903e-07,1.5944136442750198e-06,3.193567601282227e-08,0.9999978411365757
2021-09-01,0.000531405,-0.925645617,0.005075202,-0.564148606,-0.000950903,0.000831485,16.11000061,0.613343736,4,Bull Recovery,1.4591430584061643e-12,1.6248789735608594e-06,1.0706408122574383e-06,2.3544086831277618e-08,0.9999972809346805
2021-09-02,0.003071635,-0.989507309,0.004894098,-0.768223706,0.0,0.000795475,16.40999985,0.601293742,4,Bull Recovery,3.6996332107033024e-13,4.089655195544934e-07,1.9478838649510057e-06,5.5473542696183775e-08,0.9999975876773526
2021-09-03,-0.000242475,-1.08538507,0.004780662,-0.677469975,-0.000242446,0.000737792,16.40999985,0.606462863,4,Bull Recovery,8.889356192682611e-13,2.884961812188834e-07,1.6439504247296672e-06,5.437495401475329e-08,0.9999980131780559
2021-09-07,-0.003582073,-1.090827178,0.00489135,-0.523815228,-0.003817244,0.000682802,18.13999939,0.56845876,4,Bull Recovery,3.4466477773527393e-14,2.1304968586164313e-09,4.346719985632279e-07,1.0492973876528575e-08,0.9999995527051487
2021-09-08,-0.001219064,-0.99468407,0.004899472,-0.511175457,-0.005030915,0.000642103,17.95999908,0.564741324,4,Bull Recovery,1.8467079002765555e-14,1.841727746857569e-08,3.6082947487830845e-07,6.490452972274687e-09,0.9999996142633625
2021-09-09,-0.00428941,-0.950122477,0.005029182,-0.36893497,-0.009289605,0.000584828,18.79999924,0.589819782,4,Bull Recovery,8.196608145578661e-15,2.8527884742455728e-09,3.380634178238498e-07,1.0510801896920693e-08,0.999999648573128
2021-09-10,-0.007915789,-0.813218212,0.005344149,-0.236466905,-0.017100902,0.000512634,20.95000076,0.611242962,4,Bull Recovery,3.9631607576919215e-16,5.222679233783891e-13,4.799953549470823e-07,2.7051097884893487e-08,0.9999994929531943
2021-09-13,0.002556099,-0.353369939,0.005333498,-0.22889876,-0.0145853,0.000417076,19.37000084,0.602003314,4,Bull Recovery,4.2793028068100624e-14,6.52798483407013e-11,8.461399938035842e-07,8.451748685726576e-09,0.999999145342737
2021-09-14,-0.005411212,-0.516267878,0.005452891,-0.075844765,-0.019903187,0.000300188,19.45999908,0.568794639,4,Bull Recovery,1.636476812282905e-13,1.8049297008159249e-10,7.540471779900347e-07,2.1458504315488416e-09,0.9999992436262933
2021-09-15,0.008318012,-0.342593661,0.005739678,-0.055050798,-0.01171673,0.000232552,18.18000031,0.580988993,4,Bull Recovery,7.634018349628191e-13,2.904713604782229e-09,1.0478462934387498e-06,4.190385758201766e-09,0.999998945057643
2021-09-16,-0.001586471,-0.497574493,0.005549711,-0.104948647,-0.01328337,0.000245601,18.69000053,0.574476385,4,Bull Recovery,2.610629949038673e-13,1.8783928642959614e-08,7.394183331970376e-06,1.7687725313332747e-09,0.9999925852646127
2021-09-17,-0.009788887,-0.601737761,0.005430537,-0.010236542,-0.022895107,0.000250923,20.80999947,0.600961287,4,Bull Recovery,4.5171980726475e-15,5.0964426745974744e-12,0.00342723882498069,4.532710564328921e-09,0.996572756638058
2021-09-20,-0.016814773,0.00316417,0.006589814,-0.507769923,-0.039187543,0.000390208,25.70999908,0.679773685,2,Correction,3.2127615658083954e-21,9.74643474043105e-28,0.7567244453221309,5.995716896143613e-10,0.2432755540787122
2021-09-21,-0.000944919,1.161736628,0.006301963,-0.495882234,-0.040095004,0.000450229,24.36000061,0.672801556,2,Correction,2.028313041716105e-14,1.5655830398837488e-32,0.9999943714077898,1.0575062991859507e-09,5.627535272923116e-06
2021-09-22,0.009707519,0.958965169,0.006377707,-0.442361467,-0.030731333,0.000502698,20.87000084,0.711880622,2,Correction,6.066800807932622e-10,5.768933136607625e-25,0.9999992599025983,5.7286233534545505e-09,7.337615081281835e-07
2021-09-23,0.012076769,0.676916726,0.006962834,-0.234570377,-0.01895473,0.000604898,18.62999916,0.706973699,2,Correction,5.179841435771499e-08,1.2362871233145774e-12,0.9999476869639182,2.8288722573830967e-08,5.223294747730171e-05
2021-09-24,0.001645934,0.442940327,0.006955583,-0.226855405,-0.017338665,0.000674045,17.75,0.714155153,2,Correction,3.903595334201088e-07,1.1127657004922488e-06,0.9996061885836827,6.058059539461333e-08,0.00039224770982415976
2021-09-27,-0.00286507,0.189902634,0.006865287,-0.27659646,-0.020150028,0.000724781,18.76000023,0.702619941,2,Correction,1.2751769308349386e-09,7.904710051694398e-08,0.9986437384787035,7.508077688360713e-10,0.0013561804485381422
2021-09-28,-0.020357487,0.121982088,0.00782079,-0.587674481,-0.039895644,0.000864123,23.25,0.758029379,2,Correction,2.3673393319367814e-20,8.39463468092234e-23,0.9999563714286199,6.813837249933709e-17,4.362857144798788e-05
2021-09-29,0.001681504,1.737694929,0.007738544,-0.575480343,-0.038279866,0.000958713,22.55999947,0.757135113,2,Correction,3.871513738270342e-17,7.053892138146946e-28,1.0,2.341597747034719e-16,1.5360114500348917e-13
2021-09-30,-0.012297585,1.337684543,0.008072006,-0.42472102,-0.050034277,0.001061071,23.13999939,0.752315726,2,Correction,1.9279271265946537e-19,3.5167868394377827e-35,0.9999999999818101,8.93879953747094e-19,1.7494955764744897e-11
2021-10-01,0.011813953,1.878720613,0.008624541,-0.318486365,-0.038744872,0.00118142,21.10000038,0.762483214,2,Correction,1.202397710343691e-17,4.615666603959225e-34,1.0,5.295638942891715e-18,4.5285938498938324e-14
2021-10-04,-0.012979825,1.473670379,0.008884577,-0.138157199,-0.051141171,0.001281907,22.95999908,0.787933614,2,Correction,1.4332825695320055e-18,2.433342422578782e-35,0.999999999998181,1.308477014476961e-18,9.288517048092208e-13
2021-10-05,0.010351057,2.007682714,0.009309723,-0.152797824,-0.041268471,0.001379473,21.29999924,0.8086152,2,Correction,6.684090061225098e-16,3.3432393344159976e-36,1.0,2.639535809574843e-16,2.5236075656258156e-15
2021-10-06,0.004147743,1.580409578,0.009396257,-0.254539287,-0.03728364,0.001452153,21.0,0.846033678,2,Correction,1.778080621483551e-13,5.07127636064106e-26,0.9999999999890861,1.4519722144386746e-13,1.0448798019863123e-11
2021-10-07,0.00860846,1.195959749,0.009658666,-0.322445227,-0.028960361,0.001511809,19.54000092,0.849318705,2,Correction,5.470490524145049e-12,1.2672716464628917e-19,0.9999999907522579,3.450610367679153e-12,9.2396584741494e-09
2021-10-08,-0.001825455,0.868658439,0.009633674,-0.360662821,-0.030731333,0.001542106,18.77000046,0.849674079,2,Correction,7.697423255102787e-12,4.982374992697073e-16,0.9999998260355065,1.870275902335221e-12,1.7395566066095808e-07
2021-10-11,-0.007266062,0.860507024,0.009611512,-0.368231101,-0.037748575,0.001560824,20.0,0.885825315,2,Correction,1.0200761152589934e-11,2.1198568669680333e-21,0.9999998929633933,3.772233179893673e-12,1.0702280431930567e-07
2021-10-12,-0.00246465,0.891929796,0.009580741,-0.297884561,-0.040117267,0.001548897,19.85000038,0.883861977,2,Correction,6.276247372074455e-10,1.4863902964217486e-27,0.9999998420644385,2.941700099650518e-11,1.5727803084929928e-07
2021-10-13,0.00359112,1.029532288,0.009586644,-0.42410558,-0.036664016,0.001518681,18.63999939,0.895290654,2,Correction,4.97963399774405e-08,8.658994970602638e-27,0.9999998375369746,5.460997144509325e-09,1.072057832557741e-07
2021-10-14,0.016680846,0.704255838,0.01014284,-0.25308748,-0.020459984,0.001517811,16.86000061,0.905301054,2,Correction,2.2687769654755005e-06,3.009343739456547e-17,0.9997623337421971,8.378011469315069e-07,0.00023455967939031854
2021-10-15,0.007587023,0.439099634,0.010286755,-0.348973085,-0.012999928,0.001478822,16.29999924,0.904961069,2,Correction,1.4744803691115457e-05,0.0001474864991578254,0.9760085236463706,3.214464348481068e-06,0.023826030586778343
2021-10-18,0.002955999,0.189919604,0.010052807,-0.510943307,-0.01007804,0.001374152,16.30999947,0.896125016,2,Correction,1.613898337103506e-05,0.04113262622882912,0.7354977048859747,6.273514478185997e-06,0.22334725638646347
2021-10-19,0.007685297,-0.053808588,0.009323395,-0.66990973,-0.002440886,0.001312466,15.69999981,0.873734907,4,Bull Recovery,3.0492349371590554e-06,0.08495919937602714,0.30229463346846785,5.547962336966782e-06,0.6127375699588877
2021-10-20,0.003920007,-0.255916927,0.009312547,-0.746833068,0.0,0.001205783,15.48999977,0.872086959,4,Bull Recovery,8.082625202861541e-07,0.09297849770383214,0.09133307479242027,1.9647890029400206e-06,0.8156856544527141
2021-10-21,0.002604899,-0.445177243,0.00914685,-0.704852118,0.0,0.001075286,15.01000023,0.865119504,4,Bull Recovery,2.539030095862878e-07,0.0792935511137976,0.01297690394148695,4.772383853541826e-07,0.9077288138035695
2021-10-22,-0.001036907,-0.625755851,0.00884425,-0.64697419,-0.00103637,0.000979664,15.43000031,0.877215009,4,Bull Recovery,1.6254625561967574e-08,0.04301040059585308,0.0008045872327734648,7.118085008631055e-08,0.9561849247366304
2021-10-25,0.005348665,-0.78996871,0.008893367,-0.691523402,0.0,0.000862432,15.23999977,0.870023007,4,Bull Recovery,6.992635533264004e-10,0.021024530967332315,6.559723904372134e-05,6.789556254977851e-08,0.9789098031996408
2021-10-26,0.000899615,-0.930247661,0.008844447,-0.760287846,0.0,0.000700709,15.97999954,0.871186962,4,Bull Recovery,2.3086971634572034e-11,0.004651241034847985,2.839751034554e-05,8.136268867609298e-08,0.9953202800698241
2021-10-27,-0.004440222,-1.058655119,0.007459102,-0.332079284,-0.004430379,0.00073916,16.97999954,0.641857415,4,Bull Recovery,3.4433847616450324e-11,0.001014605035999296,3.268452372448997e-06,2.9625110643618115e-08,0.9989820968526876
2021-10-28,0.009602776,-0.750039204,0.007631471,-0.414802169,0.0,0.000749764,16.53000069,0.609922241,4,Bull Recovery,3.800847116779564e-12,0.00016473611791354497,1.9034116484646037e-06,1.4087988151173009e-08,0.9998333463793649
2021-10-29,0.002026994,-0.891493444,0.006837122,-0.360230083,0.0,0.000876779,16.26000023,0.505956683,4,Bull Recovery,8.193843753759325e-13,0.0001584090109248542,2.2581030987715377e-07,1.7712032990517734e-10,0.9998413650010688
2021-11-01,0.001718786,-1.037876199,0.006552303,-0.299177947,0.0,0.00103507,16.40999985,0.491043683,4,Bull Recovery,3.3846178372248734e-14,3.606293738546694e-05,6.010525856663431e-08,1.0303138729162233e-10,0.9999638768544024
2021-11-02,0.004034988,-1.182794642,0.005473327,0.244590234,0.0,0.001290229,16.03000069,0.317961178,4,Bull Recovery,5.164128907252308e-16,6.616062961506479e-06,1.0717445865327398e-11,1.80496655883141e-15,0.9999933839263251
2021-11-03,0.00608659,-1.302697501,0.00528457,0.286748066,0.0,0.001498648,15.10000038,0.26686598,4,Bull Recovery,1.43730850953607e-19,4.288067682018165e-06,7.173597929477072e-13,8.865888756523794e-17,0.9999957119308498
2021-11-04,0.004701462,-1.404731162,0.005290099,0.27119929,0.0,0.001655445,15.43999958,0.255589851,4,Bull Recovery,2.0851070807308003e-21,2.846249347094487e-07,1.9020268879585997e-13,5.577998038807418e-17,0.9999997153754926
2021-11-05,0.003463751,-1.497427828,0.005153312,0.386179585,0.0,0.00177833,16.47999954,0.253342744,4,Bull Recovery,3.038412080290141e-23,2.369239721349576e-09,2.410366074809257e-14,5.734210098379549e-17,0.9999999976298568
2021-11-08,0.000853187,-1.581693241,0.005056585,0.374909964,0.0,0.00187617,17.21999931,0.246191593,4,Bull Recovery,2.201161662095389e-25,1.9182252306410268e-11,6.615451719754568e-15,3.920343098946139e-17,0.9999999999799911
2021-11-09,-0.003310709,-1.663772524,0.004706255,0.776173789,-0.003305235,0.00197074,17.78000069,0.241129089,4,Bull Recovery,2.933881006013513e-26,2.169416417387975e-12,3.9152188553822373e-16,3.424114148390719e-17,0.999999999998181
2021-11-10,-0.008077337,-1.456636589,0.005193289,0.251072782,-0.011323448,0.00200301,18.72999954,0.348065019,4,Bull Recovery,1.880672838657118e-26,2.290893534230923e-13,1.3619180494660254e-12,2.8127649630282016e-13,0.999999999998181
2021-11-11,0.000323235,-0.713506935,0.005229363,0.328992585,-0.011003822,0.002009859,17.65999985,0.356857381,4,Bull Recovery,2.9999528459856553e-21,1.670290432490827e-12,6.394229530779647e-12,3.926845269848887e-14,0.999999999992724
2021-11-12,0.007518626,-0.846359096,0.004340096,-0.651941325,-0.003539905,0.002008084,16.29000092,0.277991726,4,Bull Recovery,3.498598333166658e-21,1.783039910675003e-13,5.1618761224518655e-11,4.124371251172665e-15,0.9999999999490683
2021-11-15,0.000342436,-0.975536574,0.004209297,-0.55545728,-0.003198623,0.001961896,16.48999977,0.284587281,4,Bull Recovery,1.247638134542932e-20,2.2901218567821856e-13,3.121930594930404e-11,2.5422492410386304e-15,0.9999999999690772
2021-11-16,0.003950029,-1.109739216,0.004223215,-0.581331211,0.0,0.001889978,16.37000084,0.287375378,4,Bull Recovery,4.361284744645656e-21,3.4742916234782713e-13,2.158232573680032e-11,4.80797456232092e-15,0.9999999999781721
2021-11-17,-0.002432245,-1.223956601,0.004154205,-0.439998295,-0.00242929,0.001843195,17.11000061,0.237477677,4,Bull Recovery,1.50320875420161e-22,1.3167484425076567e-13,1.0541125739711013e-12,3.1428382006521326e-17,0.999999999998181
2021-11-18,0.003390713,-1.154082327,0.004142378,-0.428979421,0.0,0.001761043,17.59000015,0.236685143,4,Bull Recovery,1.6318832705465819e-24,1.7149240558693103e-14,6.220972239037136e-13,2.6477899275827818e-17,1.0
2021-11-19,-0.001789845,-1.263438822,0.004209566,-0.287665363,-0.001788244,0.001650459,17.90999985,0.211679635,4,Bull Recovery,2.688424430800159e-25,1.6992501180396842e-13,1.2748333723388805e-13,1.1598636876918072e-18,1.0
2021-11-22,-0.002819282,-1.20987866,0.004282301,-0.256168858,-0.004598521,0.001524693,19.17000008,0.206403441,4,Bull Recovery,2.819235237659644e-27,3.20401899836043e-14,8.257600509107566e-14,4.217351940671126e-19,1.0
2021-11-23,0.0013252,-1.065216669,0.004190276,-0.172619801,-0.003278541,0.001348832,19.37999916,0.22485288,4,Bull Recovery,3.4103017875142344e-27,2.239447380525217e-14,2.0588604446437785e-13,1.2622397839186902e-18,1.0
2021-11-24,0.002666429,-1.186964164,0.004199493,-0.231283735,-0.000617307,0.001107291,18.57999992,0.22292068,4,Bull Recovery,2.5359418294334525e-28,1.52670427390126e-10,2.177956800390212e-09,4.858462303502935e-21,0.9999999976698746
2021-11-26,-0.022555764,-1.287323591,0.006619675,-2.045487702,-0.022906824,0.00103174,28.62000084,0.623695168,2,Correction,5.3214912551754976e-49,2.086511981618077e-35,0.9970335727063216,6.044841399742221e-14,0.0029664272937333282
2021-11-29,0.012191995,1.456538245,0.006818345,-1.791657337,-0.010921193,0.000943218,22.95999908,0.668458369,2,Correction,4.295112410552095e-22,4.136755748291499e-25,1.0,1.3110185105916402e-14,5.4566339247114236e-14
2021-11-30,-0.0196494,1.103438732,0.008116364,-1.470608071,-0.030166302,0.00109339,27.19000053,0.571155529,2,Correction,6.616233370045022e-35,1.2861711151812634e-29,1.0,4.305294550447695e-22,3.9167352155557724e-14
2021-12-01,-0.011169431,2.341597865,0.008430592,-1.196088696,-0.040938521,0.001277969,31.12000084,0.576558473,2,Correction,1.7581836533481202e-37,4.572778931352293e-49,1.0,2.56079234135165e-24,1.1756823655390299e-25
2021-12-02,0.015200115,2.858294604,0.009090122,-0.852993235,-0.02624932,0.001533905,27.95000076,0.517057936,2,Correction,9.938610251154505e-34,3.8744386384755045e-40,1.0,2.1675862067690572e-26,1.99636304456071e-30
2021-12-03,-0.008739298,2.329997268,0.009131387,-0.660347364,-0.03472214,0.001738265,30.67000008,0.536968673,2,Correction,1.1841210720960167e-35,8.149069854186079e-44,1.0,1.3372125135963233e-24,4.1277358508039334e-26
2021-12-06,0.011773783,2.236439681,0.009482513,-0.580700598,-0.02329,0.001935163,27.18000031,0.581700566,2,Correction,1.1117701147649973e-29,1.06124441374142e-33,1.0,4.871201456081367e-24,1.3189788368534112e-21
2021-12-07,0.02047384,1.779810576,0.010536092,-0.239768708,-0.003086884,0.002190329,21.88999939,0.660087973,2,Correction,8.19470343480118e-25,3.240066446671396e-21,1.0,9.242739180228317e-23,4.49037423758535e-19
2021-12-08,0.002644289,1.424859188,0.010550799,-0.262817845,-0.000447269,0.002388975,19.89999962,0.664204555,2,Correction,4.493770474460694e-21,2.0847516281625298e-20,1.0,6.1877617184924e-21,4.607534023460249e-21
2021-12-09,-0.006774375,1.054320299,0.010632879,-0.221061849,-0.00719573,0.002539252,21.57999992,0.667784343,2,Correction,5.331038584079822e-23,7.101251909790813e-21,1.0,8.95076227426808e-21,2.0593769901603118e-16
2021-12-10,0.009369515,1.235940381,0.010660389,-0.402041428,0.0,0.002668955,18.69000053,0.660484055,2,Correction,6.93433721816445e-21,3.1888035661423794e-18,1.0,1.8690499353450083e-20,4.6633722457495836e-17
2021-12-13,-0.008897968,0.905257135,0.010865731,-0.290969785,-0.008858498,0.002781867,20.30999947,0.679246833,2,Correction,8.299541678412901e-23,1.042430248659527e-19,1.0,5.2417982171555854e-21,1.12738592392099e-15
2021-12-14,-0.006903819,1.259645552,0.010841536,-0.128068414,-0.015677594,0.002822035,21.88999939,0.667008452,2,Correction,4.552520566681447e-24,5.1978176189500656e-20,1.0,7.496746279056105e-22,4.0065433551646983e-17
2021-12-15,0.015504434,1.440363298,0.011384717,-0.166150409,-0.000297309,0.00285072,19.29000092,0.692688615,2,Correction,3.2245229236382346e-23,3.7028374662721106e-20,1.0,2.331895779946115e-21,4.257599592723703e-18
2021-12-16,-0.008857712,1.097090429,0.011522858,-0.024880952,-0.009113285,0.002845358,20.56999969,0.711385485,2,Correction,2.3124469336122233e-21,2.2426847283224973e-20,1.0,1.22984929680433e-19,4.179391047443144e-18
2021-12-17,-0.010699933,1.183506785,0.011738995,0.044170145,-0.019659186,0.002802021,21.56999969,0.71291826,2,Correction,1.5591089941081228e-19,1.1618461550332407e-17,1.0,4.373619544259771e-19,1.9082519173718663e-16
2021-12-20,-0.010690403,1.931444689,0.011895853,0.183344219,-0.030083604,0.002715551,22.87000084,0.717759871,2,Correction,9.98999253672523e-17,6.177712734027961e-21,1.0,5.8820984945870395e-18,4.650328507525724e-24
2021-12-21,0.017603184,2.194819919,0.012592528,0.103459584,-0.012858827,0.002618486,21.01000023,0.734001584,2,Correction,3.615984995236582e-14,4.512713199857395e-19,1.0,1.5351728267399274e-16,5.351972417926524e-24
2021-12-22,0.009949164,1.762028603,0.012778222,-0.019592515,-0.002988579,0.002469837,18.62999916,0.739962078,2,Correction,6.6751522890888055e-12,2.6466921064635863e-14,0.999999999992724,2.2988055555094645e-15,8.407884825995296e-23
2021-12-23,0.006202777,1.373746,0.012844252,-0.069639648,0.0,0.002228234,17.95999908,0.739678477,2,Correction,8.599815935416373e-11,2.257321219383023e-12,0.9999999999108695,3.1191081849325704e-14,6.920443345088004e-19
2021-12-27,0.014052845,1.020075291,0.013180144,-0.134440793,0.0,0.001888123,17.68000031,0.751655827,2,Correction,5.431713147909204e-10,8.559152936640635e-09,0.9999999908905011,6.024796829046973e-13,7.282604552371768e-12
2021-12-28,-0.000817669,0.720582625,0.012046295,-0.060261255,-0.000817335,0.001697619,17.54000092,0.71460015,2,Correction,6.184128575101982e-09,1.7201492903392704e-08,0.9999999765968826,1.1324835601482155e-11,5.970762194243546e-12
2021-12-29,0.001278524,0.426479158,0.011817346,0.03846012,0.0,0.00145636,16.95000076,0.702796454,2,Correction,2.6724638761688753e-08,2.541865626518085e-06,0.9999974199196546,3.1586898535541996e-10,1.1174892679491157e-08
2021-12-30,-0.00276839,0.302426408,0.010842939,0.196934367,-0.002764562,0.00130381,17.32999992,0.824396808,2,Correction,7.60720996036696e-08,9.997835779546512e-06,0.9999896634878844,8.445623688602516e-09,2.541594003268834e-07
2021-12-31,-0.002523244,0.107923921,0.010464538,0.201735097,-0.005277658,0.001164576,17.21999931,0.83832753,2,Correction,9.004516886710082e-08,0.0002740373072567664,0.9996946975433694,1.1251518968527703e-08,3.116385318351949e-05
2022-01-03,0.005773257,0.208323446,0.010096544,0.26526001,0.0,0.001092504,16.60000038,0.856947135,2,Correction,1.5498509020689414e-07,0.0002334193521427386,0.9997140924127402,2.923966524263831e-08,5.230400998746417e-05
2022-01-04,-0.000335183,-0.022602243,0.009802033,0.235308986,-0.000335126,0.001036338,16.90999985,0.84655425,2,Correction,4.010483631542979e-08,5.381324137962508e-05,0.9998079198119083,1.1646512811868328e-08,0.0001382151962164257
2022-01-05,-0.019388676,-0.228043146,0.010669921,0.130055156,-0.019530615,0.00096406,19.72999954,0.866214076,2,Correction,8.942841806255508e-14,3.908355749745287e-08,0.9999474834042081,1.574441576178634e-14,5.24775114444343e-05
2022-01-06,-0.000939843,1.352834375,0.00971122,0.092484706,-0.02045167,0.001013238,19.61000061,0.840389032,2,Correction,3.1785782384497186e-12,2.3054477476808024e-08,0.9999999769333956,1.257386873221841e-13,8.344686803344603e-12
2022-01-07,-0.003961593,1.129160869,0.009732753,0.186569948,-0.024324565,0.001057545,18.76000023,0.848088482,2,Correction,5.7182301899362345e-11,1.8584285794273906e-08,0.9999999804149413,2.6101009565364435e-12,9.418817642644282e-10
2022-01-10,-0.00124506,1.099661004,0.009619631,0.125485681,-0.025538584,0.001108694,19.39999962,0.850866597,2,Correction,5.193989484090938e-10,3.2507679060148293e-10,0.9999999876799848,1.219106944371341e-10,1.1353144394696567e-08
2022-01-11,0.009067002,0.841293327,0.009605242,0.126279923,-0.016662963,0.00115702,18.40999985,0.840962761,2,Correction,3.2250685042953205e-09,2.493785229595629e-08,0.9999980376761568,1.2248604142573334e-09,1.9329357645782324e-06
2022-01-12,0.002700008,0.543579669,0.009395148,-0.00034461,-0.014004357,0.001217704,17.62000084,0.839935096,2,Correction,7.917898685519423e-09,2.5166636869293745e-05,0.9999599445055312,1.792872331858536e-09,1.487914769652527e-05
2022-01-13,-0.01387435,0.269650208,0.009789094,-0.039055327,-0.027589942,0.001249063,20.30999947,0.855359733,2,Correction,2.72958632339829e-14,2.2611221454066475e-10,0.9999737530676923,7.765311188064311e-14,2.624670634881358e-05
2022-01-14,0.000408786,1.249396672,0.009149107,-0.041532514,-0.027192353,0.001310646,19.19000053,0.826684626,2,Correction,4.2333329122742746e-13,1.9277018633459406e-12,0.9999999994215614,1.036239898513103e-13,5.754819861444363e-10
2022-01-18,-0.017868234,0.901264293,0.009755233,-0.158514937,-0.044420333,0.001326575,22.79000092,0.845770639,2,Correction,4.355559439381435e-22,5.735192999706562e-25,0.9999999965184543,6.372747140946368e-21,3.4807553808472153e-09
2022-01-19,-0.010437732,1.981992104,0.009742169,-0.158985185,-0.054342544,0.00133007,23.85000038,0.824770635,2,Correction,1.834062950518651e-26,4.680189690252179e-41,1.0,4.156497013338753e-24,6.784642708082392e-17
2022-01-20,-0.011129834,2.368630588,0.009764812,-0.158639457,-0.0648092,0.001318683,25.59000015,0.81923849,2,Correction,4.4456523481416296e-29,2.348996044691308e-60,1.0,2.172188671815146e-24,3.884998427493407e-21
2022-01-21,-0.019825983,2.682933567,0.009639622,-0.339902579,-0.083167688,0.00125579,28.85000038,0.791769546,2,Correction,8.600909041290212e-31,1.0835033363176528e-97,1.0,1.777422037658585e-24,2.6858999485957665e-27
2022-01-24,0.004237808,3.0,0.009342317,-0.389048114,-0.079274085,0.001164267,29.89999962,0.765142552,2,Correction,9.650018364943385e-33,4.233430486143359e-120,1.0,6.567209661562513e-25,2.9009889753991107e-28
2022-01-25,-0.012284124,2.845620288,0.009310299,-0.201824676,-0.090515211,0.001031044,31.15999985,0.765440035,2,Correction,1.9335733200574335e-33,6.398714292519568e-131,1.0,7.444156151902843e-25,8.703810684644254e-29
2022-01-26,-0.002511962,2.93300535,0.008376673,-0.482860724,-0.092796936,0.000844823,31.95999908,0.682537735,2,Correction,1.2765661657491766e-34,1.0148286068953265e-157,1.0,1.385053323804284e-25,2.3141987705212772e-30
2022-01-27,-0.004950195,2.690215347,0.008331977,-0.422823701,-0.097276671,0.00076626,30.48999977,0.676601728,2,Correction,1.4736843731908717e-29,5.418183949610844e-171,1.0,1.5439590752240869e-24,5.652700547701831e-29
2022-01-28,0.024532113,2.433992905,0.010453762,0.579594927,-0.074857084,0.00062861,27.65999985,0.738679959,2,Correction,5.495517457410161e-24,1.6396169384650935e-148,1.0,3.7140114023116113e-20,9.031901080644058e-25
2022-01-31,0.017850734,2.007463906,0.011463439,0.515105104,-0.058194325,0.000696214,24.82999992,0.743387495,2,Correction,1.7671056631690608e-17,1.630194147639682e-84,1.0,3.5555461740585574e-17,3.8543680663729944e-16
2022-02-01,0.006734153,1.619349593,0.011647114,0.401939804,-0.051830658,0.000799261,21.95999908,0.73300706,2,Correction,1.7031732818480946e-13,1.0634320405960331e-55,0.999999999994543,1.031806042796556e-14,5.811387456903291e-12
2022-02-02,0.00966715,1.253335917,0.011811229,0.373787557,-0.042620115,0.000912664,22.09000015,0.750048254,2,Correction,6.938628179057233e-17,3.294570273335107e-41,0.9999999966767064,3.208368566781583e-17,3.3227662149907892e-09
2022-02-03,-0.023785523,0.925274291,0.012712751,0.315177221,-0.065123212,0.001103989,24.35000038,0.767664945,2,Correction,3.212861328696016e-19,1.0206065974101823e-59,0.999999999998181,2.916922386084563e-20,1.6825888291453148e-12
2022-02-04,0.004690937,2.056053943,0.012256462,0.195116487,-0.060727462,0.001201983,23.21999931,0.737199434,2,Correction,3.26097861067495e-17,4.638500395136201e-72,1.0,2.2356775029426518e-20,2.585826249701322e-16
2022-02-07,-0.003214133,1.655375038,0.012256264,0.22220801,-0.063741562,0.001288485,22.86000061,0.741778956,2,Correction,3.782202425950795e-15,2.3109761308823463e-73,1.0,4.564657896639293e-18,2.066522312943451e-14
2022-02-08,0.008194147,1.274465854,0.012452031,0.098430644,-0.056038205,0.001373258,21.44000053,0.750047356,2,Correction,1.3604948323066902e-13,1.3971371885864937e-74,0.999999999998181,2.6784568468095486e-15,1.4035099788076605e-12
2022-02-09,0.01453013,0.937545763,0.012939149,0.007814902,-0.042222186,0.001475002,19.95999908,0.750870599,2,Correction,2.5733976891167527e-14,3.1060922754982233e-54,0.9999999996762199,1.6172516843609727e-15,3.229524666195147e-10
2022-02-10,-0.018129029,0.658362978,0.013256949,0.173310615,-0.059429322,0.001577724,23.90999985,0.771779291,2,Correction,4.0052271763532047e-22,8.264023078664522e-55,0.9999999999599822,1.8050542293748724e-21,3.930778001666168e-11
2022-02-11,-0.019915777,1.434029341,0.013755278,0.283149683,-0.077976217,0.001686207,27.36000061,0.782467504,2,Correction,6.340438528601551e-29,5.119855413113275e-93,1.0,1.9730845887019582e-23,1.203158827781171e-17
2022-02-14,-0.003274729,2.734703469,0.013536519,0.207582281,-0.080990657,0.001762981,28.32999992,0.781398832,2,Correction,7.042357747177561e-27,2.997565964953034e-113,1.0,4.236795048366572e-25,3.4518187845438244e-26
2022-02-15,0.015998331,2.28721873,0.014129423,0.138865435,-0.066169802,0.001828883,25.70000076,0.797925498,2,Correction,1.6319711664321987e-22,1.262492585612656e-106,1.0,3.6153611794451763e-22,2.7035086288058943e-21
2022-02-16,0.001120123,1.836918409,0.013659379,0.031604026,-0.065123212,0.001863962,24.29000092,0.785283658,2,Correction,5.988297214923749e-25,1.581156132091416e-83,1.0,1.874280545477613e-24,4.738739852525824e-17
2022-02-17,-0.021592955,1.426714593,0.014247256,0.003466895,-0.085093578,0.001913927,28.11000061,0.815540446,2,Correction,3.436668590603316e-29,1.4891366385448874e-115,1.0,2.888852986137915e-23,2.2485224926587287e-20
2022-02-18,-0.006496014,2.570037725,0.01412724,-0.030774698,-0.091017561,0.001931982,27.75,0.81798991,2,Correction,1.8924898128795613e-28,1.3660962590082478e-149,1.0,3.9449215511437653e-25,9.15794421175958e-28
2022-02-22,-0.010789617,2.515996299,0.013666562,-0.021160783,-0.100772413,0.001896906,28.80999947,0.807374723,2,Correction,7.681825590020903e-29,1.180697065289376e-180,1.0,3.986531177897716e-25,2.1343719554787397e-30
2022-02-23,-0.017898028,2.579933782,0.014095516,0.119051824,-0.11672364,0.001836205,31.02000046,0.825346169,2,Correction,1.1812412800198968e-29,3.9485055105467e-237,1.0,6.570575034019951e-25,5.44851821705594e-37
2022-02-24,0.014937105,3.0,0.01434966,-0.062752129,-0.103431019,0.001752107,30.31999969,0.814830937,2,Correction,1.2417533400367232e-29,4.4344429487094317e-249,1.0,6.696502755146135e-25,7.6965362025811e-39
2022-02-25,0.021823958,2.624608188,0.015154502,-0.120944011,-0.083649263,0.001558736,27.59000015,0.8277992,2,Correction,3.300210886143248e-27,1.6420724856644223e-184,1.0,4.586055516026225e-24,9.299823797300447e-30
2022-02-28,-0.002561603,2.158936948,0.015120652,-0.142928864,-0.085993585,0.001241962,30.14999962,0.834483618,2,Correction,1.1060861814315264e-29,1.0475453623045683e-140,1.0,1.1890316928245987e-23,5.603523032696733e-22
2022-03-01,-0.01534753,1.789873907,0.014453112,-0.058882201,-0.099914229,0.001099037,33.31999969,0.865894055,2,Correction,4.3852265630642696e-33,5.847395784714729e-174,1.0,6.657376851663581e-23,4.182535972412505e-25
2022-03-02,0.018229159,2.345250915,0.014478407,-0.055226148,-0.083355959,0.001030203,30.73999977,0.882659793,2,Correction,1.1945145629533624e-29,1.0654786069170248e-172,1.0,7.714840871963344e-23,8.045797621040569e-26
2022-03-03,-0.004991013,1.916271352,0.014379257,0.053276463,-0.087919544,0.000950086,30.47999954,0.886976348,2,Correction,1.3150382524287398e-30,1.3516040416104245e-145,1.0,1.5454581882282934e-23,3.670238063546387e-21
2022-03-04,-0.00815775,1.70602956,0.014190402,0.207659265,-0.095329801,0.000855926,31.97999954,0.883198526,2,Correction,7.646681076906602e-32,5.369171801201919e-171,1.0,3.194323850165321e-23,8.231624454072996e-24
2022-03-07,-0.02992237,1.837662833,0.014700436,0.073697308,-0.121998689,0.000842708,36.45000076,0.891588016,2,Correction,6.524383926437351e-36,8.60239000527075e-245,1.0,1.863774034029443e-22,4.621742619075468e-35
2022-03-08,-0.007610614,3.0,0.014624005,0.18902794,-0.128655456,0.000771881,35.13000107,0.89683632,2,Correction,7.971363045795407e-33,9.21741e-318,1.0,8.289643842943286e-25,7.547486570005311e-44
2022-03-09,0.026457505,3.0,0.01602671,0.208985235,-0.105294175,0.000789293,32.45000076,0.920024474,2,Correction,3.4764771321045004e-31,2.0758606121627313e-297,1.0,4.8124016981819545e-23,1.875261905935202e-42
2022-03-10,-0.004525658,2.569898343,0.015855201,0.318891892,-0.109334158,0.000770402,30.22999954,0.904504423,2,Correction,1.0080975013390298e-28,4.551180568066287e-240,1.0,1.4052204776608549e-24,9.530691736226202e-33
2022-03-11,-0.012796477,2.107149998,0.015481544,0.516177291,-0.120658931,0.00074158,30.75,0.902398986,2,Correction,1.4272536890825955e-28,2.4386684188625457e-287,1.0,1.6240580255963278e-24,5.579078627844253e-38
2022-03-14,-0.00733527,2.52434733,0.015167389,0.485007458,-0.127085535,0.000705187,31.77000046,0.888940987,2,Correction,2.09440955167378e-25,0.0,1.0,1.9904603717350886e-24,4.37901375519885e-43
2022-03-15,0.021752047,2.330003942,0.0156382,0.326068772,-0.107889843,0.000720853,29.82999992,0.900337488,2,Correction,4.122161186053659e-21,4.33652e-317,1.0,6.62385676841844e-21,2.863580795210724e-43
2022-03-16,0.021931922,1.897554514,0.016447297,0.205062491,-0.088108018,0.000779012,26.67000008,0.907445351,2,Correction,4.137823403367014e-18,1.1400953776493737e-228,1.0,4.061528908579455e-19,1.4100459021169034e-31
2022-03-17,0.012433467,1.530896566,0.016287528,0.216082673,-0.076699261,0.000832001,25.67000008,0.901230493,2,Correction,9.391479527124625e-17,8.195328799180406e-158,1.0,7.056917039411977e-18,5.798227154303658e-22
2022-03-18,0.010893101,1.198168495,0.016475865,0.138969361,-0.066586674,0.000854754,23.87000084,0.902058411,2,Correction,2.3868110220023893e-15,1.214062336288806e-124,1.0,1.7731360078082708e-16,8.676053516640814e-18
2022-03-21,-0.00029223,0.899033414,0.015723366,0.09262014,-0.066859405,0.000850578,23.53000069,0.890845165,2,Correction,1.5954164603786525e-14,6.713143602366943e-107,1.0,2.249775864190019e-15,2.5687134064362274e-15
2022-03-22,0.011633452,0.620426058,0.015792244,-0.055555589,-0.055940369,0.000835906,22.94000053,0.890629543,2,Correction,9.404985019149783e-14,7.299045087558737e-97,1.0,5.2615442637042845e-14,5.923049315508476e-15
2022-03-23,-0.012962257,0.386633547,0.015885706,-0.050179531,-0.068098544,0.000777492,23.56999969,0.876167261,2,Correction,9.635877547955692e-13,9.974873401996737e-100,0.999999999998181,2.5803354793605653e-13,2.5172910906404116e-15
2022-03-24,0.014961934,0.693637742,0.015471781,-0.22993572,-0.054050667,0.00073164,21.67000008,0.86695874,2,Correction,6.250722172313509e-12,1.5482482333424457e-98,0.999999999992724,1.2071650952844756e-12,8.505873405370429e-15
2022-03-25,0.004871742,0.455852912,0.015246353,-0.166545029,-0.049431001,0.000697601,20.80999947,0.890252533,2,Correction,2.3024636083789198e-11,8.669715333229109e-72,0.9999999999199645,4.278089109296258e-12,5.300645455368349e-11
2022-03-28,0.007087816,0.235845047,0.01465387,-0.151318058,-0.04266961,0.000713418,19.62999916,0.889983103,2,Correction,7.36124839477512e-11,7.218070796062779e-60,0.999999999310603,3.1053392254097327e-11,5.846183449349363e-10
2022-03-29,0.012294836,0.038812485,0.014776515,-0.276375735,-0.030826736,0.000722555,18.89999962,0.894662337,2,Correction,1.431384644714544e-10,3.002758322142311e-43,0.9999999811152522,2.587876253578241e-10,1.8482153358810236e-08
2022-03-30,-0.006193758,-0.130005749,0.014343365,-0.304611863,-0.036811009,0.000729515,19.32999992,0.894762768,2,Correction,8.598076482970682e-13,7.231750770985166e-36,0.9999997600062048,1.4816882780231024e-13,2.399928593794448e-07
2022-03-31,-0.015511112,-0.139106727,0.014468,-0.122379651,-0.051635869,0.000730116,20.55999947,0.897162784,2,Correction,8.026081401038953e-12,7.385250456654835e-58,0.9999999999035936,1.2329486165247074e-12,8.718095573055304e-11
2022-04-01,0.002830207,0.820835298,0.014389766,-0.198970672,-0.048948001,0.000729445,19.62999916,0.898480142,2,Correction,3.2335253297098546e-11,8.39454317376587e-63,0.9999999978990672,1.365233657102031e-12,2.066890412950398e-09
2022-04-04,0.008530011,0.552390677,0.014261418,-0.35246059,-0.040800819,0.000724109,18.56999969,0.894722652,2,Correction,1.2978064146833014e-11,1.103406262405415e-54,0.9999999878782546,1.2439082151743445e-12,1.2106938329799669e-08
2022-04-05,-0.012711766,0.317115673,0.012696383,0.08463004,-0.052916764,0.000916359,21.03000069,0.893208861,2,Correction,1.4289269588833917e-14,4.108240447668438e-51,0.9999999931533239,1.220366076850368e-15,6.846327839818793e-09
2022-04-06,-0.010049703,0.650136577,0.012814734,0.08252646,-0.062387003,0.001050819,22.10000038,0.884367103,2,Correction,5.238592092351772e-15,9.316836345368997e-74,0.9999999999818101,3.6073607388080437e-16,1.7723848455482916e-11
2022-04-07,0.005026561,1.04985425,0.011699043,-0.010193483,-0.057662169,0.001269476,21.54999924,0.865462286,2,Correction,3.674506356580638e-15,5.53160162210347e-75,0.999999999990905,2.75721434368821e-16,9.858860011596938e-12
2022-04-08,-0.002677673,0.752531548,0.011650642,-0.026868194,-0.060182067,0.001437115,21.15999985,0.875464831,2,Correction,2.3761185807813757e-19,7.277138102369146e-75,0.9999999999854481,1.3622394671004685e-20,1.3999909857212927e-11
2022-04-11,-0.017239923,0.590437074,0.011979162,-0.093803259,-0.076245591,0.001544957,24.37000084,0.883032708,2,Correction,4.8813367615123806e-23,2.0669155010353404e-102,1.0,1.052704979568803e-22,5.357532606887373e-16
2022-04-12,-0.003712148,1.339030877,0.011858231,-0.120380918,-0.079668347,0.001645923,24.26000023,0.877156577,2,Correction,1.124224245087642e-21,1.7734161877912132e-127,1.0,5.370634064147436e-23,8.913136872597762e-19
2022-04-13,0.011388386,1.206773381,0.011216041,-0.239920759,-0.069127347,0.001759569,21.81999969,0.864259132,2,Correction,4.936780053782646e-20,5.60635559453122e-123,1.0,4.426793127726524e-22,2.751530085809016e-18
2022-04-14,-0.012529914,0.896319609,0.010665421,-0.265474532,-0.080718333,0.001840355,22.70000076,0.859058853,2,Correction,4.640846351091361e-19,3.384094758769951e-123,1.0,4.741476653252615e-21,5.042248178751045e-18
2022-04-18,0.000410776,1.147040001,0.010302816,-0.205449414,-0.080340637,0.001917441,22.17000008,0.866854144,2,Correction,4.41523523969523e-18,8.65418676989344e-143,1.0,2.9955220617680176e-19,4.0126487554553477e-20
2022-04-19,0.016013923,0.947675155,0.010633496,-0.134125683,-0.065494729,0.001908725,21.37000084,0.860001668,2,Correction,2.0088630999595624e-17,2.1972681193121142e-122,1.0,1.2997240654758053e-17,1.7311080769156201e-18
2022-04-20,-0.000741696,0.676974836,0.010634684,-0.127913713,-0.066187591,0.001916481,20.31999969,0.861761969,2,Correction,4.171029869866991e-21,1.1878977599201597e-98,1.0,3.6386298535211146e-22,1.6285409024417762e-14
2022-04-21,-0.015066423,0.418498795,0.010773748,0.036507863,-0.080151347,0.001878621,22.68000031,0.844837406,2,Correction,7.177200238665695e-24,4.8823423501108625e-123,1.0,4.2486934805367715e-22,2.44388947613667e-18
2022-04-22,-0.027822692,1.051650344,0.012000563,-0.301357934,-0.105391264,0.00175475,28.20999908,0.877856929,2,Correction,1.0415497015810647e-24,1.4511037498534634e-188,1.0,3.2423369191369764e-21,2.3562450518604482e-28
2022-04-25,0.005780707,2.28767406,0.011511086,-0.371483863,-0.100204817,0.00165083,27.02000046,0.865467321,2,Correction,6.001140567230702e-22,2.3585810786471268e-220,1.0,5.456093739228566e-20,7.782108199521729e-32
2022-04-26,-0.029388365,1.819324471,0.012788542,-0.368368516,-0.126263539,0.001529307,33.52000046,0.88722389,2,Correction,1.2115096730101308e-24,1.905439370685987e-268,1.0,2.8497372160933703e-17,3.760535292970921e-39
2022-04-27,0.002807991,2.797888999,0.012635977,-0.358969197,-0.123806647,0.001440541,31.60000038,0.835370715,2,Correction,5.089550885022892e-19,0.0,1.0,6.400483586269783e-16,1.5272178357392866e-45
2022-04-28,0.024945582,2.306802058,0.013717796,-0.012741092,-0.101674593,0.001365771,29.98999977,0.832570441,2,Correction,4.85810725720834e-16,4.2136000171005425e-283,1.0,7.912633144120696e-13,5.459447857856646e-41
2022-04-29,-0.037655991,1.873943765,0.0156022,-0.244420515,-0.134872946,0.001485114,33.40000153,0.849756038,2,Correction,2.5433578809786936e-12,1.1354596251951732e-304,0.9999999999872671,1.0779919985942443e-11,3.1328003094467186e-44
2022-05-02,0.006001609,3.0,0.015591583,-0.413445314,-0.12966518,0.001584069,32.34000015,0.844368878,2,Correction,3.687900315812371e-08,0.0,0.9999999630708778,4.936587383148831e-11,6.276080828715727e-52
2022-05-03,0.004573438,2.654773432,0.015634842,-0.422072025,-0.125675642,0.001684228,29.25,0.835397879,2,Correction,1.9987418205321962e-05,0.0,0.999980011698106,8.840434679981284e-10,5.112775087631008e-49
2022-05-04,0.029998484,2.144984142,0.017126228,-0.123925451,-0.099049867,0.001938309,25.42000008,0.846170782,2,Correction,7.591365857835003e-05,4.23256e-319,0.9999232992507874,7.870909238074092e-07,1.979153204059943e-46
2022-05-05,-0.036189741,1.736538669,0.01850396,-0.200936815,-0.131072086,0.002334226,31.20000076,0.863190186,2,Correction,9.392024382125471e-05,2.979558735479916e-309,0.9999016401807659,4.439575832229655e-06,8.508748970503624e-47
2022-05-06,-0.005986987,2.936702083,0.018459844,-0.232939421,-0.136258804,0.002638158,30.19000053,0.864313022,2,Correction,0.0015567340556677705,0.0,0.9984424923609673,7.735829049071015e-07,2.187316259785668e-57
2022-05-09,-0.032540883,2.764464012,0.019349601,-0.088262783,-0.163913314,0.002946085,34.75,0.872679528,2,Correction,0.0074211745623245584,0.0,0.9923733353026013,0.00020549013542962212,1.9776675863357304e-74
2022-05-10,0.002307857,3.0,0.019418955,-0.121508728,-0.161981517,0.003185652,32.99000168,0.876110161,0,Recovery,0.7021457342012493,0.0,0.29778341182068496,7.085397751972691e-05,1.6403636320385963e-90
2022-05-11,-0.016013729,3.0,0.019383573,-0.12820495,-0.175294439,0.003374842,32.56000137,0.867500469,0,Recovery,0.9782317295764285,0.0,0.021765415099142184,2.8553239652006134e-06,1.1440923657114111e-97
2022-05-12,-0.001044433,3.0,0.019403925,-0.147381685,-0.176155339,0.003513955,31.77000046,0.865727664,0,Recovery,0.9999493492454763,0.0,5.0598847267361304e-05,5.1906731339200915e-08,1.2723360084455196e-111
2022-05-13,0.023626441,2.640171302,0.020100637,-0.098635689,-0.156459061,0.003626694,28.87000084,0.868331789,0,Recovery,0.9999997856557686,0.0,6.3036059472322635e-09,2.0804023170669594e-07,5.4481839695135105e-114
2022-05-16,-0.004065779,2.15019557,0.020020297,-0.158648094,-0.15988175,0.003646802,27.46999931,0.866620055,0,Recovery,0.9999988762126071,0.0,3.4392328200176085e-12,1.1237833099549547e-06,6.301859541035393e-98
2022-05-17,0.020361742,1.716315507,0.020715726,-0.198564644,-0.142600134,0.003625623,26.10000038,0.871619153,0,Recovery,0.999807389876717,0.0,1.6052833717540257e-16,0.00019261012252975502,4.227854263368935e-104
2022-05-18,-0.041146718,1.354301111,0.021774108,-0.088812117,-0.177163366,0.003630758,30.95999908,0.884547971,0,Recovery,0.9992986975268839,0.0,3.7755911533862823e-19,0.0007013024727979348,1.2050723903224885e-112
2022-05-19,-0.00614324,2.495251105,0.02174002,-0.053607887,-0.182202754,0.003551487,29.35000038,0.879560661,0,Recovery,0.9999998362236645,0.0,2.1137282413569555e-24,1.637755923414308e-07,7.380537987728955e-130
2022-05-20,0.000436263,2.509741894,0.021691225,-0.153725559,-0.181845901,0.003395609,29.43000031,0.884193316,0,Recovery,0.9999999991869117,0.0,2.5566270121347044e-30,8.133877071692681e-10,2.573102296368801e-133
2022-05-23,0.018537358,2.019483014,0.021673318,-0.342393131,-0.166538041,0.003268211,28.47999954,0.889948091,0,Recovery,0.9999999589999797,0.0,2.386962782840829e-32,4.100001153276319e-08,5.47688431227046e-138
2022-05-24,-0.007663205,1.624759836,0.021587852,-0.259592414,-0.172900621,0.00300554,29.45000076,0.89050357,0,Recovery,0.9999999855208443,0.0,2.0271892161754202e-31,1.4479317536555643e-08,1.3838656090622186e-126
2022-05-25,0.008796088,1.670641751,0.020941977,-0.449090082,-0.165593291,0.002757435,28.37000084,0.883455176,0,Recovery,0.9999999940282578,0.0,1.6623110409130792e-32,5.971092209618744e-09,3.649899527376061e-128
2022-05-26,0.01978438,1.31399735,0.021465796,-0.478496604,-0.148920687,0.002421131,27.5,0.924372916,0,Recovery,0.9999994765095386,0.0,5.479431945377399e-32,5.234904234179477e-07,6.07087553585282e-121
2022-05-27,0.02425264,1.003795175,0.021423788,-0.483895633,-0.128027433,0.002106943,25.71999931,0.927110152,0,Recovery,0.9999921677133213,0.0,3.230488366535836e-30,7.832287169667492e-06,3.2457473179038196e-102
2022-05-31,-0.005626679,0.755673998,0.019792969,-0.537064517,-0.132919966,0.001897352,26.19000053,0.925535429,0,Recovery,0.999999597299474,0.0,1.3024965370734303e-27,4.0270068854586555e-07,4.907359522084266e-83
2022-06-01,-0.008121513,0.903996416,0.019822597,-0.435334415,-0.139933449,0.001634566,25.69000053,0.932355176,0,Recovery,0.9999999870251486,0.0,1.1035853842945964e-29,1.2975169726088534e-08,4.851174514101316e-86
2022-06-02,0.018864611,0.791060081,0.020248571,-0.467361252,-0.123554623,0.001292592,24.71999931,0.936999845,0,Recovery,0.9999996482075112,0.0,1.3069845518333172e-30,3.5179279838593086e-07,6.2040233331014735e-93
2022-06-03,-0.016547859,0.543550281,0.01934113,-0.404104558,-0.137938578,0.001104038,24.79000092,0.930053074,0,Recovery,0.999999982333975,0.0,6.313206176673954e-30,1.766676074456686e-08,1.3415564943321901e-84
2022-06-06,0.003040241,0.782712105,0.017709743,-0.485269982,-0.135313716,0.001180551,25.06999969,0.914565569,0,Recovery,0.9999999986121111,0.0,5.500601395660193e-31,1.3877302514905937e-09,6.273201352804605e-90
2022-06-07,0.009546329,0.552436954,0.017781644,-0.597101719,-0.12701961,0.001240824,24.02000046,0.922238968,0,Recovery,0.9999999895626388,0.0,5.697638718803576e-31,1.043783027405105e-08,5.316420687718044e-91
2022-06-08,-0.010931578,0.324643384,0.016340432,-0.557035649,-0.136510692,0.001497917,23.95999908,0.917850082,0,Recovery,0.9999999986084731,0.0,7.3681395798482365e-31,1.3914838547020871e-09,1.0636162158572192e-88
2022-06-09,-0.024070343,0.452880547,0.017265765,-0.415258192,-0.157047026,0.001616794,26.09000015,0.92974821,0,Recovery,0.9999999994452082,0.0,1.038241965938916e-31,5.549602323129353e-10,7.444517120830476e-106
2022-06-10,-0.02942423,1.445915048,0.018125138,-0.438880862,-0.181488913,0.001663838,27.75,0.932760591,0,Recovery,0.9999999999690772,0.0,1.886612222842089e-32,3.0782113414518746e-11,4.261844708614329e-118
2022-06-13,-0.038707698,2.173265355,0.019966241,-0.414425361,-0.212566247,0.001659115,34.02000046,0.945199698,0,Recovery,0.9999999999527063,0.0,1.3194418873785418e-32,4.655725980739215e-11,9.384459581193345e-150
2022-06-14,-0.003018104,3.0,0.019072761,-0.397136223,-0.214939221,0.001670426,32.68999863,0.937660319,0,Recovery,1.0,0.0,5.291147119676226e-35,8.113183222532259e-15,1.443297440074634e-172
2022-06-15,0.014155776,2.909214631,0.019452675,-0.47373568,-0.203747047,0.001673459,29.62000084,0.938667776,0,Recovery,1.0,0.0,2.918213994059915e-36,1.668356896754233e-14,4.632850477660425e-176
2022-06-16,-0.033655956,2.361344201,0.019838632,-0.322078973,-0.230099751,0.001663036,32.95000076,0.938168549,0,Recovery,1.0,0.0,4.102435494032049e-36,4.131881648471116e-14,9.390665318432198e-184
2022-06-17,0.002153207,2.991282249,0.018079865,-0.369172543,-0.22844021,0.001645717,31.12999916,0.924528688,0,Recovery,1.0,0.0,1.548517310217182e-38,8.391521728594176e-17,7.191766242074926e-204
2022-06-21,0.024862133,2.511822496,0.019055495,-0.392527434,-0.209017139,0.00158101,30.19000053,0.936753961,0,Recovery,1.0,0.0,5.548951582888802e-40,8.111975333421196e-15,2.160959380466592e-212
2022-06-22,-0.001814575,2.04208314,0.019049872,-0.375640342,-0.210451135,0.001505939,28.95000076,0.937292394,0,Recovery,1.0,0.0,1.348241913036371e-38,2.23484947314956e-15,2.3261018059691562e-188
2022-06-23,0.009754672,1.620403855,0.01867623,-0.38311997,-0.202711658,0.001422441,29.04999924,0.934476548,0,Recovery,1.0,0.0,2.8331578805717e-40,6.130919570131404e-15,4.3615216743631384e-197
2022-06-24,0.03129908,1.254620939,0.019986621,-0.358364087,-0.177362636,0.00133308,27.22999954,0.937337984,0,Recovery,0.9999999999836291,0.0,1.1620802091312213e-39,1.581327943556045e-11,3.510372217455491e-193
2022-06-27,-0.003827083,0.969104972,0.019890305,-0.275791908,-0.180504921,0.001283652,26.95000076,0.937088872,0,Recovery,0.999999999998181,0.0,1.742905342777287e-36,1.5555636750474134e-12,6.863764241885382e-158
2022-06-28,-0.020644598,0.818946154,0.019748413,-0.091148314,-0.197249628,0.001180014,28.36000061,0.939965055,0,Recovery,1.0,0.0,2.2823372591497945e-37,2.19672842535065e-13,1.1212154772209771e-173
2022-06-29,-0.000814725,1.27534052,0.018765631,-0.063577329,-0.197903383,0.001051543,28.15999985,0.931428417,0,Recovery,1.0,0.0,9.765400729178498e-39,5.866774668400802e-15,6.767389539938903e-185
2022-06-30,-0.00815734,1.071910604,0.018784866,-0.044190979,-0.204419744,0.001034141,28.70999908,0.930311205,0,Recovery,1.0,0.0,1.372557116018184e-39,2.4209053934898376e-15,1.0463663701013398e-193
2022-07-01,0.010520741,0.981203064,0.019024191,-0.162367056,-0.196005465,0.00101318,26.70000076,0.933845197,0,Recovery,1.0,0.0,1.514115208433986e-41,5.6351671096303005e-15,1.71866594179566e-207
2022-07-05,0.001886943,0.693792574,0.01838933,-0.132067447,-0.194486941,0.000966566,27.54000092,0.935714877,0,Recovery,1.0,0.0,7.449171719023688e-41,5.658634787123008e-15,2.576713046183342e-199
2022-07-06,0.003371691,0.433873807,0.018223744,-0.275791901,-0.191766415,0.000964789,26.72999954,0.9445954,0,Recovery,1.0,0.0,7.878372504554306e-42,9.892484317224343e-15,1.342958642430492e-203
2022-07-07,0.014866156,0.202481806,0.018600826,-0.308332472,-0.179661334,0.000937097,26.07999992,0.943687422,0,Recovery,1.0,0.0,6.894520304090181e-42,3.0228009558708565e-13,1.6273906933710308e-205
2022-07-08,-0.000822928,0.0091443,0.01840142,-0.25031609,-0.180336135,0.000913968,24.63999939,0.941400832,0,Recovery,1.0,0.0,1.4531992620016257e-40,1.1468335534994115e-13,6.404074279965002e-190
2022-07-11,-0.011489347,-0.177414512,0.018413838,-0.246301695,-0.189699644,0.000728486,26.17000008,0.942398807,0,Recovery,1.0,0.0,3.114741514833376e-41,3.862834923220018e-14,4.38290618909682e-201
2022-07-12,-0.008888433,0.184878686,0.017835303,-0.313405622,-0.196870031,0.000673276,27.29000092,0.89636503,0,Recovery,1.0,0.0,4.353845095290252e-42,5.457087030280131e-15,3.6081514911810117e-206
2022-07-13,-0.0052652,0.256947632,0.016744333,-0.372903042,-0.201087558,0.000808858,26.81999969,0.879192944,0,Recovery,1.0,0.0,4.852381452794779e-44,4.671031149770138e-16,8.395878253939836e-218
2022-07-14,-0.002431525,0.292627543,0.014380796,-0.047433602,-0.203027774,0.001233032,26.39999962,0.835452104,0,Recovery,1.0,0.0,5.98636129088863e-46,2.1829631825561422e-17,4.235770160188156e-219
2022-07-15,0.01892466,0.142268193,0.01489478,-0.162174548,-0.187801727,0.001466419,24.22999954,0.83140953,0,Recovery,1.0,0.0,1.4527734700099862e-47,9.025758885390769e-16,2.1257518924890246e-228
2022-07-18,-0.008291119,-0.045062353,0.014754834,0.00932109,-0.19450792,0.001644127,25.29999924,0.825121515,0,Recovery,1.0,0.0,9.612630672346334e-45,3.461641016469355e-16,9.371981428236226e-204
2022-07-19,0.026660597,0.00824302,0.013587961,0.532842606,-0.172744193,0.0018761,24.5,0.803571317,0,Recovery,1.0,0.0,1.252199396555789e-46,2.2008142269958014e-14,1.1082910713491853e-207
2022-07-20,0.006352975,-0.153426788,0.013599262,0.486859616,-0.167471927,0.002093348,23.87999916,0.807031876,0,Recovery,1.0,0.0,1.2864202308062163e-42,4.0479648170841216e-14,3.8897478164069326e-170
2022-07-21,0.010131814,-0.318621758,0.012805638,0.524591526,-0.158994032,0.002316987,23.11000061,0.790084405,0,Recovery,1.0,0.0,5.022046834348097e-43,3.418377180698188e-13,1.3010527647152299e-163
2022-07-22,-0.009321598,-0.463315282,0.013046927,0.540397816,-0.166797126,0.002463722,23.03000069,0.799175227,0,Recovery,1.0,0.0,7.487042168991463e-42,2.5785690716062236e-13,2.8128881511913422e-157
2022-07-25,0.001214218,-0.198090718,0.012944237,0.641131945,-0.165784821,0.002591548,23.36000061,0.791322711,0,Recovery,1.0,0.0,2.0305518963718616e-42,3.186977870635746e-13,8.046413814506735e-160
2022-07-26,-0.011901618,-0.367485038,0.011424727,0.546421205,-0.175654483,0.002734864,24.69000053,0.777768138,0,Recovery,0.999999999998181,0.0,1.4291073150968757e-43,1.1279392419037148e-12,3.0725250539715083e-162
2022-07-27,0.02563495,0.056470173,0.012660643,0.481330727,-0.154249237,0.00272769,23.23999977,0.807960671,0,Recovery,0.9999999999308784,0.0,4.8721053796624025e-43,6.833139237377397e-11,1.655673462290347e-163
2022-07-28,0.012464391,-0.111230178,0.011796943,0.561656777,-0.143641497,0.00274036,22.32999992,0.758397786,0,Recovery,0.9999999999527063,0.0,3.1813634195185148e-40,4.725391793865316e-11,2.8283506893118917e-128
2022-07-29,0.014473472,-0.281790034,0.012014409,0.390650809,-0.131156886,0.002755068,21.32999992,0.768171861,0,Recovery,0.9999999994179234,0.0,1.3252876083750768e-38,5.825541133392871e-10,2.1005027316190306e-115
2022-08-01,-0.002965792,-0.426978834,0.011807559,0.390798811,-0.133729877,0.002740679,22.84000015,0.76512673,0,Recovery,0.9999999985593604,0.0,1.8764245343688776e-36,1.4403677574210111e-09,1.0887409718234942e-102
2022-08-02,-0.006619033,-0.382284868,0.01192992,0.544708538,-0.139444813,0.002657995,23.93000031,0.770465201,0,Recovery,0.9999999991523509,0.0,2.2228850091837238e-36,8.482020112665141e-10,1.2652911510331628e-105
2022-08-03,0.015538082,-0.372182544,0.012221025,0.395338804,-0.125969013,0.00256672,21.95000076,0.787878331,0,Recovery,0.9999999982555892,0.0,1.6522846749162982e-37,1.7437273945910686e-09,1.4892266379065573e-111
2022-08-04,-0.000675496,-0.515795682,0.01226141,0.437130912,-0.126559218,0.0024479,21.44000053,0.786869651,0,Recovery,0.9999999997271516,0.0,6.916368312315652e-36,2.7321159888415695e-10,4.936472428364327e-99
2022-08-05,-0.001691713,-0.655628056,0.012037444,0.618102803,-0.12803558,0.002256173,21.14999962,0.790038827,0,Recovery,0.9999999999563443,0.0,8.415704056045911e-37,4.43293175058977e-11,1.0987973350537077e-103
2022-08-08,-0.001161621,-0.619423245,0.012042916,0.620924267,-0.129047885,0.002020546,21.29000092,0.792205482,0,Recovery,0.9999999999854481,0.0,9.415075945406008e-37,1.450648013385216e-11,2.080164592133466e-105
2022-08-09,-0.003978967,-0.728201056,0.011701209,0.667656586,-0.132506489,0.001708912,21.77000046,0.779151864,0,Recovery,0.999999999996362,0.0,2.688307025302477e-37,2.7874819566568584e-12,1.955747188376784e-108
2022-08-10,0.020786647,-0.698276949,0.011951479,0.476907651,-0.114285487,0.001349727,19.73999977,0.83078236,0,Recovery,0.9999999999581632,0.0,3.671535639662856e-37,4.220901944443884e-11,4.0044043580504255e-110
2022-08-11,0.0,-0.801959477,0.011786929,0.45919119,-0.114285487,0.001038927,20.20000076,0.830835107,0,Recovery,0.9999999999854481,0.0,2.2127199739559927e-34,1.4950385408737984e-11,6.633789174614594e-88
2022-08-12,0.016786995,-0.916094644,0.011933461,0.268676242,-0.099291502,0.000970056,19.53000069,0.856570521,0,Recovery,0.9999999995216058,0.0,3.7678762504724092e-34,4.792049410345225e-10,2.23617758298395e-88
2022-08-15,0.004112566,-1.006108053,0.011552241,0.409257895,-0.095579652,0.000826905,19.95000076,0.867910055,0,Recovery,0.9999999995779945,0.0,3.62746884181807e-32,4.228753393002719e-10,2.4005796149611564e-72
2022-08-16,0.001956721,-1.096896445,0.011167372,0.406224824,-0.093808221,0.000665306,19.69000053,0.868337057,0,Recovery,0.9999999996252882,6.6914497e-317,5.1361967823645e-32,3.755771448937913e-10,1.915785782912134e-70
2022-08-17,-0.007123487,-1.187538668,0.010389483,0.463965166,-0.100240529,0.000697835,19.89999962,0.862206511,0,Recovery,0.9999999998472049,0.0,1.5766632285830981e-32,1.5192635928789906e-10,1.6346966443389073e-71
2022-08-18,0.002902287,-0.968002205,0.0103777,0.513568672,-0.097625376,0.000694599,19.55999947,0.860294509,0,Recovery,0.9999999998453859,0.0,9.025906235731403e-33,1.5551299159913112e-10,3.3714026063513705e-72
2022-08-19,-0.013529128,-1.063407879,0.010929775,0.542405557,-0.109751505,0.000692628,20.60000038,0.866138803,0,Recovery,0.9999999999308784,0.0,1.696041203846589e-32,6.960658424321239e-11,3.413287555562653e-75
2022-08-22,-0.02104233,-0.508769942,0.011836517,0.211937432,-0.12828869,0.000632136,23.79999924,0.878951323,0,Recovery,0.9999999997817213,0.0,2.2451770533760557e-31,2.1751292212825355e-10,9.024396128232193e-81
2022-08-23,-0.002422234,0.186427025,0.011877444,0.251674999,-0.130397624,0.000571381,24.11000061,0.883281587,0,Recovery,0.9999999999381544,0.0,1.3673461830539794e-31,6.262707479918333e-11,2.4403330692709128e-84
2022-08-24,0.003196357,0.194798117,0.011444321,0.179422985,-0.127613617,0.000570925,22.81999969,0.878951345,0,Recovery,0.9999999999672582,0.0,1.8653615043854964e-32,3.2757116880186276e-11,9.741942229824659e-85
2022-08-25,0.014018599,-0.028315923,0.010523924,-0.074235211,-0.11529786,0.000581641,21.78000069,0.876779045,0,Recovery,0.9999999995889084,0.0,4.4623676079953926e-33,4.107404227730268e-10,1.2288065736075538e-82
2022-08-26,-0.034435301,-0.220585356,0.012926451,-0.690483329,-0.145244278,0.000649147,25.55999947,0.940044751,0,Recovery,0.9999999951123755,0.0,6.066343119505602e-31,4.8875866323443065e-09,4.951181437702602e-89
2022-08-29,-0.006634133,1.025850063,0.012552711,-0.594570617,-0.150896073,0.000674274,26.20999908,0.941382674,0,Recovery,0.9999999999472493,0.0,8.224282032239976e-32,5.313449632520384e-11,7.010366933659472e-94
2022-08-30,-0.011038565,1.102458562,0.012735174,-0.500786827,-0.160217419,0.000712446,26.20999908,0.940457961,0,Recovery,0.999999999990905,0.0,1.1977825512238334e-32,8.215619912915356e-12,1.46499421611521e-102
2022-08-31,-0.007638139,1.136689095,0.012757663,-0.488864172,-0.166607361,0.000746559,25.87000084,0.938908854,0,Recovery,0.999999999998181,0.0,3.8640624410149475e-34,1.462828871455809e-12,1.1657208350756666e-114
2022-09-01,0.003132885,1.065355109,0.012203118,-0.546919864,-0.163992343,0.000746019,25.55999947,0.93858418,0,Recovery,0.999999999998181,0.0,1.999609004448753e-35,2.0478395091329835e-12,2.772191085158592e-124
2022-09-02,-0.010600299,0.732912813,0.012335923,-0.428350313,-0.17280747,0.000748688,25.46999931,0.943828175,0,Recovery,1.0,0.0,2.2646759805759334e-36,3.029461002219567e-13,2.567438692329791e-131
2022-09-06,-0.00378018,0.681031222,0.012336732,-0.403549908,-0.175928504,0.000756938,26.90999985,0.942614758,0,Recovery,1.0,0.0,1.6526160327009897e-37,3.15639662244107e-13,3.261995627874431e-145
2022-09-07,0.01780535,0.716996828,0.013123441,-0.352076788,-0.161124216,0.000810587,24.63999939,0.940401832,0,Recovery,0.999999999998181,0.0,4.870747666593996e-38,1.4272837272190102e-12,3.1926684894065063e-147
2022-09-08,0.006514952,0.439988979,0.013235115,-0.446486669,-0.155641139,0.000865588,23.61000061,0.93568545,0,Recovery,0.999999999998181,0.0,1.021248712527641e-36,1.5031687333061705e-12,1.0217929311510198e-129
2022-09-09,0.015415883,0.172858893,0.012833025,-0.57628238,-0.142523753,0.00088908,22.79000092,0.929254264,0,Recovery,0.9999999999654392,0.0,1.2508185370929276e-36,3.3759207931833154e-11,5.648285498640055e-125
2022-09-12,0.010690286,-0.049992193,0.013106409,-0.618852313,-0.133307914,0.00092327,23.87000084,0.896675198,0,Recovery,0.9999999993942765,0.0,1.705529004874784e-34,6.058876122379439e-10,2.0369285920042708e-108
2022-09-13,-0.044456142,-0.255060947,0.015532009,-0.984392988,-0.170993809,0.001200865,27.27000046,0.928418271,0,Recovery,0.9999999668361857,0.0,7.482728777480032e-33,3.316339093734372e-08,5.235930195200277e-125
2022-09-14,0.003808632,1.765059985,0.01552426,-0.983783389,-0.167830409,0.001394302,26.15999985,0.927698172,0,Recovery,0.999999999994543,0.0,9.745442745136155e-34,5.594793440361862e-12,9.382626200432075e-121
2022-09-15,-0.011418278,1.352939064,0.015543532,-0.86257442,-0.177278311,0.001526492,26.27000046,0.924824771,0,Recovery,0.999999999998181,0.0,1.1012545293414296e-34,2.1810354213288843e-12,5.010919562272178e-129
2022-09-16,-0.007658101,1.31401983,0.015548306,-0.856917384,-0.183554733,0.001571239,26.29999924,0.929809617,0,Recovery,1.0,0.0,2.2732085650431652e-36,5.468793689071366e-13,2.3260611202792524e-144
2022-09-19,0.007724861,1.246304099,0.015699948,-0.857995947,-0.177223384,0.001586254,25.76000023,0.919907803,0,Recovery,0.999999999998181,0.0,1.5177969397281622e-37,1.0756405387825205e-12,3.694652112668575e-154
2022-09-20,-0.011544879,0.874060988,0.015648128,-0.879811084,-0.18666762,0.001601079,27.15999985,0.896233779,0,Recovery,1.0,0.0,9.013919639403237e-38,7.574151108651454e-13,9.538854841633967e-158
2022-09-21,-0.017597732,0.828612739,0.015481048,-0.908856379,-0.200855224,0.001631615,27.98999977,0.891519774,0,Recovery,1.0,0.0,6.500126951983564e-40,1.1424502631755313e-13,7.867784650897683e-180
2022-09-22,-0.008435175,1.402906144,0.015503301,-0.849326254,-0.207567799,0.001645924,27.35000038,0.874910992,0,Recovery,1.0,0.0,4.996788714140621e-41,3.610744612329598e-15,8.698005925496414e-189
2022-09-23,-0.016896788,1.221257033,0.015628938,-0.672538757,-0.220844873,0.001618962,29.92000008,0.874476769,0,Recovery,1.0,0.0,1.6088506104019333e-42,6.501971060394635e-16,4.5726622983587394e-210
2022-09-26,-0.009942168,1.602987307,0.01500391,-0.638094644,-0.228552983,0.00144506,32.25999832,0.863750533,0,Recovery,1.0,0.0,6.036568486217884e-43,2.354380484881835e-16,1.5135707365689542e-222
2022-09-27,-0.002555878,1.521172903,0.013584168,-0.759086355,-0.230522189,0.00142627,32.59999847,0.840085408,0,Recovery,1.0,0.0,2.059497720092345e-45,3.5077613014391836e-16,2.24768018584381e-239
2022-09-28,0.019485082,1.251484388,0.014586317,-0.63336286,-0.215381824,0.001385024,30.18000031,0.785270312,0,Recovery,1.0,0.0,3.7752121591666094e-48,2.0362008676845825e-16,2.394563928725946e-252
2022-09-29,-0.021109912,0.895187883,0.014997335,-0.557819868,-0.231771445,0.001353993,31.84000015,0.780088049,0,Recovery,1.0,0.0,2.587824339346591e-45,3.269200675362444e-17,1.6933788208005044e-238
2022-09-30,-0.015584532,1.293905713,0.015186398,-0.481410932,-0.243651117,0.001319321,31.62000084,0.787890596,0,Recovery,1.0,0.0,7.795876798995687e-48,1.6976407630796564e-19,4.450793560431377e-259
2022-10-03,0.026058724,1.601731023,0.016535633,-0.254292667,-0.223682584,0.001295249,30.10000038,0.816895031,0,Recovery,1.0,0.0,9.64854512173227e-49,7.97384933163758e-18,1.1830211525076238e-270
2022-10-04,0.030516202,1.205712603,0.018023574,-0.183331994,-0.199627152,0.001385735,29.06999969,0.830329205,0,Recovery,1.0,0.0,4.342951742730918e-45,1.4398393286146438e-14,8.430126411705027e-240
2022-10-05,-0.002330744,0.872676591,0.018017459,-0.195204123,-0.201490443,0.001416788,28.54999924,0.830695106,0,Recovery,1.0,0.0,1.4525152943067384e-41,1.9932508048643416e-15,9.156795509463192e-202
2022-10-06,-0.010369393,0.615851171,0.017550951,-0.050515447,-0.209727721,0.00142809,30.52000046,0.829819869,0,Recovery,1.0,0.0,4.2372740916107914e-42,1.773180610067628e-15,1.342532260741774e-215
2022-10-07,-0.028290256,0.706014788,0.018252511,0.089273192,-0.231771445,0.001472096,31.36000061,0.845218997,0,Recovery,1.0,0.0,2.5726857863303894e-43,1.2458936742672841e-16,7.781542297752271e-239
2022-10-10,-0.007664606,1.564183192,0.017679238,0.216075388,-0.237637107,0.001392904,32.45000076,0.826556348,0,Recovery,1.0,0.0,6.544299188955838e-44,1.250550693999229e-18,5.899663106717379e-251
2022-10-11,-0.006353213,1.462494143,0.017280796,0.332941837,-0.242465207,0.00127632,33.63000107,0.826178512,0,Recovery,1.0,0.0,9.180795000034495e-45,8.327773887926037e-19,6.419917586532815e-267
2022-10-12,-0.003303844,1.299340911,0.014923188,0.96032873,-0.244963854,0.001295175,33.56999969,0.765784974,0,Recovery,1.0,0.0,9.781629785121963e-46,1.7398651529161607e-19,8.985019856346465e-275
2022-10-13,0.026048777,1.020513685,0.016267257,0.871950323,-0.225037686,0.0012914,31.94000053,0.802756063,0,Recovery,1.0,0.0,9.116980673820187e-49,1.5733687546850594e-17,9.337224829495122e-296
2022-10-14,-0.023052485,0.696015493,0.016745376,0.823833208,-0.242698153,0.001294699,32.02000046,0.814232195,0,Recovery,1.0,0.0,1.811049042741197e-45,3.3735693041793773e-19,3.2805412435299884e-265
2022-10-17,0.025372329,1.099312646,0.017891273,0.630378725,-0.223237808,0.001344582,31.37000084,0.835373007,0,Recovery,1.0,0.0,3.240000355195132e-48,1.891478785636803e-17,2.826355203906604e-289
2022-10-18,0.011681085,0.758113611,0.018023257,0.599778545,-0.214111182,0.001394844,30.5,0.845865126,0,Recovery,1.0,0.0,2.304461555057546e-45,5.821716222209942e-17,6.859871252262991e-256
2022-10-19,-0.007111598,0.452491105,0.017933875,0.57882564,-0.219680282,0.001428225,30.76000023,0.866678681,0,Recovery,1.0,0.0,1.4842727521501506e-44,3.3330097256479586e-17,1.2677450048257062e-250
2022-10-20,-0.008420871,0.423236837,0.017643572,0.564796569,-0.226223664,0.001434095,29.97999954,0.861937668,0,Recovery,1.0,0.0,8.902680338747179e-47,1.4628847086688528e-18,3.289010675323771e-262
2022-10-21,0.024011024,0.553563366,0.018413097,0.377852685,-0.207419654,0.001469451,29.69000053,0.878524423,0,Recovery,1.0,0.0,1.3702049664855956e-47,9.738988576955718e-16,6.806639086942128e-270
2022-10-24,0.012162182,0.282060442,0.018169387,0.215271688,-0.19772129,0.00148356,29.85000038,0.880164031,0,Recovery,1.0,0.0,4.829197649936071e-44,2.5069121321192674e-14,2.5787679489011936e-234
2022-10-25,0.015842505,0.019341822,0.018236217,0.043399221,-0.184909972,0.001455789,28.45999908,0.88797979,0,Recovery,1.0,0.0,2.5408746782228447e-43,5.210845526006088e-13,3.4543716344550223e-224
2022-10-26,-0.007562629,-0.203358111,0.018339711,0.075015579,-0.191050945,0.001263252,27.28000069,0.827202322,0,Recovery,1.0,0.0,1.5946572723600132e-42,1.4517094235678503e-14,9.296563827742489e-210
2022-10-27,-0.005354294,-0.033910804,0.017978958,0.233984375,-0.195370721,0.00112486,27.38999939,0.848768415,0,Recovery,1.0,0.0,5.315782356800488e-43,1.215195591980916e-15,3.129816581173036e-213
2022-10-28,0.023512079,-0.153879662,0.017846857,0.071601573,-0.176228054,0.000992527,25.75,0.854342207,0,Recovery,1.0,0.0,1.1895831442065633e-44,1.1060177726640136e-13,2.7258357097104026e-224
2022-10-31,-0.007249483,-0.361893385,0.017494516,0.059638334,-0.18217838,0.000843184,25.87999916,0.854869449,0,Recovery,1.0,0.0,1.5928050993283702e-41,1.621646391038505e-14,4.634353729967764e-196
2022-11-01,-0.004385507,-0.467376829,0.016798465,0.2071258,-0.185757089,0.000828683,25.80999947,0.846899344,0,Recovery,1.0,0.0,1.912287404181989e-43,1.1646078224047034e-15,3.4511426358506057e-211
2022-11-02,-0.025416507,-0.355357172,0.016528209,0.220793706,-0.206191514,0.00085394,25.86000061,0.853096753,0,Recovery,1.0,0.0,3.8935733014171043e-44,1.2736734954447969e-16,4.23259719476536e-221
2022-11-03,-0.010350059,0.471469638,0.016667293,0.274911406,-0.214365107,0.000865714,25.29999924,0.849192693,0,Recovery,1.0,0.0,8.566394950460157e-45,6.625385893705903e-18,5.666136805244564e-229
2022-11-04,0.014290344,0.634141925,0.016825399,0.098597967,-0.203057512,0.000876324,24.54999924,0.838015323,0,Recovery,1.0,0.0,2.9987342618845804e-46,2.545129270924059e-17,2.5043682337608915e-238
2022-11-07,0.00952015,0.313355978,0.015578562,0.097581626,-0.19543427,0.000941976,24.35000038,0.815224789,0,Recovery,1.0,0.0,6.4306267088517704e-46,2.5876638290335286e-17,1.5414379967992464e-222
2022-11-08,0.005380987,0.026950229,0.015424845,-0.009494381,-0.191093243,0.001021497,25.54000092,0.822597234,0,Recovery,1.0,0.0,1.8959572846142555e-45,1.2538767430789027e-16,1.122724535859174e-217
2022-11-09,-0.020817059,-0.246400207,0.016160405,-0.02813882,-0.207758243,0.001045546,26.09000015,0.823167257,0,Recovery,1.0,0.0,1.5623907068687786e-45,5.451260327525338e-17,2.7334617250711724e-219
2022-11-10,0.05349721,0.243100424,0.01959367,0.481097974,-0.164221351,0.001047693,23.53000069,0.87380078,0,Recovery,0.999999999827196,0.0,7.53612746701975e-45,1.7292214531525986e-10,8.351106419148416e-239
2022-11-11,0.009631941,0.005817215,0.019024313,0.581806315,-0.156132286,0.001076267,22.52000046,0.868364186,0,Recovery,0.999999999996362,0.0,2.938224108723778e-37,3.0882403530631403e-12,5.856103557087072e-157
2022-11-14,-0.008543175,-0.251751294,0.018237772,0.695222761,-0.163310888,0.00107382,23.72999954,0.866448065,0,Recovery,1.0,0.0,6.004741838406564e-37,5.442517737313487e-13,5.59116854561371e-153
2022-11-15,0.008492889,-0.050765579,0.017645669,0.826385906,-0.15617472,0.001071393,24.54000092,0.860396308,0,Recovery,1.0,0.0,4.163476941034323e-37,5.411089395052184e-13,2.6081900993671185e-154
2022-11-16,-0.007657997,-0.323275881,0.017726115,0.956416968,-0.162612052,0.001066792,24.11000061,0.857127672,0,Recovery,1.0,0.0,5.065119406730342e-37,2.1855293636649904e-13,9.95895518428426e-155
2022-11-17,-0.00306452,-0.434385959,0.01763218,0.945803155,-0.165174316,0.001063199,23.93000031,0.854474161,0,Recovery,1.0,0.0,9.660289744137438e-39,4.92168787412492e-14,7.674139626659376e-169
2022-11-18,0.004530078,-0.296564561,0.017430173,0.88552056,-0.161383912,0.001063,23.12000084,0.858362091,0,Recovery,1.0,0.0,7.466360807727269e-39,5.935705090250241e-14,1.0546287280129657e-167
2022-11-21,-0.0036427,-0.548804637,0.01686487,1.1259032,-0.164433181,0.001051,22.36000061,0.849019325,0,Recovery,1.0,0.0,2.5940927713692517e-39,1.683367552751537e-14,5.569370663551216e-169
2022-11-22,0.01336713,-0.463644765,0.016901343,1.112228137,-0.153189067,0.001043293,21.29000092,0.847970444,0,Recovery,1.0,0.0,1.507958927278518e-39,8.511908760043875e-14,2.1099515163470648e-168
2022-11-23,0.006281938,-0.694665281,0.016652959,1.221446099,-0.14785271,0.001035341,20.35000038,0.847080846,0,Recovery,1.0,0.0,1.8123523091546615e-38,1.8195123249717284e-13,2.9542901165431064e-156
2022-11-25,-0.00022383,-0.919771191,0.016516111,1.19717357,-0.148043425,0.001020363,20.5,0.904628052,0,Recovery,1.0,0.0,3.7150096500689557e-38,1.404401021422825e-13,2.269561245588893e-156
2022-11-28,-0.016085698,-1.133021124,0.016931002,1.141757758,-0.161638108,0.0010067,22.20999908,0.908604012,0,Recovery,1.0,0.0,7.705940919539396e-39,5.1554425613069636e-14,7.633165734415672e-170
2022-11-29,-0.001718996,-0.514225338,0.01620445,1.409480462,-0.163078011,0.001014905,21.88999939,0.912113596,0,Recovery,1.0,0.0,1.40976383327848e-38,1.613006887532891e-14,1.3589003286234e-164
2022-11-30,0.031014583,-0.605474689,0.017368937,1.096790386,-0.136714511,0.001012755,20.57999992,0.924164673,0,Recovery,0.999999999990905,0.0,4.150286977957039e-39,8.189557992904402e-12,3.129426637137704e-169
2022-12-01,-0.000736008,-0.791381641,0.017313968,1.079385162,-0.137349662,0.001011797,19.84000015,0.923005804,0,Recovery,0.999999999994543,0.0,2.383124133478647e-35,5.33378069509437e-12,1.2495399361619007e-133
2022-12-02,-0.001154393,-1.000057143,0.016107963,1.392748689,-0.138344925,0.001027827,19.05999947,0.915392054,0,Recovery,1.0,0.0,1.5299574801040798e-36,8.939985993945558e-13,2.6215470244246428e-139
2022-12-05,-0.018153042,-1.069282938,0.016537513,1.267330766,-0.15384547,0.001030857,20.75,0.906450228,0,Recovery,1.0,0.0,5.115191527722949e-37,4.461800952138641e-13,2.906953428726454e-149
2022-12-06,-0.0145197,-0.361919103,0.016793581,1.384836834,-0.166042616,0.001031273,22.17000008,0.927704478,0,Recovery,1.0,0.0,3.5061906842179045e-36,1.8254051764059756e-13,5.773296129495519e-152
2022-12-07,-0.001702638,0.086529868,0.016726148,1.494915192,-0.167461336,0.000976789,22.68000031,0.935026673,0,Recovery,1.0,0.0,7.210434513075331e-36,1.0352428590423501e-13,2.1786222459397603e-155
2022-12-08,0.00780334,-0.064530199,0.016761643,1.466270075,-0.16093934,0.000900478,22.29000092,0.935830789,0,Recovery,1.0,0.0,8.149039826934184e-37,9.398835131684252e-14,1.7019458026616548e-161
2022-12-09,-0.007498223,-0.349921466,0.016104432,1.663241306,-0.167207275,0.000903776,22.82999992,0.932356405,0,Recovery,1.0,0.0,8.455469186175362e-37,3.637720681814251e-14,6.154691683052627e-159
2022-12-12,0.014314454,-0.218696849,0.011496037,0.628310707,-0.155200572,0.001412847,25.0,0.868474111,0,Recovery,0.999999999998181,0.0,1.4228538222431345e-40,2.2579234466565954e-12,1.9927762980917447e-155
2022-12-13,0.007541376,-0.479936792,0.011421919,0.653274315,-0.148805539,0.001750357,22.54999924,0.864958923,0,Recovery,1.0,0.0,9.47647593337648e-41,7.410037075710846e-13,5.542424288837274e-144
2022-12-14,-0.006414136,-0.721668403,0.011347668,0.652743771,-0.154247744,0.002022408,21.13999939,0.866133748,0,Recovery,1.0,0.0,2.6005393948152106e-41,3.2862990072821305e-13,9.557696494268763e-144
2022-12-15,-0.024765794,-0.711357344,0.012446003,0.445338437,-0.174936229,0.002140892,22.82999992,0.897824502,0,Recovery,1.0,0.0,2.2744549207539584e-41,2.95278773323871e-13,1.69589319931208e-161
2022-12-16,-0.011876277,0.434912353,0.01259083,0.454146233,-0.184676958,0.002210517,22.62000084,0.901298981,0,Recovery,1.0,0.0,3.4945693345857262e-40,1.2065949126186576e-13,7.4361592885826e-160
2022-12-19,-0.008516089,0.625121235,0.01268549,0.497575215,-0.191590841,0.00224929,22.42000008,0.915836517,0,Recovery,1.0,0.0,5.364658613121571e-41,6.996630639732801e-14,2.753063967393782e-171
2022-12-20,0.00136735,0.676950798,0.012628578,0.535950176,-0.190484706,0.002275492,21.47999954,0.921047004,0,Recovery,1.0,0.0,4.4441783486300774e-42,8.404827124512475e-14,5.1475868929657065e-180
2022-12-21,0.014841966,0.288324223,0.013119714,0.373943236,-0.178380304,0.002282108,20.06999969,0.925782751,0,Recovery,1.0,0.0,8.697156629580453e-44,2.5564797251332546e-13,1.0810884914190318e-190
2022-12-22,-0.014368798,-0.035278608,0.013017726,0.571754729,-0.190101579,0.002276283,21.96999931,0.928775788,0,Recovery,1.0,0.0,7.250427263667755e-43,2.901382305906111e-14,1.0775651646117187e-182
2022-12-23,0.005735644,0.21528014,0.013000626,0.577637536,-0.185442942,0.002267034,20.87000084,0.9249124,0,Recovery,1.0,0.0,3.49745299955282e-44,2.9651010662768034e-14,1.0953681048188269e-193
2022-12-27,-0.003951225,-0.119606054,0.012998482,0.619599968,-0.18865509,0.002250193,21.64999962,0.933784787,0,Recovery,1.0,0.0,5.82385332295995e-45,6.583759994432903e-15,1.2209241274143592e-198
2022-12-28,-0.012505786,-0.308420825,0.012831403,0.640872928,-0.198738415,0.002202171,22.13999939,0.925123171,0,Recovery,1.0,0.0,6.845182468224612e-47,9.319062168089268e-16,6.01225956846995e-213
2022-12-29,0.017840184,0.01484908,0.013554173,0.496622138,-0.184315489,0.002160843,21.44000053,0.938437926,0,Recovery,1.0,0.0,3.2773361222383803e-47,7.860285295087878e-15,2.6017903973633022e-219
2022-12-30,-0.002637645,-0.28294738,0.011364549,0.1093313,-0.186464141,0.002108261,21.67000008,0.909707838,0,Recovery,1.0,0.0,6.942557101698277e-47,1.2554106610244062e-14,3.227205235527279e-200
2023-01-03,-0.004218649,-0.571881964,0.011357927,0.153997711,-0.189888934,0.002017629,22.89999962,0.872017599,0,Recovery,1.0,0.0,3.0297215226355634e-49,1.1545591703784589e-15,7.094564901735221e-217
2023-01-04,0.007690554,-0.48495393,0.011591096,0.07304027,-0.183634713,0.001973404,22.01000023,0.723562934,0,Recovery,1.0,0.0,5.2107963649073445e-51,8.882648394265409e-17,7.626039811690127e-219
2023-01-05,-0.011478999,-0.742627219,0.011228318,0.104659399,-0.19295219,0.001882795,22.45999908,0.732781977,0,Recovery,1.0,0.0,9.022573724026815e-51,2.449839979870537e-17,6.229294264881497e-217
2023-01-06,0.022673043,-0.439109466,0.012096463,0.131960669,-0.174444945,0.001691113,21.12999916,0.73422808,0,Recovery,1.0,0.0,5.519296860781751e-51,3.2258552383816817e-16,2.3544886455430555e-222
2023-01-09,-0.000567047,-0.681011261,0.012093273,0.118371736,-0.174912941,0.001448316,21.96999931,0.733736861,0,Recovery,1.0,0.0,3.8338859795310463e-47,1.1336054052517676e-16,1.5075195754958653e-194
2023-01-10,0.006988391,-0.925377593,0.012066816,0.12467034,-0.169126715,0.00110399,20.57999992,0.729251564,0,Recovery,1.0,0.0,1.9049709058933866e-48,6.168784769525005e-17,4.974022795028355e-202
2023-01-11,0.012568441,-1.137160135,0.01227491,-0.050387748,-0.158618033,0.000714295,21.09000015,0.751325703,0,Recovery,1.0,0.0,3.7013848466213306e-47,1.2420347420954517e-15,1.7561520570003058e-198
2023-01-12,0.003634293,-1.312453785,0.011888604,-0.003505771,-0.155554641,0.000698591,18.82999992,0.734166555,0,Recovery,1.0,0.0,3.8843844492310874e-46,9.175083465958618e-16,4.482984796591196e-184
2023-01-13,0.003872087,-1.482255899,0.01179854,0.030295226,-0.152278537,0.000680412,18.35000038,0.730369883,0,Recovery,1.0,0.0,2.4427942021424867e-46,1.1399875804618996e-15,2.0717247187692433e-184
2023-01-17,-0.001833667,-1.638980781,0.011719891,-0.018792441,-0.153831551,0.000659299,19.36000061,0.733721459,0,Recovery,1.0,0.0,2.9433683201253343e-46,9.663739475595145e-16,2.533993516442026e-187
2023-01-18,-0.015913941,-1.768136227,0.01091531,0.29861372,-0.167190845,0.000724078,20.34000015,0.677056517,0,Recovery,1.0,0.0,2.4358751529266574e-48,8.093354656769618e-18,8.28893881978726e-197
2023-01-19,-0.007306518,-0.919709719,0.010700836,0.313146289,-0.173253604,0.000791281,20.52000046,0.662166202,0,Recovery,1.0,0.0,2.1293406707835574e-47,2.1569145575980603e-18,6.669935802072373e-186
2023-01-20,0.018457639,-0.800756396,0.011153316,0.157537586,-0.157852117,0.000808877,19.85000038,0.677956515,0,Recovery,1.0,0.0,6.02802415846935e-48,8.796142719681035e-17,3.780408770915987e-190
2023-01-23,0.011927244,-0.999212432,0.011361971,0.047602679,-0.147747474,0.000812101,19.80999947,0.686288931,0,Recovery,1.0,0.0,5.010407597462438e-45,1.2942763589144578e-15,1.4363320299077693e-168
2023-01-24,-0.001073897,-1.177030229,0.011019705,0.189417419,-0.148662214,0.000797313,19.20000076,0.673176936,0,Recovery,1.0,0.0,5.022822965540138e-44,4.382552403449346e-16,8.10901882869519e-158
2023-01-25,0.000374596,-1.277815212,0.01039739,0.206335871,-0.148343246,0.000819425,19.07999992,0.639296,0,Recovery,1.0,0.0,2.0495214290187403e-45,9.475205804624384e-17,1.6005751131177743e-160
2023-01-26,0.0109306,-1.418946984,0.010541669,0.151401864,-0.138983064,0.000812177,18.72999954,0.654119398,0,Recovery,1.0,0.0,8.873582947084686e-46,8.940769604510356e-16,1.0144173874686333e-163
2023-01-27,0.00229508,-1.546462139,0.010433923,0.081404209,-0.137004691,0.000794175,18.51000023,0.644990485,0,Recovery,1.0,0.0,2.2632739023070764e-44,1.415807493366792e-15,1.6826258625525969e-152
2023-01-30,-0.012626443,-1.671342923,0.010442883,0.078971295,-0.147832749,0.000771037,19.94000053,0.667320199,0,Recovery,1.0,0.0,3.696146564035417e-44,1.0189054876405966e-15,1.026612548782639e-156
2023-01-31,0.014596437,-1.193367523,0.010233248,0.047805629,-0.13530292,0.000643269,19.39999962,0.636005097,0,Recovery,1.0,0.0,2.099852486256043e-44,2.094292219902838e-15,1.6685060050852236e-152
2023-02-01,0.010571809,-1.341740274,0.010289498,-0.111413326,-0.126113017,0.000677289,17.87000084,0.636458306,0,Recovery,1.0,0.0,1.8809286468646784e-42,2.0270225105133697e-14,1.7226560840240808e-133
2023-02-02,0.014451967,-1.471596987,0.010403585,-0.28968942,-0.11339193,0.000699186,18.72999954,0.730839409,0,Recovery,0.9999999999836291,0.0,9.482074373945618e-40,1.5628962994467368e-11,6.516030789313401e-124
2023-02-03,-0.010685939,-1.585421037,0.010866402,-0.141971671,-0.122815729,0.000695438,18.32999992,0.736578124,0,Recovery,0.999999999998181,0.0,4.530420691324523e-38,1.8285838545676276e-12,7.903887342406607e-114
2023-02-06,-0.006130045,-1.254615645,0.010557974,-0.122870011,-0.128176461,0.000706448,19.43000031,0.710237796,0,Recovery,1.0,0.0,8.644061133529075e-39,2.942013606477746e-13,6.66758784939609e-115
2023-02-07,0.012993746,-1.085489278,0.009876476,-0.328089505,-0.116774289,0.00071707,18.65999985,0.727378345,0,Recovery,0.999999999994543,0.0,4.247968414736303e-39,5.9432355051582485e-12,7.994195732131799e-115
2023-02-08,-0.010995105,-1.242055172,0.010327996,-0.269933273,-0.126432256,0.000685487,19.62999916,0.735806139,0,Recovery,0.999999999998181,0.0,1.9720262130519916e-37,2.041986976605827e-12,6.391944061128227e-108
2023-02-09,-0.008706842,-1.029409541,0.010568676,-0.102251094,-0.134005256,0.00063609,20.70999908,0.751496552,0,Recovery,1.0,0.0,4.2929492844299545e-38,3.996135952590683e-13,4.738630102798409e-116
2023-02-10,0.002330712,-0.638874381,0.010287811,-0.021060761,-0.131984518,0.000555664,20.53000069,0.736381159,0,Recovery,1.0,0.0,4.3970123028319464e-38,1.94544248704308e-13,2.9963284887902605e-112
2023-02-13,0.011670802,-0.861534253,0.010518681,-0.085498484,-0.121794735,0.000492323,20.34000015,0.753557844,0,Recovery,0.999999999998181,0.0,4.632457940543388e-38,2.6556580375781085e-12,6.2853311419560335e-115
2023-02-14,-0.000460257,-1.044916641,0.010519868,-0.026085858,-0.122198842,0.000421949,18.90999985,0.753422789,0,Recovery,1.0,0.0,2.2757622714748474e-37,8.053187058980736e-13,7.652427638677202e-107
2023-02-15,0.003242106,-1.217695985,0.010493853,-0.09503179,-0.119348299,0.000339784,18.22999954,0.741950237,0,Recovery,0.999999999998181,0.0,3.941330424463361e-38,9.167666028726969e-13,3.03377309062941e-112
2023-02-16,-0.013864548,-1.366552986,0.010328105,-0.04801308,-0.131473884,0.000333814,20.17000008,0.755774116,0,Recovery,1.0,0.0,4.81933438037154e-38,4.170505080552161e-13,2.1120338948639918e-116
2023-02-17,-0.002501421,-0.829462748,0.010163538,-0.084721462,-0.133643719,0.000341315,20.02000046,0.759292701,0,Recovery,1.0,0.0,2.6004148621516903e-38,1.9062884022031883e-13,5.242734063637036e-116
2023-02-21,-0.02026466,-0.894941305,0.010576166,-0.211522626,-0.151023442,0.000308932,22.87000084,0.77166915,0,Recovery,1.0,0.0,3.220847644058593e-38,2.286683457807105e-13,1.7871997701150893e-127
2023-02-22,-0.001379107,-0.041855677,0.010243416,-0.115971173,-0.152193465,0.000238861,22.29000092,0.770959281,0,Recovery,1.0,0.0,2.856003658757725e-38,3.694254417636565e-14,5.478045282591623e-125
2023-02-23,0.005305211,-0.249886476,0.010312089,-0.196219576,-0.147683721,0.000198431,21.13999939,0.774306345,0,Recovery,1.0,0.0,1.6279235292529002e-39,4.8386820987932833e-14,1.508652087678315e-132
2023-02-24,-0.010739843,-0.505320987,0.010576674,-0.082364317,-0.156788485,0.000202171,21.67000008,0.789761463,0,Recovery,1.0,0.0,1.3235138451161226e-39,1.5061396453665534e-14,1.7749743726088766e-136
2023-02-27,0.003400155,-0.371506454,0.010294552,-0.049135537,-0.153916555,0.000201175,20.95000076,0.781184069,0,Recovery,1.0,0.0,5.639984092320222e-41,8.520865891710586e-15,7.814938719013325e-145
2023-02-28,-0.003702951,-0.58834635,0.010286625,0.033576062,-0.157043767,0.00020235,20.70000076,0.785856901,0,Recovery,1.0,0.0,1.9905513141752188e-41,3.718861885267879e-15,1.712129131676242e-148
2023-03-01,-0.00384308,-0.76452256,0.009968989,-0.014402877,-0.160277098,0.000221549,20.57999992,0.771222118,0,Recovery,1.0,0.0,2.661270690013993e-43,9.7770444925228e-16,3.1565879790576055e-159
2023-03-02,0.007747026,-0.687816024,0.009546583,-0.08661482,-0.15374648,0.000284041,19.59000015,0.771331043,0,Recovery,1.0,0.0,5.287736500998973e-44,3.5369583736494087e-15,3.3620262379738956e-159
2023-03-03,0.015910666,-0.883534787,0.009934124,0.016829601,-0.140174338,0.000297092,18.48999977,0.779908163,0,Recovery,1.0,0.0,3.731445281933686e-43,3.662758493259632e-14,1.0209665841462761e-153
2023-03-06,0.000692423,-1.044097794,0.009314193,0.01349846,-0.139578769,0.000367858,18.61000061,0.730301867,0,Recovery,1.0,0.0,7.047615657042282e-42,1.0032107190056123e-14,8.034163972847593e-136
2023-03-07,-0.015447493,-1.209200668,0.009604281,-0.028572504,-0.152767987,0.000367773,19.59000015,0.828860725,0,Recovery,1.0,0.0,8.513930924276469e-42,2.232015500573822e-14,5.231774191758788e-145
2023-03-08,0.001630732,-0.657443454,0.009572713,-0.140288051,-0.151385251,0.000382995,19.11000061,0.829977047,0,Recovery,1.0,0.0,5.5470357300220293e-42,3.930589217072001e-14,1.1468522201080106e-146
2023-03-09,-0.018622198,-0.803893557,0.009700113,-0.109644523,-0.167042088,0.000391317,22.61000061,0.80303579,0,Recovery,1.0,0.0,4.3108755813105367e-42,5.506876300370261e-15,2.0869326852780437e-154
2023-03-10,-0.014534488,-0.229161781,0.009878902,-0.108074776,-0.179061148,0.000393339,24.79999924,0.820496757,0,Recovery,1.0,0.0,5.116706312728189e-42,2.7113282265308368e-15,1.889652182041539e-162
2023-03-13,-0.001426242,0.32729175,0.009794489,-0.209202827,-0.180231171,0.000386196,26.52000046,0.803996111,0,Recovery,1.0,0.0,2.454126892464822e-41,1.0026955254038769e-14,4.573358190421835e-164
2023-03-14,0.016395083,0.071101937,0.010597324,-0.069292603,-0.166680212,0.000399742,23.72999954,0.816715326,0,Recovery,1.0,0.0,3.5719101543446334e-43,1.0760854279334592e-14,5.647387618258519e-173
2023-03-15,-0.006273867,-0.195468534,0.010159162,0.053310285,-0.171891983,0.00038873,26.13999939,0.774981116,0,Recovery,1.0,0.0,1.1039596578121472e-40,1.0777248891248973e-14,1.983524206691115e-157
2023-03-16,0.017392732,-0.198986276,0.011070588,0.114933929,-0.157362939,0.000435076,22.98999977,0.800533102,0,Recovery,1.0,0.0,1.9067307787966288e-42,1.689739899780713e-14,1.9036288682486816e-165
2023-03-17,-0.011761498,-0.434159904,0.011202323,0.267715667,-0.167215558,0.000489926,25.51000023,0.800142353,0,Recovery,1.0,0.0,1.7582859075159878e-39,1.6641070282847118e-14,1.4987309576485451e-151
2023-03-20,0.009569752,-0.156884742,0.011197714,0.078709261,-0.159207763,0.000540028,24.14999962,0.700872145,0,Recovery,1.0,0.0,1.6318947727636204e-41,2.247347880555158e-15,8.985564944104166e-156
2023-03-21,0.013045043,-0.410179014,0.011636652,-0.024692074,-0.148167739,0.000625329,21.37999916,0.697940491,0,Recovery,1.0,0.0,9.287306914607702e-42,5.238618970311454e-15,4.7041856910951365e-151
2023-03-22,-0.017193549,-0.631228361,0.011396691,0.036967616,-0.162688569,0.000670081,22.26000023,0.659785524,0,Recovery,1.0,0.0,6.295317458738065e-41,5.046359666298904e-16,2.304139216894049e-144
2023-03-23,0.002699682,-0.221553302,0.011418537,-0.014222758,-0.16042504,0.00071287,22.61000061,0.661871649,0,Recovery,1.0,0.0,6.086983455474881e-42,2.348624637617452e-16,4.090344090285134e-152
2023-03-24,0.006540717,-0.357325728,0.011452883,-0.024713151,-0.15491562,0.000751808,21.73999977,0.665086095,0,Recovery,1.0,0.0,3.0341700086014446e-42,5.606642240362225e-16,2.879280018610624e-152
2023-03-27,0.001868174,-0.587769836,0.011212,-0.150572668,-0.15333538,0.00077139,20.60000038,0.62319009,0,Recovery,1.0,0.0,8.591860111696414e-43,2.4233637951095497e-16,2.9261930329275065e-150
2023-03-28,-0.002247291,-0.768479094,0.01119899,-0.07899653,-0.155235945,0.000787936,19.96999931,0.626689197,0,Recovery,1.0,0.0,2.0420198484304258e-43,1.5714513826629641e-16,1.2914193219349251e-152
2023-03-29,0.014430349,-0.911979239,0.011597215,-0.198659351,-0.142957326,0.000822735,19.12000084,0.641682505,0,Recovery,1.0,0.0,3.808359493433994e-44,4.175504612466554e-15,8.726356187627844e-159
2023-03-30,0.005838181,-1.078309545,0.011596291,-0.313490547,-0.137939121,0.000842132,19.02000046,0.636549217,0,Recovery,1.0,0.0,3.6274232537009466e-42,1.9967795016897216e-14,3.992773926762405e-142
2023-03-31,0.013996153,-1.238753237,0.011848778,-0.315764763,-0.125788754,0.000844851,18.70000076,0.647523976,0,Recovery,1.0,0.0,2.2708027322995018e-41,4.72747001964645e-13,5.411210711721095e-138
2023-04-03,0.003803241,-1.368179825,0.011401062,-0.30089098,-0.122457587,0.000836133,18.54999924,0.637095486,0,Recovery,1.0,0.0,9.187267941912808e-40,4.4265500934570925e-13,7.364423546646639e-123
2023-04-04,-0.005563402,-1.493616541,0.011490092,-0.223655832,-0.127326153,0.000775079,19.0,0.657573067,0,Recovery,1.0,0.0,1.7428440448912982e-39,3.056178391233682e-13,2.094156493953457e-124
2023-04-05,-0.002621882,-1.441536258,0.010916934,-0.269363339,-0.129611204,0.000715488,19.07999992,0.634780397,0,Recovery,1.0,0.0,1.2039263104734018e-40,6.407504548056363e-14,7.37735970514453e-129
2023-04-06,0.00389342,-1.309039801,0.010931682,-0.297879854,-0.126215809,0.00064045,18.39999962,0.637491603,0,Recovery,1.0,0.0,1.6152197959411005e-40,9.426633254313191e-14,8.888606503626039e-128
2023-04-10,0.001025755,-1.433994901,0.009927799,-0.268533143,-0.125319061,0.000618297,18.96999931,0.604023399,0,Recovery,1.0,0.0,5.354972541319451e-41,2.460293434548047e-14,1.0764223186651891e-125
2023-04-11,0.000268535,-1.5051724,0.009167071,-0.259684182,-0.125084147,0.000699544,19.10000038,0.562157713,0,Recovery,1.0,0.0,7.446042499060691e-42,5.706107661190294e-15,4.0451228320357396e-125
2023-04-12,-0.00408432,-1.610956047,0.00924969,-0.228315292,-0.128650296,0.000754803,19.09000015,0.582992175,0,Recovery,1.0,0.0,2.992376075720862e-42,6.33464491078878e-15,1.1314504767567785e-128
2023-04-13,0.013195335,-1.478524003,0.009040358,-0.287392073,-0.117076351,0.00086337,17.79999924,0.570250968,0,Recovery,1.0,0.0,9.228746669372038e-43,3.63916898738473e-14,1.5024002817824283e-126
2023-04-14,-0.00244578,-1.564701104,0.008886516,-0.322198727,-0.11923315,0.000958177,17.06999969,0.607045958,0,Recovery,1.0,0.0,7.599632970116656e-41,1.1558476754550712e-13,2.752800188793225e-114
2023-04-17,0.003581905,-1.593742197,0.00825146,-0.432439543,-0.116072669,0.00111096,16.95000076,0.542348946,0,Recovery,1.0,0.0,3.3786182214224223e-42,4.1506147411633165e-14,6.590383648712815e-115
2023-04-18,0.00065198,-1.680377445,0.007615543,-0.468668344,-0.115496179,0.001293119,16.82999992,0.584746857,0,Recovery,1.0,0.0,4.003695235975487e-42,5.169893728215873e-13,9.282833196806987e-112
2023-04-19,-0.000168886,-1.755947518,0.007482464,-0.343564968,-0.115645546,0.001444559,16.45999908,0.691016149,0,Recovery,0.9999999999890861,0.0,5.828959915694264e-42,1.1783621335407387e-11,5.36259407919805e-114
2023-04-20,-0.005472182,-1.797210483,0.007253521,-0.228826093,-0.120471678,0.001563758,17.17000008,0.70556054,0,Recovery,0.9999999999890861,0.0,1.853507028752293e-42,1.0123197607094292e-11,1.1902807041585587e-116
2023-04-21,0.000776502,-1.586968963,0.005861398,0.782424759,-0.119788458,0.001794206,16.77000046,0.730789318,0,Recovery,0.999999999996362,0.0,5.691207101010406e-45,3.611743115953967e-12,3.091033834440797e-112
2023-04-24,0.001042849,-1.671001964,0.005868018,0.820500552,-0.118870051,0.001959779,16.88999939,0.731370001,0,Recovery,0.999999999992724,0.0,1.7736090337285543e-45,8.110234615507938e-12,6.527806703415939e-113
2023-04-25,-0.016001249,-1.734431086,0.007005168,0.032183059,-0.132857028,0.001993086,18.76000023,0.73358535,0,Recovery,0.9999999999690772,0.0,2.6903699649122587e-43,3.1556705068870705e-11,1.0662554921415488e-124
2023-04-26,-0.004244605,-1.064224326,0.007103506,0.133454884,-0.136529906,0.002009874,18.84000015,0.52618077,0,Recovery,1.0,0.0,4.327076235065036e-45,2.7352325685978644e-15,8.144120352605169e-120
2023-04-27,0.019712577,-0.908860654,0.008150649,0.321112007,-0.119339812,0.001969745,17.03000069,0.587977904,0,Recovery,1.0,0.0,3.853170427809123e-44,1.7321459699858853e-13,6.165482522868519e-119
2023-04-28,0.008498717,-1.030796943,0.007792587,0.300010912,-0.111823436,0.001900224,15.77999973,0.567816879,0,Recovery,1.0,0.0,1.7213386912275935e-41,1.634095226128476e-13,2.4860599313329984e-97
2023-05-01,-0.001010084,-1.154127157,0.007753914,0.423911458,-0.112720116,0.00181019,16.07999992,0.564824633,0,Recovery,1.0,0.0,1.0161400131363166e-40,7.415740618208243e-14,1.8169400844105154e-92
2023-05-02,-0.011302839,-1.21594866,0.007659381,0.465927714,-0.122692433,0.001673127,17.78000069,0.544700978,0,Recovery,1.0,0.0,3.7726599762009577e-41,8.117852874330402e-15,8.58085862823793e-98
2023-05-03,-0.00688772,-0.82933187,0.007760334,0.606171086,-0.12871432,0.001542626,18.34000015,0.556224778,0,Recovery,1.0,0.0,6.614555817766337e-41,2.3605704083874353e-15,6.602987275837249e-101
2023-05-04,-0.00710821,-0.645874414,0.007819413,0.603507405,-0.134885642,0.001365834,20.09000015,0.552820578,0,Recovery,1.0,0.0,1.5823095910672963e-40,8.433840772854291e-16,6.111069061557528e-104
2023-05-05,0.018343412,-0.51561337,0.008800318,0.570005348,-0.118870051,0.001223392,17.19000053,0.56221624,0,Recovery,1.0,0.0,1.3705675435194692e-40,4.201940837144106e-15,1.097354364804524e-106
2023-05-08,0.000266339,-0.68274113,0.008767652,0.634208625,-0.11863534,0.001048567,16.97999954,0.560621664,0,Recovery,1.0,0.0,3.199858048813088e-38,3.720609902986904e-15,1.0643122335628905e-90
2023-05-09,-0.004394834,-0.85402806,0.008828242,0.702864006,-0.122500292,0.000970047,17.70999908,0.575704279,0,Recovery,1.0,0.0,9.860142740457298e-39,2.4394602592724434e-15,1.4922010660982605e-95
2023-05-10,0.00466141,-0.798062518,0.008882986,0.624240913,-0.118400358,0.000953485,16.94000053,0.584706427,0,Recovery,1.0,0.0,4.3684921999292326e-39,4.577298096634475e-15,4.769200061978894e-98
2023-05-11,-0.001745474,-0.96019301,0.008838999,0.600699005,-0.119937825,0.000928226,16.93000031,0.585685119,0,Recovery,1.0,0.0,3.999619764316526e-39,3.985450715873831e-15,1.0063594444543736e-98
2023-05-12,-0.001311204,-1.092227667,0.008348308,0.78614848,-0.12109101,0.000896614,17.03000069,0.555809727,0,Recovery,1.0,0.0,1.7799799366025905e-40,4.763863367733554e-16,3.049256388434073e-103
2023-05-15,0.00344413,-1.076716571,0.008368601,0.682633387,-0.118058714,0.000873334,17.12000084,0.546622654,0,Recovery,1.0,0.0,1.2733777879084405e-40,4.350079392566346e-16,4.7103918960121746e-104
2023-05-16,-0.006704921,-1.20795175,0.008452994,0.810746305,-0.12395228,0.000879403,17.98999977,0.541303336,0,Recovery,1.0,0.0,1.4144285013660606e-40,1.93091967092597e-16,1.3192926038240874e-104
2023-05-17,0.012065697,-0.981227748,0.008881858,0.652979538,-0.113318129,0.000907,16.87000084,0.535002701,0,Recovery,1.0,0.0,1.6716083079430872e-40,7.169918935731132e-16,4.044732305616284e-103
2023-05-18,0.00958732,-1.108475327,0.009118164,0.504148129,-0.104776345,0.00093993,16.04999924,0.549051462,0,Recovery,1.0,0.0,5.940356075621286e-39,8.21893441845016e-15,1.1232051075682107e-92
2023-05-19,-0.00145629,-1.222703729,0.009026501,0.469393118,-0.106079101,0.000952146,16.80999947,0.540094152,0,Recovery,1.0,0.0,4.827180249237671e-38,7.21090862411623e-15,3.791107087313865e-86
2023-05-22,0.000405952,-1.28052866,0.009026856,0.475343386,-0.105716138,0.000830874,17.20999908,0.538840282,0,Recovery,1.0,0.0,2.74588741708427e-38,5.057416770363032e-15,1.4606091118085832e-88
2023-05-23,-0.011286297,-1.366038083,0.009400428,0.505458157,-0.115752548,0.000678137,18.53000069,0.582591167,0,Recovery,1.0,0.0,9.007230339516624e-38,1.135837822230093e-14,9.427438803620063e-95
2023-05-24,-0.007270985,-0.94750287,0.008825028,0.750436525,-0.12215858,0.000607497,20.03000069,0.547019817,0,Recovery,1.0,0.0,1.249170988036991e-37,1.1785325827351598e-15,2.780092882926917e-91
2023-05-25,0.00862274,-0.684545272,0.008919211,0.561022216,-0.114556454,0.000529343,19.13999939,0.750402028,0,Recovery,0.999999999998181,0.0,1.5861703739576446e-36,1.585584863550777e-12,2.3442574569453987e-92
2023-05-26,0.012867366,-0.846907795,0.008313185,0.389131551,-0.103089511,0.000524471,17.95000076,0.709313659,0,Recovery,0.999999999996362,0.0,1.3645279216770996e-36,3.2280647622550833e-12,1.49467837153168e-85
2023-05-30,0.00038084,-0.983177224,0.00812741,0.520389048,-0.102747866,0.000504968,17.45999908,0.69108659,0,Recovery,0.999999999998181,0.0,1.219863027763209e-35,1.2660760414660478e-12,4.8102087541219925e-76
2023-05-31,-0.005560543,-1.123891294,0.008229262,0.562271742,-0.10772323,0.000476522,17.94000053,0.692461091,0,Recovery,1.0,0.0,4.8486284361845943e-36,6.265535010894812e-13,1.387302540937915e-79
2023-06-01,0.009456037,-0.985373498,0.008013907,0.459042285,-0.09924581,0.000447278,15.64999962,0.708601844,0,Recovery,0.999999999996362,0.0,2.3267791528656005e-36,3.126867432698203e-12,3.6238088424194005e-79
2023-06-02,0.014357649,-1.111814749,0.008271324,0.292056973,-0.086219809,0.000411365,14.60000038,0.680951661,0,Recovery,0.9999999999872671,0.0,2.1312378190237147e-35,1.3177704473213856e-11,1.2562701439149517e-71
2023-06-05,-0.001918197,-1.212520921,0.008051796,0.295910617,-0.08797094,0.000391052,14.72999954,0.686434028,0,Recovery,0.9999999999872671,2.806928715315346e-292,4.838618093968246e-34,1.3607702438655386e-11,3.931747186069292e-61
2023-06-06,0.002175244,-1.24127204,0.0071894,0.199414906,-0.085984895,0.000501076,13.96000004,0.686065558,0,Recovery,0.9999999999781721,4.346808586048833e-291,6.95280716631211e-35,2.1738881647964383e-11,2.488126882916058e-62
2023-06-07,-0.003463642,-1.346935287,0.00727334,0.24929181,-0.08914524,0.000572056,13.93999958,0.685416041,0,Recovery,0.9999999999836291,1.3328605288672404e-297,4.27114930007085e-35,1.5838694021033987e-11,2.589517800267486e-63
2023-06-08,0.006030185,-1.292662697,0.007201478,0.085834392,-0.083636023,0.000631663,13.64999962,0.669321564,0,Recovery,0.9999999999745341,2.791261285100053e-293,2.3576942469556875e-35,2.492469903403929e-11,3.8060136714169854e-64
2023-06-09,0.001792802,-1.385511472,0.007176904,0.142804231,-0.081991691,0.000676857,13.82999992,0.663399445,0,Recovery,0.9999999999799911,5.784487095886071e-273,4.6229686845807465e-35,1.994800547868431e-11,5.985771744556384e-60
2023-06-12,0.009030969,-1.471298987,0.007285626,-0.026335285,-0.073663638,0.000703489,15.01000023,0.67875826,0,Recovery,0.9999999998617568,5.011797719009543e-244,1.3418882198665348e-34,1.3811052461402462e-10,4.821063039151506e-59
2023-06-13,0.006571175,-1.536263423,0.007285738,-0.168520915,-0.067556476,0.000734499,14.60999966,0.659462925,0,Recovery,0.9999999996780389,1.612127508180334e-210,1.617388599725126e-33,3.2215714061996683e-10,2.9608718229834933e-52
2023-06-14,0.001190154,-1.602946792,0.007292615,-0.123397127,-0.066446064,0.000760068,13.88000011,0.661188837,0,Recovery,0.9999999996962288,1.5464825911719481e-195,4.602905263717614e-33,3.042047901006434e-10,6.392984872946328e-47
2023-06-15,0.012321502,-1.696017224,0.007246424,-0.280301892,-0.05487212,0.000782108,14.5,0.70035428,0,Recovery,0.9999999860847311,1.5191177979378124e-168,2.828468065390181e-32,1.3914500436091955e-08,7.020118918008309e-47
2023-06-16,-0.003411924,-1.7596134,0.00713003,-0.109653296,-0.058091329,0.000788247,13.53999996,0.729670887,0,Recovery,0.99999999605825,5.526880190508192e-153,1.546360153801202e-31,3.941098243338739e-09,8.012869453567064e-41
2023-06-20,-0.005201798,-1.749823335,0.007164416,0.079553514,-0.062978226,0.000767076,13.88000011,0.719985047,0,Recovery,0.9999999990686774,2.1000923074879785e-166,2.551520594323132e-32,9.311626648881056e-10,1.5561109224426324e-43
2023-06-21,-0.005136863,-1.47043177,0.00730135,0.103846078,-0.067779237,0.00073506,13.19999981,0.732580997,0,Recovery,0.9999999989140633,3.517503579785072e-185,5.135530830575934e-32,1.0856646581360922e-09,2.9303738177976816e-42
2023-06-22,0.003603065,-1.327511237,0.007299832,0.040864911,-0.064414327,0.00069143,12.90999985,0.7429245,0,Recovery,0.999999997937266,1.2756577649783413e-187,6.782494465956051e-32,2.062719375022464e-09,4.44944313646144e-43
2023-06-23,-0.007588574,-1.435030928,0.006997877,0.193594824,-0.071487218,0.000599388,13.43999958,0.714800435,0,Recovery,0.9999999995907274,1.988702895411155e-193,2.112664313302458e-32,4.1012385183665013e-10,1.2020420297134992e-43
2023-06-26,-0.004094184,-1.130486688,0.006811906,0.241987181,-0.075280948,0.000561414,14.25,0.742099494,0,Recovery,0.9999999995070539,7.00949671257162e-207,3.0134800893295844e-32,4.934669708813797e-10,1.3753280844257099e-42
2023-06-27,0.010903719,-1.039282296,0.006931925,0.237792226,-0.065142901,0.000481102,13.73999977,0.781580788,0,Recovery,0.9999999968749762,4.5874111838070446e-195,7.153185183576844e-32,3.1254749098677422e-09,1.4255985007474432e-42
2023-06-28,0.000504183,-1.157316762,0.00652832,0.360893754,-0.064671443,0.00047993,13.43000031,0.759317042,0,Recovery,0.9999999982592271,3.451091175387852e-171,1.522539793811164e-31,1.7404404176384554e-09,8.26801189345895e-37
2023-06-29,0.003933676,-1.273276026,0.006530373,0.283007226,-0.060984917,0.000480766,13.53999996,0.774523173,0,Recovery,0.9999999974734237,9.314198316249471e-163,1.0998815287685564e-31,2.525834530384386e-09,2.607108610763312e-37
2023-06-30,0.011731539,-1.379774787,0.006597205,0.127184177,-0.049903953,0.00045348,13.59000015,0.787316031,0,Recovery,0.9999999862375262,9.246511987400362e-139,4.04554979244088e-31,1.3761748722058942e-08,6.938358398689027e-36
2023-07-03,0.001150067,-1.454276852,0.006437198,0.272911083,-0.048810651,0.000445604,13.56999969,0.773843211,0,Recovery,0.9999999936917447,4.434738299569331e-115,1.5677948899292527e-30,6.307825500059687e-09,9.293715144710952e-30
2023-07-05,-0.001488418,-1.539874328,0.005895278,0.326968262,-0.050225365,0.000446463,14.18000031,0.797842344,0,Recovery,0.9999999900210241,1.2530454713136524e-106,1.2285993018739227e-30,9.979271522978537e-09,1.9847267933552885e-30
2023-07-06,-0.007861465,-1.51350107,0.006218503,0.235372448,-0.057662712,0.000414779,15.43999958,0.758374131,0,Recovery,0.9999999954470695,3.19157019676708e-119,1.348916583216465e-30,4.552222778843277e-09,2.4273907402155457e-32
2023-07-07,-0.002528073,-1.178849927,0.006279511,0.324117286,-0.060042001,0.000434758,14.82999992,0.769345985,0,Recovery,0.9999999964329618,1.4601810411276883e-134,1.02646823944521e-30,3.5676126899442485e-09,1.3823728090165178e-31
2023-07-10,0.002528073,-1.101712849,0.006186109,0.221381841,-0.057662712,0.000452371,15.06999969,0.747257098,0,Recovery,0.9999999959291017,1.9485573086929183e-132,1.0256964499047494e-30,4.071539719350687e-09,2.752259073741619e-31
2023-07-11,0.006348277,-1.216586063,0.006197831,0.216908006,-0.051661466,0.000465924,14.84000015,0.732694195,0,Recovery,0.9999999947231117,2.655638309353579e-120,9.231206663719633e-31,5.277062277407061e-09,1.5889145916304067e-30
2023-07-12,0.008013844,-1.313470313,0.006352582,0.109891269,-0.044031095,0.000467283,13.53999996,0.742733913,0,Recovery,0.999999988851414,3.023553497352507e-103,2.996714830293822e-30,1.1148405255423748e-08,8.128280746601633e-28
2023-07-13,0.007905461,-1.393549974,0.006294151,0.109421208,-0.036443769,0.000461627,13.60999966,0.725420655,0,Recovery,0.9999999829760783,1.2599338413317176e-79,1.7019258403489297e-28,1.702334138186127e-08,3.2256084821829728e-24
2023-07-14,-0.00062301,-1.463731433,0.006221177,0.25743033,-0.037043887,0.000454011,13.34000015,0.73522324,0,Recovery,0.9999999892261258,2.0647172639274967e-67,1.235957953649849e-24,1.0773528323016232e-08,9.502952555964896e-22
2023-07-17,0.003466131,-1.49854809,0.00623471,0.203849205,-0.033700363,0.000439056,13.47999954,0.714644798,0,Recovery,0.9999999886495061,1.6801261083727807e-62,3.3647242038618464e-22,1.1351032977888737e-08,2.0262802448405436e-22
2023-07-18,0.007403106,-1.563194467,0.005896676,0.106517931,-0.0265202,0.000440366,13.30000019,0.618911716,0,Recovery,0.9999999964911694,3.9031318446741634e-52,1.0977433323189011e-22,3.5093924700563124e-09,1.6669710028335754e-20
2023-07-19,0.002221177,-1.613343145,0.005793705,-0.00050329,-0.024355525,0.000448524,13.76000023,0.581459196,0,Recovery,0.9999999972696969,7.479136895779134e-41,1.438778810196023e-20,2.730606434260222e-09,1.5028734202041366e-17
2023-07-20,-0.006656601,-1.663715092,0.005887983,-0.02785683,-0.030828434,0.000438119,13.98999977,0.620835562,0,Recovery,0.9999999947431206,2.961284781329391e-42,1.2589148894669569e-17,5.257507725775709e-09,2.2162697333788833e-18
2023-07-21,0.0,-1.332031931,0.005697451,-0.079016037,-0.030828434,0.00041672,13.60000038,0.608441034,0,Recovery,0.9999999973115337,4.621850329371858e-46,2.0140855840427996e-18,2.688718180284621e-09,8.116753766373859e-17
2023-07-24,0.004457532,-1.384810626,0.005713617,-0.096852585,-0.026498677,0.000377298,13.90999985,0.604119574,0,Recovery,0.9999999947285687,7.275594326768353e-41,7.124807488313858e-17,5.2723158467515846e-09,8.935062356500381e-17
2023-07-25,0.002726277,-1.455338902,0.005285177,-0.113021047,-0.023841022,0.000397053,13.85999966,0.597857794,0,Recovery,0.9999999931187631,2.6497312072124053e-35,7.745095888318573e-17,6.880993186907988e-09,3.6256943469408965e-16
2023-07-26,0.000153699,-1.5173157,0.005103035,-0.146986359,-0.023690975,0.000436401,13.18999958,0.512197742,0,Recovery,0.9999999997035047,7.636269103547894e-33,3.5523770628498554e-16,2.958647313948243e-10,1.5642453260848506e-15
2023-07-27,-0.006652055,-1.551113608,0.005110146,-0.162383313,-0.030163884,0.000445548,14.40999985,0.504220368,0,Recovery,0.9999999996907718,1.046472766128803e-35,1.5418007655221393e-15,3.0910129958982957e-10,1.203501525734252e-15
2023-07-28,0.009742651,-1.274345746,0.00538773,-0.222198693,-0.020668931,0.000450228,13.32999992,0.554074735,0,Recovery,0.9999999971842044,7.819925260017447e-34,1.137936096409168e-15,2.81562781005478e-09,1.5743200201743012e-14
2023-07-31,0.001902262,-1.341630729,0.005373058,-0.170434689,-0.018804214,0.000448729,13.63000011,0.553371168,0,Recovery,0.9999999971842044,1.1201122370456636e-24,1.5463248415108876e-14,2.812146428074712e-09,2.9240232039566562e-12
2023-08-01,-0.002865612,-1.410756142,0.004994585,-0.199865217,-0.021611916,0.000462528,13.93000031,0.494432199,0,Recovery,0.9999999993760866,1.27638533796347e-20,2.4574796958711534e-12,3.983971838839144e-10,2.2327303939216235e-10
2023-08-02,-0.014008534,-1.316222754,0.006021852,-0.601577244,-0.035222146,0.000444055,16.09000015,0.577443103,0,Recovery,0.9999999487099571,6.607606551953314e-32,2.2125994649450863e-10,5.1065327666859606e-08,3.138984594251524e-12
2023-08-03,-0.002869914,-0.596014818,0.006054133,-0.566550648,-0.037987007,0.00044681,15.92000008,0.580374375,0,Recovery,0.9999999942501745,4.9602825276838554e-42,9.571638957374276e-12,5.665459173883082e-09,7.538794583501163e-11
2023-08-04,-0.004533145,-0.583908147,0.005861789,-0.587278255,-0.042338082,0.000437751,17.10000038,0.499238835,0,Recovery,0.9999999992996891,3.6380487015880796e-46,7.557110219404873e-11,6.003511442787241e-10,2.4897857998226845e-11
2023-08-07,0.00869083,-0.487211415,0.006054425,-0.681905221,-0.033978934,0.000428255,15.77000046,0.448817735,0,Recovery,0.9999999998581188,2.0467788195441766e-44,2.5955944457944307e-11,9.185248391044436e-11,2.4947064719133848e-11
2023-08-08,-0.004358209,-0.635742761,0.006170103,-0.520692233,-0.038179895,0.000427541,15.98999977,0.435749068,0,Recovery,0.999999999834472,1.330572729786008e-40,2.5121520822752383e-11,2.2085427918271355e-11,1.185862328785989e-10
2023-08-09,-0.00670783,-0.557351964,0.0062587,-0.319649419,-0.04461003,0.0004306,15.96000004,0.450195141,0,Recovery,0.9999999998708518,9.920928511864103e-51,1.1863059963962503e-10,9.25102446247262e-12,1.9489919258676297e-12
2023-08-10,0.000359025,-0.41918147,0.006008095,-0.280817178,-0.04426696,0.000414701,15.85000038,0.426076382,0,Recovery,0.999999999996362,2.8851167878719066e-58,2.156814619127231e-12,1.8011801041579529e-12,1.63229679215934e-13
2023-08-11,-0.000583329,-0.511011394,0.005727814,-0.242122242,-0.044824304,0.000397801,14.84000015,0.405673762,0,Recovery,1.0,1.4394224478821217e-61,1.6418561436534794e-13,3.786934680326716e-13,4.5598930356026577e-14
2023-08-14,0.005504928,-0.670797727,0.005871044,-0.325199411,-0.039551631,0.000384399,14.81999969,0.427540858,0,Recovery,0.999999999998181,1.4234397364575772e-58,4.5660545321964504e-14,2.628276554967765e-12,6.2067740085298825e-15
2023-08-15,-0.011717425,-0.810130595,0.006324232,-0.232111143,-0.050739936,0.000390625,16.45999908,0.408888663,0,Recovery,0.999999999998181,2.2151791268604553e-66,6.241221341596342e-15,1.2803501963860348e-12,1.1528411187228642e-15
2023-08-16,-0.007365,-0.447535273,0.0061804,-0.079293551,-0.057705554,0.000400988,16.78000069,0.384009872,0,Recovery,1.0,6.744826077945055e-86,1.1547170206911545e-15,6.08841700704041e-14,2.0746678684472395e-16
2023-08-17,-0.00764927,-0.173246219,0.006254112,0.096214195,-0.064885921,0.000415469,17.88999939,0.407070155,0,Recovery,1.0,1.9792088327044404e-103,2.0818287190914458e-16,1.1022379683288208e-13,4.3576513108305696e-18
2023-08-18,0.000481258,-0.018081645,0.00618311,-0.044608911,-0.064435782,0.000424271,17.29999924,0.398009117,0,Recovery,1.0,9.476957581332767e-117,4.4118230925364536e-18,3.3283241753316784e-14,7.762103301273045e-20
2023-08-21,0.006485229,-0.229955497,0.006428336,-0.0833932,-0.058348716,0.000445561,17.12999916,0.439811065,0,Recovery,1.0,3.4534773760089275e-112,7.827567677983113e-20,6.188006084211146e-13,1.727146968984684e-21
2023-08-22,-0.002712161,-0.417566566,0.006292211,0.036814362,-0.060899167,0.000455971,16.96999931,0.425604231,0,Recovery,1.0,4.679592144116246e-109,1.733746901704722e-21,2.016616735320581e-13,6.154640678153783e-21
2023-08-23,0.011076099,-0.53061377,0.006827792,0.172213154,-0.050439775,0.000483121,15.97999954,0.47775353,0,Recovery,0.999999999996362,1.948460560242128e-101,6.148763551926007e-21,4.089430371066732e-12,9.14843692536831e-22
2023-08-24,-0.013956006,-0.674308252,0.007350229,0.15887164,-0.063599799,0.000537126,17.20000076,0.628596847,0,Recovery,0.999999999317879,1.9550241562436477e-106,9.059978390759005e-22,6.817781697018195e-10,6.456542108370684e-22
2023-08-25,0.007024993,-0.258182557,0.007520222,-0.018177366,-0.056998434,0.00058499,15.68000031,0.656362448,0,Recovery,0.9999999988249328,2.4858516072835305e-117,6.32738062955904e-22,1.1756868877076758e-09,1.6672422439575366e-22
2023-08-28,0.006321354,-0.43892715,0.007302106,-0.071107557,-0.051018506,0.000608981,15.07999992,0.628395152,0,Recovery,0.9999999990941433,8.479948726383013e-100,1.6418286915019327e-22,9.066799114936765e-10,5.845991182585151e-20
2023-08-29,0.014351286,-0.59440415,0.008058225,0.106569523,-0.037301206,0.000693667,14.44999981,0.681185541,0,Recovery,0.9999999880747055,8.325511544754739e-75,5.479404414113253e-20,1.192478113737421e-08,1.4071848940290164e-17
2023-08-30,0.004110341,-0.719538432,0.008116987,-0.008793448,-0.033336042,0.000718585,13.88000011,0.68116796,0,Recovery,0.9999999863975972,3.287330627718086e-53,1.3877033128683863e-17,1.3602753360692753e-08,9.488566009708483e-14
2023-08-31,-0.001464362,-0.849431837,0.007518392,0.036386426,-0.034750553,0.000740844,13.56999969,0.663990008,0,Recovery,0.9999999923602445,7.139307239064397e-47,9.316371994000254e-14,7.638750832002946e-09,1.0674607172649361e-13
2023-09-01,0.001863432,-0.971022053,0.007498244,-0.052055349,-0.032950199,0.00075562,13.09000015,0.663149936,0,Recovery,0.9999999901410774,2.39723183945353e-48,1.0332659992655102e-13,9.85969933777114e-09,1.3937722512278836e-14
2023-09-05,-0.004331281,-1.021378277,0.007491934,-0.054514313,-0.037129705,0.000753523,14.01000023,0.730057589,0,Recovery,0.9999999677456805,9.625103196403301e-51,1.3703529720344096e-14,3.225481125408384e-08,2.4335589958284178e-15
2023-09-06,-0.006745211,-1.042693891,0.007379621,0.129980704,-0.043602614,0.000749148,14.44999981,0.759160181,0,Recovery,0.9999999763185773,8.389214665136475e-62,2.1430783529487455e-15,2.3680867042293827e-08,3.140191551984974e-17
2023-09-07,-0.003074812,-0.645733489,0.007351129,0.111220858,-0.046538839,0.000743952,14.39999962,0.770371036,0,Recovery,0.9999999708725231,2.248049402178863e-71,3.665266909206133e-17,2.912669069719187e-08,3.247439757243312e-16
2023-09-08,0.001504851,-0.69880553,0.00721688,-0.014289178,-0.045102942,0.000734917,13.84000015,0.757628118,0,Recovery,0.999999970725185,3.519438434263034e-74,2.8515328893596036e-16,2.9274305938434657e-08,2.507636224094266e-17
2023-09-11,0.006555186,-0.820209341,0.007358617,-0.100188767,-0.038822854,0.000711685,13.80000019,0.760705525,0,Recovery,0.9999999457140817,1.4801348290099447e-67,2.194807012708798e-17,5.4286086450631495e-08,2.450472449818348e-17
2023-09-12,-0.005500813,-0.93152308,0.007464624,-0.023115317,-0.044095594,0.000659828,14.22999954,0.770730882,0,Recovery,0.9999999658630264,9.259952277534447e-67,2.2492838140992966e-17,3.413730185395879e-08,3.8922454839913e-17
2023-09-13,0.001165501,-0.792079338,0.007365069,0.041418375,-0.042980838,0.000604949,13.47999954,0.736750924,0,Recovery,0.9999999821357052,7.919154593959097e-72,3.5475598967239563e-17,1.786427203696103e-08,2.1902632102958208e-17
2023-09-14,0.008585304,-0.892342873,0.007101344,-0.058720224,-0.034729166,0.000577078,12.81999969,0.73853324,0,Recovery,0.9999999551437223,1.0409973316927707e-62,1.798578843218633e-17,4.485618026716947e-08,6.803991778758947e-17
2023-09-15,-0.012121415,-0.995473964,0.007442334,-0.157783555,-0.046358987,0.000534636,13.78999996,0.722775329,0,Recovery,0.9999999730844141,5.2071776349864654e-67,6.407410684194249e-17,2.6915536924684427e-08,1.409897307539555e-16
2023-09-18,0.000586189,-0.453497551,0.007200629,-0.265609261,-0.04579981,0.000487358,14.0,0.688413263,0,Recovery,0.9999999882220436,2.6000431524615987e-73,1.3918565690191425e-16,1.1778820103796628e-08,2.4234474087658556e-15
2023-09-19,-0.002075911,-0.572570278,0.007230727,-0.2143167,-0.04777859,0.000420622,14.10999966,0.684102492,0,Recovery,0.9999999922329152,1.4838128861174366e-75,2.3762860989264776e-15,7.766453516967917e-09,1.1432448618468617e-16
2023-09-20,-0.009235926,-0.622563902,0.007428211,-0.037128967,-0.056532747,0.000369253,15.14000034,0.709194107,0,Recovery,0.9999999940609996,7.711742974013366e-91,1.1498987062258593e-16,5.938630782745598e-09,7.120320954434604e-19
2023-09-21,-0.016666551,-0.286034829,0.00826823,-0.203906804,-0.072126782,0.000334223,17.54000092,0.685902758,0,Recovery,0.9999999971005309,1.2142114718385674e-126,1.1093783431109537e-18,2.899707495530746e-09,1.0458955636846153e-21
2023-09-22,-0.002250887,0.513785153,0.007829225,-0.159675548,-0.074212971,0.000311372,17.20000076,0.64990356,0,Recovery,0.9999999994397513,1.0361922205941085e-150,1.2609476279063794e-20,5.600052459186621e-10,2.5218379955748843e-21
2023-09-25,0.004196173,0.394006033,0.007337967,-0.268681965,-0.070320046,0.000311678,16.89999962,0.599339812,0,Recovery,0.9999999998781277,6.168138990828873e-149,2.5538867332718634e-21,1.214091378821892e-10,1.8838549221259197e-22
2023-09-26,-0.014800165,0.150211424,0.007774818,-0.185414584,-0.083978143,0.00031744,18.94000053,0.625754058,0,Recovery,0.9999999997999112,3.08193566453622e-168,1.9284292399632895e-22,2.0075217531256002e-10,1.782008607050234e-25
2023-09-27,0.000399049,0.653158589,0.007586543,-0.138216445,-0.083612532,0.000314123,18.21999931,0.616514561,0,Recovery,0.9999999999308784,4.890623570095049e-195,6.3226415484524e-25,6.96447045037961e-11,1.8870508441239657e-27
2023-09-28,0.005780731,0.496241384,0.006879479,-0.584268916,-0.078299801,0.000319302,17.34000015,0.564575556,0,Recovery,0.9999999999763531,8.27033040346262e-190,2.2686573363822393e-27,2.4255644605057788e-11,2.4023736150856655e-28
2023-09-29,-0.002429819,0.243676182,0.006732047,-0.520879663,-0.080536648,0.000321706,17.52000046,0.55778228,0,Recovery,0.9999999999854481,1.153260450830565e-185,2.90902010668733e-28,1.3940966891329775e-11,1.7801610508296923e-28
2023-10-02,-0.000397862,0.150041047,0.006743344,-0.540239523,-0.080902394,0.0003509,17.61000061,0.568534931,0,Recovery,0.9999999999799911,2.860417713447518e-193,1.9703535398855957e-28,1.910105237303855e-11,6.182931722428836e-31
2023-10-03,-0.013476498,-0.008617817,0.007088068,-0.356923276,-0.093205524,0.000354553,19.78000069,0.566905896,0,Recovery,0.9999999999890861,1.5802991856657294e-220,1.3343419973434728e-29,1.1440415267310635e-11,6.475677595747758e-35
2023-10-04,0.007255601,0.504373024,0.007427308,-0.401364177,-0.086602258,0.000353504,18.57999992,0.605704356,0,Recovery,0.9999999999672582,1.121450080063258e-237,2.5098376605852087e-29,3.33640329821471e-11,1.584400375254099e-35
2023-10-05,-0.000376784,0.240653798,0.007375646,-0.525395963,-0.086946346,0.000353485,18.48999977,0.641071515,0,Recovery,0.9999999998726707,5.035747379548933e-226,2.1561416001269263e-29,1.2819353036855325e-10,8.768542734859532e-35
2023-10-06,0.011802775,-0.007624771,0.007978185,-0.411269773,-0.076105932,0.00037972,17.45000076,0.710772527,0,Recovery,0.9999999978317646,6.040263454129915e-213,1.5098332886539127e-29,2.167536714093431e-09,3.617832058785635e-36
2023-10-09,0.006381937,-0.21512439,0.008139388,-0.431104701,-0.070190843,0.000412706,17.70000076,0.717857331,0,Recovery,0.9999999950396159,3.9053606580296664e-177,8.901688103647693e-29,4.959797561304634e-09,5.57359795955764e-31
2023-10-10,0.005191123,-0.40860779,0.008079055,-0.436455401,-0.06535154,0.000436868,17.03000069,0.695850985,0,Recovery,0.9999999958254193,7.881945244139895e-156,8.797923344949314e-29,4.174219333811777e-09,4.6144845603468496e-29
2023-10-11,0.004088035,-0.589891632,0.008102644,-0.583766592,-0.061522844,0.00045946,16.09000015,0.693774244,0,Recovery,0.9999999918491085,2.645887370660397e-143,1.559594796439041e-28,8.150667525414331e-09,2.427883028541837e-28
2023-10-12,-0.006114971,-0.765012487,0.008166423,-0.453935606,-0.067244094,0.000482035,16.69000053,0.732476788,0,Recovery,0.9999999917399691,9.488714986191246e-146,2.997928421957943e-28,8.259752576006615e-09,3.630067544589183e-29
2023-10-13,-0.004993467,-0.660492626,0.007883676,-0.356088846,-0.07189017,0.00047831,19.31999969,0.730546654,0,Recovery,0.9999999763895179,4.729229605129757e-156,2.290249732925683e-28,2.3610306083371126e-08,6.835254808798366e-31
2023-10-16,0.01046653,-0.348141946,0.00795558,-0.464147972,-0.062125066,0.000485229,17.20999908,0.709077016,0,Recovery,0.9999999859956006,3.931655084779709e-151,1.407174372594804e-28,1.400484005156082e-08,3.7100810885009595e-28
2023-10-17,-4.59e-05,-0.53177625,0.007951292,-0.453487573,-0.062168111,0.00048343,17.87999916,0.73305977,0,Recovery,0.9999999715546442,3.1720277433190434e-129,1.0247419783406465e-27,2.8444662461468962e-08,6.644205205203027e-25
2023-10-18,-0.013414668,-0.677934879,0.008412186,-0.356980357,-0.074664807,0.000504512,19.21999931,0.738749912,0,Recovery,0.9999999811916498,1.891867116741277e-148,6.024151493726907e-25,1.880769665378055e-08,1.8700904168201986e-28
2023-10-19,-0.00882528,0.063099274,0.008393429,-0.360265252,-0.08279522,0.000524633,21.39999962,0.705913342,0,Recovery,0.9999999865449354,8.229940106599177e-176,1.089726148797576e-26,1.3455079134478295e-08,3.302672181673749e-27
2023-10-20,-0.012364175,0.508101161,0.008046049,-0.265070542,-0.09406588,0.000515164,21.70999908,0.737415791,0,Recovery,0.9999999934971129,2.192360183175809e-208,5.846664739548524e-27,6.502523692811169e-09,9.817873599965714e-30
2023-10-23,-0.001734733,1.033529103,0.008043272,-0.274624639,-0.095636072,0.000519765,20.37000084,0.750870172,0,Recovery,0.9999999976371328,1.157565239616105e-238,1.9207270901795554e-27,2.3625728193008762e-09,6.741532722884182e-32
2023-10-24,0.007511263,0.87097481,0.008184021,-0.274009246,-0.088817582,0.00052155,18.96999931,0.749616477,0,Recovery,0.9999999975425453,4.182431744898632e-239,5.364510123912606e-28,2.4583525772239904e-09,5.197449066325217e-34
2023-10-25,-0.014456331,0.541260012,0.008155235,-0.264880596,-0.101895182,0.000528679,20.19000053,0.526261693,0,Recovery,1.0,1.5259417696768422e-255,4.845248035650422e-29,7.322675985035179e-13,2.7639115318875412e-34
2023-10-26,-0.012046659,1.149382801,0.008498029,-0.133913801,-0.112649438,0.000549252,20.68000031,0.620094735,0,Recovery,0.999999999990905,2.584660628443116e-307,2.8509789278020486e-28,9.844513717076129e-12,1.406844569948977e-37
2023-10-27,-0.004543272,1.737552602,0.008351107,0.003262022,-0.116671769,0.000516039,21.27000046,0.612179778,0,Recovery,0.999999999990905,0.0,4.294799418800301e-27,8.508539566537998e-12,5.555354909329517e-40
2023-10-30,0.011884891,1.564321082,0.008883638,-0.036972191,-0.106110876,0.000487271,19.75,0.645052877,0,Recovery,0.9999999999672582,0.0,8.227618356552313e-28,3.2477537014907495e-11,1.756612314251057e-42
2023-10-31,0.006260605,1.15574777,0.009036577,-0.112568334,-0.100497034,0.000448589,18.13999939,0.647727223,0,Recovery,0.9999999999490683,9.245585213589872e-303,3.524809674437194e-28,5.014148986179382e-11,1.177655872933078e-38
2023-11-01,0.010608451,0.784862232,0.008904847,-0.261560079,-0.090903906,0.00041728,16.87000084,0.656160912,0,Recovery,0.9999999998435669,2.880388105877605e-275,9.847364666355419e-29,1.5715516703363455e-10,3.766326110774908e-37
2023-11-02,0.018982869,0.463522835,0.009706316,-0.023399793,-0.073481817,0.000497871,15.65999985,0.634374045,0,Recovery,0.9999999995379767,1.8517937821322798e-222,2.0943474385388483e-28,4.6187094284866665e-10,5.273556500761575e-32
2023-11-03,0.009082087,0.197872906,0.009872905,-0.130932774,-0.065028771,0.00056093,14.90999985,0.623794905,0,Recovery,0.9999999992105586,7.545566763219712e-168,1.1725756384727497e-27,7.902456213850502e-10,5.785062806877447e-24
2023-11-06,0.002297776,-0.051595692,0.009572436,-0.069112832,-0.062877946,0.000604826,14.89000034,0.588083395,0,Recovery,0.9999999997653504,1.4204771974415225e-140,5.780664572104411e-24,2.3383084922787303e-10,2.957154421683588e-22
2023-11-07,0.002842076,-0.300957924,0.009497828,-0.026686744,-0.060210786,0.000636984,14.81000042,0.583283698,0,Recovery,0.99999999981992,1.185084085474535e-133,2.9509112135526944e-22,1.8021468160556559e-10,1.0392313636969638e-23
2023-11-08,0.000732071,-0.522427577,0.009437558,0.035716851,-0.059522541,0.000654756,14.44999981,0.594407939,0,Recovery,0.9999999997526174,1.0129999957775807e-133,1.0436936778269634e-23,2.4779730994478665e-10,2.0439250664166169e-25
2023-11-09,-0.007829181,-0.70666263,0.009555699,0.182495334,-0.066856961,0.000673668,15.28999996,0.594838852,0,Recovery,0.9999999998817657,4.8140403768799867e-147,2.0309296770760271e-25,1.1849741312255177e-10,1.0573949779263e-27
2023-11-10,0.015484284,-0.35729411,0.010045167,0.048969296,-0.052295463,0.00072345,14.17000008,0.646408147,0,Recovery,0.9999999971114448,1.2515852397264746e-138,1.4075741342683179e-27,2.889088988127935e-09,1.433501369437604e-25
2023-11-13,-0.000953707,-0.549533147,0.009967919,0.000361002,-0.053198865,0.000737128,14.76000023,0.636792294,0,Recovery,0.9999999980773282,9.933511786035237e-111,1.4311988578187182e-25,1.9235600080358065e-09,1.2249974102449509e-20
2023-11-14,0.019214905,-0.756397552,0.010551292,0.107058227,-0.03483026,0.000790163,14.15999985,0.642780966,0,Recovery,0.9999999791070879,4.524327936849341e-88,1.1205612403026297e-20,2.0893044095453282e-08,2.2067780555090463e-21
2023-11-15,0.002114848,-0.899053903,0.010547369,0.077329375,-0.032786913,0.000819887,14.18000031,0.643179274,0,Recovery,0.9999999818483049,3.6780931787628935e-62,2.3707666622198486e-21,1.8151962049817026e-08,2.964206176154845e-15
2023-11-16,0.001222275,-1.064925988,0.009983177,0.045983245,-0.03160399,0.000823087,14.31999969,0.625939635,0,Recovery,0.9999999875908543,6.06456500591451e-52,2.9275558506492914e-15,1.240827863469253e-08,1.3503947057868946e-15
2023-11-17,0.00124305,-1.216132166,0.009665645,-0.026656332,-0.030399477,0.000807296,13.80000019,0.619762878,0,Recovery,0.9999999869905878,7.950309458294908e-52,1.3439206493668153e-15,1.3009501785641849e-08,1.8534936912994197e-16
2023-11-20,0.007668081,-1.289292152,0.009081092,-0.116293324,-0.022935923,0.000759517,13.40999985,0.582367893,0,Recovery,0.999999988496711,5.343842763971774e-44,1.8892113085777487e-16,1.1503537552754618e-08,2.4994554943248828e-15
2023-11-21,-0.002181594,-1.396019543,0.009094729,-0.11139997,-0.025065156,0.00070439,13.35000038,0.598603908,0,Recovery,0.9999999853389454,2.1163695619510437e-39,2.470317370581583e-15,1.4660824799150355e-08,2.2791744295901733e-14
2023-11-22,0.00385333,-1.187349584,0.009050554,-0.058071306,-0.021301163,0.000655655,12.85000038,0.601207441,0,Recovery,0.9999999880146788,2.206272434295213e-36,2.2627030967933374e-14,1.1985098453065229e-08,4.169744546414716e-13
2023-11-24,0.000615141,-1.312254672,0.008112412,0.191307154,-0.020698941,0.000659783,12.46000004,0.747414239,0,Recovery,0.9999999437368403,8.885123317995597e-32,3.954740050005214e-13,5.6262573968383134e-08,2.2348857042799085e-14
2023-11-27,-0.001802593,-1.331730035,0.007365162,0.56706881,-0.022462631,0.000773755,12.68999958,0.648611891,0,Recovery,0.9999999952651706,4.273940496357779e-31,2.0566173095888765e-14,4.734473199209962e-09,1.313047929182136e-14
2023-11-28,0.000989583,-1.409935468,0.007116132,0.617107712,-0.021494798,0.000891231,12.68999958,0.662222178,0,Recovery,0.9999999937135726,6.807372368158125e-32,9.809595289619356e-15,6.286399918765795e-09,1.371171145062533e-15
2023-11-29,-0.00070368,-1.450563395,0.007025555,0.827687578,-0.022183111,0.001016776,12.97999954,0.663784698,0,Recovery,0.9999999932479113,3.1506338513023427e-32,7.136935140698006e-16,6.751767350701844e-09,1.2058979993051982e-15
2023-11-30,0.003929765,-1.552657256,0.007010987,0.880355883,-0.01833296,0.001123488,12.92000008,0.666865822,0,Recovery,0.9999999896335794,1.1343378513593135e-31,2.795683287317967e-16,1.0366036462770761e-08,1.0678110418944806e-16
2023-12-01,0.005898502,-1.639528635,0.00686835,0.995244644,-0.012525483,0.001224781,12.63000011,0.607621459,0,Recovery,0.9999999955689418,1.7557430487553218e-27,1.7107080444358644e-17,4.431143799538919e-09,2.327731982161615e-15
2023-12-04,-0.005263241,-1.707696381,0.006220168,1.026602217,-0.017709147,0.001354515,13.07999992,0.650643134,0,Recovery,0.9999999815518097,1.012198273271583e-25,1.2174284882427605e-16,1.8448595582290863e-08,2.651423297524909e-14
2023-12-05,-0.000197076,-1.424298645,0.006078328,1.260995332,-0.017902713,0.001458925,12.85000038,0.649560751,0,Recovery,0.9999999739939088,1.399700125462575e-25,5.50067285352112e-16,2.6004961972514695e-08,6.584955418050789e-13
2023-12-06,-0.004037913,-1.398905771,0.006235811,1.261841013,-0.021860341,0.001534264,12.97000027,0.674063708,0,Recovery,0.999999953151929,2.4123119396537303e-25,1.127225918890228e-14,4.683915050089457e-08,8.045532686836439e-12
2023-12-07,0.007601462,-1.268317855,0.006351831,1.11850522,-0.014396719,0.001584775,13.06000042,0.683237684,0,Recovery,0.9999998670482544,3.521162038767435e-21,1.4547086539741632e-14,1.2024931874895492e-07,1.2701943501463369e-08
2023-12-08,0.004289689,-1.373909222,0.006356299,1.036569258,-0.010159706,0.001621336,12.35000038,0.690908752,0,Recovery,0.9999968554888582,1.1486234132669224e-14,2.0083653611921137e-13,1.3142668181532423e-07,3.0130847349509168e-06
2023-12-11,0.003882192,-1.470144532,0.005908626,1.268842503,-0.006309487,0.001664073,12.63000011,0.659823061,0,Recovery,0.9998888658905543,5.319456219040806e-10,3.6113987113931407e-13,2.4903446658119785e-07,0.00011088454241578403
2023-12-12,0.004556882,-1.5579441,0.00519124,1.467855657,-0.001771023,0.001706774,12.06999969,0.572602507,0,Recovery,0.9988719209078949,5.372656069202473e-08,1.3322470083114233e-13,1.2592037172166813e-07,0.0011278994455040168
2023-12-13,0.013695913,-1.635867741,0.005669928,1.154966458,0.0,0.001691333,12.18999958,0.54562572,0,Recovery,0.9941089305247249,2.4461463557580893e-08,2.8812258085844245e-11,6.064855069906617e-06,0.005884980129519706
2023-12-14,0.003204092,-1.67832725,0.004320571,0.535125953,0.0,0.001693215,12.47999954,0.491204961,4,Bull Recovery,0.19246203977035783,5.401679594669708e-08,2.382205393839377e-12,5.227843770928243e-07,0.8075373834269362
2023-12-15,-0.001647685,-1.740912477,0.004410437,0.588190821,-0.001646328,0.001632841,12.27999973,0.454884278,4,Bull Recovery,0.057197247345449474,0.0001222800419785484,2.7531375950608694e-10,1.5715312485014476e-08,0.9426804566221065
2023-12-18,0.005609326,-1.71172506,0.004463926,0.446154274,0.0,0.001572684,12.56000042,0.427737986,4,Bull Recovery,0.0230106052611006,0.001372142570294883,5.686823581905483e-10,3.1111213693752855e-09,0.9756172484880329
2023-12-19,0.006062333,-1.781131174,0.004522898,0.300114174,0.0,0.00149318,12.52999973,0.431813564,4,Bull Recovery,0.014222893193974497,0.01229452625673842,6.430655384952569e-09,6.993890617463698e-09,0.9734825671240234
2023-12-20,-0.013954037,-1.842973992,0.00564867,-0.620069533,-0.013857131,0.001379832,13.67000008,0.422137568,4,Bull Recovery,0.006649452526081331,0.030438744348954133,0.00015627664719968155,1.8685710098634587e-07,0.9627553396198982
2023-12-21,0.009437207,-0.515918383,0.005822185,-0.721698262,-0.004506645,0.001229059,13.64999962,0.399893293,4,Bull Recovery,5.15444203715923e-07,0.21614766635707328,6.820428867264723e-06,2.065399944505716e-13,0.7838449977693777
2023-12-22,0.00200758,-0.684535816,0.00580976,-0.681029432,-0.002506104,0.001039215,13.02999973,0.388283,1,Stable Bull,2.7095643844840522e-11,0.9633970722652477,2.560695770328922e-07,1.1658627143943137e-15,0.036602671638617294
2023-12-26,0.004213579,-0.851962534,0.00581673,-0.765866743,0.0,0.000922796,12.98999977,0.384743452,1,Stable Bull,4.144342242521488e-16,0.9988232538888775,9.630187104623472e-09,2.2485995146971837e-17,0.0011767364806555302
2023-12-27,0.001806469,-1.004538111,0.005743085,-0.869420978,0.0,0.000861166,12.43000031,0.3926861,1,Stable Bull,6.561809358391596e-19,0.9999749239156679,2.773387752475266e-09,1.8340636383225044e-18,2.507331078243287e-05
2023-12-28,0.000377641,-1.148144898,0.005752393,-0.851186166,0.0,0.000809828,12.47000027,0.398435089,1,Stable Bull,9.406595203737431e-18,0.9999879844066266,2.356790988190425e-09,3.267090883129133e-18,1.2013236977820386e-05
2023-12-29,-0.002898987,-1.277801994,0.005831358,-0.792930009,-0.002894789,0.000757709,12.44999981,0.375466748,1,Stable Bull,1.069796008914914e-15,0.9994386261398623,5.616678958387934e-09,3.1374879093202185e-17,0.0005613682439540281
2024-01-02,-0.005612168,-1.062538868,0.006066111,-0.588897284,-0.008475037,0.00070304,13.19999981,0.444234726,1,Stable Bull,2.0976765595811176e-13,0.9449205229779158,7.958810562260798e-07,3.0136541417642227e-14,0.05507868114025794
2024-01-03,-0.008200144,-0.823034424,0.006369253,-0.398341556,-0.016572439,0.000668103,14.03999996,0.473349776,4,Bull Recovery,9.041742165930205e-11,0.04682133022773164,1.6194414120977162e-05,5.266059003643403e-12,0.9531624752630763
2024-01-04,-0.003226341,-0.169664821,0.006281007,-0.425125263,-0.019740199,0.000670839,14.13000011,0.463978118,4,Bull Recovery,2.39969211675958e-09,8.384848513322423e-05,5.036084798893746e-06,2.2798997136746323e-11,0.9999111130071667
2024-01-05,0.001368732,-0.160767668,0.006271829,-0.46286688,-0.018397568,0.000678303,13.35000038,0.485695952,4,Bull Recovery,8.640502030978994e-10,2.1049771094448518e-05,1.788383983580848e-05,6.129253717782101e-11,0.9999610654644088
2024-01-08,0.014174976,-0.389948342,0.00673071,-0.392789466,-0.004384293,0.000707314,13.07999992,0.577646807,4,Bull Recovery,2.0476905990124375e-11,0.13207798835027645,0.00029680990174569833,2.505743085954118e-10,0.86762520147627
2024-01-09,-0.001518147,-0.558835247,0.006660384,-0.240665946,-0.005894637,0.000724893,12.76000023,0.56126748,1,Stable Bull,1.4334598422939955e-12,0.9838483484992728,2.5979698617146796e-06,1.2461636372552344e-12,0.016149053527387665
2024-01-10,0.005639532,-0.670886038,0.006692133,-0.259710768,-0.00027251,0.000743616,12.68999958,0.562111035,1,Stable Bull,9.878690897757709e-15,0.9995921383791571,6.280874459618832e-08,2.804343333584329e-14,0.00040779881261774074
2024-01-11,-0.000440836,-0.838900736,0.006693184,-0.168501138,-0.000713129,0.000773037,12.43999958,0.570647785,1,Stable Bull,3.9070170952036316e-16,0.9999782958502486,2.8433386698038973e-08,1.3509103386277053e-15,2.1675716217542903e-05
2024-01-12,0.00069241,-0.981234221,0.006662328,-0.090326854,-2.1e-05,0.00078633,12.69999981,0.557724769,1,Stable Bull,2.4725179793804e-16,0.9999860946157256,1.214359040555965e-08,8.096520146199627e-17,1.3893241566756023e-05
2024-01-16,-0.003677931,-1.12916413,0.006124772,-0.136604175,-0.003692071,0.000788226,13.84000015,0.571066904,1,Stable Bull,4.438734545682005e-16,0.9999753405029941,1.1636943233070592e-08,7.224456942981976e-16,2.4647859176069187e-05
2024-01-17,-0.005574202,-0.914847601,0.006239432,0.022912881,-0.009230243,0.000710343,14.78999996,0.698248127,1,Stable Bull,2.8453724296115857e-15,0.9998458306600162,8.468708540282992e-08,9.788514429044781e-14,0.0001540846521691398
2024-01-18,0.008853437,-0.64062496,0.006497645,-0.095416626,-0.00041958,0.000627735,14.13000011,0.7299866,1,Stable Bull,2.427532834432008e-14,0.9996357229730002,2.707775015712491e-07,1.580929903133631e-12,0.00036400624836520324
2024-01-19,0.012389088,-0.805072248,0.00690814,0.005552391,0.0,0.000543085,13.30000019,0.765720511,1,Stable Bull,5.767556947091858e-14,0.9995420730605437,1.1300539401711023e-06,2.7405207772741143e-12,0.00045679688355760814
2024-01-22,0.002112285,-0.930649469,0.006817848,0.070372855,0.0,0.000415205,13.18999958,0.731909346,1,Stable Bull,4.452288828858239e-15,0.9999504869063425,8.624609550500772e-08,2.688794467848791e-14,4.942684671120704e-05
2024-01-23,0.002912104,-1.077108255,0.005920367,0.491886363,0.0,0.000399159,12.55000019,0.733523314,1,Stable Bull,1.4699776006183467e-16,0.9999951410490935,3.92815868447382e-09,8.845022453014379e-16,4.855022637065141e-06
2024-01-24,0.001092536,-1.20424592,0.005645871,0.649880717,0.0,0.000410777,13.14000034,0.739948581,1,Stable Bull,4.384335683429625e-18,0.9999961944594922,2.017580524451181e-09,9.503563167670226e-17,3.803522601683472e-06
2024-01-25,0.005424298,-1.323578374,0.005717226,0.558006305,0.0,0.000416347,13.44999981,0.7361576,1,Stable Bull,1.5363725852393268e-18,0.9999968409479028,3.799784423532961e-09,6.909518914164728e-17,3.155251457258244e-06
2024-01-26,-0.001271206,-1.418299758,0.005708702,0.689886041,-0.001270399,0.000422705,13.26000023,0.750111376,1,Stable Bull,1.42879399931049e-17,0.999998891764949,1.532372770857176e-09,6.203819434349056e-17,1.106703083322604e-06
2024-01-29,0.007888115,-1.422030734,0.005894222,0.551637565,0.0,0.000414784,13.60000038,0.735426406,1,Stable Bull,2.2275036997669974e-15,0.9999973173889487,1.3664310110478528e-08,1.2500754334067876e-15,2.668947621775869e-06
2024-01-30,-0.000773791,-1.49992493,0.005910056,0.573305271,-0.000773492,0.000406457,13.31000042,0.738102486,1,Stable Bull,1.5000070190543975e-12,0.9999887676598161,5.693623492706967e-07,5.543134485299725e-13,1.0662976294447418e-05
2024-01-31,-0.016451854,-1.554009645,0.00703554,-0.20235985,-0.017078132,0.000426139,14.35000038,0.761602578,1,Stable Bull,1.1610341000608846e-10,0.9775150946750211,0.017573037504729078,1.5825684072255425e-09,0.004911866122204578
2024-02-01,0.013003269,0.077119045,0.007358838,-0.279489366,-0.004213475,0.000477044,13.88000011,0.761967142,1,Stable Bull,1.2091238165903063e-08,0.9946995103775341,0.002851099140857676,1.4244451932118826e-09,0.0024493769662695857
2024-02-02,0.01047227,-0.137823551,0.007237644,-0.451560907,0.0,0.00051175,13.85000038,0.732046483,1,Stable Bull,3.9798008439402246e-11,0.9996923016429845,6.713814389504998e-05,4.113961999347842e-12,0.00024056016887450925
2024-02-05,-0.003647778,-0.327210046,0.007254961,-0.445870152,-0.003641133,0.000540972,13.67000008,0.667315753,1,Stable Bull,2.972170573862564e-13,0.9999890533016494,1.5520799356349595e-06,9.981311031608492e-15,9.39461720407898e-06
2024-02-06,0.002899302,-0.201633125,0.007250631,-0.477364912,-0.000748195,0.000564228,13.06000042,0.657404952,1,Stable Bull,1.223256820600857e-14,0.9999967039329681,5.304851816474361e-07,4.992974401910449e-16,2.7655812106709967e-06
2024-02-07,0.008305652,-0.410285628,0.006885282,-0.647783968,0.0,0.000568083,12.82999992,0.602208909,1,Stable Bull,9.615009556277776e-16,0.9999881346933747,2.858284137220664e-07,3.112467569676075e-17,1.1579479028294706e-05
2024-02-08,0.000441527,-0.57915027,0.006844083,-0.693592912,0.0,0.000571606,12.78999996,0.605365013,1,Stable Bull,7.864824979013235e-16,0.9999925657088028,2.659298103124713e-07,1.8902670774126708e-16,7.168361739415952e-06
2024-02-09,0.005762825,-0.741462596,0.006847058,-0.694679637,0.0,0.000574686,12.93000031,0.60503462,1,Stable Bull,2.6318683339588663e-15,0.9999846242025996,1.503559931232629e-07,7.226807619612492e-16,1.5225441833681982e-05
2024-02-12,-0.000439052,-0.884302968,0.006847021,-0.694722155,-0.000438955,0.000577636,13.93000031,0.612744354,1,Stable Bull,2.0645311774713434e-14,0.9999187262233759,5.313523377411689e-07,4.4469406376243137e-14,8.074242413232901e-05
2024-02-13,-0.01386878,-0.959879287,0.007711398,-0.68971123,-0.014205961,0.000630529,15.85000038,0.645977267,1,Stable Bull,3.593207863926809e-14,0.9985503635850532,0.00010889124721687246,4.1992413647843427e-13,0.0013407451676521855
2024-02-14,0.009046686,0.123573529,0.007766821,-0.855077363,-0.005247331,0.000668943,14.38000011,0.638451624,1,Stable Bull,1.450436437010738e-13,0.9999586691711914,1.138140791989841e-05,2.771557629638124e-14,2.994942148064426e-05
2024-02-15,0.006875973,-0.101990615,0.00760821,-1.081598326,0.0,0.000690127,14.01000023,0.623192156,1,Stable Bull,2.607079223664905e-15,0.9999963682560075,1.8434216681006134e-06,4.816847686858509e-16,1.7883220991405909e-06
2024-02-16,-0.004992415,-0.301470417,0.007666755,-0.871898619,-0.004979974,0.000715764,14.23999977,0.632874337,1,Stable Bull,1.8308562881611934e-15,0.999994859796539,1.7709725277024978e-06,1.1007160311208364e-16,3.369231780571718e-06
2024-02-20,-0.005520655,-0.069552452,0.00747587,-0.773520336,-0.010458001,0.000730552,15.42000008,0.599941429,1,Stable Bull,6.223201066687343e-14,0.9999923205436257,3.2638160843120756e-06,6.319807371853601e-16,4.415640851994843e-06
2024-02-21,0.000905409,0.20744422,0.00747471,-0.750304348,-0.009561654,0.000743999,15.34000015,0.627651334,1,Stable Bull,1.9330267468957077e-11,0.9998867128143425,7.051476559168493e-05,4.1845365898693303e-13,4.277239964291918e-05
2024-02-22,0.020484248,-0.041477052,0.008564109,-0.227900274,0.0,0.000798706,14.53999996,0.678402623,1,Stable Bull,4.3831727366799537e-11,0.9822573591082348,0.002591187073470169,4.222997964943195e-12,0.015151453769771957
2024-02-23,0.000689482,-0.212144048,0.008567103,-0.220937777,0.0,0.000807975,13.75,0.683996216,1,Stable Bull,1.7685530728628288e-10,0.9997267982278698,7.7144037699764e-05,1.1563093030443488e-11,0.00019605754580919534
2024-02-26,-0.003669303,-0.41388074,0.008623175,-0.080721925,-0.003662579,0.000803639,13.73999977,0.68778443,1,Stable Bull,2.2750260571022935e-12,0.9999750478748759,2.930838990201735e-06,4.720867655435189e-14,2.202128412316168e-05
2024-02-27,0.001856087,-0.165497586,0.008595878,-0.132594602,-0.001811573,0.000770648,13.43000031,0.672843881,1,Stable Bull,1.5359636507056197e-13,0.9999948806547835,1.1325386097595767e-06,3.7862675568119965e-15,3.986805649975572e-06
2024-02-28,-0.001322577,-0.376344728,0.008507981,0.001035382,-0.003130881,0.000724847,13.84000015,0.681928705,1,Stable Bull,1.0346813630814734e-13,0.9999871147404308,7.211775494455524e-07,3.0805195365507734e-15,1.2164081522919157e-05
2024-02-29,0.003588583,-0.467034669,0.008504706,-0.072336104,0.0,0.000653348,13.39999962,0.689000351,1,Stable Bull,8.406086145073355e-14,0.9999641194624743,9.587478066695747e-07,1.2154068262284002e-14,3.4921790068202226e-05
2024-03-01,0.009344411,-0.649174605,0.007573002,0.146738943,0.0,0.000638475,13.10999966,0.577907208,1,Stable Bull,1.3912217547916894e-14,0.9999547078967127,8.668333479047471e-08,2.6534595642360654e-16,4.520541988022433e-05
2024-03-04,-0.001072913,-0.791908259,0.007246937,0.304219216,-0.001072338,0.0006417,13.48999977,0.508498155,1,Stable Bull,1.2438142310391511e-15,0.9999930792585761,4.436067273114621e-09,3.395814802777928e-17,6.916304614184262e-06
2024-03-05,-0.01004453,-0.813258378,0.007455521,0.387789198,-0.011055873,0.000636111,14.46000004,0.62830876,1,Stable Bull,4.3662536116298796e-16,0.999951440906769,2.6656726610467005e-07,1.0158993963586592e-15,4.829252630661364e-05
2024-03-06,0.00505452,-0.091833185,0.007413151,0.244044305,-0.006044581,0.000631753,14.5,0.689125914,1,Stable Bull,2.0397881285917593e-14,0.9999884309796299,1.935844211573142e-07,2.3919380194875056e-14,1.1375435434012132e-05
2024-03-07,0.009877447,-0.309305948,0.007626021,0.1546036,0.0,0.000624049,14.43999958,0.712674543,1,Stable Bull,4.096801326073974e-15,0.9999139163084195,6.802392018097022e-07,4.260447883688027e-15,8.540345173192592e-05
2024-03-08,-0.006020295,-0.482008767,0.007671256,0.339279373,-0.006002209,0.000595338,14.73999977,0.637219338,1,Stable Bull,3.561121482938955e-15,0.9999893180799786,1.9580874564185171e-07,1.2127606981587865e-15,1.0486110929970998e-05
2024-03-11,-0.000860171,-0.166742632,0.007683658,0.361392374,-0.00685685,0.00055908,15.22000027,0.601678602,1,Stable Bull,1.3610930693845964e-15,0.9999974196395309,7.412422011898648e-08,8.631104550308314e-17,2.5062360338464387e-06
2024-03-12,0.010699962,-0.207938932,0.007901955,0.319446804,0.0,0.000516617,13.84000015,0.601673675,1,Stable Bull,1.085426957021568e-15,0.9999853717832962,3.1369304422476795e-07,4.265338033248735e-17,1.4314522897905812e-05
2024-03-13,-0.001568759,-0.391312261,0.00791934,0.336074342,-0.001567529,0.000464715,13.75,0.60011228,1,Stable Bull,1.3552699186206801e-15,0.9999945044952283,3.053129660648663e-07,5.811625798668363e-17,5.190191788920056e-06
2024-03-14,-0.001978778,-0.476199258,0.007161613,0.70238025,-0.003541253,0.000489721,14.39999962,0.539222916,1,Stable Bull,4.990911642346964e-17,0.9999989335107105,5.6498335809318185e-09,2.1623677464739543e-19,1.0608391725236039e-06
2024-03-15,-0.006890268,-0.4343917,0.007218407,0.86734615,-0.010383521,0.00050904,14.40999985,0.534251999,1,Stable Bull,1.4789843406100816e-19,0.9999991812822996,6.243498792419788e-09,5.105600432352211e-21,8.124739002242041e-07
2024-03-18,0.005925564,0.018509384,0.007184012,0.888589321,-0.004502077,0.000526458,14.32999992,0.553103181,1,Stable Bull,2.4053224395434855e-19,0.9999999085830538,8.002508030444355e-09,1.6189061570979543e-20,8.341528570216461e-08
2024-03-19,0.005541766,-0.211761718,0.007099783,0.748447751,0.0,0.00054832,13.81999969,0.555901317,1,Stable Bull,1.0889049970059425e-17,0.9999996009556412,1.19348198105661e-08,5.2006342742661044e-20,3.8710884514030664e-07
2024-03-20,0.009206768,-0.420696261,0.007081591,0.564159109,0.0,0.000565875,13.03999996,0.571375025,1,Stable Bull,1.4592955052573236e-17,0.9999957132841721,1.3456951577011496e-08,1.7025258353229232e-19,4.2732596854126884e-06
2024-03-21,0.003299163,-0.600443363,0.00707612,0.516513893,0.0,0.000582553,12.92000008,0.485927338,1,Stable Bull,1.5657330446684918e-17,0.9999981949475034,1.437257384019875e-09,8.886662369053534e-20,1.8036148882148912e-06
2024-03-22,-0.001897493,-0.784751029,0.005799626,-0.044413033,-0.001895693,0.000690831,13.06000042,0.429011586,1,Stable Bull,7.266786612954482e-19,0.9999924802787853,8.540886187387534e-10,2.6736491953688387e-21,7.518866573660786e-06
2024-03-25,-0.002766717,-0.828426899,0.00586992,0.024924527,-0.004653349,0.00075287,13.18999958,0.434942904,1,Stable Bull,3.964952884564578e-19,0.9999915453366134,4.3714226387750186e-10,1.0960516452901249e-20,8.454226348128706e-06
2024-03-26,-0.00184874,-0.606624098,0.005806698,0.003242583,-0.006491787,0.000790173,13.23999977,0.431494732,1,Stable Bull,5.199184525541724e-19,0.9999910513561405,7.120806638131666e-10,1.9575837834474148e-20,8.947932650751497e-06
2024-03-27,0.008368869,-0.666048411,0.006006181,-0.073838827,0.0,0.00078846,12.77999973,0.434998507,1,Stable Bull,9.770175815307893e-19,0.9999803162945725,1.4424408458007296e-09,4.909081604996297e-20,1.968226293357861e-05
2024-03-28,-0.000191117,-0.834846297,0.00598322,-0.097587765,-0.000191099,0.000776068,13.01000023,0.437808958,1,Stable Bull,1.236093902905267e-18,0.9999875587683111,1.332917591019157e-09,1.0282937059401713e-19,1.2439899329118712e-05
2024-04-01,-0.001741507,-1.007496379,0.006012224,0.022458796,-0.001930758,0.000741729,13.64999962,0.430869964,1,Stable Bull,1.4429081690905716e-18,0.9999881861901739,3.584199878208776e-10,8.358972144210152e-20,1.181345084435404e-05
2024-04-02,-0.006378315,-0.894262943,0.005958636,0.176135801,-0.008276498,0.000761676,14.60999966,0.451780902,1,Stable Bull,5.5585981446048415e-18,0.999967498567224,8.892616834611719e-10,2.2044653492542273e-18,3.250054298140008e-05
2024-04-03,0.001098053,-0.405507646,0.005945144,0.125252833,-0.007186935,0.000785744,14.32999992,0.449874844,1,Stable Bull,5.3247767027764e-16,0.9997993273258236,2.303367798830432e-09,7.59675480068714e-17,0.00020067037051226688
2024-04-04,-0.012281256,-0.620551952,0.006165185,-0.045284088,-0.01930536,0.000786571,16.35000038,0.313816383,1,Stable Bull,2.8116908795191224e-18,0.9907194694401015,3.997883941928761e-08,1.2803970106698776e-21,0.009280490581329685
2024-04-05,0.010392544,0.534354401,0.006456945,-0.002813135,-0.009060303,0.000776285,16.03000069,0.345955027,1,Stable Bull,3.315221537699148e-18,0.999951917666319,1.1356902644987796e-06,3.838443166346258e-20,4.694664263707633e-05
2024-04-08,0.000559279,0.253479553,0.006124517,0.061227161,-0.008505937,0.000759978,15.18999958,0.346046744,1,Stable Bull,2.0180859787172487e-16,0.99999990837387,6.103764462637406e-09,2.9908511898930103e-22,8.552175497617585e-08
2024-04-09,0.001156003,-0.026558395,0.005939455,-0.041841888,-0.007359104,0.000739896,14.97999954,0.373116168,1,Stable Bull,2.3322200047988786e-16,0.9999950897229202,6.209289712809318e-09,6.951238768546959e-22,4.9040677765135054e-06
2024-04-10,-0.010063513,-0.276364452,0.006394078,-0.07624919,-0.017298462,0.00069687,15.80000019,0.414387378,1,Stable Bull,4.0205676358512946e-16,0.9987673753203112,7.58772854698714e-05,3.172069711577496e-20,0.0011567473941392428
2024-04-11,0.007518467,0.680371914,0.00617195,-0.168409748,-0.009882208,0.000624972,14.90999985,0.447204209,1,Stable Bull,2.699900027950763e-12,0.9598021634208963,0.040190400866445264,6.988817129412254e-15,7.4357092941074816e-06
2024-04-12,-0.013899177,0.377448611,0.006898396,-0.300371838,-0.023548833,0.000538374,17.30999947,0.413795133,2,Correction,9.325354549355506e-20,0.10799392665621395,0.8903706895918735,4.668004198715162e-25,0.0016353837524742524
2024-04-15,-0.012607245,1.600630274,0.007397468,-0.266729862,-0.035781917,0.000557235,19.22999954,0.512722403,2,Correction,6.968483989264183e-22,1.7778068342007163e-12,0.999999999998181,6.537890220534558e-27,3.4353117360001584e-14
2024-04-16,-0.001825515,2.342371482,0.007271611,-0.353338427,-0.037540506,0.000561206,18.39999962,0.512488237,2,Correction,1.5416902728296152e-20,4.117576518056229e-21,1.0,1.1232122108512825e-27,2.888061548655558e-22
2024-04-17,-0.00593582,2.216879614,0.007200355,-0.181210764,-0.04323657,0.000562341,18.20999908,0.517075681,2,Correction,1.0417309430091781e-18,1.1878738707547004e-25,1.0,3.827252461223502e-25,3.615500236142691e-20
2024-04-18,-0.002059763,2.061566605,0.007035955,-0.080236656,-0.045205248,0.000558599,18.0,0.474151333,2,Correction,7.112290844977615e-17,7.447426368162916e-31,1.0,6.988777343079796e-25,1.223184697781461e-16
2024-04-19,-0.00876665,2.003325699,0.006753517,0.032480537,-0.053539016,0.000543233,18.70999908,0.451699121,2,Correction,5.432508518152206e-15,5.425404907548802e-40,1.0,2.5821343268833184e-23,2.9105855367652866e-16
2024-04-22,0.009166925,2.163850461,0.007111884,0.099942238,-0.044822991,0.000545531,16.94000053,0.596524211,2,Correction,4.956910916879885e-13,5.012280548713439e-41,1.0,1.8388533301778822e-18,1.883010735002827e-16
2024-04-23,0.011796781,1.689701093,0.007731753,0.115053765,-0.033488251,0.00060022,15.68999958,0.612761073,2,Correction,1.0946049731428685e-10,2.602530482895715e-26,0.9999999998872227,7.250719240280071e-16,3.639462270850089e-12
2024-04-24,-0.000474765,1.292297275,0.007728313,0.072149816,-0.033947008,0.000640292,15.97000027,0.614955549,2,Correction,3.9427055544100594e-09,2.4247084939836394e-18,0.9999999949905032,5.571973318364257e-13,1.0654006184521413e-09
2024-04-25,-0.00380607,0.915545642,0.007746612,0.106978874,-0.037616886,0.000663296,15.36999989,0.565460672,2,Correction,2.4901666647011523e-08,4.4061477975577125e-23,0.9999992386422661,1.5156021834211553e-13,7.364564933047334e-07
2024-04-26,0.009429296,1.046170471,0.007816799,0.120685711,-0.028499372,0.00069007,15.02999973,0.541238519,2,Correction,5.865942184685738e-08,4.887086033145032e-19,0.9999995871513363,2.2991061215261945e-12,3.54187387111212e-07
2024-04-29,0.003535232,0.720006688,0.007887041,0.060518716,-0.025058814,0.000708491,14.67000008,0.510550083,2,Correction,3.640004361221243e-08,6.459500671190537e-12,0.999981503255267,6.093810730581183e-13,1.8460338366706212e-05
2024-04-30,-0.015968039,0.404478706,0.008521414,0.02620991,-0.040503078,0.000769921,15.64999962,0.58831859,2,Correction,7.996566809643572e-11,7.895331993304702e-24,0.9999940172071347,1.6637814713722672e-16,5.9827131437562465e-06
2024-05-01,-0.003252496,1.53680079,0.008465972,-0.019844004,-0.043618768,0.000799945,15.39000034,0.556632965,2,Correction,9.273463004357803e-11,1.4923696703028263e-32,0.9999999998817657,5.0954052255516945e-18,2.6338054720924695e-11
2024-05-02,0.009309916,1.651049859,0.008786613,-0.054790337,-0.034673364,0.000837125,14.68000031,0.579350094,2,Correction,2.6538958909592327e-10,1.5216223431533596e-28,0.9999999997271516,3.024799780614233e-16,6.718207886347373e-12
2024-05-03,0.012319201,1.258118495,0.008893777,-0.179249462,-0.022707758,0.000876174,13.48999977,0.647161579,2,Correction,5.144699102618822e-09,2.758896592312095e-15,0.9999999932042556,1.4797945742672144e-12,1.6493309563617932e-09
2024-05-06,0.010273838,0.918538658,0.008886766,-0.180584194,-0.012615461,0.000912145,13.48999977,0.617564976,2,Correction,8.290265980411181e-08,0.003151152120808575,0.9968478620804704,6.383436301749072e-12,9.028894964469932e-07
2024-05-07,0.001102876,0.61351698,0.008889791,-0.189228756,-0.011525898,0.000908553,13.22999954,0.615330499,1,Stable Bull,4.3345957721523856e-07,0.5540826538314033,0.44591372470182483,6.324336589516502e-10,3.1873745350379782e-06
2024-05-08,9.65e-05,0.309859281,0.008885042,-0.172236904,-0.011430469,0.000866311,13.0,0.613452881,1,Stable Bull,3.3248458561065573e-07,0.8321687024309468,0.167671333479562,5.535306498876295e-10,0.0001596310514443758
2024-05-09,0.005745329,0.131375004,0.008674391,-0.360693945,-0.005734464,0.000831804,12.68999958,0.611223102,1,Stable Bull,1.545126451211081e-08,0.9882319210179304,0.011678752636829786,2.763028046383002e-11,8.931086715941232e-05
2024-05-10,0.00128734,-0.110986466,0.008529727,-0.300195882,-0.004453682,0.000749688,12.55000019,0.58432375,1,Stable Bull,4.5152300916816384e-10,0.9998248571007463,0.00016374269784588,4.726388987138467e-13,1.1399749227453957e-05
2024-05-13,0.000134298,-0.346805411,0.007890722,-0.344140713,-0.004319973,0.000709788,13.60000038,0.610959362,1,Stable Bull,3.768309934661151e-12,0.9999923085638536,4.988887900317599e-07,5.898719309278879e-15,7.192543361954264e-06
2024-05-14,0.004577669,-0.561447569,0.007284582,-0.449105362,0.0,0.000715028,13.42000008,0.569431105,1,Stable Bull,7.751901871201424e-14,0.9999786182482608,8.78730503123321e-08,7.070704196143818e-16,2.1293877739471347e-05
2024-05-15,0.012307024,-0.743243221,0.007584669,-0.527759016,0.0,0.000702239,12.44999981,0.588163782,1,Stable Bull,2.4108772530142348e-14,0.9995873432337833,6.186974651054454e-06,1.901954566923998e-14,0.000406469791385155
2024-05-16,-0.002059878,-0.880174485,0.007416464,-0.579028245,-0.002057758,0.000691208,12.42000008,0.580748282,1,Stable Bull,5.24919300214924e-14,0.9999638383841669,3.221074411964952e-07,1.1970087618861945e-14,3.583950798334213e-05
2024-05-17,0.001436748,-0.880074953,0.007345423,-0.652772881,-0.000622936,0.000672105,11.98999977,0.570156148,1,Stable Bull,8.875165666121073e-16,0.9999781757759144,2.839103219333071e-07,3.356800146376097e-16,2.154031335593758e-05
2024-05-20,0.001151391,-1.038593867,0.006869958,-0.7675662,0.0,0.000661359,12.14999962,0.52865676,1,Stable Bull,1.9465257830507796e-16,0.9999915188123345,7.812967493409647e-08,3.412232024425622e-17,8.403058187353824e-06
2024-05-21,0.002449582,-1.179841442,0.006735422,-0.703314945,0.0,0.000692299,11.85999966,0.535985223,1,Stable Bull,1.8409251703087324e-16,0.9999916450218518,9.514761475830283e-08,4.9498155836114416e-17,8.25983113216001e-06
2024-05-22,-0.00288355,-1.302740633,0.006527021,-0.607103082,-0.002879396,0.000764189,12.28999996,0.542739933,1,Stable Bull,7.597032098051113e-15,0.9999892259018605,7.662590178675475e-08,1.5128200317045795e-15,1.0697471735026644e-05
2024-05-23,-0.007330849,-1.110069004,0.006833075,-0.519071939,-0.010162409,0.000802353,12.77000046,0.577840543,1,Stable Bull,5.928254648495842e-14,0.9997492494804907,2.4752572713492926e-06,1.498556355927537e-14,0.0002482752629899806
2024-05-24,0.006594483,-0.549091257,0.006775657,-0.709870616,-0.003613372,0.000840356,11.93000031,0.603301779,1,Stable Bull,3.171182000352391e-14,0.9999150757167963,8.585835702973846e-07,1.823084009312471e-14,8.406569871756645e-05
2024-05-28,0.000698508,-0.720364178,0.006587583,-0.641444564,-0.002917145,0.000886588,12.92000008,0.633900259,1,Stable Bull,1.630024865500047e-14,0.9999806466347901,1.1377182915649485e-07,2.242724969585688e-14,1.9239593795451845e-05
2024-05-29,-0.007027145,-0.884893685,0.006860274,-0.458606463,-0.00989923,0.000910827,14.27999973,0.674365309,1,Stable Bull,4.700554979655301e-14,0.9997981351091345,7.957424777233823e-07,1.8174872368366863e-13,0.00020106914840433915
2024-05-30,-0.006655739,-0.275890803,0.005911843,0.234960062,-0.0164672,0.000979144,14.47000027,0.542473285,1,Stable Bull,3.9431728967853603e-13,0.9994883910023917,6.054333612606426e-07,6.902120225373309e-15,0.0005110035636270155
2024-05-31,0.009066806,0.165757248,0.005983919,0.044604053,-0.007509151,0.00102439,12.92000008,0.561775574,1,Stable Bull,1.898340384681422e-14,0.9999645763144785,1.578985055235209e-06,3.06520249514249e-15,3.384470067044602e-05
2024-06-03,0.000815146,-0.066121276,0.005784676,0.180006761,-0.006699796,0.00104957,13.10999966,0.545954253,1,Stable Bull,2.5716169130816017e-14,0.9999982334045087,4.418535398727129e-08,8.056126288230796e-17,1.7224093296131035e-06
2024-06-04,0.001117265,-0.297910614,0.005290593,0.176778428,-0.005589396,0.001085044,13.15999985,0.385636019,1,Stable Bull,1.950135501537348e-15,0.9999872892829631,1.023124028203283e-09,1.4199342304204078e-20,1.270969302035427e-05
2024-06-05,0.011815106,-0.507771491,0.005426372,0.25573696,0.0,0.001081465,12.63000011,0.496134948,1,Stable Bull,1.9164278514119258e-16,0.9997903726031393,1.6675945722018672e-08,7.064386892610243e-17,0.00020961072011685313
2024-06-06,-1.88e-05,-0.666611197,0.005437432,0.282971925,-1.88e-05,0.001050037,12.57999992,0.500781862,1,Stable Bull,5.269352565773859e-16,0.9999528065040695,7.176632668256546e-09,2.408603746545143e-16,4.718631851289187e-05
2024-06-07,-0.001216247,-0.838823517,0.005462906,0.308331312,-0.001234242,0.000988239,12.22000027,0.481156235,1,Stable Bull,4.178295874347959e-17,0.9999815568799031,9.520952728962367e-10,3.7420114862463176e-18,1.8442167243267338e-05
2024-06-10,0.00308489,-0.726545544,0.005390485,0.369826552,0.0,0.000921839,12.73999977,0.407683472,1,Stable Bull,6.563254898079602e-19,0.9999896281616569,1.0347104198562006e-10,8.915942568432695e-21,1.037173398931927e-05
2024-06-11,0.002405327,-0.886397276,0.005394863,0.338924843,0.0,0.000838329,12.85000038,0.401555082,1,Stable Bull,6.812923433795392e-20,0.9999912328060022,4.378026082865875e-11,4.1910048800613545e-21,8.767151025932365e-06
2024-06-12,0.00817945,-1.036629683,0.005579221,0.185546168,0.0,0.000785482,12.03999996,0.457410725,1,Stable Bull,1.144410085495886e-19,0.9999834129841979,4.758640544337526e-10,1.3230927258796125e-19,1.658653923895469e-05
2024-06-13,0.00201137,-1.154604528,0.005544107,0.250655195,0.0,0.000769012,11.93999958,0.457764567,1,Stable Bull,4.586748445854643e-19,0.9999950929607054,1.328924255596068e-10,8.122001331087583e-20,4.906906874754377e-06
2024-06-14,0.000608316,-1.278261006,0.004985863,0.197332163,0.0,0.000748229,12.65999985,0.445555047,1,Stable Bull,8.180448235251732e-20,0.9999945647180003,6.996413817327209e-11,1.7559554768138005e-20,5.435212583925365e-06
2024-06-17,0.007927438,-1.364061332,0.005137944,0.024833169,0.0,0.000712445,12.75,0.462199946,1,Stable Bull,7.076641335536104e-20,0.9999940156155284,5.294093350695207e-10,1.3100091809312742e-19,5.983855491408354e-06
2024-06-18,0.002537269,-1.45278077,0.005141486,-0.006268311,0.0,0.00066403,12.30000019,0.458517825,1,Stable Bull,1.2157362534922215e-19,0.9999984701164856,1.6998446970135934e-10,1.9111369127690004e-20,1.5297138626309625e-06
2024-06-20,-0.002720026,-1.548530028,0.00523012,0.071945899,-0.00271633,0.000638797,13.27999973,0.479435102,1,Stable Bull,6.321170401119491e-20,0.9999987185809939,2.5682220844391587e-10,2.73853853637415e-20,1.281162800743681e-06
2024-06-21,-0.001341737,-1.36328107,0.005260977,0.167862215,-0.004053525,0.000612546,13.19999981,0.463747674,1,Stable Bull,1.8140973371456039e-19,0.9999976881981075,1.2191576003238866e-10,1.1119715156117846e-20,2.311680527080994e-06
2024-06-24,-0.00325592,-1.288520311,0.005276449,0.169216895,-0.007290974,0.000592706,13.32999992,0.466433231,1,Stable Bull,2.536074921473417e-19,0.9999939157117762,3.346210869798955e-10,4.692090788126966e-20,6.083954277808022e-06
2024-06-25,0.003843589,-1.092093018,0.004913532,0.160038197,-0.003468067,0.000552781,12.84000015,0.422656049,1,Stable Bull,5.676477997016118e-20,0.9999929635680194,7.3939876794703e-11,1.3483579703251873e-21,7.036358266500526e-06
2024-06-26,0.001247493,-1.209905716,0.004791417,0.285699995,-0.002224125,0.000507603,12.55000019,0.409265833,1,Stable Bull,3.196457398418001e-21,0.999998053333987,1.524612665008495e-11,1.818834382027838e-22,1.9466500865459885e-06
2024-06-27,0.001575106,-1.319691291,0.004787195,0.259967705,-0.000651284,0.000463984,12.23999977,0.407862084,1,Stable Bull,4.734635379220349e-22,0.9999988428414655,1.6224841835751525e-11,3.560854134072999e-23,1.157142599367792e-06
2024-06-28,-0.003943058,-1.419095733,0.004550123,0.46144622,-0.004584015,0.000366302,12.43999958,0.459573303,1,Stable Bull,1.968794402694663e-21,0.9999993795847437,3.4883809478881774e-11,5.056463902892887e-22,6.20380118018233e-07
2024-07-01,0.002056253,-1.13038345,0.004120796,0.747988312,-0.002535082,0.00042094,12.22000027,0.494515667,1,Stable Bull,1.6498894691197802e-21,0.9999993563435308,8.649923744767902e-12,5.091672406826843e-22,6.436482432567174e-07
2024-07-02,0.006706891,-1.246839403,0.003952354,0.741166294,0.0,0.000466131,12.02999973,0.533672843,1,Stable Bull,1.5856830346751427e-21,0.9999992144988384,1.6974713712568006e-11,1.071482590099684e-20,7.854844104844942e-07
2024-07-03,0.004453047,-1.338652472,0.003974344,0.60752409,0.0,0.000502479,12.09000015,0.537230759,1,Stable Bull,5.414022820322791e-21,0.9999992480409773,2.0976261446079022e-11,2.3850087808313333e-20,7.519377554296979e-07
2024-07-05,0.005749583,-1.425545543,0.004036882,0.446299778,0.0,0.00054293,12.47999954,0.553508682,1,Stable Bull,5.885019498637756e-20,0.9999987533800362,8.305852099578292e-11,5.572791884792868e-19,1.246537557863672e-06
2024-07-08,0.001153432,-1.503672955,0.003426008,0.143897591,0.0,0.000627904,12.36999989,0.567846606,1,Stable Bull,4.0335595421826864e-19,0.999995728338064,3.024377428448306e-10,5.320984048057046e-18,4.271358734038149e-06
2024-07-09,0.00097215,-1.578550145,0.003404227,0.11281139,0.0,0.000690617,12.51000023,0.535046374,1,Stable Bull,1.6797307138855582e-18,0.9999954257432392,2.453946571284791e-10,8.870126441057857e-18,4.574012262960701e-06
2024-07-10,0.009846642,-1.638791,0.003722474,0.160848319,0.0,0.00070865,12.85000038,0.554558104,1,Stable Bull,2.0752062063158517e-17,0.9999958297899508,2.5644707525632546e-09,4.557333659664449e-16,4.167646200033579e-06
2024-07-11,-0.008660178,-1.674954437,0.00444659,-0.33316695,-0.008622786,0.000692157,12.92000008,0.66938395,1,Stable Bull,5.095441032584667e-16,0.9999977249216004,5.6688249626776556e-08,2.7671689393876277e-14,2.218389321700175e-06
2024-07-12,0.006287817,-0.957388469,0.00454525,-0.393149122,-0.002369549,0.000671028,12.46000004,0.748702943,1,Stable Bull,3.7313116381112816e-15,0.9999549650847414,2.3210868011434782e-08,2.4382031484950335e-14,4.501170433059326e-05
2024-07-15,0.00274629,-1.07393205,0.004334891,-0.406965418,0.0,0.000635224,13.11999989,0.711749629,1,Stable Bull,1.4462268544783562e-14,0.9997266815370344,1.3933225831833923e-07,3.001837660559277e-12,0.0002731791278752608
2024-07-16,0.00591238,-1.18282321,0.004422805,-0.473983518,0.0,0.000593371,13.18999958,0.675923176,1,Stable Bull,2.9110489234462654e-13,0.998274922625422,0.0001629756393359695,5.2712057018610856e-11,0.0015621016814181237
2024-07-17,-0.01412013,-1.275998202,0.005662175,-1.042382609,-0.014020908,0.00063785,14.47999954,0.713680025,1,Stable Bull,3.29504122242022e-12,0.665181103727158,0.32583921114730957,3.6055908792246993e-09,0.008979681517439357
2024-07-18,-0.007714547,0.106630617,0.00578527,-0.852463892,-0.021598026,0.000682741,15.93000031,0.703664305,2,Correction,3.859850421627486e-10,0.006186118490893679,0.9805529289001353,9.764949587122264e-11,0.01326095212481605
2024-07-19,-0.006662902,0.595114279,0.005979108,-0.641354822,-0.028095353,0.000740372,16.52000046,0.709842519,2,Correction,3.246633627043931e-11,4.412279140567683e-09,0.9999060686685439,1.1943619011842905e-12,9.392688614169798e-05
2024-07-22,0.010257409,0.991613209,0.006323305,-0.632271754,-0.018074825,0.000820867,14.90999985,0.699005341,2,Correction,1.0634462590627289e-10,1.7942252625608741e-09,0.9999999740393836,3.1777639579252468e-12,2.4056912624907464e-08
2024-07-23,-0.001570077,0.695925133,0.006327394,-0.626479113,-0.019615313,0.000890391,14.72000027,0.724784684,2,Correction,9.092457160757264e-13,3.085712674829178e-06,0.9999966708729453,3.977315118570718e-14,2.434129820670225e-07
2024-07-24,-0.022923164,0.606670912,0.008151041,-1.195616735,-0.041833206,0.001162265,18.04000092,0.798189519,2,Correction,1.6333842815029913e-26,2.1169892709257083e-21,0.9999999986030161,1.9720523436414532e-23,1.397758040380664e-09
2024-07-25,-0.005224046,2.374392375,0.008170023,-1.04298147,-0.046825662,0.001370959,18.45999908,0.791120683,2,Correction,1.4216543279086466e-25,2.053028644269218e-32,1.0,5.990251959598013e-25,2.012582128733778e-22
2024-07-26,0.011137648,2.584138517,0.008555653,-0.946997379,-0.036150202,0.001573943,16.38999939,0.78230453,2,Correction,1.4346538419293905e-23,5.467163016238077e-30,1.0,2.2286018317836784e-25,1.7484837636180504e-24
2024-07-29,0.0005874,2.09925872,0.008548733,-0.932740642,-0.035583871,0.001733534,16.60000038,0.780263688,2,Correction,1.0112456859047313e-20,6.637161090668446e-23,1.0,6.798479317520913e-22,2.3997288088742618e-20
2024-07-30,-0.005079204,1.663256949,0.008577548,-0.909297797,-0.040469918,0.001858405,17.69000053,0.774961579,2,Correction,9.766250465540089e-20,5.756773270451531e-27,1.0,9.90199414940205e-21,7.482653552199933e-16
2024-07-31,0.01612381,1.659912781,0.009282479,-0.662089435,-0.024873236,0.001996676,16.36000061,0.737508591,2,Correction,1.6486577158873978e-19,4.185430883663732e-23,1.0,1.4323859314844707e-20,5.2130540668086504e-15
2024-08-01,-0.014262093,1.298683809,0.00969718,-0.456449076,-0.038681881,0.002121683,18.59000015,0.709288894,2,Correction,7.693843888951443e-26,2.4072609826120294e-22,1.0,1.742758028513198e-24,1.0521140946190876e-14
2024-08-02,-0.01879411,1.984808559,0.010401997,-0.324615554,-0.05658028,0.002263812,23.38999939,0.661120005,2,Correction,3.8998956218770796e-26,2.147505001545465e-43,1.0,2.2175053520767673e-24,9.488836763630286e-22
2024-08-05,-0.029555971,3.0,0.011895496,-0.454655727,-0.084055931,0.002496202,38.56999969,0.719646837,2,Correction,1.7641891549932178e-44,3.671686511837451e-110,1.0,5.388271110602717e-21,2.9831693651218873e-37
2024-08-06,0.009177187,3.0,0.012171735,-0.468116365,-0.075611453,0.002640074,27.70999908,0.694439706,2,Correction,1.590192868617505e-30,1.1714759309780661e-120,1.0,3.5006222389663364e-25,3.0731494413180967e-31
2024-08-07,-0.006706243,3.0,0.012163998,-0.379801164,-0.081789886,0.002707786,27.85000038,0.691113606,2,Correction,3.402563384053452e-30,2.8844951915965098e-114,1.0,4.5942299829870166e-26,5.569585807923348e-33
2024-08-08,0.022853965,3.0,0.013157255,-0.093805245,-0.060563515,0.002816398,23.79000092,0.688994162,2,Correction,1.0481488043596712e-28,3.719190754151626e-102,1.0,8.85707080586792e-26,1.0068210900551078e-30
2024-08-09,0.004400116,3.0,0.013168897,-0.226091713,-0.056420778,0.002903546,20.37000084,0.68891643,2,Correction,7.010898755557003e-27,4.391282813306503e-68,1.0,1.4700790964982395e-26,1.8587732486659082e-32
2024-08-12,0.00052515,2.549881515,0.013045851,-0.180875333,-0.055925127,0.00292531,20.70999908,0.690309315,2,Correction,3.455796776483688e-24,2.9970305262384298e-64,1.0,7.648909476816736e-26,9.889570400013608e-27
2024-08-13,0.016311964,2.062950668,0.013632361,-0.175968053,-0.040399127,0.00291154,18.12000084,0.716579836,2,Correction,8.942007259169193e-22,1.7624498759919181e-56,1.0,2.5219912766577038e-23,1.4851674790711817e-20
2024-08-14,0.003149814,1.66393975,0.013568591,-0.155325906,-0.037371797,0.00282974,16.19000053,0.726563448,2,Correction,2.0169523910227218e-19,3.258622053448776e-42,1.0,4.171526498479667e-20,8.357651255442605e-18
2024-08-15,0.016995041,1.30444074,0.013853433,-0.311900504,-0.020872082,0.002805876,15.22999954,0.729855094,2,Correction,1.0641890407220881e-18,4.0669976830884545e-32,1.0,1.4095941404698843e-18,1.144267557669191e-14
2024-08-16,0.002239484,1.00178756,0.01375817,-0.41612748,-0.018676884,0.002728789,14.80000019,0.728583592,2,Correction,1.5602357504049382e-16,1.1753179696737284e-21,1.0,2.749918963187381e-16,9.204402171426201e-14
2024-08-19,0.009515897,0.721518916,0.013810947,-0.560895898,-0.009294142,0.002613244,14.64999962,0.725906341,2,Correction,1.822522049225055e-15,1.8937414337046176e-17,0.9999999999799911,1.272541669822886e-14,1.9374735132816003e-11
2024-08-20,-0.001627384,0.475459111,0.013651446,-0.470033823,-0.01090509,0.002460622,15.88000011,0.730176705,2,Correction,7.011266673883494e-13,4.858773717698598e-13,0.9999999997253326,2.178948045863446e-12,2.7198331459788637e-10
2024-08-21,0.00343068,0.29331205,0.013659957,-0.522020202,-0.007505994,0.002242426,16.27000046,0.732346673,2,Correction,7.48894075733268e-12,8.218206908009809e-11,0.9999999592400862,3.57907967559603e-11,4.063496362075129e-08
2024-08-22,-0.007879475,0.081546345,0.012728194,-0.510760828,-0.015295597,0.002112398,17.54999924,0.679076039,2,Correction,4.4248154290904543e-13,9.846645248467416e-10,0.9999994549527067,1.6526123399418722e-12,5.440599296045204e-07
2024-08-23,0.010569333,0.53756084,0.012789817,-0.658093442,-0.004832733,0.001951451,15.85999966,0.688948781,2,Correction,1.0218198072530577e-12,1.0151894291819553e-08,0.9999999669435061,7.548963368808349e-13,2.2902472190974077e-08
2024-08-26,-0.002386765,0.317650247,0.012649227,-0.544821541,-0.007205131,0.001787128,16.14999962,0.69769765,2,Correction,1.3884635247743767e-11,4.947357141746986e-07,0.9999994691881101,3.1356271544467643e-12,3.6058894705338726e-08
2024-08-27,0.00137224,0.384820475,0.012647838,-0.55407078,-0.005841842,0.001580191,15.43000031,0.699933037,2,Correction,4.0917176421753077e-10,1.457317984447554e-06,0.9999984867674893,9.603247290671815e-11,5.540934680174788e-08
2024-08-28,-0.005822101,0.163140079,0.012668025,-0.545516011,-0.011613115,0.001316019,17.11000061,0.707713467,2,Correction,2.280519252311347e-10,4.354942806506216e-06,0.99999324199335,3.135508474369887e-11,2.4028051550865124e-06
2024-08-29,8.93e-05,0.547239397,0.012211907,-0.506147106,-0.011524847,0.001082338,15.64999962,0.747147409,2,Correction,4.130846439645067e-09,2.895038778565797e-06,0.9999968752539351,3.491915787034127e-10,2.252276860476923e-07
2024-08-30,0.009500687,0.303542649,0.011857088,-0.724072708,-0.002088901,0.000859374,15.0,0.734893768,2,Correction,6.431918834776264e-10,1.2817826085651606e-05,0.9999811938727678,2.0944193660370354e-10,5.987449369722475e-06
2024-09-03,-0.020793504,0.095617308,0.012037204,-0.749797893,-0.022624723,0.000684353,20.71999931,0.819348628,2,Correction,5.542927960882211e-15,1.7387771886325594e-10,0.9999973097783175,2.3629425295392303e-13,2.690047428851924e-06
2024-09-04,-0.002049042,1.231736967,0.009746454,-0.143975327,-0.024625356,0.000952083,21.31999969,0.696545788,2,Correction,1.9130135418883386e-15,6.792980628296773e-11,0.9999999996343831,6.618597901141519e-16,2.977696302103102e-10
2024-09-05,-0.00243503,1.293495417,0.009707421,0.00738563,-0.026997533,0.001162997,19.89999962,0.743739333,2,Correction,6.524488641054837e-14,3.9941238836659453e-11,0.9999999999145075,6.053945124882793e-15,4.636196437393874e-11
2024-09-06,-0.016973441,1.036917239,0.010423297,-0.146162968,-0.043373363,0.001260401,22.37999916,0.792772541,2,Correction,1.1763293053466766e-18,3.246227887859308e-23,0.9999999996034603,1.3572374337297623e-19,3.958048242949046e-10
2024-09-09,0.011134039,1.917309632,0.00952306,-0.507121917,-0.032662728,0.001420569,19.45000076,0.769175459,2,Correction,1.6553019196223413e-16,1.3820549258179576e-24,1.0,1.4083100831815236e-18,2.5008099799114465e-15
2024-09-10,0.004346342,1.526308235,0.009522219,-0.506514716,-0.0284492,0.001543927,19.07999992,0.713657988,2,Correction,1.4055673475050665e-14,4.130604526310472e-16,1.0,3.2782428770400686e-16,5.947531224523851e-13
2024-09-11,0.010206584,1.182661309,0.009710696,-0.585281829,-0.018482207,0.001628439,17.69000053,0.732263868,2,Correction,6.79543887037828e-14,1.672274617977148e-11,0.9999999997871782,5.056618000438903e-15,1.9577399956000337e-10
2024-09-12,0.008387846,0.878558054,0.009264424,-0.725538146,-0.010214762,0.001700646,17.06999969,0.695619173,2,Correction,1.4789544990893923e-13,1.0095284579644088e-07,0.9999998977928096,2.0129112461472738e-14,1.2540990932951212e-09
2024-09-13,0.005209304,0.616485293,0.009293896,-0.748073208,-0.005045217,0.001745514,16.55999947,0.690576613,2,Correction,1.0535555912046016e-12,6.93872468156273e-07,0.9999993010244621,2.1931718851545446e-13,5.102087454976626e-09
2024-09-16,0.001475726,0.368620003,0.00859717,-0.975909953,-0.003575853,0.001796083,17.13999939,0.59384917,2,Correction,4.115006154754312e-11,4.951202964792668e-08,0.9999999126521326,2.209573313262495e-11,3.777271364877125e-08
2024-09-17,0.00040865,0.140274926,0.008591484,-0.946883834,-0.003168581,0.001816539,17.61000061,0.609085195,2,Correction,2.9025065271566893e-09,2.532014107279145e-08,0.9999893680507229,1.1395426265777042e-08,1.0592331281874259e-05
2024-09-18,-0.002970343,-0.063415455,0.008383808,-0.86370427,-0.006125119,0.001811791,18.22999954,0.543293198,2,Correction,1.0340106071366506e-08,2.48008046168906e-07,0.9979231323701669,2.8937970699457614e-08,0.0020765803431828174
2024-09-19,0.016920529,0.029241712,0.009130709,-0.649228047,0.0,0.001740225,16.32999992,0.626840163,2,Correction,3.936599684744054e-07,1.934348234074631e-06,0.9909411334042992,7.232685889289753e-07,0.009055815318235612
2024-09-20,-0.001730208,-0.126569458,0.009132467,-0.56845531,-0.001728712,0.001635218,16.14999962,0.629649714,2,Correction,9.152582785335278e-06,0.0013195746864623163,0.9755240618874513,2.3744499456517566e-06,0.023144836393571767
2024-09-23,0.002495897,-0.185482086,0.008918162,-0.733496384,0.0,0.001586933,15.89000034,0.618560343,2,Correction,1.1081969929081756e-05,0.015156334953010758,0.8058544451263744,5.051337424594553e-06,0.178973086613866
2024-09-24,0.002857074,-0.348198545,0.008672056,-0.730061116,0.0,0.001520021,15.39000034,0.600707064,4,Bull Recovery,9.168032133528185e-06,0.06254045560187413,0.3109708777445433,2.5507384875601263e-06,0.6264769478838672
2024-09-25,-0.002207901,-0.497564146,0.008668737,-0.733484472,-0.002205465,0.001435756,15.40999985,0.599343652,4,Bull Recovery,3.411322386747788e-06,0.07600929395813415,0.07757922526536115,9.475987821311333e-07,0.8464071218547049
2024-09-26,0.003956852,-0.56728548,0.008693718,-0.768536238,0.0,0.001317046,15.36999989,0.594854443,4,Bull Recovery,2.3688061979329555e-07,0.05779761248082794,0.0057525452888765125,1.2333416270843733e-07,0.9364494820157971
2024-09-27,-0.001451452,-0.695340488,0.008572498,-0.851150256,-0.001450399,0.001156863,16.95999908,0.580829497,4,Bull Recovery,1.1337193356318865e-09,0.015870627835045784,0.0002376983550039131,1.5688834757172978e-08,0.9838916569876147
2024-09-30,0.00399919,-0.81324311,0.008588334,-0.911306297,0.0,0.001000447,16.72999954,0.583423761,4,Bull Recovery,2.7108523433101246e-11,0.005908237983523423,1.5976553957751426e-05,1.5735549421811805e-08,0.9940757696995944
2024-10-01,-0.008998756,-0.916950146,0.008668824,-0.703314024,-0.008958388,0.000834276,19.26000023,0.646198171,4,Bull Recovery,2.637817379441388e-13,1.8195121331975247e-05,1.1802788516700596e-05,7.70989903605773e-08,0.9999699249904256
2024-10-02,0.000422094,-0.442240957,0.007160748,-0.325679182,-0.008539987,0.000678125,18.89999962,0.575948022,4,Bull Recovery,6.628770554645232e-13,6.489967427074543e-07,7.533697421332197e-07,1.1916926747378e-09,0.9999985964414764
2024-10-03,-0.00183007,-0.508827497,0.00715537,-0.3297609,-0.01035277,0.000765359,20.48999977,0.575242401,4,Bull Recovery,6.304816016109729e-16,9.94667025668015e-10,2.810633873639477e-07,1.167165173618487e-09,0.999999716774295
2024-10-04,0.009046383,-0.50498388,0.007270793,-0.481843395,-0.001359424,0.000815913,19.20999908,0.573487861,4,Bull Recovery,8.524374957297183e-16,2.4344805570260157e-09,4.388623241097133e-07,2.9874879884927515e-09,0.9999995557155749
2024-10-07,-0.009081597,-0.620450671,0.006383966,0.202155887,-0.010387618,0.000877769,22.63999939,0.628754649,4,Bull Recovery,1.5352658874736583e-18,1.7690747130922626e-17,1.0295413823171695e-07,2.7788989848037576e-08,0.9999998692565072
2024-10-08,0.009413327,-0.043796085,0.006277829,0.187923438,-0.00102809,0.00098064,21.42000008,0.660602805,4,Bull Recovery,7.802870466841745e-17,3.674422937423413e-18,1.6365232213720645e-06,7.730605425243846e-07,0.999997590416744
2024-10-09,0.006902496,-0.204824806,0.006341451,0.139943149,0.0,0.001044215,20.86000061,0.705675079,4,Bull Recovery,1.1977663427663098e-15,1.5489162047145143e-17,6.207988454531701e-07,4.742315402020936e-07,0.9999989049689786
2024-10-10,-0.001751678,-0.358380391,0.006153116,0.322164092,-0.001750145,0.001085018,20.93000031,0.70168899,4,Bull Recovery,9.25923167896153e-16,6.5364676597608935e-18,6.359205341030519e-07,6.250457135793745e-07,0.9999987390336847
2024-10-11,0.005970161,-0.502563277,0.006048863,0.351336209,0.0,0.001136858,20.45999908,0.698194187,4,Bull Recovery,7.747750275735108e-17,5.421848858103717e-17,2.0613849782852364e-08,7.325303025104368e-08,0.9999999061328753
2024-10-14,0.008145301,-0.634324524,0.006163005,0.308551776,0.0,0.001155337,19.70000076,0.720564592,4,Bull Recovery,1.1479623484343858e-17,1.3675734026713824e-14,1.10928325608785e-08,4.968524003519675e-08,0.999999939222109
2024-10-15,-0.007799836,-0.735260985,0.006524225,0.294951943,-0.007769497,0.001171298,20.63999939,0.731297691,4,Bull Recovery,1.0441306321437392e-17,7.839973967380219e-14,6.771833067010255e-08,7.701025878539289e-08,0.9999998552721185
2024-10-16,0.004336781,-0.168505365,0.006545903,0.208359094,-0.003457066,0.001177663,19.57999992,0.73664538,4,Bull Recovery,3.798103690999631e-15,4.213823265053152e-12,1.0853746686794213e-06,3.666777659382855e-07,0.9999985479436502
2024-10-17,8.6e-05,-0.328462445,0.006469351,0.16564863,-0.003371359,0.00118745,19.11000061,0.777570763,4,Bull Recovery,4.565915431713692e-14,8.776589734536684e-12,6.709948554391929e-07,2.410164864677888e-07,0.9999990879791378
2024-10-18,0.003838956,-0.463197755,0.005508158,-0.421076484,0.0,0.001202038,18.03000069,0.703226422,4,Bull Recovery,4.0982993440185726e-14,3.847838462284949e-12,1.6966192537614854e-06,2.4158477320903653e-07,0.9999980617922712
2024-10-21,-0.001643523,-0.593741673,0.005505831,-0.423218435,-0.001642174,0.001190505,18.37000084,0.688980068,4,Bull Recovery,4.9777075097422006e-14,1.595173889305345e-12,1.4898621449550998e-06,1.6310594667910075e-07,0.9999983470311254
2024-10-22,-0.000531214,-0.597900862,0.005511801,-0.343784521,-0.002172375,0.001170396,18.20000076,0.602824891,4,Bull Recovery,6.888594575257243e-14,5.4683177358879014e-11,5.794593067287067e-07,1.5860968260655092e-08,0.9999994046249365
2024-10-23,-0.009179368,-0.650737647,0.005932712,-0.247643434,-0.011289891,0.001125886,19.23999977,0.643023124,4,Bull Recovery,2.0055903223318376e-14,4.0365888086894807e-10,9.151120761079437e-07,4.061972922601899e-08,0.999999043865048
2024-10-24,0.002160359,-0.070586705,0.005907545,-0.352844343,-0.009151613,0.001064129,19.07999992,0.661284911,4,Bull Recovery,4.655871630892282e-13,8.991255514618878e-10,1.2419306964506554e-05,2.2651349812704392e-07,0.9999873532796559
2024-10-25,-0.000345464,-0.242608156,0.005865676,-0.261659582,-0.009493856,0.00097908,20.32999992,0.655020567,4,Bull Recovery,8.834381606708548e-14,1.2233593830478435e-12,1.7319362190781514e-06,7.980368458942751e-08,0.9999981882590915
2024-10-28,0.003086662,-0.352761069,0.005871554,-0.367921931,-0.006431776,0.000879009,19.79999924,0.649819542,4,Bull Recovery,8.96148201794935e-15,4.794421773092161e-12,9.306524153346534e-07,4.163323998583274e-08,0.9999990277087997
2024-10-29,0.001617071,-0.494004184,0.005828979,-0.324738544,-0.004823805,0.000741964,19.34000015,0.637512131,4,Bull Recovery,8.147533686196511e-15,4.078110744681582e-11,1.221580993166119e-06,2.0128739606969563e-08,0.9999987582494647
2024-10-30,-0.003029902,-0.629429042,0.005468843,-0.286597538,-0.007834528,0.000540583,20.35000038,0.52807963,4,Bull Recovery,1.593060015337382e-16,2.0171446622824125e-11,0.00029538866541094146,2.87286032299714e-10,0.9997046110276613
2024-10-31,-0.019797668,-0.581570197,0.007101612,-0.987984393,-0.027283929,0.000535378,23.15999985,0.649984613,2,Correction,1.1886616781059266e-22,2.6738074297085017e-15,0.526493657979365,4.561395177177793e-12,0.473506342016275
2024-11-01,0.004211707,1.204043107,0.007146788,-1.081730054,-0.023178495,0.000534601,21.87999916,0.615914706,2,Correction,8.315629241572909e-15,1.1111534728280968e-15,0.9999993849507591,1.818110689146931e-12,6.150471714024533e-07
2024-11-04,-0.002156434,0.901837535,0.006871688,-1.086783559,-0.025282676,0.00049994,21.97999954,0.629014736,2,Correction,9.017897414901198e-13,1.0342486831233076e-16,0.9999999707324609,2.016611092120035e-11,2.924591455605061e-08
2024-11-05,0.012019401,0.77055108,0.007058113,-1.073702435,-0.013496468,0.000535219,20.48999977,0.593473961,2,Correction,6.644848485776043e-10,1.0006857524686691e-11,0.9999977282248776,4.978810497450537e-09,2.2661225851092747e-06
2024-11-06,0.02456137,0.532233605,0.008595418,0.184769112,0.0,0.000749226,16.27000046,0.50444673,2,Correction,3.927503351423292e-09,0.008738942714424635,0.9903890656180669,5.175700628205975e-12,0.0008719877348195154
2024-11-07,0.007702532,0.348350131,0.008622468,0.176006907,0.0,0.000904018,15.19999981,0.516109812,1,Stable Bull,6.781235826780726e-10,0.9932909194533383,0.006706667129083243,1.0268611270347489e-13,2.412740218421496e-06
2024-11-08,0.004322356,0.148364841,0.008609802,0.078037283,0.0,0.001020031,14.93999958,0.509669675,1,Stable Bull,5.540247243885012e-11,0.9999722989394851,2.74433510556841e-05,3.36984437448244e-15,2.5765416189314086e-07
2024-11-11,0.000952224,-0.050817861,0.008557441,0.159316787,0.0,0.001104125,14.97000027,0.520575697,1,Stable Bull,1.3291826485701419e-12,0.9999977171163347,9.046038770377064e-07,7.103138896721198e-17,1.3782777602406787e-06
2024-11-12,-0.003110962,-0.228652758,0.008475839,0.325982989,-0.003106128,0.001166617,14.71000004,0.496035775,1,Stable Bull,1.312045032014956e-14,0.9999983727097568,8.499286974814079e-08,2.831718229135289e-19,1.542297780927619e-06
2024-11-13,0.000485651,-0.082109848,0.008234433,0.270913302,-0.002621869,0.001208218,14.02000046,0.53651745,1,Stable Bull,2.848317681968712e-14,0.9999989864068674,2.2512907567591115e-07,2.0676329959695108e-17,7.884643165591864e-07
2024-11-14,-0.006450969,-0.262857007,0.00837789,0.401480423,-0.009035215,0.001251117,14.31000042,0.503620316,1,Stable Bull,2.620511065235405e-12,0.9999259445841037,3.929213706353362e-05,4.544585378018164e-16,3.476327607544419e-05
2024-11-15,-0.012891484,0.043111255,0.008902747,0.358090057,-0.02172823,0.001317295,16.13999939,0.550990638,1,Stable Bull,5.7720389742928196e-11,0.9567780456872644,0.041478281285660716,1.0698268115366334e-14,0.0017436729688715912
2024-11-18,0.004089039,0.926601811,0.008907916,0.354096928,-0.017719849,0.001327783,15.57999992,0.548235599,1,Stable Bull,1.2638836634229636e-08,0.9547488132548233,0.045249270324970635,1.1266817455522274e-12,1.9037794346448458e-06
2024-11-19,0.003648704,0.646108051,0.00892535,0.268456341,-0.014129253,0.001318321,16.35000038,0.556207202,1,Stable Bull,2.034919355532774e-08,0.9890877154388525,0.010910681883271841,3.835650837746888e-12,1.5823253335368327e-06
2024-11-20,0.000338876,0.395962212,0.008922142,0.254558746,-0.013795109,0.00128764,17.15999985,0.571604004,1,Stable Bull,9.228190319724745e-09,0.9993485636376845,0.0006461867914873938,6.6302387862943535e-12,5.240336045039241e-06
2024-11-21,0.005353994,0.163554331,0.008687651,0.111481025,-0.008500813,0.00125645,16.87000084,0.556651712,1,Stable Bull,1.5388671724984532e-11,0.9999575443479928,1.1161012408574988e-05,1.4466015278463455e-14,3.129462468565254e-05
2024-11-22,0.003094601,-0.035455748,0.008694803,0.095892922,-0.005427766,0.00120793,15.23999977,0.559963003,1,Stable Bull,1.4823157408765022e-13,0.9999958789515736,2.1804286463598436e-07,1.41617571819792e-16,3.903005767352876e-06
2024-11-25,0.003386261,-0.216466273,0.008697215,0.034041489,-0.002054177,0.00113761,14.60000038,0.562762259,1,Stable Bull,4.6856740897651675e-15,0.9999933254025489,1.7487816666128625e-07,4.0393230538642416e-17,6.499718785975588e-06
2024-11-26,0.005207901,-0.383595291,0.008728864,0.001724931,0.0,0.001046125,14.10000038,0.576539302,1,Stable Bull,3.1541580892154115e-15,0.9999802375593501,2.235943730466099e-07,1.2465665959825104e-16,1.9538846144060395e-05
2024-11-27,-0.003034584,-0.527533441,0.008787178,0.071693195,-0.003029985,0.000921363,14.10000038,0.581001916,1,Stable Bull,1.848531906688019e-14,0.9999825082251904,3.1893636888556795e-07,1.581192488975607e-15,1.7172839008051668e-05
2024-11-29,0.006192834,-0.438414985,0.00878642,-0.067175688,0.0,0.000681312,13.51000023,0.595463427,1,Stable Bull,3.466041381490312e-16,0.9999625397244711,5.88327717220272e-07,2.66397108878644e-17,3.687194718454705e-05
2024-12-02,0.001790826,-0.578898167,0.007261894,0.793514875,0.0,0.000667188,13.34000015,0.434116994,1,Stable Bull,1.3180661447860805e-17,0.9999995439849175,1.8328565845959011e-10,3.2123788652750346e-21,4.558325576782235e-07
2024-12-03,0.000463632,-0.714599998,0.007272637,0.863324853,0.0,0.000656087,13.30000019,0.466874416,1,Stable Bull,4.266362134777165e-20,0.9999993940984512,3.06588541605669e-10,9.909388139743825e-22,6.055956967324762e-07
2024-12-04,0.006190516,-0.823497564,0.007223883,0.732789272,0.0,0.000619063,13.44999981,0.440224417,1,Stable Bull,1.0178120277533832e-19,0.9999982376827642,1.0290798021644579e-10,8.58657281922491e-22,1.7622151085582415e-06
2024-12-05,-0.001647198,-0.926786801,0.006988387,0.972982682,-0.001645842,0.000626741,13.53999996,0.422629033,1,Stable Bull,1.8557851175495562e-17,0.999992425483962,3.500290970403244e-11,9.156758194344868e-19,7.574480384045496e-06
2024-12-06,0.0018939,-0.943465648,0.004805959,-1.321523475,0.0,0.00100002,12.77000046,0.535723554,1,Stable Bull,2.7750862934980674e-16,0.9873904848248923,2.026129184429453e-05,5.670043287582235e-13,0.012589253882580729
2024-12-09,-0.005163081,-1.046625029,0.004773224,-1.202953206,-0.005149776,0.001244164,14.18999958,0.433316112,4,Bull Recovery,3.47722923663416e-11,0.40605484449798424,4.635110618216609e-05,6.101758642243201e-12,0.5938988043551708
2024-12-10,-0.003113731,-0.790518274,0.004768416,-1.02659117,-0.008242654,0.00142399,14.18000031,0.457305693,4,Bull Recovery,1.899220284648624e-10,0.020924653929443968,1.6682484483925533e-05,2.7312955504096483e-10,0.9790586631236717
2024-12-11,0.007700805,-0.607153732,0.005030152,-0.91241145,-0.000575841,0.00153932,13.57999992,0.40262973,4,Bull Recovery,5.362596818372805e-11,0.00033329512847634626,9.413547376246692e-07,2.3657601730684844e-11,0.9996657634393636
2024-12-12,-0.005165961,-0.728327016,0.005126791,-0.85850147,-0.005725514,0.001623775,13.92000008,0.414736741,4,Bull Recovery,3.952075982061408e-12,9.537018596761106e-06,1.0742759498644572e-06,4.708540274062881e-11,0.9999893886541971
2024-12-13,-0.000198535,-0.537384265,0.005129655,-0.837724826,-0.005922893,0.001695177,13.81000042,0.418911456,4,Bull Recovery,6.900684975599458e-12,3.816524981001465e-06,1.2627628433414993e-06,4.925079878332366e-11,0.9999949206559755
2024-12-16,0.004260863,-0.548362785,0.004926566,-1.09591415,-0.00167823,0.001758826,14.68999958,0.488903321,4,Bull Recovery,2.9281602270865187e-12,6.761622445432814e-08,1.6622430573503343e-05,1.112110608117679e-08,0.999983298829961
2024-12-17,-0.004128502,-0.684479685,0.003961854,-0.307295131,-0.005791307,0.00184882,15.86999989,0.14145079,4,Bull Recovery,8.176700450942553e-23,7.883379304613157e-10,2.8684963393268044e-09,5.86200821055031e-29,0.9999999963438313
2024-12-18,-0.030256611,-0.500339026,0.007932288,-2.679381619,-0.035422167,0.001809576,27.62000084,0.652998651,2,Correction,1.5509354689203148e-53,3.130918954094595e-34,0.9999999793581085,4.39009091192871e-19,2.0641864065392462e-08
2024-12-19,-0.0003072,2.565949093,0.007884353,-2.660826092,-0.03571844,0.001765776,24.09000015,0.656642534,2,Correction,1.896271963555103e-32,3.491895219507788e-33,1.0,1.8289953253522154e-23,6.942778937810762e-32
2024-12-20,0.011939559,2.257762671,0.008328202,-2.297685754,-0.024136338,0.001735862,18.36000061,0.63514907,2,Correction,1.1036169373885572e-29,1.4716771329464242e-19,1.0,7.128129083494479e-27,7.688299151596774e-26
2024-12-23,0.005970455,1.831219038,0.008348294,-2.287103911,-0.018292561,0.001719376,16.78000069,0.641823039,2,Correction,1.9895256736671644e-26,5.9231350760209e-12,0.999999999994543,3.1526954002538873e-26,1.6858266684362678e-22
2024-12-24,0.011053468,1.447598279,0.008659152,-2.086263445,-0.007381096,0.00171746,14.27000046,0.649095906,2,Correction,4.558529821484094e-25,1.7589695530637782e-08,0.9999999824103726,1.2274916684333465e-24,5.708586222101387e-19
2024-12-26,6.68e-05,1.116327048,0.008636412,-2.048211414,-0.00731479,0.001714202,14.72999954,0.650318662,2,Correction,5.931815223503485e-21,1.655371807245174e-07,0.999999834462883,1.8566905376031197e-20,1.4828928564793844e-17
2024-12-27,-0.01058238,0.805386929,0.008886381,-1.725596478,-0.017764374,0.001723263,15.94999981,0.688061682,2,Correction,9.254874104577848e-24,2.461764385535e-08,0.9999999753817977,2.849272974921744e-23,1.523337183421002e-13
2024-12-30,-0.011477302,1.41834345,0.009202165,-1.510299277,-0.028973342,0.001748966,17.39999962,0.712062194,2,Correction,8.571148296152246e-25,3.1360490902301077e-13,1.0,4.594540026564601e-25,3.144625904504484e-17
2024-12-31,-0.003644664,1.84091977,0.009083832,-1.435477538,-0.032505966,0.001766513,17.35000038,0.715330327,2,Correction,7.195581007884378e-23,5.977125648638479e-18,1.0,1.5112603066440084e-24,2.2780017762872494e-19
2025-01-02,-0.002460042,1.773899866,0.009062132,-1.379055936,-0.034883117,0.001829148,17.93000031,0.674017987,2,Correction,3.500616032244245e-20,2.745109483866353e-21,1.0,8.350575387964173e-22,5.2304356821578075e-18
2025-01-03,0.012425883,1.546046439,0.009545698,-1.20954273,-0.02281587,0.001914232,16.12999916,0.658381492,2,Correction,7.993384967281511e-19,2.896625341208746e-18,1.0,3.010226425353891e-20,6.566975213046204e-15
2025-01-06,0.005744086,1.208335081,0.009529853,-1.212352695,-0.017186688,0.00198867,16.04000092,0.671450887,2,Correction,1.5207275433108872e-17,2.6795792231995124e-11,0.9999999999727152,1.8707547204747022e-18,1.936500677956218e-13
2025-01-07,-0.011368527,0.89735832,0.009804514,-1.031924,-0.028296557,0.002069004,17.81999969,0.703412671,2,Correction,5.670293226119789e-19,1.8879801787166125e-14,0.999999999994543,2.637266568265968e-19,5.6522213604349625e-12
2025-01-08,0.001460051,1.350712087,0.009797954,-1.028135851,-0.026876784,0.002054124,17.70000076,0.704574795,2,Correction,7.752834555268142e-18,1.5978717307591485e-16,1.0,8.284793089154639e-19,1.1184075050697424e-13
2025-01-10,-0.015385282,1.073014523,0.010243407,-0.884084129,-0.041733975,0.00203195,19.54000092,0.748580133,2,Correction,2.1945956502218983e-19,1.2651092917710403e-25,0.999999999998181,1.53604397350182e-20,1.3232940892113408e-12
2025-01-13,0.001549384,1.704635833,0.010263666,-0.943510901,-0.040248103,0.001974481,19.19000053,0.746477819,2,Correction,7.43982718446318e-17,2.7536459286921645e-31,1.0,1.1457434575824462e-18,2.725974395086116e-15
2025-01-14,0.001374898,1.409417507,0.010069201,-0.945859425,-0.038927634,0.001891561,18.70999908,0.766381185,2,Correction,1.9855726030205796e-14,7.04605447056302e-30,0.999999999998181,1.2122868123219486e-15,1.5393038008293932e-12
2025-01-15,0.018026571,1.063907176,0.010924427,-0.741906958,-0.021445698,0.001826339,16.12000084,0.811194029,2,Correction,2.95038850492382e-12,2.4900084564901846e-22,0.9999999992014637,1.1959965331085597e-13,7.950533840547839e-10
2025-01-16,-0.001924953,0.791930935,0.010926495,-0.718425259,-0.023327558,0.001713026,16.60000038,0.741174592,2,Correction,7.552007002863556e-10,8.661004588735903e-12,0.9999999912306521,5.019232457929875e-11,7.955160514749392e-09
2025-01-17,0.009990044,0.616315832,0.011129884,-0.712839321,-0.013521658,0.001525823,15.97000027,0.745091714,2,Correction,1.0313857590182999e-08,4.162368334444014e-06,0.9999852113962646,1.8125697188474552e-09,1.0614109730413444e-05
2025-01-21,0.009111633,0.376823761,0.011291955,-0.820530646,-0.004492155,0.001039861,15.06000042,0.696138757,2,Correction,4.650929152462399e-09,0.2519152666919412,0.7478904777197692,7.996386783380658e-10,0.00019425013799905972
2025-01-22,0.005605796,0.156769456,0.008945456,-0.237801103,0.0,0.000985452,15.10000038,0.611241612,1,Stable Bull,1.4016924189698155e-08,0.9731793946244531,0.026782273711883967,7.626275371460553e-11,3.831757109152619e-05
2025-01-23,0.005443217,-0.04099282,0.008966682,-0.325865768,0.0,0.000920082,15.02000046,0.621052176,1,Stable Bull,1.0404889215679245e-09,0.9995044438304895,0.00048189843877571257,5.553714982589887e-12,1.3656684816627987e-05
2025-01-24,-0.002923636,-0.231975393,0.008729994,-0.187357661,-0.002919367,0.000896131,14.85000038,0.631929169,1,Stable Bull,1.2279216924762726e-09,0.9999741182166595,1.067401315659906e-05,8.377406629997656e-12,1.520653378255794e-05
2025-01-27,-0.014246253,-0.384431762,0.009290104,-0.083842712,-0.017023327,0.000851701,17.89999962,0.466481264,1,Stable Bull,5.502429347619162e-16,0.9993128043211352,4.845054846145559e-06,6.236794332930488e-19,0.0006823506236433205
2025-01-28,0.008555611,0.780918669,0.009161626,-0.092175525,-0.008577282,0.000828745,16.40999985,0.510247238,1,Stable Bull,1.9015739773046938e-16,0.9999946719814092,5.297882670500842e-06,1.628705677718094e-18,3.01354460989741e-08
2025-01-29,-0.004492943,0.515663156,0.009220139,-0.025017184,-0.013021695,0.000800961,16.55999947,0.500964182,1,Stable Bull,4.686161670577022e-17,0.9999990556557261,9.331455225101839e-07,5.625527879691617e-21,1.1198661865854763e-08
2025-01-30,0.005352628,0.553355138,0.008954345,-0.192289407,-0.007724603,0.000797563,15.84000015,0.359788194,1,Stable Bull,7.052058020911156e-19,0.9999999832252798,1.0243011350773527e-08,2.723374216748424e-25,6.532588881380083e-09
2025-01-31,-0.005336227,0.300152162,0.008627804,-0.190105037,-0.013005507,0.000825605,16.43000031,0.342085672,1,Stable Bull,1.4688544166904557e-18,0.9999999327174032,6.636476018056819e-09,5.862739022862893e-25,6.064629154166931e-08
2025-02-03,-0.006752196,0.400943923,0.008738975,-0.159745979,-0.019647438,0.000841618,18.62000084,0.362254901,1,Stable Bull,2.2000748864483424e-18,0.9999830039512811,1.0462289080875498e-06,3.4175950868601273e-23,1.594981912897485e-05
2025-02-04,0.006685866,0.656424674,0.00878879,-0.292228169,-0.013070972,0.000853636,17.20999908,0.364250136,1,Stable Bull,2.499740040494789e-17,0.9999978796917927,7.180510790601518e-07,1.3838937238730117e-22,1.4022570857772122e-06
2025-02-05,0.004046432,0.395345218,0.008445543,-0.297104887,-0.009069341,0.000894081,15.77000046,0.364511603,1,Stable Bull,1.3429802129766258e-18,0.9999999044121114,1.1244115404129003e-08,1.3019305900027543e-24,8.434391896807773e-08
2025-02-06,0.003469603,0.161218485,0.008395789,-0.270797206,-0.005625233,0.000932702,15.5,0.358744204,1,Stable Bull,2.580831388693522e-19,0.9999998560233611,2.0391920040421588e-09,8.961147779323856e-25,1.4193749698330984e-07
2025-02-07,-0.009195767,-0.055377476,0.008249559,-0.249813536,-0.014727357,0.000973001,16.54000092,0.37515171,1,Stable Bull,8.069943109723264e-20,0.9999929930900101,3.827528881766823e-08,9.364349650754154e-24,6.9686351145592e-06
2025-02-10,0.006768268,0.323109463,0.008346017,-0.31723421,-0.008036149,0.001000758,15.81000042,0.377953179,1,Stable Bull,8.549548035262932e-19,0.9999992376181759,2.8903772673349422e-08,1.0022389471411572e-22,7.334775495087932e-07
2025-02-11,0.000760457,0.094384501,0.007433117,-0.196524023,-0.007281516,0.001069918,16.02000046,0.334075915,1,Stable Bull,6.332509081776576e-19,0.9999993001495289,2.406480893879958e-09,2.134552204552733e-24,6.97443883997284e-07
2025-02-12,-0.003226787,-0.119211312,0.007519955,-0.113921784,-0.010479645,0.00111066,15.89000034,0.316287534,1,Stable Bull,7.162178130455624e-20,0.999995456964231,5.518889664419354e-10,1.1704207712864724e-24,4.542483589519641e-06
2025-02-13,0.010502159,-0.072350286,0.007756254,-0.203064202,-3.28e-05,0.001129501,15.10000038,0.328453252,1,Stable Bull,4.459217132296023e-19,0.9999890767518044,2.6791688321819833e-09,7.532287769365601e-22,1.0920569055323066e-05
2025-02-14,-4.93e-05,-0.253429657,0.00686383,-0.535179123,-8.21e-05,0.001138333,14.77000046,0.262500714,1,Stable Bull,3.962358854195659e-17,0.999914716604274,3.749968805235658e-09,1.9824715888064403e-21,8.527964595688157e-05
2025-02-18,0.002931596,-0.429255524,0.00683005,-0.641043252,0.0,0.001114875,15.35000038,0.255713058,1,Stable Bull,2.779563398198022e-17,0.996368213184953,1.470101880738774e-09,6.029193038682992e-21,0.0036317853449407507
2025-02-19,0.00235215,-0.590723891,0.006557249,-0.662068955,0.0,0.001051395,15.27000046,0.241746851,1,Stable Bull,8.859141198053122e-18,0.9677653434431885,1.504752803188176e-09,4.61611127031506e-20,0.03223465505218366
2025-02-20,-0.004169024,-0.729911467,0.006395269,-0.53579834,-0.004160346,0.000920734,15.65999985,0.301454052,1,Stable Bull,7.927436972337168e-17,0.8232994710656196,8.268333618755095e-08,3.737043544266124e-17,0.17670044625190087
2025-02-21,-0.017252073,-0.507879954,0.007367562,-0.634980114,-0.021193295,0.000921309,18.20999908,0.319510578,4,Bull Recovery,2.994746116196249e-16,0.12019070749722181,0.00945619920623199,5.949640946861685e-16,0.8703530932958641
2025-02-24,-0.004560791,0.739778285,0.007286147,-0.491989158,-0.025647264,0.000917582,18.97999954,0.325597818,2,Correction,2.3822428117718432e-11,0.0004406995959448372,0.9182337965376266,1.2064752471372324e-14,0.08132550384207135
2025-02-25,-0.004985695,0.846190365,0.007327294,-0.449917577,-0.030492999,0.000916327,19.43000031,0.331349943,2,Correction,1.2286468405989345e-09,1.1327047311710475e-09,0.9965750183392568,3.359316196121065e-16,0.003424979300104825
2025-02-26,0.000504983,0.915333945,0.006681365,-0.525802959,-0.030003291,0.000906449,19.10000038,0.382307811,2,Correction,1.9288636383257717e-08,1.0166925911052488e-13,0.9999557610844465,2.3003403582884242e-14,4.421962630280889e-05
2025-02-27,-0.016090883,0.612149259,0.007178484,-0.552225862,-0.045486491,0.000865868,21.12999916,0.30904984,2,Correction,4.256551138963972e-14,4.9952452954936775e-24,0.9998814054986157,1.0866216015184985e-20,0.00011859450131927182
2025-02-28,0.015484977,1.566446606,0.008042056,-0.267967298,-0.03059084,0.000802384,19.62999916,0.371330097,2,Correction,2.50662500847192e-15,4.4761880085296906e-23,0.9999999990905053,6.903748173162807e-22,9.086274205425489e-10
2025-03-03,-0.017675164,1.219338836,0.008729317,-0.22048948,-0.047574767,0.000786191,22.78000069,0.607001742,2,Correction,3.309744980731581e-22,1.2833752897482254e-27,0.9999999999581632,2.5850278256200042e-23,4.189946021658426e-11
2025-03-04,-0.011907374,2.052622014,0.008980192,-0.167119263,-0.058848398,0.000810518,23.51000023,0.595424013,2,Correction,5.3598483206583706e-24,2.9212525511843784e-47,1.0,3.8818599466581564e-26,2.4106767234467458e-17
2025-03-05,0.010690278,2.437109708,0.009320528,-0.287621749,-0.048733255,0.000856082,21.93000031,0.543081674,2,Correction,3.809241805354796e-22,6.773324320762514e-48,1.0,4.4005211343303254e-26,6.274628996746881e-19
2025-03-06,-0.0179106,1.962197667,0.009814169,-0.157641176,-0.065619342,0.000943772,24.87000084,0.522357935,2,Correction,1.505003009403374e-24,5.204805650163101e-56,1.0,4.090546006983851e-27,3.944305091919226e-17
2025-03-07,0.005589345,2.443837259,0.009870126,-0.165110562,-0.060382143,0.001039813,23.37000084,0.507378466,2,Correction,3.8594596211941744e-22,3.3538994291566344e-67,1.0,1.1028350916421053e-28,4.032990416148607e-19
2025-03-10,-0.026996775,1.951444828,0.011139543,-0.278564709,-0.085409447,0.001260244,27.86000061,0.643451138,2,Correction,2.8323707415341953e-19,4.796768855413056e-100,1.0,1.0023132183455354e-21,2.9490997389550243e-21
2025-03-11,-0.008347636,3.0,0.011120276,-0.288769318,-0.093012338,0.001434067,26.92000008,0.608775719,2,Correction,2.8194587927446594e-15,1.853480014187776e-145,1.0,2.664910331436956e-21,2.473869064734135e-30
2025-03-12,0.005292681,3.0,0.01105533,-0.290255727,-0.088199216,0.001570613,24.22999954,0.577149272,2,Correction,6.1539914702882845e-12,6.6745391066018006e-158,0.999999999994543,1.0038010844499202e-19,9.130436128742726e-30
2025-03-13,-0.013420195,2.602262232,0.011197267,-0.129964672,-0.100354018,0.001683365,24.65999985,0.594409372,2,Correction,1.2854979985800605e-09,2.8847508376731736e-176,0.9999999987139745,6.462310264016095e-17,3.740156944411538e-29
2025-03-14,0.020445353,2.755610598,0.012447309,0.035580881,-0.081771119,0.001881858,21.77000046,0.654406696,2,Correction,6.247903736479278e-08,9.284452665384326e-179,0.999999937521354,2.093573532106319e-14,5.59028477737514e-30
2025-03-17,0.007681756,2.253756226,0.012305197,0.034424239,-0.074690347,0.002028176,20.51000023,0.645576128,2,Correction,2.547476334908014e-06,3.32050591803217e-130,0.9999974525231371,8.071714285128023e-13,1.2742632264321698e-22
2025-03-18,-0.010867324,1.818739773,0.012382035,0.14967501,-0.084691545,0.002109552,21.70000076,0.652786012,2,Correction,3.7620537409096223e-05,4.329576741956791e-137,0.9999623794320477,3.0671682241803896e-11,1.0017644414620469e-21
2025-03-19,0.010832077,2.248408992,0.012717454,0.119674153,-0.07472296,0.002176779,19.89999962,0.667113708,2,Correction,0.0001797268379806548,1.0078992864431168e-140,0.9998202730386945,1.2266504601158776e-10,9.348338661279807e-24
2025-03-20,-0.002895997,1.811587112,0.012646291,0.177166692,-0.077398684,0.002181293,19.79999924,0.66395157,2,Correction,0.0022999694650437767,4.326565692898477e-130,0.9977000282847452,2.250749444606908e-09,1.4397997859120747e-20
2025-03-21,0.000329947,1.560622265,0.012678436,0.125690997,-0.077094224,0.00213365,19.28000069,0.670135352,2,Correction,0.011058648129619573,1.5496983210955257e-140,0.9889413437236174,8.14631666038032e-09,4.7584014602230354e-20
2025-03-24,0.01774991,1.245156933,0.013090999,0.001321163,-0.06056648,0.002144269,17.47999954,0.687269876,2,Correction,0.022983656659086863,7.604424586925207e-124,0.9770162419757383,1.0136567003819906e-07,1.864049363080243e-18
2025-03-25,0.002400829,0.948190165,0.013109847,-0.074153956,-0.058308351,0.00211324,17.14999962,0.702006432,2,Correction,0.03608081557179098,1.2627910101295923e-92,0.9639189951495295,1.8927888135794498e-07,3.409211141322963e-14
2025-03-26,-0.012009954,0.656023199,0.013288312,-0.017444443,-0.069550381,0.002056394,18.32999992,0.715490516,2,Correction,0.06543919976959434,5.309787223516326e-109,0.9345602520712567,5.481582811531677e-07,5.282533907895875e-16
2025-03-27,-0.002659269,1.10748688,0.013276922,0.017065066,-0.072021409,0.00188482,18.69000053,0.738461852,2,Correction,0.08519971597535103,4.239817294607621e-125,0.9148001864905878,9.753401083131646e-08,1.4896515089721127e-17
2025-03-28,-0.020343862,1.025877386,0.013530874,-0.006733495,-0.09070934,0.001715805,21.64999962,0.756876736,2,Correction,0.10256561881455284,2.6886755391590567e-161,0.8974342547555051,1.264292580530069e-07,1.8326415802385181e-22
2025-03-31,0.00669037,1.888411185,0.013081152,-0.021312177,-0.084605453,0.001558473,22.28000069,0.719263503,2,Correction,0.10932888358828122,2.907421428265719e-171,0.8906711111011737,5.310596561274661e-09,8.636940198246459e-24
2025-04-01,0.002820461,1.481577439,0.012668426,-0.172357016,-0.082019974,0.001412802,21.77000046,0.707760858,2,Correction,0.12295705894185212,5.7382888083531694e-158,0.8770419992893171,9.417684298681314e-07,5.8979424907811525e-21
2025-04-02,0.006308468,1.125955245,0.012561638,-0.348817877,-0.076210621,0.001250661,21.51000023,0.71282832,2,Correction,0.13206708619750754,5.168576669421567e-149,0.8657566022533485,0.0021763115488481212,5.469768855393089e-18
2025-04-03,-0.050536529,0.815123682,0.016291818,-1.072116034,-0.121735702,0.001402576,30.02000046,0.769683098,3,Panic,4.898092213307664e-06,4.359658515152879e-251,0.010148554596836667,0.9898465473114022,9.16642862686446e-39
2025-04-04,-0.060326596,3.0,0.020271596,-1.342626027,-0.173151922,0.002115874,45.31000137,0.822458171,3,Panic,1.8223113216379226e-24,0.0,4.00193156673295e-08,0.9999999599804149,6.214704937802386e-78
2025-04-07,-0.001782777,3.0,0.020127419,-1.326986297,-0.174624694,0.002527341,46.97999954,0.824935734,3,Panic,1.382183529504033e-30,0.0,3.1879369439212667e-15,1.0,3.1104591303229228e-105
2025-04-08,-0.015786711,3.0,0.01969146,-1.445816418,-0.187552345,0.002820236,52.33000183,0.811064836,3,Panic,1.0803303311062525e-46,0.0,2.3683644018821185e-25,1.0,7.959627411395278e-116
2025-04-09,0.099862984,3.0,0.030266209,1.243264732,-0.102229496,0.00450582,33.61999893,0.922169027,3,Panic,1.3208776068377222e-31,0.0,2.211645110840477e-47,1.0,5.100083348541141e-163
2025-04-10,-0.04480835,3.0,0.031727257,1.170925104,-0.141569156,0.005754871,40.72000122,0.92515902,3,Panic,2.9450262998124733e-30,0.0,1.4007753720207594e-38,1.0,7.920997698849725e-100
2025-04-11,0.017685464,3.0,0.031935605,1.020981455,-0.126252365,0.006655399,37.56000137,0.92589578,3,Panic,7.738567685982123e-30,0.0,3.4259548597344443e-38,1.0,4.826235543200609e-109
2025-04-14,0.009654751,3.0,0.031652248,1.083911549,-0.117775696,0.007331139,30.88999939,0.922715839,3,Panic,3.2714865630910583e-25,0.0,1.1242410172452734e-35,1.0,2.2426954139801e-105
2025-04-15,-0.002804607,3.0,0.031576073,1.138958603,-0.120246521,0.007826468,30.12000084,0.923145995,3,Panic,3.3194180373781434e-27,0.0,3.022028306588051e-36,1.0,4.170597174846535e-108
2025-04-16,-0.02247896,2.575463237,0.031832311,1.153190603,-0.13980185,0.008207449,32.63999939,0.921489395,3,Panic,3.092519643891403e-32,0.0,1.2210731951699676e-39,1.0,3.792695916158784e-123
2025-04-17,0.0014257,3.0,0.03169446,1.207667086,-0.13857459,0.008471919,29.64999962,0.915490648,3,Panic,8.156130479598931e-30,0.0,3.488079381975098e-38,1.0,3.007902010973549e-132
2025-04-21,-0.024090511,2.718372039,0.032013292,1.255068653,-0.159078799,0.008645632,33.81999969,0.914482019,3,Panic,3.1164440016091085e-34,0.0,1.6962017090638312e-41,1.0,2.5561115876988136e-145
2025-04-22,0.025685117,3.0,0.032672517,1.106867735,-0.137199861,0.008754095,30.56999969,0.918840902,3,Panic,1.972450363791185e-33,0.0,4.107359450182006e-42,1.0,9.839319660688926e-152
2025-04-23,0.015376651,2.88578193,0.03260043,1.120763263,-0.123830358,0.008773414,28.45000076,0.921282042,3,Panic,3.2054963142039826e-33,0.0,2.5093663556237524e-40,1.0,4.743577981506433e-132
2025-04-24,0.020830445,2.377499668,0.033007649,1.017839151,-0.10538794,0.008710631,26.46999931,0.917038144,3,Panic,1.916710813368349e-35,0.0,9.151930547425463e-42,1.0,2.2437204960560595e-122
2025-04-25,0.007199334,1.968855022,0.032995414,0.936253969,-0.098924089,0.008549466,24.84000015,0.917246961,3,Panic,1.2856805293398107e-35,0.0,5.479887925797714e-41,1.0,9.065837592024042e-112
2025-04-28,0.000381312,1.591070462,0.03299687,0.922652847,-0.098580432,0.008273383,25.14999962,0.917892245,3,Panic,2.8309865597600467e-35,0.0,2.859174278192242e-41,1.0,3.0193572631798166e-108
2025-04-29,0.006279519,1.265760507,0.032742406,0.835848351,-0.092902141,0.007883071,24.17000008,0.920048462,3,Panic,7.528767271084169e-34,0.0,1.3740363020518277e-40,1.0,1.1111902942216993e-104
2025-04-30,0.000396863,0.98259329,0.032705784,0.866367313,-0.092542076,0.007308167,24.70000076,0.92820693,3,Panic,1.7027681040897198e-31,0.0,6.119992790485351e-40,1.0,1.9579371530206165e-99
2025-05-01,0.007061874,0.732220753,0.03273984,0.845262997,-0.086111042,0.006496147,24.60000038,0.868090747,3,Panic,1.0111250514636402e-29,0.0,4.1621992028869627e-41,1.0,6.530172417986187e-95
2025-05-02,0.014735041,0.516967125,0.03287512,0.801763866,-0.072545149,0.005378759,22.68000031,0.848123156,3,Panic,3.177270137041457e-27,0.0,3.197673963637609e-41,1.0,1.9908066785869415e-86
2025-05-05,-0.005750719,0.336958754,0.030807626,0.989426134,-0.077863375,0.004410472,23.63999939,0.841814501,3,Panic,1.1030272560067456e-21,0.0,1.3551369834992257e-37,1.0,3.3156561225965223e-71
2025-05-06,-0.008393452,0.271797895,0.027426101,1.731994339,-0.085570893,0.003824298,24.76000023,0.822487994,3,Panic,1.4068543190323315e-15,5.87957316084e-313,6.819252929886613e-33,1.0,7.430747688019952e-64
2025-05-07,0.004196488,0.50478605,0.027385414,1.708472209,-0.08172544,0.003067943,23.54999924,0.82486035,3,Panic,1.1482771321332172e-13,4.2287237e-317,7.5721247216014e-32,1.0,1.1456291929169254e-61
2025-05-08,0.00694382,0.315395801,0.026965455,1.689834618,-0.075326917,0.001903897,22.47999954,0.824755369,3,Panic,2.060397336187569e-13,2.9455611603474487e-291,7.952252383797178e-32,1.0,7.931868996148343e-58
2025-05-09,-0.001275143,0.146997353,0.016326257,-1.142521355,-0.076505257,0.003813086,21.89999962,0.629407505,3,Panic,3.5362178119284154e-12,3.453543089001636e-222,1.1142553758211136e-23,0.999999999996362,1.5560903087497244e-33
2025-05-12,0.032513213,0.003807768,0.013941882,-0.235177544,-0.045986025,0.005286112,18.38999939,0.613684819,3,Panic,6.67880231681591e-17,2.3435158285009557e-203,1.8881161846349002e-30,1.0,4.3134305323562346e-36
2025-05-13,0.006582151,-0.101310249,0.013645215,-0.172500367,-0.039685849,0.006343236,18.21999931,0.600437034,3,Panic,1.7243860508328554e-21,5.012663563432665e-177,1.944468281782125e-30,1.0,4.2638905994348426e-26
2025-05-14,0.001277267,-0.221224262,0.013609345,-0.087196676,-0.038458488,0.007147803,18.62000084,0.611745821,3,Panic,2.000812322283848e-27,2.4175201193451397e-195,5.274529190848837e-34,1.0,5.693426954960761e-30
2025-05-15,0.004872396,-0.33920876,0.013517412,-0.165309794,-0.033762045,0.007781682,17.82999992,0.609497583,3,Panic,1.0254579227436017e-32,1.0987730285204252e-227,4.457936622541344e-37,1.0,5.855401941441918e-34
2025-05-16,0.006314068,-0.441909042,0.012025729,-0.010401805,-0.027641852,0.008388793,17.23999977,0.513257798,3,Panic,5.327031704349517e-37,1.0064470108050294e-254,2.1803628474917655e-42,1.0,1.6061711225689258e-34
2025-05-19,0.001093326,-0.529203497,0.012032041,-0.006956294,-0.026578166,0.008854335,18.13999939,0.529193092,3,Panic,1.4238941052231817e-42,1.446023006954887e-281,3.0682421800303205e-45,1.0,2.3157880363883804e-37
2025-05-20,-0.003367922,-0.569739432,0.010160494,0.958120783,-0.029851061,0.009319731,18.09000015,0.482266635,3,Panic,2.229229133219238e-44,3.401582955e-315,5.653869011926014e-55,1.0,1.2317147610544541e-39
2025-05-21,-0.016994259,-0.608152843,0.010459706,0.578518304,-0.046198721,0.009594783,20.87000084,0.505010853,3,Panic,6.680241169780489e-51,0.0,3.474372186424572e-56,1.0,2.685450436225928e-47
2025-05-22,0.000394524,0.122827287,0.010208354,0.776081599,-0.045822349,0.009761576,20.28000069,0.487906745,3,Panic,9.598192650072384e-49,0.0,7.39290876558993e-57,1.0,3.004970209744834e-50
2025-05-23,-0.006849254,-0.034800596,0.009709709,0.98527723,-0.052335424,0.009809154,22.29000092,0.478618872,3,Panic,5.695254740482187e-52,0.0,1.0519024472314408e-60,1.0,1.8529036977957585e-51
2025-05-27,0.020577508,0.086148603,0.010428921,0.859359207,-0.032632829,0.009688106,18.95999908,0.510196905,3,Panic,1.9452088346184548e-48,0.0,2.7784337901687253e-58,1.0,7.794247021384234e-50
2025-05-28,-0.005802147,-0.045758079,0.010603659,0.870844193,-0.038229384,0.009429901,19.30999947,0.510141576,3,Panic,7.299807536412709e-45,0.0,3.8325391978386964e-53,1.0,1.5128072779747526e-44
2025-05-29,0.003939566,-0.029845107,0.010580692,0.907520324,-0.034432951,0.009055061,19.18000031,0.509477301,3,Panic,2.0851233869231902e-41,2.768290249422682e-306,1.5242493777723094e-51,1.0,1.5901274840664051e-40
2025-05-30,-0.001119132,-0.169962652,0.010604304,0.92018767,-0.035512944,0.008530486,18.56999969,0.509454143,3,Panic,4.531912439646061e-36,3.6739437988385095e-270,1.0676893227178779e-47,1.0,1.3021012964122253e-35
2025-06-02,0.005617116,-0.243310544,0.010580629,0.944119851,-0.030080064,0.007821347,18.36000061,0.661988199,3,Panic,2.720217075097516e-32,1.0122373260156598e-225,8.450085668259184e-44,1.0,4.286497693308716e-31
2025-06-03,0.005686359,-0.356666367,0.010250824,1.088427234,-0.02454904,0.006866006,17.69000053,0.82138558,3,Panic,5.505115763181665e-26,4.6781589454334016e-170,3.4323347634792853e-38,1.0,2.815568001618025e-23
2025-06-04,-0.000268445,-0.46032359,0.01010152,1.083935863,-0.02481086,0.005870189,17.61000061,0.842970831,3,Panic,1.2075451648147359e-19,1.751901086422844e-120,3.947671408479204e-33,1.0,7.303576268222719e-17
2025-06-05,-0.004844471,-0.556248384,0.009935608,1.135362586,-0.02952371,0.005025684,18.47999954,0.829570964,3,Panic,1.0110677639825742e-15,7.05186229986622e-84,1.623264731440124e-27,1.0,4.02036066347836e-13
2025-06-06,0.010216558,-0.377600834,0.010062956,1.025316617,-0.019557962,0.003825361,16.77000046,0.834122491,3,Panic,1.1016994179270587e-07,5.478340637440069e-48,1.8403261034818795e-17,0.9998748108670658,0.00012507896356352702
2025-06-09,0.000900823,-0.471646427,0.010034487,1.118859887,-0.018674359,0.001802273,17.15999985,0.827614661,4,Bull Recovery,0.0004083940368585566,1.8855927391631831e-13,2.5432457675355335e-09,0.13258717831564437,0.8670044251039873
2025-06-10,0.005653706,-0.566160998,0.010006575,1.031539632,-0.013110519,0.001421026,16.95000076,0.814680758,4,Bull Recovery,7.017423800322128e-05,4.483746270681302e-07,1.0916864566793979e-05,0.006284584863914414,0.993633875659069
2025-06-11,-0.00285605,-0.648664682,0.007475804,0.051072922,-0.015925103,0.001467726,17.26000023,0.695121282,4,Bull Recovery,7.538716975522986e-08,1.3172617534230338e-07,7.194864241141861e-07,3.975487576004565e-06,0.9999950979119703
2025-06-12,0.003966399,-0.613712532,0.00740798,0.089360408,-0.012014119,0.001486395,18.02000046,0.71093744,4,Bull Recovery,5.752684007291811e-12,9.420170493368494e-09,2.0301251619148166e-07,4.74645067578004e-08,0.9999997400973708
2025-06-13,-0.01124313,-0.694599834,0.007901738,0.098513576,-0.023059961,0.00140244,20.81999969,0.730419775,4,Bull Recovery,6.168006068385782e-15,9.890885636105114e-12,1.5977673589648086e-06,3.1445078018389073e-07,0.9999980877728469
2025-06-16,0.009469368,-0.340273551,0.008083056,0.066161738,-0.013765017,0.001251985,19.11000061,0.744955481,4,Bull Recovery,3.8521295016151117e-13,8.859925637095873e-11,1.0508557014949026e-06,1.4100175682049019e-07,0.999998808053334
2025-06-17,-0.008581787,-0.444436363,0.008243149,0.233823927,-0.022192463,0.001207608,21.60000038,0.754760801,4,Bull Recovery,6.084839385102772e-15,7.512411596470583e-12,1.0589804199749717e-06,1.3933275710519372e-07,0.9999988016796028
2025-06-18,-0.000150828,-0.261929679,0.008241377,0.256015632,-0.022339932,0.001131248,20.13999939,0.777027712,4,Bull Recovery,2.730849777973675e-13,6.769164397878479e-12,1.7740189326411933e-06,1.1769979467334677e-07,0.9999981082746375
2025-06-20,-0.002351236,-0.349298908,0.008222291,0.242369521,-0.024635942,0.001159823,20.62000084,0.693348971,4,Bull Recovery,3.8892892059975147e-13,7.283299825874028e-13,1.7591405222743367e-06,8.015121465968192e-08,0.9999981607069093
2025-06-23,0.009829022,-0.347339037,0.007456438,0.535740153,-0.015001797,0.001217115,19.82999992,0.63472312,4,Bull Recovery,1.3365307401314796e-13,1.1955076132432598e-11,1.1564831792909428e-07,2.998347187369621e-08,0.9999998543553481
2025-06-24,0.010986612,-0.451122048,0.007728874,0.374080895,-0.004120339,0.001248526,17.47999954,0.612915622,4,Bull Recovery,1.472504535919717e-13,2.2004858579219155e-06,1.5593877231143747e-07,8.364502598325723e-09,0.9999976352110701
2025-06-25,0.000560227,-0.545931396,0.007467635,0.355306244,-0.003562263,0.00129955,16.76000023,0.547203288,4,Bull Recovery,6.636937559526999e-13,0.00012018426337976857,1.7221797509884086e-07,1.091216778874826e-09,0.9998796424264327
2025-06-26,0.007793362,-0.63955255,0.006347971,-0.299237404,0.0,0.001394901,16.59000015,0.374403255,4,Bull Recovery,2.978282629294621e-15,8.621166860491438e-07,3.4251620321244673e-09,1.4600998201116234e-13,0.9999991344579138
2025-06-27,0.004956021,-0.721117167,0.006135956,-0.484814434,0.0,0.001464379,16.31999969,0.356056861,4,Bull Recovery,3.3288625540254e-17,5.233709804566437e-07,3.755405188346472e-09,6.595804326303616e-14,0.9999994728733806
2025-06-30,0.004769886,-0.792591574,0.006149754,-0.498959886,0.0,0.001499861,16.72999954,0.350391459,4,Bull Recovery,7.642601531409193e-18,9.466179789248371e-08,1.6202289464509714e-09,4.367669633721617e-14,0.9999999037172576
2025-07-01,-0.000323767,-0.862646358,0.006129848,-0.517851297,-0.000323714,0.001503359,16.82999992,0.303555459,4,Bull Recovery,8.292988845527172e-19,6.899470051265428e-08,5.633693749770051e-10,1.6613920148586383e-15,0.9999999304418477
2025-07-02,0.004523121,-0.930017969,0.00610548,-0.503303663,0.0,0.001478509,16.63999939,0.279328594,4,Bull Recovery,9.845412281486505e-20,2.6195390215120635e-07,7.517906267542464e-11,1.902890732541682e-16,0.9999997379709727
2025-07-03,0.007850405,-0.985819111,0.006182934,-0.507452307,0.0,0.001444719,16.37999916,0.298919165,4,Bull Recovery,5.0692914144906615e-20,7.519765083421926e-07,1.5676003328732547e-10,1.7715493188833621e-15,0.9999992478663544
2025-07-07,-0.007479877,-1.032672599,0.00653032,-0.443907118,-0.007451972,0.001378469,17.79000092,0.342000664,4,Bull Recovery,8.730915327888284e-20,8.248689630480834e-07,1.31456712105278e-09,2.6188836879541815e-14,0.9999991738171732
2025-07-08,-0.000547885,-0.848545803,0.006367866,-0.515325153,-0.007995626,0.001308149,16.80999947,0.366548545,4,Bull Recovery,1.2650628696974578e-17,1.2743914316604199e-05,3.5589202049110416e-09,7.042386988372363e-14,0.9999872525271121
2025-07-09,0.005978748,-0.809537415,0.006167883,-0.564492846,-0.002046916,0.001204132,15.93999958,0.358192237,4,Bull Recovery,8.89126681727187e-17,5.817402700948512e-05,5.4159169306146976e-09,6.654026283100226e-14,0.9999418205578984
2025-07-10,0.002816289,-0.874882025,0.006163718,-0.610686104,0.0,0.001060656,15.77999973,0.355396369,4,Bull Recovery,1.5315446347296057e-16,0.00021707530134153523,1.118580928953691e-08,6.325659159482723e-14,0.9997829135134825
2025-07-11,-0.003521602,-0.941004393,0.006229447,-0.423645488,-0.003515408,0.000855563,16.39999962,0.371435611,4,Bull Recovery,5.301427258053702e-16,0.0003286609778673897,1.4310879385542462e-08,1.1773794374393934e-13,0.9996713247107734
2025-07-14,0.001906465,-0.882341558,0.006139983,-0.534607899,-0.001613834,0.000867031,17.20000076,0.371024672,4,Bull Recovery,5.549381161472669e-17,1.7652499239181208e-05,8.290012724396373e-09,1.0507396627436986e-13,0.9999823392113038
2025-07-15,-0.004282467,-0.949952,0.00626788,-0.361971812,-0.005880248,0.000870896,17.37999916,0.359682043,4,Bull Recovery,4.588055899610479e-17,4.758757844183085e-05,4.199327041808774e-09,3.414400895089765e-14,0.9999524082224743
2025-07-16,0.003337697,-0.847494209,0.005543326,-0.276124142,-0.002556634,0.000883133,17.15999985,0.267689787,4,Bull Recovery,1.4950343485782019e-18,8.839921261361622e-06,7.455253983113334e-11,1.7113717834295557e-17,0.9999911600034113
2025-07-17,0.00610089,-0.914617661,0.005370434,-0.316879903,0.0,0.000877905,16.52000046,0.238027757,4,Bull Recovery,2.766159391090034e-20,1.5278418597905547e-05,3.046671893332351e-11,2.4458712005633147e-18,0.9999847215516013
2025-07-18,-0.000732603,-0.972584913,0.00483616,-0.129762503,-0.000732335,0.000879348,16.40999985,0.163751424,4,Bull Recovery,1.607496311955089e-21,8.596125750802551e-06,1.2158187744570923e-12,1.4334869673443526e-21,0.9999914038731945
2025-07-21,0.001894348,-1.030313354,0.004801059,-0.18668584,0.0,0.000852097,16.64999962,0.166518448,4,Bull Recovery,2.4316301117565713e-23,3.8420679680496944e-06,8.319679354508343e-13,2.007961835352881e-21,0.9999961579306866
2025-07-22,0.000143185,-1.079975958,0.004702955,-0.224487245,0.0,0.000800066,16.5,0.211344208,4,Bull Recovery,1.68321648826918e-22,4.5593282912882215e-06,1.0025840030892604e-11,2.5696337535756905e-19,0.9999954406625221
2025-07-23,0.008471492,-1.122326814,0.004608344,-0.284693985,0.0,0.000806159,15.36999989,0.16810881,4,Bull Recovery,6.0406405322825385e-21,0.00015694442483016807,1.7262963323585308e-12,1.1010843591247041e-20,0.9998430555740527
2025-07-24,0.000330878,-1.151721155,0.004211608,-0.40947031,0.0,0.000794061,15.39000034,0.192111278,4,Bull Recovery,1.8165050530891503e-21,8.002593556329899e-05,1.277182954235129e-11,1.0587440402169812e-19,0.9999199740513248
2025-07-25,0.004215538,-1.185634841,0.004219398,-0.525237396,0.0,0.00077556,14.93000031,0.193611182,4,Bull Recovery,3.6618713555757885e-20,0.0003534046257847423,2.0952387152435377e-11,2.821879005982048e-19,0.9996465953534861
2025-07-28,-0.000251197,-1.213356317,0.004057338,-0.439735054,-0.000251166,0.000835228,15.02999973,0.215888019,4,Bull Recovery,1.0672636364307715e-19,0.00010340042547864267,3.50544882107521e-11,1.6297364574018865e-18,0.9998965995402657
2025-07-29,-0.002640952,-1.220633565,0.004110702,-0.241986703,-0.002887972,0.00088195,15.97999954,0.254424888,4,Bull Recovery,1.43418987655944e-19,1.1254407631366053e-05,3.711247811864974e-11,2.57084236250495e-17,0.9999887455557055
2025-07-30,-0.00126026,-1.151955158,0.004085099,-0.071874295,-0.004143801,0.000916919,15.47999954,0.240818648,4,Bull Recovery,3.082503079296572e-19,6.213401990153852e-05,8.761930525794437e-12,3.43054179917062e-18,0.9999378659708744
2025-07-31,-0.003758315,-1.082451272,0.004218391,-0.029724639,-0.007879518,0.000932762,16.71999931,0.136598419,4,Bull Recovery,1.3751652196876732e-22,9.150013908088647e-06,5.942784254813661e-14,4.5173225974900465e-23,0.9999908499867409
2025-08-01,-0.016526129,-1.012568785,0.005629158,-1.043414841,-0.024140692,0.000917399,20.37999916,0.405909591,4,Bull Recovery,1.824549089222951e-22,2.045413356517881e-11,3.690619413436407e-06,4.0558333144613764e-10,0.999996308955351
2025-08-04,0.015085405,-0.214911354,0.006307882,-0.317448322,-0.00930786,0.00092407,17.52000046,0.424700752,4,Bull Recovery,2.677033838656389e-12,6.610394838543578e-08,2.4169335745818965e-07,1.0750674159050407e-11,0.9999996921888415
2025-08-05,-0.005082822,-0.319812113,0.00617771,-0.323361634,-0.014330596,0.000902894,17.85000038,0.406113261,4,Bull Recovery,6.541178688980419e-14,0.004805598960780467,9.648113860543207e-07,6.814873939561853e-13,0.9951934362262919
2025-08-06,0.007630474,-0.285737632,0.00635974,-0.414085041,-0.006780704,0.000902391,16.77000046,0.304904984,4,Bull Recovery,1.2514291960422344e-15,0.14160062403370954,1.5621506809416334e-07,9.399907638830503e-17,0.858399219751017
2025-08-07,-0.000837987,-0.389166471,0.006263227,-0.301825791,-0.00761266,0.000907476,16.56999969,0.240854381,1,Stable Bull,2.4886215679862683e-18,0.8161949880425926,4.5377493215837314e-09,7.68645004572744e-20,0.18380500742033462
2025-08-08,0.007767311,-0.451546363,0.00644067,-0.322179639,0.0,0.000923256,15.14999962,0.264211059,1,Stable Bull,1.1682746366407565e-18,0.9654324460286338,1.4782160328615283e-09,6.48711219719871e-19,0.034567552493942735
2025-08-11,-0.001979362,-0.535066945,0.006396895,-0.35217074,-0.001977404,0.00093267,16.25,0.2711846,1,Stable Bull,2.7114234206803374e-19,0.9829764027543635,4.512270337229185e-09,3.900246482397479e-19,0.017023592734234937
2025-08-12,0.010589711,-0.50440488,0.006734872,-0.339738889,0.0,0.000968638,14.72999954,0.293536724,1,Stable Bull,2.7639262416136384e-19,0.9969855593625264,6.11923008407268e-10,7.017203346535883e-20,0.003014440025413855
2025-08-13,0.003417382,-0.578210825,0.006621916,-0.494824825,0.0,0.000989152,14.48999977,0.276062046,1,Stable Bull,1.76907504406249e-20,0.9998189751346885,1.2536003662544875e-10,3.470891682502982e-21,0.00018102473985447505
2025-08-14,9.29e-05,-0.65675841,0.006619898,-0.425020633,0.0,0.001028481,14.82999992,0.275940394,1,Stable Bull,8.944840947788239e-21,0.9998932221337729,2.1939095986301226e-10,7.404833024320057e-22,0.00010677764677998834
2025-08-15,-0.002343943,-0.727624669,0.006586401,-0.271075494,-0.002341198,0.001062175,15.09000015,0.289258069,1,Stable Bull,1.8069960527795562e-20,0.9998843220938013,1.310312962564427e-10,7.782435524456674e-22,0.00011567777483524106
2025-08-18,-0.000217736,-0.61810937,0.006579984,-0.28258062,-0.002558401,0.001081574,14.98999977,0.294403848,1,Stable Bull,4.371522686823989e-20,0.9998954325925639,1.2644937376798538e-10,2.7781366969917545e-21,0.00010456728171047272
2025-08-19,-0.00543987,-0.693473973,0.00673293,-0.1528657,-0.007969622,0.001100159,15.56999969,0.311596095,1,Stable Bull,3.3628177194185446e-19,0.9996047632368068,1.689017716180057e-10,3.4964335741594303e-20,0.0003952365944675824
2025-08-20,-0.002660714,-0.493424896,0.006774878,-0.096399644,-0.010605623,0.001108273,15.68999958,0.334673119,1,Stable Bull,5.9133774788356e-18,0.9981595401892731,7.248539266880857e-10,8.902159143607669e-19,0.0018404590851436387
2025-08-21,-0.004019685,-0.500617701,0.00660421,0.071308627,-0.014574694,0.00109532,16.60000038,0.35134235,1,Stable Bull,1.8071790493526998e-17,0.9937069310039848,5.851792185784005e-09,4.333580375692777e-18,0.006293063144961664
2025-08-22,0.015240013,-0.409223057,0.007385386,0.195867157,0.0,0.001084565,14.22000027,0.354466064,1,Stable Bull,6.415570112611702e-18,0.9971283627540427,5.5029115652763216e-09,1.532242665964782e-18,0.0028716317437359157
2025-08-25,-0.004410733,-0.489813736,0.00742631,0.340122851,-0.00440102,0.001054363,14.78999996,0.360627372,1,Stable Bull,3.442474816538421e-19,0.9999804187616909,2.923024793584798e-10,6.888109193322335e-20,1.958094688304721e-05
2025-08-26,0.004178228,-0.462609838,0.007469675,0.254070352,-0.000232478,0.000984334,14.61999989,0.35623688,1,Stable Bull,9.625164270955246e-21,0.9999950946596332,1.0767538386133325e-10,2.234594876362499e-22,4.905232748202501e-06
2025-08-27,0.002275956,-0.551816309,0.007439659,0.165230016,0.0,0.000883226,14.85000038,0.358160156,1,Stable Bull,2.7313513946376197e-21,0.999992544219422,1.6460680575446e-10,7.514891368207148e-23,7.455616038661879e-06
2025-08-28,0.003535164,-0.632448834,0.00744541,0.074108331,0.0,0.000729815,14.43000031,0.364478,1,Stable Bull,1.498557019172326e-20,0.9999932065705904,1.3676384635829332e-10,4.510266790593005e-22,6.793293097368682e-06
2025-08-29,-0.005981684,-0.703448385,0.007532843,0.086198891,-0.005963829,0.000521972,15.35999966,0.510872498,1,Stable Bull,1.4532017505736e-18,0.9999705519974207,3.4242814700806954e-08,1.685990113587717e-17,2.9413759987876977e-05
2025-09-02,-0.007437749,-0.518881462,0.006691664,0.73767193,-0.013329793,0.00045633,17.17000008,0.427359188,1,Stable Bull,7.811927321893944e-17,0.9999503782453019,3.61506401109914e-09,2.3627020931043584e-18,4.9618138788232824e-05
2025-09-03,0.005404913,-0.345508917,0.005999392,0.667409557,-0.007982489,0.000477121,16.35000038,0.439162321,1,Stable Bull,7.4208378235427e-18,0.9998773615217137,4.753006022461632e-09,2.5515411724564303e-18,0.00012263372576120838
2025-09-04,0.008322687,-0.445290329,0.006039669,0.472359186,0.0,0.000486624,15.30000019,0.408896419,1,Stable Bull,1.6648170146065776e-18,0.9999512749702566,2.304791458207179e-09,2.270798340367849e-19,4.8722725321993844e-05
2025-09-05,-0.002900587,-0.527072442,0.00594846,0.678381616,-0.002896384,0.00051155,15.18000031,0.443408363,1,Stable Bull,5.120637995907706e-18,0.9999919429753281,3.1228540086556306e-09,1.8753431321098526e-18,8.053902083308069e-06
2025-09-08,0.002453756,-0.466787521,0.005938868,0.60287191,-0.000446731,0.000531468,15.10999966,0.468360813,1,Stable Bull,1.0634888732154788e-17,0.999980019372269,8.094390342571505e-09,1.2971086219577672e-18,1.9972533772058923e-05
2025-09-09,0.002309121,-0.552540835,0.005755178,0.726726602,0.0,0.000570025,15.03999996,0.429662409,1,Stable Bull,1.9028952451499672e-17,0.999984135420497,1.286853496999421e-09,5.606378916211001e-19,1.586329330609753e-05
2025-09-10,0.002886635,-0.630508243,0.005728272,0.621518111,0.0,0.000605443,15.35000038,0.360065464,1,Stable Bull,7.046659480761373e-19,0.9999673597264661,1.6395066154245833e-10,6.567919904586283e-21,3.2640110471186987e-05
2025-09-11,0.00827595,-0.697887303,0.005558462,0.600049931,0.0,0.00065173,14.71000004,0.323857776,1,Stable Bull,5.220941762535593e-19,0.9999397701561912,7.973905697400306e-12,6.366090215834218e-21,6.022983658033656e-05
2025-09-12,-0.00033478,-0.752462513,0.00554033,0.700479068,-0.000334724,0.000692479,14.76000023,0.378173825,1,Stable Bull,8.41319974458312e-18,0.9983957036314964,3.892337200831346e-10,1.8897204990639852e-17,0.001604295979563869
2025-09-15,0.005309934,-0.806419447,0.005618017,0.560469663,0.0,0.000722153,15.68999958,0.405506691,1,Stable Bull,3.4518016090379566e-16,0.9431417930477136,3.499656593896435e-09,9.676494132862827e-16,0.05685820345238056
2025-09-16,-0.001377927,-0.85464901,0.005591751,0.550952216,-0.001376978,0.000749283,16.36000061,0.387361121,1,Stable Bull,1.2555086437950028e-15,0.8263793316153669,8.39083851269265e-09,1.4464212162472746e-14,0.17362065999372678
2025-09-17,-0.001243136,-0.857332241,0.005609291,0.569119391,-0.002617631,0.000771557,15.72000027,0.379450765,1,Stable Bull,6.6959466322991005e-15,0.7872745556022154,1.994959750714296e-09,2.1863137329697036e-14,0.21272544240192845
2025-09-18,0.00466171,-0.845199778,0.005445654,0.454562281,0.0,0.000796235,15.69999981,0.354751872,1,Stable Bull,4.982637781506811e-16,0.5516787535054821,2.6027757768939114e-09,3.5432273870157525e-15,0.4483212438909032
2025-09-19,0.00494055,-0.890868682,0.005397754,0.297948502,0.0,0.000816735,15.44999981,0.37422844,4,Bull Recovery,1.196242099832413e-15,0.28642183532304527,5.804909797069318e-09,2.941553750140423e-14,0.7135781588722809
2025-09-22,0.004719801,-0.93009131,0.005244831,0.165054531,0.0,0.000844294,16.10000038,0.315728414,4,Bull Recovery,1.2188690958804186e-16,0.027343602531998783,7.626216786760865e-10,6.082123149151764e-16,0.9726563967056012
2025-09-23,-0.005458248,-0.967461243,0.004623277,-0.439091495,-0.005443379,0.000869883,16.63999939,0.355271231,4,Bull Recovery,2.98713338366574e-17,0.00013684795582873859,1.0935368210194849e-08,7.224237431820443e-14,0.9998631411090735
2025-09-24,-0.00318683,-0.83187425,0.004553085,-0.444227507,-0.008607816,0.000876343,16.18000031,0.340999545,4,Bull Recovery,1.0263300218390376e-15,3.211624099162218e-05,3.990603491174117e-09,1.3658821186208903e-14,0.9999678797677919
2025-09-25,-0.004624049,-0.712056656,0.004696437,-0.252439452,-0.01318148,0.000845985,16.73999977,0.324695092,4,Bull Recovery,2.487268993610615e-16,9.73829711224458e-06,1.526803728400814e-09,1.7119626677517098e-15,0.9999902601759026
2025-09-26,0.005712686,-0.611578287,0.004799175,-0.295978446,-0.007527963,0.000788842,15.28999996,0.309965857,4,Bull Recovery,4.013391976825519e-16,0.00011943001280165617,1.5163087890718718e-09,6.42133719123454e-16,0.9998805684702174
2025-09-29,0.002806505,-0.678013813,0.004784344,-0.280312381,-0.004738673,0.00070409,16.12000084,0.297594839,4,Bull Recovery,5.445476313045674e-17,9.803119914666457e-05,1.155464793558769e-09,2.5135167464187813e-16,0.9999019676449161
2025-09-30,0.003759758,-0.740697595,0.004517748,-0.434385038,-0.000989688,0.00058193,16.28000069,0.28396785,4,Bull Recovery,1.907437506843818e-17,9.24853696247277e-06,2.2737040191637595e-09,2.5709684517459336e-16,0.9999907491901895
2025-10-01,0.00340178,-0.796515956,0.004016997,-0.414572613,0.0,0.00058524,16.29000092,0.262475421,4,Bull Recovery,2.1682086370320312e-17,8.433428483689224e-07,1.0632891026853938e-09,6.843801395768095e-17,0.9999991555945525
2025-10-02,0.00115107,-0.849059075,0.003953143,-0.305976477,0.0,0.000632316,16.62999916,0.248218607,4,Bull Recovery,3.055889694042403e-18,1.1492495425239141e-07,3.465420982064774e-10,1.6638780038712022e-17,0.9999998847288292
2025-10-03,-1.48e-05,-0.897795322,0.003694531,-0.310422508,-1.48e-05,0.000683076,16.64999962,0.245641259,4,Bull Recovery,8.6082203918466e-19,2.283095717351137e-08,2.6701107830927767e-10,1.809810146851067e-17,0.9999999769024728
2025-10-06,0.003579857,-0.891268324,0.003569822,-0.500048018,0.0,0.000730236,16.37000084,0.187047398,4,Bull Recovery,9.79862090872582e-20,1.1056684667843281e-07,3.375350408333863e-11,9.98846625294683e-20,0.9999998893999934
2025-10-07,-0.003714404,-0.93178353,0.003769453,-0.353415929,-0.003707514,0.000741571,17.23999977,0.219749198,4,Bull Recovery,1.026505268261024e-20,2.3797119097477772e-08,7.115881812059272e-11,1.2762823458357224e-18,0.9999999761312214
2025-10-08,0.005945347,-0.810753983,0.003885476,-0.388339538,0.0,0.000743404,16.29999924,0.216286737,4,Bull Recovery,9.047331235819227e-20,3.9368417098108126e-07,6.719552980133848e-11,9.513725921842307e-19,0.9999996062488983
2025-10-09,-0.002901179,-0.856868563,0.004005818,-0.224940381,-0.002896975,0.000729644,16.43000031,0.298422562,4,Bull Recovery,7.218674015121453e-24,1.2963094753273686e-05,3.976276561598696e-06,8.685795724499897e-21,0.9999830606282103
2025-10-10,-0.027399833,-0.80164057,0.007243285,-2.597935529,-0.029846538,0.000900434,21.65999985,0.527631511,2,Correction,4.3308067683122675e-26,7.82685833098252e-15,0.9999962949182617,3.994094543578212e-10,3.704682889260711e-06
2025-10-13,0.015227588,0.633460968,0.007987056,-1.85427322,-0.014960389,0.001131275,19.03000069,0.523573633,2,Correction,1.6275923823113672e-14,1.4444893335896701e-12,0.9999999008268836,3.5036750238072296e-13,9.917182115790431e-08
2025-10-14,-0.001222393,0.444464925,0.007918825,-1.79357343,-0.016163759,0.001302265,20.80999947,0.512894558,2,Correction,4.7716917999587e-15,3.429646719822841e-10,0.9999997530358392,8.042384324270045e-13,2.466197101484738e-07
2025-10-15,0.004429704,0.263604016,0.007961276,-1.863908339,-0.011795988,0.001449139,20.63999939,0.526880762,2,Correction,9.346325134942799e-15,9.495201077566684e-11,0.9999978717846625,7.05978010411802e-11,2.128050052338803e-06
2025-10-16,-0.006833429,0.103999104,0.008114582,-1.696722396,-0.01852579,0.001587321,25.30999947,0.534574788,2,Correction,3.367620432954308e-20,4.542644651190572e-21,0.9999640405739187,5.791791998401943e-10,3.5958847240794466e-05
2025-10-17,0.005660156,0.197060379,0.008144671,-1.689022307,-0.012954741,0.001708845,20.78000069,0.552264236,2,Correction,2.560859948716072e-15,2.3884347383247674e-12,0.9999909761670702,7.793595253801509e-11,9.023753465276812e-06
2025-10-20,0.010346787,0.048335697,0.008381199,-1.564604639,-0.002688977,0.001830492,18.22999954,0.544308162,2,Correction,6.549154229831376e-15,3.2662563548179486e-09,0.9999902606433784,4.863527735755623e-12,9.73608579262734e-06
2025-10-21,-1.49e-05,-0.081676991,0.008326705,-1.518751415,-0.00270388,0.001928468,17.87000084,0.625031384,2,Correction,1.872750180866921e-14,3.90365451994899e-10,0.9999988043244102,3.3932718756280214e-11,1.1952520375268515e-06
2025-10-22,-0.005212477,-0.205190626,0.008318351,-1.525559956,-0.007888738,0.001996134,18.60000038,0.590982737,2,Correction,1.1826696521645835e-15,3.4668810903074954e-10,0.9999950759132205,5.630428802212745e-12,4.923734996936416e-06
2025-10-23,0.00591245,-0.012693377,0.008362956,-1.641645376,-0.002005556,0.002045829,17.29999924,0.589224047,2,Correction,8.550746449625195e-16,7.220205037310637e-10,0.9999992353462598,1.4281895973076971e-12,7.639309694522353e-07
2025-10-24,0.00813934,-0.138571936,0.008415599,-1.785499984,0.0,0.00208597,16.37000084,0.642533933,2,Correction,7.811786038477591e-16,6.037845963921392e-10,0.999999642428584,1.3039330027082055e-11,3.5695470179156344e-07
2025-10-27,0.011728615,-0.253490548,0.008669402,-1.653881115,0.0,0.002126717,15.78999996,0.691108948,2,Correction,2.1777476604076427e-15,4.587815100319217e-10,0.9999984903181511,5.006423958666111e-11,1.5091738940746107e-06
2025-10-28,0.002652495,-0.347170962,0.008668445,-1.651870033,0.0,0.002149515,16.42000008,0.661393879,2,Correction,3.661496126089613e-15,4.0459328515217647e-10,0.9999982874029342,8.902594548391764e-11,1.7121042748881006e-06
2025-10-29,0.000480255,-0.444897404,0.008658046,-1.603244204,0.0,0.002141936,16.92000008,0.663292968,2,Correction,6.343426503166939e-14,1.1245004672634126e-10,0.9999931580839395,3.5872336638760877e-09,6.838217031320761e-06
2025-10-30,-0.011059114,-0.535273099,0.009064144,-1.299774911,-0.010998187,0.00210094,16.90999985,0.612001917,2,Correction,1.458225558090592e-10,7.726371389357273e-09,0.9998173804783875,7.266232068916921e-08,0.0001825389863324363
2025-10-31,0.003274854,-0.19403874,0.009080045,-1.32616868,-0.007754042,0.002025037,17.44000053,0.603937035,2,Correction,9.884247977097497e-10,2.1418984121397055e-07,0.9951333455111654,3.078376139313974e-07,0.004866131472604283
2025-11-03,0.001874981,-0.309339882,0.009079838,-1.356611857,-0.005891854,0.001888739,17.17000008,0.602543476,2,Correction,3.506624693053512e-09,1.2112901939623169e-05,0.9695477087664113,9.82860186247018e-07,0.03043919196465346
2025-11-04,-0.011924361,-0.412057752,0.009480639,-1.082516739,-0.017675562,0.001704249,19.0,0.629694785,2,Correction,3.076611948585122e-08,1.546755468449419e-06,0.8798725585151641,6.881180567430398e-06,0.12011898278179654
2025-11-05,0.003459485,-0.038698934,0.00945962,-1.195034774,-0.01427134,0.001469689,18.01000023,0.610405459,2,Correction,3.0455394568378304e-07,2.2968093095103604e-05,0.6569347650080904,2.6647081247646597e-06,0.3430392976358807
2025-11-06,-0.010787429,-0.167321851,0.009688652,-0.950622155,-0.02484767,0.001158462,19.5,0.611834887,4,Bull Recovery,1.034043284736697e-06,1.0082996133265668e-07,0.3616672961343043,3.903382608931367e-06,0.638327665609833
2025-11-07,0.000984081,0.064440194,0.009671542,-1.013277882,-0.023887569,0.000646521,19.07999992,0.61255592,4,Bull Recovery,1.6749028206573474e-06,5.597573421992503e-11,0.08579563484861698,1.0390374900867717e-06,0.9142016511553326
2025-11-10,0.015483874,-0.038976176,0.007979219,-0.162306129,-0.008655949,0.000586176,17.60000038,0.481996525,4,Bull Recovery,3.5488394894815056e-07,3.828481203609332e-06,0.0005938831655910924,1.0695663704939056e-09,0.9994019324001471
2025-11-11,0.002286561,-0.152033801,0.0073866,-0.239817865,-0.006386587,0.000632417,17.28000069,0.482991459,4,Bull Recovery,3.6823499275613124e-09,0.002622981221635763,9.437024269797113e-06,1.106006002856521e-10,0.9973675779619585
2025-11-12,0.000556236,-0.268393344,0.007365044,-0.275017578,-0.00583375,0.000672966,17.51000023,0.4696149,4,Bull Recovery,1.55966254095519e-11,0.0018471517775109103,1.637941062788264e-06,4.24936256938653e-11,0.9981512102236562
2025-11-13,-0.016733219,-0.339367802,0.008328544,-0.355875982,-0.022330941,0.000660617,20.0,0.483237639,4,Bull Recovery,1.537202344592877e-12,1.2294494811889932e-06,1.3786807946826938e-05,8.221033087050447e-10,0.9999849829182296
2025-11-14,-0.000163563,0.16846238,0.008160816,-0.460988167,-0.022490839,0.000658986,19.82999992,0.452994186,4,Bull Recovery,6.2424836097073804e-12,2.140983956777602e-09,3.77576198978649e-06,1.2797714285042192e-11,0.9999962220771036
2025-11-17,-0.009360292,0.11066455,0.008369745,-0.265773831,-0.031597921,0.000652939,22.37999916,0.464246225,4,Bull Recovery,9.242759998280493e-14,8.316052120765658e-15,6.103943549297208e-06,6.287247822768762e-11,0.9999938959940513
2025-11-18,-0.008432919,0.25162363,0.008221189,-0.101234615,-0.03973004,0.000656727,24.69000053,0.432312657,4,Bull Recovery,3.1785995158515924e-15,8.015871140000474e-25,1.2427987932804425e-05,3.617952005494917e-11,0.999987571975829
2025-11-19,0.003855734,0.424134179,0.00828289,-0.15833798,-0.036020348,0.000657732,23.65999985,0.415853626,4,Bull Recovery,5.2006087262369105e-14,1.6431663959063598e-26,0.00015823392493491298,1.3706469486697242e-11,0.9998417660610602
2025-11-20,-0.015359584,0.243808172,0.00884144,-0.192284768,-0.050713545,0.000656225,26.42000008,0.481642897,4,Bull Recovery,4.240368404815305e-14,1.4915875138411135e-36,0.005883563348730429,4.882411668540253e-08,0.9941163878278585
2025-11-21,0.009911853,0.570691973,0.009040901,-0.175909543,-0.041257571,0.000659089,23.43000031,0.447123146,4,Bull Recovery,7.966195251571296e-09,1.3136077843581702e-38,0.005764912751654295,5.519610181123543e-09,0.9942350737632902
2025-11-24,0.014611339,0.376705029,0.009465195,-0.072247458,-0.027146218,0.000678929,20.52000046,0.453699937,4,Bull Recovery,4.774038361880868e-08,4.946106970318116e-22,0.0005107039181613131,4.632384926661306e-10,0.9994892478775026
2025-11-25,0.009361877,0.217257474,0.009324061,-0.094401469,-0.017995715,0.000691761,18.55999947,0.385367833,4,Bull Recovery,2.821751309174452e-10,2.616708069230219e-06,1.4003046576073328e-05,1.7904486325844578e-13,0.9999833799628125
2025-11-26,0.006879862,0.064682342,0.009445258,-0.132021462,-0.011216367,0.000708115,17.19000053,0.400873266,4,Bull Recovery,6.172077927784108e-14,0.3615693866544692,1.3287872480804748e-05,1.7461628947773318e-14,0.6384173254725121
2025-11-28,0.005443591,-0.073709142,0.009533079,-0.192188854,-0.005819157,0.000726058,16.35000038,0.410101327,1,Stable Bull,2.102709139297774e-15,0.9846807907526188,6.187157570602511e-07,2.0784910245338934e-15,0.01531859053096696
2025-12-01,-0.004575924,-0.199138164,0.009267764,-0.236067308,-0.01035806,0.000730793,17.23999977,0.399948183,1,Stable Bull,5.254185240699175e-17,0.9995945494128065,2.20803414579907e-08,4.1165299515788765e-17,0.0004054285073354178
2025-12-02,0.001850564,-0.123107022,0.009248027,-0.21685786,-0.008524969,0.000734554,16.59000015,0.416372465,1,Stable Bull,3.17026418405136e-18,0.9999677059525818,1.230812284054519e-08,1.3342692292097938e-18,3.22817388138602e-05
2025-12-03,0.003456768,-0.248607484,0.009270792,-0.237948336,-0.00509174,0.00073884,16.07999992,0.411130635,1,Stable Bull,5.609914209332377e-19,0.9999855562898042,5.099283805333372e-09,3.945058593270542e-20,1.4438611299405555e-05
2025-12-04,0.000730873,-0.361663162,0.008856352,-0.356165906,-0.004364323,0.000724581,15.77999973,0.395802222,1,Stable Bull,1.2923643913186775e-19,0.9999913916533288,2.4656188399186573e-09,6.428014993045904e-21,8.605881726494597e-06
2025-12-05,0.001897593,-0.464152,0.008838038,-0.334028771,-0.002473218,0.000709661,15.40999985,0.390629979,1,Stable Bull,1.7633365240530227e-19,0.9999881507603176,1.9467980636311665e-09,9.760400454750655e-21,1.1847292140344365e-05
2025-12-08,-0.003008731,-0.558727724,0.008494723,-0.391803757,-0.005469997,0.000681306,16.65999985,0.347531943,1,Stable Bull,2.7550373851397093e-20,0.9999688555156013,7.056740745650986e-10,1.968834845680245e-21,3.1143778634979473e-05
2025-12-09,-0.000863491,-0.568663288,0.008503774,-0.35923487,-0.006328394,0.000647692,16.93000031,0.347627154,1,Stable Bull,7.120210125971602e-21,0.9999366100520721,5.667232832823366e-10,4.301803449878736e-21,6.338938179580459e-05
2025-12-10,0.006610339,-0.572661205,0.007942126,-0.578260647,0.0,0.000649739,15.77000046,0.275411245,1,Stable Bull,6.920024745289453e-21,0.9999366753532921,6.991476716127803e-11,3.5908618952010617e-22,6.332457704869818e-05
2025-12-11,0.002324243,-0.650208385,0.007942572,-0.578817029,0.0,0.000604333,14.85000038,0.259276248,1,Stable Bull,4.2126993520306107e-20,0.9994837749017821,6.614628289917225e-11,1.821821298192019e-21,0.0005162250315624058
2025-12-12,-0.010810297,-0.724676455,0.008312115,-0.431161973,-0.010752076,0.000530386,15.73999977,0.266344316,1,Stable Bull,2.8130240831313e-18,0.9713220972327818,5.453143504444974e-09,1.3057891545415113e-19,0.028677897314619467
2025-12-15,-0.001511951,-0.3493404,0.007404452,-0.332808429,-0.01224664,0.000600544,16.5,0.26157306,1,Stable Bull,8.464562646880832e-17,0.8190319948186688,5.763678929832131e-09,1.6879140631339206e-19,0.18096799941764163
2025-12-16,-0.002736025,-0.372825313,0.007439119,-0.282163998,-0.014945464,0.000651607,16.47999954,0.265662463,4,Bull Recovery,1.3338264842291093e-16,0.2638422621979292,1.6221922403966966e-08,1.1849444140147222e-18,0.7361577215810119
2025-12-17,-0.011064581,-0.366055071,0.007560256,-0.305390248,-0.025784604,0.00069282,17.62000084,0.241411912,4,Bull Recovery,2.6490950127756856e-16,2.793001538468233e-06,9.000571572655698e-09,1.3466269344325133e-18,0.9999971979980876
2025-12-18,0.007522895,-0.060682365,0.007427924,-0.506187502,-0.018428047,0.000736485,16.87000084,0.227445853,4,Bull Recovery,1.021526919564368e-16,4.119269639422621e-07,6.6034242695692e-09,2.7578430519241706e-19,0.9999995814688157
2025-12-19,0.009022679,-0.192427175,0.007604875,-0.51697294,-0.009531564,0.000765041,14.90999985,0.248886578,4,Bull Recovery,8.886418831949735e-19,0.13968953277030247,9.526259209830585e-08,4.7549316095665923e-20,0.8603103719666569
2025-12-22,0.006210479,-0.304403973,0.006618838,-0.411858437,-0.00336114,0.000870632,14.07999992,0.155705479,1,Stable Bull,4.474973707939541e-21,0.9913141308736456,3.8020396191950445e-11,1.9857813760740873e-25,0.008685869087926583
2025-12-23,0.004560079,-0.404982671,0.006416754,-0.40886141,0.0,0.00096539,14.0,0.204783808,1,Stable Bull,4.43254885901082e-22,0.9998547983795149,1.253802450433495e-11,1.7961541208617378e-23,0.00014520160836217137
2025-12-24,0.003511502,-0.496371629,0.005766291,-0.792774496,0.0,0.001078589,13.47000027,0.152745346,1,Stable Bull,1.090155264283921e-21,0.9997849298876518,8.560827844385851e-12,2.5034391465254643e-25,0.000215070104624999
2025-12-26,-0.000101415,-0.580076441,0.005497629,-0.804877667,-0.00010141,0.001188508,13.60000038,0.134875219,1,Stable Bull,7.738766223660972e-21,0.995640854046186,4.22840857607526e-11,4.211321002846671e-25,0.004359145912438078
2025-12-29,-0.003570018,-0.63069314,0.005431017,-0.645622022,-0.003664702,0.001260192,14.19999981,0.096306176,1,Stable Bull,8.23556103942951e-21,0.9770434186150201,4.74397407665198e-12,4.8151297185836016e-26,0.02295658138097893
2025-12-30,-0.00122196,-0.584106474,0.005334426,-0.536435097,-0.00488144,0.001300545,14.32999992,0.056654256,1,Stable Bull,1.430645946467942e-20,0.951984694073845,8.803113118040528e-12,3.783671374577798e-26,0.04801530591747105
