"Date","SPY_Return","SPY_V","RollingVol21","RollingSkew21","Drawdown","VolOfVol","VIX","C_t"
2016-01-04,-0.0140782760513423,0.625878053321144,0.0116950385735871,0.0982344393537106,-0.0438515960075276,0.000980717725751817,20.7000007629395,0.828264586778731
2016-01-05,0.00169010508543366,1.04706914841798,0.0113442425567289,-0.0245218691589501,-0.0422342383603108,0.000861803742819585,19.3400001525879,0.801966958816156
2016-01-06,-0.0126945784177588,0.76887208388995,0.0106478390716781,-0.0003682708004515,-0.0543158233656397,0.000814576924782522,20.5900001525879,0.75890379542371
2016-01-07,-0.0242838839717319,1.088436773881,0.0116685223236347,-0.115220349672268,-0.0770041133415864,0.000799790510224519,24.9899997711182,0.811197587587747
2016-01-08,-0.0110371534185107,2.18255874775353,0.0117726651115977,-0.0729496216592425,-0.087135347705637,0.000783562323732928,27.0100002288818,0.79131984171363
2016-01-11,0.000989352850190528,2.36767957301533,0.0117609965279954,-0.177366392413494,-0.086231755548018,0.000742819493471483,24.2999992370605,0.772648260953614
2016-01-12,0.00803587088444502,1.88190211572156,0.0119466784059077,-0.201839956659767,-0.0788592493366828,0.000692153613744168,22.4699993133545,0.778540406306827
2016-01-13,-0.0252567449642216,1.47305601136307,0.0124054032655053,-0.293576075723364,-0.1018329249836,0.000731896594694127,25.2199993133545,0.777104349252059
2016-01-14,0.016283294230921,2.31284555968519,0.012993866906873,-0.229045658920732,-0.0870880847393133,0.00078492555336888,23.9500007629395,0.820052189293272
2016-01-15,-0.0216997475418168,1.85393427883401,0.0132993334707533,-0.0613943169819301,-0.106684653568483,0.0008339924139011,27.0200004577637,0.849948301328926
2016-01-19,0.00132999092848873,2.34087944048709,0.012682920662964,-0.0717432163466359,-0.105495761829085,0.000789839406566023,26.0499992370605,0.841082165264956
2016-01-20,-0.012897582815504,1.9454173917819,0.0125889567218717,-0.0843843441115671,-0.116958623812615,0.000773303394342266,27.5900001525879,0.824926785800894
2016-01-21,0.00558643399355052,2.12840149133567,0.0123671237260576,-0.274000677384781,-0.112011766670742,0.000733041383011061,26.6900005340576,0.801273556220474
2016-01-22,0.0203075885391861,1.68420537050221,0.0131838642753158,-0.100947137344152,-0.0937945188733335,0.000750230143789155,22.3400001525879,0.831635953831475
2016-01-25,-0.01523185520883,1.31630482372657,0.0131666556116871,0.0887379319081718,-0.107493117169112,0.000761161372228367,24.1499996185303,0.837814903586066
2016-01-26,0.0135506592072332,1.39380495578614,0.0132455593431629,0.0966208763470757,-0.0953167479635602,0.000787182326572914,22.5,0.8304934673988
2016-01-27,-0.0109426627452098,1.04490272675081,0.0133249828045404,0.188917530388553,-0.105162424478256,0.000805554492557049,23.1100006103516,0.790292546213478
2016-01-28,0.00519558054706692,0.941046639785624,0.0134791685286985,0.118680260609996,-0.100501125185737,0.000821555978372008,22.4200000762939,0.79707592965089
2016-01-29,0.024084815504545,0.654571224908586,0.0144867773028338,0.276925198060046,-0.0785738636657122,0.000928667578177928,20.2000007629395,0.81227027938053
2016-02-01,-0.000361454017181906,0.429838952137118,0.0144716532801835,0.210870478754336,-0.0789068566597738,0.0010057580256673,19.9799995422363,0.809795187426109
2016-02-02,-0.0181864135075145,0.192767648736383,0.0147774707490679,0.227970809489339,-0.0955068328991568,0.00108316726552084,21.9799995422363,0.80966139874838
2016-02-03,0.00597726576440039,1.12327362721435,0.0146949320157849,0.0648402012942085,-0.0900842468831408,0.0011364878462385,21.6499996185303,0.793669791212305
2016-02-04,0.00156687551632206,0.812571263359075,0.0146932583228406,0.065995067857503,-0.0886574046174799,0.00114633551427805,21.8400001525879,0.809302525493418
2016-02-05,-0.0192340940545748,0.58020839050372,0.0149894203607769,0.0697811210452487,-0.106018753669552,0.00108482522187745,23.3799991607666,0.814847075221928
2016-02-08,-0.0135525295880914,1.12689969394083,0.014386794772001,0.121104801007947,-0.11805273135179,0.00104978462189812,26,0.775743076970074
2016-02-09,5.40759345337705e-05,1.67091682337721,0.0142477676359699,0.0232355043655334,-0.118005037939507,0.000999509272627555,26.5400009155273,0.786554994754878
2016-02-10,-0.000863319142986541,1.280133866833,0.0142364159349489,0.0420275215036911,-0.11876615248462,0.000929488958591265,26.2900009155273,0.783877198472958
2016-02-11,-0.0130930829225893,1.04608102915018,0.0142585983221502,0.216729687255224,-0.13022901446815,0.00085760007763999,28.1399993896484,0.772316135598892
2016-02-12,0.0204071139999282,1.32211788583589,0.0141332228222352,0.177916836648493,-0.112297152341712,0.000807244446046913,25.3999996185303,0.753457827667521
2016-02-16,0.0167372112596267,1.00127261083938,0.014160588126592,0.179353533384294,-0.097314447660354,0.00078925168190029,24.1100006103516,0.752715599487763
2016-02-17,0.0162029126086827,0.717752626001549,0.0137374578930196,0.0701363000342096,-0.0825691769701081,0.000779666379943051,22.3099994659424,0.742435410996637
2016-02-18,-0.00410450205745505,0.465536428707992,0.0137873374654866,0.12405263304185,-0.0863270562833919,0.000731184022958042,21.6399993896484,0.74458350265302
2016-02-19,-0.000468304736489955,0.441975546806813,0.0134224247695331,0.0557231742275279,-0.0867548334776762,0.000675560782689908,20.5300006866455,0.761496549348445
2016-02-22,0.0143752652119078,0.19235784119914,0.0136872936807362,-0.00109568439230046,-0.0735318779668488,0.000573160861446457,19.3799991607666,0.766929726084038
2016-02-23,-0.0127100059697511,-0.0125365463895158,0.0133743569877333,0.162528046977027,-0.0852327765658333,0.000560514062519885,20.9799995422363,0.747780374789999
2016-02-24,0.00456530924484522,0.225134809337642,0.0129033097211076,0.0495691799523869,-0.0810470339690733,0.000583420918777789,20.7199993133545,0.745005866003989
2016-02-25,0.0120388031193475,-0.00489984143942674,0.0128361133338415,0.0532826123809138,-0.0699170788904136,0.000616624600944134,19.1100006103516,0.749530190627762
2016-02-26,-0.0023045472328862,-0.188561603176009,0.0125589668788297,0.00261231246312708,-0.0720580310024398,0.000678381247595747,19.8099994659424,0.794233955065343
2016-02-29,-0.00787275172402513,-0.24911241846201,0.0127016128224656,0.130083555702381,-0.0793348060324418,0.000725936173937563,20.5499992370605,0.794168904674302
2016-03-01,0.0232351176492704,0.00684749312456805,0.0126258851433853,0.109283023767698,-0.0576925858266198,0.000767081341247144,17.7000007629395,0.793739664628995
2016-03-02,0.004482292715136,-0.166257043898829,0.0126427155441861,0.0538406424637572,-0.0534594080851525,0.000795339899730099,17.0900001525879,0.79396935879132
2016-03-03,0.00391179855476054,-0.35195491300217,0.0118336638763074,0.0207844606333927,-0.0497494804517272,0.000862699108665237,16.7000007629395,0.756878805877593
2016-03-04,0.00324821356780092,-0.518742687676485,0.0118067932285183,0.053300920679453,-0.0466578453941421,0.000910778760721898,16.8600006103516,0.785730324879665
2016-03-07,0.000798406911545868,-0.674463385554632,0.0118101094333092,0.0627004449370171,-0.0458963864922614,0.000935299009111598,17.3500003814697,0.782421954693974
2016-03-08,-0.0109781035520164,-0.808302275026727,0.0111822235742027,0.242190675444371,-0.0563133508840499,0.000968018026441352,18.6700000762939,0.693091608614706
2016-03-09,0.00492720677695502,-0.221245332647416,0.0105592511909112,0.213989821395932,-0.0516521376807227,0.00107918531828138,18.3400001525879,0.713328897487338
2016-03-10,0.000802337765882122,-0.396202171768896,0.0105484523845534,0.205166987064933,-0.0508909370464176,0.00116017911075524,18.0499992370605,0.705443979925979
2016-03-11,0.0160081045354294,-0.538719757891844,0.0108386296861361,0.0430394334525218,-0.0355752393709979,0.0011865165993307,16.5,0.723602769514196
2016-03-14,-0.00128329057306598,-0.661749263853454,0.0101775064857068,0.129032088491805,-0.036812082790254,0.00124087248136213,16.9200000762939,0.734834011524741
2016-03-15,-0.00163071599506726,-0.735981214724659,0.00961466468122638,0.257516487203536,-0.0383814887576124,0.00132242928160837,16.8400001525879,0.731505736145744
2016-03-16,0.00577050295728121,-0.776673074272024,0.00916462955427895,0.329379043684858,-0.0328164251290907,0.00140440975101229,14.9899997711182,0.713546487069277
2016-03-17,0.00632398452141558,-0.895298936518084,0.00871077405686079,0.384906420944639,-0.0266805901586279,0.0015158336570183,14.4399995803833,0.689058814156352
2016-03-18,0.00392209050022707,-0.997310791058427,0.00856683879431315,0.294505242025868,-0.0228556473648959,0.00159149722184896,14.0200004577637,0.672528693052719
2016-03-21,0.00141780256641599,-1.09648908776295,0.00853631004536759,0.268926080583336,-0.0214692670194028,0.0016528605466328,13.789999961853,0.663194763164645
2016-03-22,-0.000537778228595798,-1.18702273453244,0.00818074030089202,0.440309509032726,-0.0219953580707756,0.00168672112221397,14.1700000762939,0.656253750238879
2016-03-23,-0.00662130840648256,-1.1936586600365,0.00770594221905331,0.723993877942245,-0.028449636961878,0.00174180156614476,14.9399995803833,0.57645914142639
2016-03-24,-0.000442971464743813,-0.951411024510047,0.00772824689815156,0.808068495632475,-0.0288799107427259,0.00178571719783535,14.7399997711182,0.574299716427904
2016-03-28,0.000590850816196031,-0.978629489841335,0.00742930572312818,1.03043288893568,-0.0283059541006865,0.00182027303827939,15.2399997711182,0.575579192791481
2016-03-29,0.00920762792246066,-1.07771356587121,0.00751353406350772,0.825330694535276,-0.0193176398475877,0.00183105958734049,13.8199996948242,0.602054690129064
2016-03-30,0.00437789684404688,-1.15238683823216,0.00712252407817124,0.881623864913927,-0.0150149020391086,0.00182331599589389,13.5600004196167,0.58576494280015
2016-03-31,-0.00242991517991697,-1.22731149077866,0.00554228017833923,0.0918151850148679,-0.0174054267182972,0.00191350437522408,13.9499998092651,0.393575964483911
2016-04-01,0.00678872955392684,-1.19789575372084,0.00561642179340739,0.0555322367869865,-0.0107121642306295,0.00193074647226882,13.1000003814697,0.402646624363195
2016-04-04,-0.00324270826869988,-1.26337709494982,0.00571732899534929,0.192543073084976,-0.0139149404348882,0.00195208887768245,14.1199998855591,0.405151106264883
2016-04-05,-0.0100384079023854,-1.23562458003056,0.00625463968501366,0.114318501653862,-0.0237641466064501,0.00189470931906894,15.4200000762939,0.50173443887904
2016-04-06,0.0108622184460323,-0.684378332015003,0.00660376133067412,0.0376332117750678,-0.0131022584638589,0.00177702971571337,14.0900001525879,0.510488199165991
2016-04-07,-0.0120382370865677,-0.793676978045029,0.00670802571779452,-0.0338978003552717,-0.0249115433553779,0.00167347626501774,16.1599998474121,0.627913846410461
2016-04-08,0.00269323347442185,-0.358433008984045,0.00666953949087337,0.00820008591835231,-0.0222818629012402,0.00159407419953701,15.3599996566772,0.655452478129595
2016-04-11,-0.00235029108630869,-0.5187338349841,0.00672019205068702,0.0674647314047529,-0.024577086845055,0.00148584793734483,16.2600002288818,0.670635466727521
2016-04-12,0.00926991960936352,-0.584512601108609,0.00611669550911897,-0.347882478402574,-0.0154929553214312,0.00133208460265021,14.8500003814697,0.662263235691884
2016-04-13,0.0100504136786199,-0.708536589775545,0.00640031578320884,-0.415487300959229,-0.00554836232530351,0.00119277244409102,13.8400001525879,0.682956583830173
2016-04-14,4.81314896987328e-05,-0.81878616204828,0.00636938907988546,-0.454580993902034,-0.00550049673463695,0.00107823093260479,13.7200002670288,0.719605300068737
2016-04-15,-0.00110639753941033,-0.931842690689519,0.00632090229683667,-0.324442991749515,-0.00660020007128185,0.000981987527109273,13.6199998855591,0.652301408710151
2016-04-18,0.00700208927789081,-0.873056849129005,0.00634965933046919,-0.323846756660958,0,0.000905865921774019,13.3500003814697,0.550697681913044
2016-04-19,0.00314926413566852,-0.966543297833601,0.00633596284250594,-0.310441309067996,0,0.00082341085984722,13.2399997711182,0.623332170743635
2016-04-20,0.000952455990049117,-1.06165152253798,0.00633623034809872,-0.299658165553635,0,0.000719377806075089,13.2799997329712,0.592571558117462
2016-04-21,-0.00539305656349498,-1.14735652575005,0.00649129282192325,-0.222923946635281,-0.00537854014163138,0.000628925245818932,13.9499998092651,0.588061050625392
2016-04-22,0,-0.909901474890268,0.00625842552171984,-0.310877386640524,-0.00537854014163138,0.000575725953031768,13.2200002670288,0.427031242907654
2016-04-25,-0.00172423612389316,-0.995268910315993,0.00628278242965482,-0.282160498030982,-0.00709202474178174,0.000504118860042847,14.0799999237061,0.423425270764891
2016-04-26,0.00148491983482124,-0.992120580746706,0.0062809792986102,-0.303174335749985,-0.00561654077858519,0.000450424776733817,13.960000038147,0.421963901785272
2016-04-27,0.00205614762943274,-1.08659722108376,0.00601996410538737,-0.285724951852318,-0.0035698381458542,0.000374201991450618,13.7700004577637,0.278123909965934
2016-04-28,-0.00911708608579254,-1.1708171147066,0.00634947626971395,-0.144724831603793,-0.0126130910120606,0.000325114342282078,15.2200002670288,0.312758425154188
2016-04-29,-0.00541352642900517,-0.779109404351524,0.00644693880666457,-0.102701161658708,-0.0179438938995389,0.000280209531399121,15.6999998092651,0.311701161185734
2016-05-02,0.00791697259554525,-0.579539846493157,0.00650910408708194,-0.0928072791946147,-0.0101381243595752,0.000232290947088697,14.6800003051758,0.308736703440253
2016-05-03,-0.00874131744220641,-0.703212658670971,0.00676193465229211,-0.076770896334514,-0.0187531132060271,0.000197176969374334,15.6000003814697,0.272852057773758
2016-05-04,-0.00559381087285349,-0.436432915460884,0.00649707817021805,-0.0312581451023697,-0.0242266993348324,0.000194778247098911,16.0499992370605,0.256118531842557
2016-05-05,-0.000195006293524536,-0.248374674021168,0.00601950670648114,-0.0551609920644365,-0.024416962717633,0.000208521503302314,15.9099998474121,0.212556687944968
2016-05-06,0.00365250578489729,-0.390576011843514,0.0054402271445889,0.0304511676008406,-0.0208471245717788,0.000282894112742337,14.7200002670288,0.19210043490724
2016-05-09,0.000825407404729361,-0.538884528206915,0.00541627305515858,0.0775355754753775,-0.0200385908991025,0.00033548167165928,14.5699996948242,0.18649601456994
2016-05-10,0.0123575785639636,-0.677253012478727,0.00597543789278372,0.11888277061826,-0.00785350679411685,0.000324994102641376,13.6300001144409,0.248888977907066
2016-05-11,-0.00939866387863741,-0.781637566395968,0.00607502121079016,0.179512717540316,-0.0171346745930506,0.000325891918136596,14.6899995803833,0.198103519593078
2016-05-12,0.000290328328502731,-0.445183381676902,0.00563590963274854,0.19984541442679,-0.0168492795188496,0.000348425361765313,14.4099998474121,0.118636472330614
2016-05-13,-0.00875253093166428,-0.557603943177336,0.0059260565180374,0.242614681810316,-0.0254167882238279,0.000350986930538192,15.039999961853,0.0950870369999225
2016-05-16,0.00981695712706188,-0.250037836862893,0.006356935078708,0.179750169447549,-0.0158022309838605,0.000351809728602029,14.6800003051758,0.216339927281142
2016-05-17,-0.00937735695216091,-0.405351864012621,0.00642968261645741,0.328104719519585,-0.024988267091394,0.00035417274808861,15.5699996948242,0.238665837109316
2016-05-18,0.00029275441818033,-0.0936089606792442,0.00636720945465069,0.389700721943142,-0.0247027863129665,0.000354911897856328,15.9499998092651,0.247932354869075
2016-05-19,-0.00347092730140197,-0.28212459601598,0.00636749344241292,0.487050637332402,-0.0280821039633405,0.000355644570545123,16.3299999237061,0.253599639786163
2016-05-20,0.00629764520833032,-0.214615898184366,0.00650646043482447,0.288449998484756,-0.0219419960651476,0.000356310183813553,15.1999998092651,0.28263279905069
2016-05-23,-0.00136352804270157,-0.380888014109959,0.00650488453031248,0.319216848800889,-0.0232746967870171,0.000362787248318992,15.8199996948242,0.427292504252103
2016-05-24,0.0128787995147306,-0.389087585045902,0.00715631907700229,0.30302190404168,-0.0106142970419358,0.000418700247334737,14.4200000762939,0.488778851623457
2016-05-25,0.00676025148717052,-0.524650625578545,0.00730826352133959,0.221882978639747,-0.00390314188266131,0.00047933128600909,13.8999996185303,0.519374628654535
2016-05-26,0.000286558354846811,-0.660993048289914,0.00729455178289428,0.257635381086799,-0.00361766110423382,0.000522322709274617,13.4300003051758,0.578040461274324
2016-05-27,0.00429043476038427,-0.78969024777797,0.00703916719076687,0.129938765162781,0,0.00054355607774526,13.1199998855591,0.496641401873171
2016-05-31,-0.00190429211544529,-0.903422619448951,0.00692916378459303,0.0936476148245136,-0.00190248010159807,0.000556443616329914,14.1899995803833,0.467337610976182
2016-06-01,0.00204697008525745,-0.985525127753294,0.0067437655814454,0.169264733479471,0,0.000560964847267911,14.1999998092651,0.473850302751263
2016-06-02,0.00303867266292901,-1.08335235339053,0.00641655214896999,0.0843670373778918,0,0.000555373069322141,13.6300001144409,0.531916865469027
2016-06-03,-0.00299131766842997,-1.16672870316512,0.00630528234107725,0.0755259622043451,-0.0029868481354418,0.000555278728993137,13.4700002670288,0.525020184898862
2016-06-06,0.00507562623925661,-1.09353912769981,0.00635134761789526,-0.0355322307755929,0,0.000548858391623093,13.6499996185303,0.528125987077562
2016-06-07,0.00156019400116225,-1.17233934519382,0.00633160802591686,0.0103839602469409,0,0.000502901244843946,14.0500001907349,0.541405077777797
2016-06-08,0.00325479528447925,-1.24375432554291,0.006343534981555,-0.044346094054839,0,0.000445034107297028,14.0799999237061,0.539063512836073
2016-06-09,-0.00136687013668713,-1.30910189418438,0.00585449876789851,-0.0466283490357942,-0.00136593639518448,0.000452789028208198,14.6400003433228,0.52404206058263
2016-06-10,-0.00952278588360755,-1.3326181860477,0.00586538590908655,-0.0532685729355065,-0.010830578355784,0.000464503848138168,17.0300006866455,0.533555073353334
2016-06-13,-0.00774171456155592,-0.842965067104029,0.00615607201389962,0.00756583656218747,-0.0184588795065197,0.000429948152420588,20.9699993133545,0.658266001571135
2016-06-14,-0.00196869640171027,-0.530736992382269,0.00581866506937817,0.0361124143911091,-0.0203893351145619,0.000437716800930267,20.5,0.672688665372269
2016-06-15,-0.00139499294204892,-0.557125016968865,0.00544836796657969,0.107481897070146,-0.0217549323573205,0.000493633133868845,20.1399993896484,0.631990470993052
2016-06-16,0.00297990405145132,-0.597758298720764,0.00500928981503231,0.144625642896549,-0.0188355082754464,0.00058585731611362,19.3700008392334,0.614170777470197
2016-06-17,-0.00373138718644572,-0.725738791206599,0.00510615190936614,0.215949851825026,-0.0224897908760706,0.00064915076062804,19.4099998474121,0.612526579508568
2016-06-20,0.00641945018962886,-0.655144790493135,0.00516576171543474,0.0254253135054443,-0.0161945283352101,0.00069659295579447,18.3700008392334,0.586415601499172
2016-06-21,0.0028349586774743,-0.772701403089928,0.00504510037525669,0.0735925205425058,-0.0134015233200784,0.00074315314582138,18.4799995422363,0.575963225664513
2016-06-22,-0.00163281406959559,-0.88391634303527,0.00505154811006809,0.0792260481661961,-0.0150111407332492,0.000780066392356726,21.1700000762939,0.628726837794336
2016-06-23,0.0129385878717487,-0.913340794236278,0.0050586411650246,0.0873785534858725,-0.00218397204637876,0.000776437113925324,17.25,0.55828853603216
2016-06-24,-0.0365695337040499,-0.995322175787352,0.00946938537737528,-2.49598182487065,-0.0380144931701908,0.00104946380855075,25.7600002288818,0.71409025939397
2016-06-27,-0.0180722747313924,1.43721717422199,0.0101531411489268,-1.99699156457835,-0.0552436059805121,0.00134995825478016,23.8500003814697,0.752489611603439
2016-06-28,0.0178752654376018,2.12280056945163,0.0109749385026129,-1.46700981718071,-0.0382039945881447,0.00169200735707309,18.75,0.785661535558655
2016-06-29,0.0168840814358813,1.69890528853139,0.0116732275522174,-1.25919272398634,-0.021827087035924,0.00203925973006212,16.6399993896484,0.816472380964158
2016-06-30,0.0135533486304453,1.33351387699596,0.0120613717545659,-1.20101844227666,-0.00847931937534567,0.00235317494198193,15.6300001144409,0.842872885746
2016-07-01,0.0020985991888729,1.00446598694546,0.0120515344118364,-1.19306557315232,-0.00639632996376919,0.00259935939680398,14.7700004577637,0.849537983230904
2016-07-05,-0.00721930559052542,0.703584074553663,0.0121394049449238,-1.12645084950032,-0.0135436281865172,0.00280229436373489,15.5799999237061,0.854286451736299
2016-07-06,0.00597948866501596,0.848053723114195,0.0121605486600589,-1.1289453016886,-0.00762745326967103,0.00296695690356023,14.960000038147,0.853958835046377
2016-07-07,-0.000620399876537725,0.56815052245353,0.0121546554552933,-1.10446781164104,-0.00824293013451548,0.00309618151221417,14.7600002288818,0.852742840090511
2016-07-08,0.0147810175741832,0.365599775284794,0.0125733538753365,-1.04580157997651,0,0.00322179076887406,13.1999998092651,0.858943171416776
2016-07-11,0.0035210258777667,0.155291429379362,0.0125860011176551,-1.09853677583428,0,0.00329687163213339,13.539999961853,0.877342126919911
2016-07-12,0.00723652963851684,-0.0477962875057966,0.0124464344955303,-1.29823428713318,0,0.00333120271059457,13.5500001907349,0.881171193187505
2016-07-13,-0.000139432684221674,-0.225456069552219,0.0122784885517306,-1.42225523349282,-0.000139422963937204,0.00334080756549125,13.039999961853,0.878181946170659
2016-07-14,0.00556808338728576,-0.379235094943028,0.0122759625013228,-1.51006276529435,0,0.00330536301187253,12.8199996948242,0.852971049871063
2016-07-15,-0.0013429901460178,-0.524703904081718,0.0122752356271418,-1.51090032577627,-0.00134208873832386,0.00321462258395091,12.6700000762939,0.851907580255112
2016-07-18,0.00268393076372853,-0.573228150040011,0.0122743012140324,-1.50773028557992,0,0.00304969027074425,12.4399995803833,0.848430598973282
2016-07-19,-0.00101699205234063,-0.703785283843112,0.0122245685583176,-1.55410191227082,-0.00101647509118684,0.00283923690636855,11.9700002670288,0.864698222235079
2016-07-20,0.00415436399917812,-0.725642050349462,0.0121952413040391,-1.54008734949222,0,0.00257123670490622,11.7700004577637,0.775190114958021
2016-07-21,-0.00378454950613882,-0.838041232399657,0.0122598905610581,-1.44239086772658,-0.00377739712434938,0.00220411667438255,12.7399997711182,0.780465709550194
2016-07-22,0.00447537861058045,-0.724135042824949,0.0122479235088668,-1.51799538879237,0,0.00169132105819461,12.0200004577637,0.757577878186779
2016-07-25,-0.00271971550620176,-0.835737854553734,0.0120263211309759,-1.4538636230334,-0.00271602043059536,0.000785350466603881,12.8699998855591,0.742814450293821
2016-07-26,0.000461513460671803,-0.784571205989819,0.00834822776859005,-0.223090470489312,-0.0022556542254823,0.000975887314914018,13.0500001907349,0.610065911357368
2016-07-27,-0.00106172510353364,-0.892974181390815,0.00689324901149756,0.706878938527877,-0.00331442228452792,0.00142119519320704,12.8299999237061,0.229668586004121
2016-07-28,0.00115370474725562,-0.896903148448315,0.00611722545751681,0.795234562611511,-0.00216387783531737,0.00187227941648107,12.7200002670288,0.181310116314015
2016-07-29,0.00161359730311794,-0.992799234503157,0.00523857295003213,0.75694141358035,-0.000552472429564301,0.00231481394802952,11.8699998855591,0.154685655737971
2016-08-01,-0.000829510684986268,-1.08074881998846,0.00460234340763262,0.821555253266801,-0.00138118107391075,0.00271146730757566,12.4399995803833,0.126711613854066
2016-08-02,-0.00642808606152467,-1.13798530723703,0.00492697493870174,0.696346063403862,-0.00777980131112427,0.00298275446877703,13.3699998855591,0.163744409307724
2016-08-03,0.00291870944943451,-0.860149778854304,0.0045357158060793,0.901330145807565,-0.00487956843162642,0.00322400108107419,12.8599996566772,0.143739461172049
2016-08-04,0.00106331134448734,-0.957259437873577,0.00443180574767089,1.083831504087,-0.00382088283115239,0.00341555384838991,12.4200000762939,0.149307246597318
2016-08-05,0.00814555157599806,-1.04732999676476,0.00462962962769548,0.8286980101637,0,0.00354383946857977,11.3900003433228,0.160420239923002
2016-08-08,-0.000596001485924091,-1.11594016189106,0.00359534470701489,0.0451638662268764,-0.000595823912317578,0.00368069816099849,11.5,0.160517463025206
2016-08-09,0.000596001485924091,-1.16673758465144,0.00355714743731663,0.152485776902306,0,0.00376381656811714,11.6599998474121,0.165370357313986
2016-08-10,-0.00247799065713039,-1.23069489285513,0.0033379611543931,0.227270157666006,-0.00247492297270236,0.0038158342712235,12.0500001907349,0.195141269746018
2016-08-11,0.00462981905024762,-1.15568475860052,0.00344618057075619,0.0865185799612839,0,0.00381994854860915,11.6800003051758,0.180297088982515
2016-08-12,-0.000869293940743532,-1.21592079170389,0.00328520142534778,0.225885944646177,-0.000868916214225615,0.00378364337736495,11.5500001907349,0.176528157169039
2016-08-15,0.00287964115439543,-1.21336796541821,0.00329514627922495,0.0641531901479724,0,0.0036948421519117,11.8100004196167,0.172125332883758
2016-08-16,-0.00517083099639049,-1.27043060237719,0.00349979049960037,0.130693749393206,-0.00515748526254657,0.00354156272523867,12.6400003433228,0.184755586946368
2016-08-17,0.00187931055534918,-1.05149475829569,0.00350071507603406,0.0167536970730681,-0.00328610932619428,0.00333132225563127,12.1899995803833,0.16964463319497
2016-08-18,0.00224114082124061,-1.1261323193224,0.00342430980989401,0.0432914170357687,-0.00104982816422419,0.00305384573802138,11.4300003051758,0.17841744647085
2016-08-19,-0.00146304307221357,-1.19136078726448,0.00331876259253055,0.0379707275814356,-0.00251026668987626,0.00267601982379134,11.3400001525879,0.158472458871919
2016-08-22,-4.57392345660779e-05,-1.20742746635791,0.00319201617208085,0.150912514155134,-0.00255589006336825,0.00215479966700205,12.2700004577637,0.185140617916701
2016-08-23,0.00201177694380306,-1.19536189238649,0.00313604739808863,-0.00859463382243233,-0.000547235194949574,0.00138376508834652,12.3800001144409,0.183201004964951
2016-08-24,-0.00512811437094385,-1.26852555372986,0.00336870219368536,-0.00335843717562301,-0.0056594241332765,0.00103924017522102,13.4499998092651,0.186878583179907
2016-08-25,-0.000689058616697658,-1.05518235103873,0.00336247192381111,-0.0177058150683048,-0.0063443470718829,0.000821294864498384,13.6300001144409,0.514910681583637
2016-08-26,-0.00188510008520382,-1.08573829659207,0.00338733006357295,0.100153624159721,-0.00821572300823518,0.000650265789563745,13.6499996185303,0.55073507225129
2016-08-29,0.00491211666880798,-1.05906313765438,0.00353365581080302,0.0758220310819025,-0.00333197798664053,0.00055685557860367,12.9399995803833,0.54686049360692
2016-08-30,-0.00164994902277726,-1.13443350530315,0.00355092676591753,0.101957096085498,-0.00497507353089671,0.000515936067891398,13.1199998855591,0.642096575393079
2016-08-31,-0.00284791193586909,-1.13149833176333,0.00329165326679522,0.351064259064997,-0.00780478559753496,0.000426740966040845,13.4200000762939,0.618522702270883
2016-09-01,4.61460013418957e-05,-1.04672288777129,0.00324116393719965,0.473508080876135,-0.00775899869940681,0.000367572389387924,13.4799995422363,0.587770358183349
2016-09-02,0.00449773590307778,-1.10087882678506,0.00336759897186083,0.37373548755303,-0.00328610932619428,0.000298828460087954,11.9799995422363,0.591382716014328
2016-09-06,0.003017824511093,-1.17764402815736,0.00293873054913739,-0.0740097135757822,-0.00027365847863383,0.000157961648131298,12.0200004577637,0.430057415173017
2016-09-07,-9.16030584940941e-05,-1.2554592378207,0.00293408425621196,-0.0986036132014382,-0.000365232274890146,0.000174455570811346,11.9399995803833,0.43655761875731
2016-09-08,-0.00228567560134962,-1.32365243649349,0.00298208213687441,0.0175290802094648,-0.00264746385962457,0.000182286421357516,12.5100002288818,0.46324969839764
2016-09-09,-0.0242256135313781,-1.22159730595523,0.00607949147378923,-2.73596529184568,-0.0265186267233759,0.00063269710561962,17.5,0.69226855705995
2016-09-12,0.0142452417119676,0.578905909651681,0.00683675701736798,-1.59403534034309,-0.0125519057856079,0.000975452887144114,15.1599998474121,0.773886945411406
2016-09-13,-0.0144795161663591,0.349479183018556,0.00748711466359408,-1.27996596266841,-0.0267466618285178,0.00128897870068,17.8500003814697,0.60497855635429
2016-09-14,-0.00037525587117937,0.792234307630506,0.00743293437824391,-1.25217655030007,-0.0271118123410898,0.00150641152274986,18.1399993896484,0.524793441283788
2016-09-15,0.00994302510001788,0.651251878348286,0.00776460848113228,-1.22204787140472,-0.0173901091960287,0.00171020091300918,16.2999992370605,0.602110902061354
2016-09-16,-0.00387306362254325,0.404572597720305,0.00777463157244925,-1.11447249696685,-0.0211884594450317,0.0018700659054622,15.3699998855591,0.602663707060887
2016-09-19,0.000187428775109133,0.248366062786749,0.00774649749109936,-1.09101753433026,-0.0210049848032467,0.00199120980180873,15.5299997329712,0.60101037608637
2016-09-20,4.66846799458409e-05,0.227299047519716,0.00774860932840961,-1.11852143923079,-0.0209592796674367,0.00208065321841225,15.9200000762939,0.600383517723664
2016-09-21,0.0111830539041087,0.0160919183529766,0.00818485747048321,-0.985827373901409,-0.00994916591397639,0.00216906808095511,13.3000001907349,0.576906768740314
2016-09-22,0.00628179717030797,-0.162994059002084,0.00829882180841713,-0.996094973881377,-0.00371029223242443,0.00223237946588097,12.0200004577637,0.577258120992611
2016-09-23,-0.00549442142528012,-0.322162873035966,0.00831018352764464,-0.988175982117922,-0.00916931692407216,0.00227851809398529,12.289999961853,0.595531384258135
2016-09-26,-0.0081352911098973,-0.104472619229777,0.00849041569227471,-0.840429849913186,-0.0171973136499819,0.00230852698991226,14.5,0.599221801086065
2016-09-27,0.00618875601388247,0.194860845172977,0.00860764448753802,-0.919468346051219,-0.0110961277120868,0.00231902860864056,13.1000003814697,0.570170070415332
2016-09-28,0.0049510708524565,-0.00293966175689045,0.00860879144512042,-0.919522033084157,-0.0061878539950663,0.00231044466210621,12.3900003433228,0.576605204097641
2016-09-29,-0.00908806403128892,-0.186168484286441,0.00882448035906863,-0.783493938781582,-0.0151787655410748,0.00228655835006631,14.0200004577637,0.599035945863817
2016-09-30,0.00751766916555408,0.0878785033492892,0.00897466732857682,-0.876731870526296,-0.00774730668792051,0.00222053320522066,13.289999961853,0.601194700511504
2016-10-03,-0.0024067696153951,-0.106609853138441,0.00899002364454866,-0.833289923284969,-0.0101325587934433,0.0021126199257705,13.5699996948242,0.603504845777661
2016-10-04,-0.00511089955015898,-0.271867157109396,0.00898808663424258,-0.692919676879128,-0.0151787655410748,0.00197201442308057,13.6300001144409,0.598862340448377
2016-10-05,0.0044151718190113,-0.0342418956817103,0.00902110019526059,-0.702588099806099,-0.0108209975117274,0.00172553076558348,12.9899997711182,0.597288534122208
2016-10-06,0.000695727731147677,-0.21820268013221,0.00902453988220428,-0.714440458540188,-0.0101325587934433,0.00137403556873405,12.8400001525879,0.597916242430048
2016-10-07,-0.00343549844470559,-0.389842077356664,0.00903959772082498,-0.693652437984526,-0.0135274120026919,0.000805155598191473,13.4799995422363,0.604858686170975
2016-10-10,0.00519480098751757,-0.287144033845199,0.00729352053837944,-0.135403736747116,-0.00838954969648601,0.000678843166631208,13.3800001144409,0.503598594745793
2016-10-11,-0.012710003422832,-0.444244156474009,0.00719477332035834,-0.260222138146947,-0.0209131657200362,0.000644978980806194,15.3599996566772,0.452608885547088
2016-10-12,0.00131131284876496,0.208316112429619,0.0064353440247436,-0.187597312417538,-0.0196284344159509,0.000742763303891278,15.9099998474121,0.557080457914061
2016-10-13,-0.00328071701265653,-0.0104144181632485,0.00648270703400544,-0.126804817418355,-0.0228394859341423,0.000818590334714601,16.6900005340576,0.65159393441544
2016-10-14,0.000515964244283573,-0.00241811924186417,0.00608939414832081,-0.135237341174275,-0.0223351759561878,0.000934613916944598,16.1200008392334,0.561895212072868
2016-10-17,-0.00347836898694531,-0.198773373186492,0.00607821966062403,-0.1422982419641,-0.0257299474031184,0.00103245800724319,16.2099990844727,0.567020890215631
2016-10-18,0.00624312175531827,-0.116193971100321,0.00624008179781753,-0.216723945715135,-0.0196284344159509,0.0011024154333064,15.2799997329712,0.559835259874506
2016-10-19,0.00266347652445287,-0.290167698505766,0.0062657325686986,-0.271570907430056,-0.0170137572458788,0.00116177610773075,14.4099998474121,0.55175815503191
2016-10-20,-0.00186833006032128,-0.456355979899782,0.00574676368107688,-0.37901852890698,-0.0188485854260467,0.00124821024628621,13.75,0.585702174065383
2016-10-21,0.000467305748471425,-0.54890528870982,0.00554370432484784,-0.359248633926685,-0.0183899805839023,0.0013310246432936,13.3400001525879,0.398155178791141
2016-10-24,0.00424339746629077,-0.61407545789682,0.00553046972236633,-0.550237759542119,-0.0142157689586579,0.00139669611648712,13.0200004577637,0.400105868518513
2016-10-25,-0.0033558763783228,-0.740748683553675,0.00528222176907461,-0.603657220292581,-0.0175183942731056,0.00145694114416786,13.460000038147,0.388197646626443
2016-10-26,-0.00200970548889323,-0.627412453246234,0.00510058681908082,-0.529968875735307,-0.0194909101969303,0.00150526764861681,14.2399997711182,0.386600918064364
2016-10-27,-0.0026706325622845,-0.634416924541717,0.00496983115102252,-0.417010179649559,-0.0221059961785928,0.00154143944192868,15.3599996566772,0.40430657682246
2016-10-28,-0.00295984400340821,-0.587335029829052,0.00462486676423633,-0.418943790846649,-0.0249961305982966,0.00156588200691308,16.1900005340576,0.342196297045884
2016-10-31,4.7043486680387e-05,-0.538740837546112,0.00425140506083922,-0.622083301160388,-0.0249502619378503,0.00157790731181304,17.0599994659424,0.334173343611073
2016-11-01,-0.00727157128887956,-0.648332857249711,0.00446845659299369,-0.527289424536418,-0.0320146897451166,0.00154075088530109,18.5599994659424,0.364295341671206
2016-11-02,-0.00603667467016233,-0.352649778662771,0.00451470086960151,-0.512786697546032,-0.0378405001956981,0.0014674996411901,19.3199996948242,0.373965210008736
2016-11-03,-0.00458767328853327,-0.124656068221423,0.00438966623567427,-0.384233814073791,-0.0422444639347641,0.00135879368290219,22.0799999237061,0.389577444182383
2016-11-04,-0.00110211908326452,-0.0227033400266264,0.00436137903098195,-0.338233201068675,-0.0432994431250277,0.00119982431703985,22.5100002288818,0.387031145257504
2016-11-07,0.0218171905750255,-0.138019704026025,0.00669409271895939,1.54873200772591,-0.0221975699748491,0.000959435901625887,18.7099990844727,0.514597780493643
2016-11-08,0.00449374463819563,-0.285679625258186,0.00666638024491188,1.57342530978557,-0.0177936879981012,0.000912640611730394,18.7399997711182,0.513548904700445
2016-11-09,0.0105460896456355,-0.444480846708532,0.00645693090208249,1.80259676466411,-0.00738043916666864,0.000859544509090277,14.3800001144409,0.507384102925397
2016-11-10,0.00249246259649816,-0.582310133881711,0.00646808069034185,1.76768170785164,-0.00490328621561721,0.000861290763623334,14.7399997711182,0.496691847637462
2016-11-11,-0.00230764084353918,-0.717352669268285,0.00644149346025705,1.77446183774347,-0.00719696452488367,0.000859066349687532,14.1700000762939,0.483096607559191
2016-11-14,0.000785358456873553,-0.705723792256647,0.00644125923766849,1.76853578165807,-0.00641695201034326,0.000873774880408929,14.4799995422363,0.478640497564479
2016-11-15,0.00777224385957531,-0.782644519939694,0.00653747799455153,1.51611266064841,0,0.000893204962240426,13.3699998855591,0.522959597919226
2016-11-16,-0.00187970909607049,-0.881374745036979,0.00647064511003762,1.71868760665585,-0.00187794354933862,0.000903198786420905,13.7200002670288,0.470027568601842
2016-11-17,0.00512725142165671,-0.812059175624466,0.00652597460038729,1.63283835321856,0,0.000914757645515009,13.3500003814697,0.476594657413868
2016-11-18,-0.00224004041194625,-0.9139602968927,0.00653474228001195,1.63264488081302,-0.00223753339371277,0.000937197779332035,12.8500003814697,0.474361679477711
2016-11-21,0.00752323204713257,-0.837580558654681,0.00668470687054827,1.4178146185032,0,0.000964493066603419,12.4200000762939,0.574667068207734
2016-11-22,0.0019512471178178,-0.933206004805967,0.00665380487284157,1.48393324755727,0,0.000986313901868933,12.4099998474121,0.574738783742139
2016-11-23,0.000543971690050604,-1.03109790999937,0.00657291974433155,1.47001947125541,0,0.000996527155139045,12.4300003051758,0.582033356372904
2016-11-25,0.0037083026190956,-1.12067014833139,0.00654165626368822,1.3727786751039,0,0.00099547169447285,12.3400001525879,0.580890795139343
2016-11-28,-0.00470575630656622,-1.19794115208344,0.00662423398207617,1.33540965241434,-0.00469470158243522,0.000986089068376078,13.1499996185303,0.563744400957413
2016-11-29,0.00194841031964721,-1.0544950032937,0.00654116502544188,1.29447125068089,-0.00275354800006308,0.000945268482673645,12.8999996185303,0.554894108113278
2016-11-30,-0.002402017181109,-1.14095404591869,0.00659631634487064,1.30403648342349,-0.00514607651392439,0.000857874288458278,13.3299999237061,0.563788436091857
2016-12-01,-0.00368206213254485,-1.11882128854321,0.00639503287195,1.46050996347238,-0.00880245483595538,0.000767074008546434,14.0699996948242,0.569871184258919
2016-12-02,0.000500634080670359,-0.936797968531273,0.00614387828436357,1.60072752944142,-0.00830610332929644,0.000658140098926257,14.1199998855591,0.575421979953672
2016-12-05,0.00599072140601642,-1.00977863345343,0.00599086508602517,1.55502897201086,-0.00234731056172283,0.00049596832728791,12.1400003433228,0.541331690396758
2016-12-06,0.00316253638615649,-1.08336782163928,0.00592717190080884,1.51397108080031,0,0.000209646050468133,11.789999961853,0.520912695789948
2016-12-07,0.0129958759282163,-1.15626590033053,0.0047074157258685,0.482074702693444,0,0.000433296365850499,12.2200002670288,0.46997855550826
2016-12-08,0.00244576239515659,-1.20012518338749,0.00468502558148384,0.549020577543669,0,0.000563381849037231,12.6400003433228,0.455842419325407
2016-12-09,0.00602242605521219,-1.25986846858747,0.00438591488918464,0.520317987668954,0,0.000696849494403191,11.75,0.524260967019637
2016-12-12,-0.00114861615183415,-1.30607138686358,0.00444447096823552,0.59849421049661,-0.00114795674479471,0.000789409844533894,12.6400003433228,0.540167289234433
2016-12-13,0.00665188407192829,-1.26469697335276,0.00443977753374815,0.409733553121213,0,0.000862087173350617,12.7200002670288,0.579647393341354
2016-12-14,-0.00828870997661735,-1.30806459313094,0.0050126514784976,0.0509703918976805,-0.0082544533332123,0.000881069903696861,13.1899995803833,0.564869233406312
2016-12-15,0.00410893763475961,-0.817692420928141,0.00486324189978201,0.0846354020527892,-0.0041710492511855,0.00089841376119445,12.789999961853,0.528104826017351
2016-12-16,-0.00195783089636237,-0.907335240532061,0.00486624677785216,0.085367878181776,-0.00611880662650692,0.000910669481656471,12.1999998092651,0.609955404638393
2016-12-19,0.00217493046195916,-0.854243501842533,0.00480827582347424,0.161775397949651,-0.0039548317490556,0.0009163495722494,11.710000038147,0.614751951348546
2016-12-20,0.00385005804401395,-0.943257204600239,0.00474316760686261,0.0141750325302123,-0.000112608391445863,0.000916841353751584,11.4499998092651,0.60695725303387
2016-12-21,-0.00278622105591353,-1.02314170776167,0.00467278478344171,0.199028897474917,-0.00289463822069664,0.000902986714419577,11.2700004577637,0.587671599085201
2016-12-22,-0.0017289565016938,-1.01517834213252,0.00472297737066153,0.290746916377787,-0.00461710055851102,0.000878180065220173,11.4300003051758,0.589796117881418
2016-12-23,0.00146326034264277,-0.870373085835655,0.00471983054581254,0.263033036892244,-0.00315953009355574,0.000848460518346496,11.4399995803833,0.583488503063591
2016-12-27,0.00247753351376812,-0.954912851744162,0.00469665049343351,0.299524064931141,-0.000686762504050655,0.000810907698997932,11.9899997711182,0.581119988063484
2016-12-28,-0.00829853591361918,-1.03274898854769,0.00498270876570296,0.0805847023465808,-0.00894528507725961,0.000747159136875538,12.9499998092651,0.59243994694199
2016-12-29,-0.000223010569366799,-0.62971691331483,0.00498716596774218,0.142880650004133,-0.00916627611092404,0.000677128450015219,13.3699998855591,0.603117456446729
2016-12-30,-0.00366158600085154,-0.653357979376301,0.00503764340327278,0.150223170873572,-0.0127876649441,0.000581958377463752,14.039999961853,0.60792434741902
2017-01-03,0.0076209092995736,-0.547419723606065,0.00512049921478212,-0.0302653671993496,-0.00523546852877176,0.000489531940218827,12.8500003814697,0.558811124036575
2017-01-04,0.00593168195272131,-0.650170333494402,0.00520429119953381,-0.149598911869459,0,0.00041175589191808,11.8500003814697,0.534838575534947
2017-01-05,-0.000795075067260953,-0.746510538138506,0.00513823021893428,0.00315055704366249,-0.0007947590788302,0.000334114650139741,11.6700000762939,0.614143716629812
2017-01-06,0.00357166143806964,-0.84168877895132,0.00514590008185314,-0.00676273770249983,0,0.000240246404552464,11.3199996948242,0.638299647132973
2017-01-09,-0.00330646184761019,-0.932608152201215,0.00450682939117359,-0.396948127663555,-0.00330100152241139,0.000249098470161328,11.5600004196167,0.556942165544053
2017-01-10,0,-0.911271265264013,0.00449028692588169,-0.324927146654023,-0.00330100152241139,0.000257781428934277,11.4899997711182,0.59036831494684
2017-01-11,0.0028219834197909,-0.881227267252188,0.0043475242450094,-0.344778894191921,-0.000484361087096249,0.000261047502811929,11.2600002288818,0.536244913911253
2017-01-12,-0.00251289438079461,-0.965460652114108,0.0043819377281492,-0.303970040657033,-0.00299288517156333,0.000265707089125865,11.539999961853,0.577786459734095
2017-01-13,0.0022927695642192,-0.873748148654085,0.00416584423975259,-0.37348934035869,-0.00070435506982021,0.000290098015776709,11.2299995422363,0.488270720106093
2017-01-17,-0.00352962103484522,-0.968511986070546,0.0037981160709695,-0.164156920415346,-0.00422527259055899,0.000357072137297972,11.8699998855591,0.444365455912275
2017-01-18,0.00220761918232792,-0.870731514514918,0.00372620664581198,-0.145138238567488,-0.00202455291935368,0.000417485954807893,12.4799995422363,0.443346179356406
2017-01-19,-0.0037117770996371,-0.973396595240661,0.00379754850668807,-0.118120425118006,-0.00572194912953037,0.000456827015124164,12.7799997329712,0.453896115696785
2017-01-20,0.00366770370179381,-0.866684031285831,0.0038502894864454,-0.139221335778643,-0.00206853611901916,0.000484924559809739,11.539999961853,0.484291539794129
2017-01-23,-0.00260573340386472,-0.969263661760983,0.0038063556788532,0.0398257943520025,-0.00466549450919662,0.000511770560344597,11.7700004577637,0.472437481389093
2017-01-24,0.00639137707334037,-0.903235043366586,0.00399880161581098,-0.072248315003472,0,0.000523890400093742,11.0699996948242,0.452848204498318
2017-01-25,0.00861812785601579,-0.995536033346048,0.00434762950907549,-0.0522730929966514,0,0.000522518097936105,10.8100004196167,0.496683506272997
2017-01-26,-0.00104590960764739,-1.0725004993976,0.00436515991357905,0.0280162366077635,-0.00104536283483506,0.000520381342294794,10.6300001144409,0.468556523224132
2017-01-27,-0.00157076361927899,-1.15104475033796,0.00437478891244197,0.152546300326337,-0.00261325272163656,0.000518144852559122,10.5799999237061,0.355802583765401
2017-01-30,-0.00622094003674079,-0.985724506768613,0.00418364214759992,0.370283894729686,-0.00879867634712993,0.00050673773702329,11.8800001144409,0.361726379338964
2017-01-31,-8.81503022407415e-05,-0.69541600507354,0.00418231610021979,0.366106643374231,-0.00888604719245134,0.000491739729187879,11.9899997711182,0.367436071284328
2017-02-01,0.000395291835745049,-0.675166788264102,0.00406424998380899,0.314732401769791,-0.00849419049483929,0.000472085897643189,11.8100004196167,0.0170491655613867
2017-02-02,0.000658965376649334,-0.797937488537133,0.00375787608312335,0.372169419049789,-0.00784060717489073,0.000451660578369693,11.9300003051758,0.0203485677506255
2017-02-03,0.00686924966713587,-0.898582030614418,0.00383011197017908,0.404191591065418,-0.0010017545948999,0.000406564279438765,10.9700002670288,0.0582822024189271
2017-02-06,-0.00178924442858808,-0.987213484818159,0.00385398303457687,0.424949179277218,-0.00278760849865166,0.000351717187211686,11.3699998855591,0.0544310473527504
2017-02-07,4.36517912163481e-05,-1.00350073062911,0.00379110934135795,0.556175156209671,-0.00274407744144204,0.000273966595608914,11.289999961853,0.0300573525867145
2017-02-08,0.0013095187068517,-1.00434248391804,0.00370056154033644,0.465929350568905,-0.00143729671517267,0.000267154255043041,11.4499998092651,0.0329209206853682
2017-02-09,0.00591523487647905,-1.10792483715445,0.00387513417835507,0.31569700060723,0,0.000248226443628729,10.8800001144409,0.0568865644249355
2017-02-10,0.00393824825329592,-1.19334939913584,0.00391084513609744,0.283818731512349,0,0.000236506480528949,10.8500003814697,0.0400075048218601
2017-02-13,0.00542771441540868,-1.28173541914048,0.00394646921171212,0.0908786536846159,0,0.000218725367801056,11.0699996948242,0.0263775870008829
2017-02-14,0.00398736115759402,-1.35708925734545,0.00398504956903514,0.0410190886849754,0,0.000214055018992754,10.7399997711182,0.0375326200547171
2017-02-15,0.00520707036689849,-1.42692386966115,0.00390264649490124,-0.135143956387556,0,0.000211316192579678,11.9700002670288,0.0281397132672889
2017-02-16,-0.000851986159733364,-1.48275519357692,0.0039432040688029,-0.0328624833611304,-0.000851623322576979,0.000204278628356745,11.7600002288818,0.0364669728408502
2017-02-17,0.00157550235923498,-1.42660882142436,0.00374803764946148,-0.0955202339347661,0,0.000206696302136122,11.4899997711182,0.0102234925662177
2017-02-21,0.00593720579334178,-1.48972620819304,0.00383340152598988,-0.121028226875889,0,0.000207226905127452,11.5699996948242,0.00105061453069124
2017-02-22,-0.000888396759489929,-1.53478914230613,0.0037474812335905,-0.124802836962046,-0.000888002251923362,0.000209953066129471,11.7399997711182,0.011810855506158
2017-02-23,0.000677013100547796,-1.56381586097542,0.00362473087909113,0.00448198640853026,-0.000211361318990534,0.000222749187848919,11.710000038147,0.0166876725197682
2017-02-24,0.00126808129776013,-1.56081731852329,0.0032726927213834,-0.124399866385976,0,0.000248982254518174,11.4700002670288,-0.00175592729677491
2017-02-27,0.00156169577631626,-1.60610403908599,0.00322175261836353,-0.224695260566087,0,0.000266507419867138,12.0900001525879,0.0183183885877628
2017-02-28,-0.00270283661400228,-1.64708088533215,0.00328609042914109,-0.229902012806722,-0.00269918723974925,0.000264226581855441,12.9200000762939,0.112278872161475
2017-03-01,0.0139004958597289,-1.43284457737952,0.00380426183431239,1.25409958944504,0,0.000248725600413534,12.539999961853,0.194390786053551
2017-03-02,-0.00631749658295,-1.45296907179486,0.00423415900986668,0.675332217305822,-0.00629758315781135,0.000253184369792852,11.8100004196167,0.257384506210459
2017-03-03,0.000629446340337125,-1.01103889354611,0.00422948483052501,0.670820518236133,-0.00567190391304839,0.000264831192457034,10.960000038147,0.700376877796126
2017-03-06,-0.00298257814872382,-1.0636257730502,0.00436851217875638,0.647248972360687,-0.00863314690057479,0.00029358873577669,11.2399997711182,0.691574232738954
2017-03-07,-0.00299127625038764,-0.85502280195795,0.00435271541498954,0.838212748605987,-0.0115941681994589,0.00031623201827088,11.4499998092651,0.685387924561723
2017-03-08,-0.00185809119863656,-0.753868919871141,0.00435539281982243,0.837511425461157,-0.0134290111954981,0.000335699466696879,11.8599996566772,0.650214815738536
2017-03-09,0.00126721397109186,-0.556833446696024,0.00434224062403089,0.806064730839954,-0.0121780221870427,0.000350952883059841,12.3000001907349,0.681456541251528
2017-03-10,0.00349814367743484,-0.682504991999944,0.00436065512459722,0.726525621072064,-0.00871642793386259,0.000362530135361811,11.6599998474121,0.684764383833234
2017-03-13,0.000504996088367626,-0.798911436381831,0.00425927651485426,0.915799189697004,-0.00821570718713839,0.000369710535426553,11.3500003814697,0.671286538245246
2017-03-14,-0.00383423933190752,-0.904023237978101,0.00436997507540651,1.00827279956349,-0.0120111645356107,0.00038132562694848,12.3000001907349,0.699734539046714
2017-03-15,0.00861613369665815,-0.560027859548748,0.00457841948672583,0.95840059888794,-0.0034617420456083,0.000404334516453912,11.6300001144409,0.694801723321413
2017-03-16,-0.00196869430186553,-0.66810862771448,0.00458470108039732,1.11626893754267,-0.00542169133211449,0.000424530703671594,11.210000038147,0.697739245908026
2017-03-17,-0.00175767593041609,-0.651975061929775,0.00451378954341354,1.34222033853561,-0.00716830224852139,0.000436852773849995,11.2799997329712,0.679722952797346
2017-03-20,-0.00109769674946758,-0.557538022364541,0.00451814636331507,1.34524210891649,-0.00825753244431754,0.000447764638976994,11.3400001525879,0.648051453763914
2017-03-21,-0.0129225864076341,-0.579713872905888,0.00538876482185595,0.375353683935184,-0.0209909585765165,0.00052420970032255,12.4700002670288,0.710408860622779
2017-03-22,0.00235026894937018,0.50500852588869,0.00524374513129886,0.435557186148584,-0.0186873179982432,0.000569397108903908,12.8100004196167,0.734319584591094
2017-03-23,-0.00106761935266952,0.270150779144359,0.00524499822692456,0.440142702797093,-0.0197344273520038,0.000599981044790349,13.1199998855591,0.736682435305401
2017-03-24,-0.000726662942658329,0.101174792898679,0.0052415512613011,0.479894205048138,-0.0204464912710467,0.000613514381110047,12.960000038147,0.751396416242332
2017-03-27,-0.00102664361043914,0.0339371372395729,0.00523078980742793,0.545539555642994,-0.0214516275751999,0.000586602435058313,12.5,0.752087308440699
2017-03-28,0.0072504643027651,-0.0325582022395229,0.00548018412773333,0.460636315323031,-0.0143309144885573,0.00055370361727257,11.5299997329712,0.746115131163184
2017-03-29,0.000934446794228272,-0.196668419542539,0.00545301537880572,0.375518151328826,-0.0134094286987623,0.000501784987723139,11.4200000762939,0.744713635085111
2017-03-30,0.00317911505967849,-0.364224886359126,0.00450846757249329,-0.463725815312312,-0.0102679528450523,0.000462766312802756,11.539999961853,0.646748940176151
2017-03-31,-0.00233025257645458,-0.507896935759717,0.0043313227833343,-0.537062291854738,-0.0125715934233256,0.000458260161519469,12.3699998855591,0.612560846533423
2017-04-03,-0.00174087681160184,-0.384340465024311,0.00433672817182096,-0.457407877240377,-0.0142890892313781,0.000453181284254222,12.3800001144409,0.606677133457506
2017-04-04,0.000637170057298242,-0.417105803978535,0.00430134364435879,-0.580394551927691,-0.0136608236191218,0.000455994408969814,11.789999961853,0.606156866576187
2017-04-05,-0.0029768647173043,-0.495891317578135,0.00430088421961877,-0.580861741378713,-0.0165926559134374,0.000458183323729281,12.8900003433228,0.623006339861447
2017-04-06,0.00280708231335147,-0.448746715169789,0.00433356393073001,-0.705055350853855,-0.0138282724402665,0.000459055869851353,12.3900003433228,0.669873487639052
2017-04-07,-0.00101990028753018,-0.58506200689265,0.0043283520722981,-0.632216212296073,-0.014833556536848,0.000459622750027404,12.8699998855591,0.684328299920714
2017-04-10,0.000595093228085375,-0.671226519112758,0.00425243567768776,-0.598233633623889,-0.0142471161817708,0.000464317421750785,14.0500001907349,0.678353811646755
2017-04-11,-0.00119054080300085,-0.75456551642905,0.00425315284906874,-0.540397965660648,-0.0154199968919252,0.000464613029789547,15.0699996948242,0.671948989160455
2017-04-12,-0.00439163000641773,-0.746186689255078,0.00427767108181328,-0.527634125614251,-0.0197344273520038,0.000468357456969578,15.7700004577637,0.662415423580834
2017-04-13,-0.00651603152662972,-0.490332299466264,0.00394953386027351,-0.899906583978126,-0.0261011034699963,0.000495826581463717,15.960000038147,0.654440972854278
2017-04-17,0.00882087364695572,0.0250667463019403,0.004494322109931,-0.413240889511818,-0.0174724642384814,0.000496996220563598,14.6599998474121,0.669509152186143
2017-04-18,-0.00298858138086988,-0.13644955569157,0.00451840454244595,-0.373637628946069,-0.0204044443252252,0.000496926637934819,14.4200000762939,0.691012324445501
2017-04-19,-0.0018403556398594,-0.0617356519302926,0.00452507465742575,-0.348867605918888,-0.022205590647636,0.000496825810988798,14.9300003051758,0.710880354161016
2017-04-20,0.00810626570982187,-0.065486337329959,0.00397211251834721,0.747588871893064,-0.0142471161817708,0.000489967466439773,14.1499996185303,0.686263128859714
2017-04-21,-0.00319204381877203,-0.225038352823882,0.0040148457851622,0.885297777767938,-0.0173886659316949,0.000482432931484256,14.6300001144409,0.546579213138761
2017-04-24,0.0109378579069501,-0.233066655310828,0.00465027486764868,0.845780542076084,-0.00658200968587237,0.000455720413113762,10.8400001525879,0.621837641930779
2017-04-25,0.00580189298472966,-0.370275812262295,0.00477136523821772,0.648678027226362,-0.000801552234314845,0.000428847918865357,10.7600002288818,0.631594098762786
2017-04-26,-0.000629263370583111,-0.498563030924924,0.00476393479708605,0.641291694210223,-0.0014301134314276,0.000399614130826384,10.8500003814697,0.637712129572488
2017-04-27,0.000838683397670792,-0.521736656898417,0.00454117804404068,0.811489736834694,-0.000592278155990918,0.00032647323821064,10.3599996566772,0.676993371961929
2017-04-28,-0.00218161181615173,-0.655244896272482,0.00458245417087481,0.877119224264726,-0.00277022127408453,0.000230182991255876,10.8199996948242,0.673112438068578
2017-05-01,0.002517169202922,-0.636978202386267,0.00456542673822911,0.902314271505683,-0.000256863240202674,0.00023208404682103,10.1099996566772,0.664543130881901
2017-05-02,0.000376600937158855,-0.754861345672116,0.00452012599485772,0.854331287821169,0,0.000233592719162306,10.5900001525879,0.647755727061214
2017-05-03,-0.00121507681484534,-0.860578283518177,0.00450790335004059,0.848084632585282,-0.00121433890791365,0.000234515365348995,10.6800003051758,0.655838984302226
2017-05-04,0.0011732556895554,-0.748815802767914,0.00450944471355727,0.829900761547237,-4.18202507988518e-05,0.000234483390665613,10.460000038147,0.65637094746243
2017-05-05,0.00392952241302424,-0.852796790872618,0.00448280784710594,0.666062307915342,0,0.000233567845045411,10.5699996948242,0.621517838180054
2017-05-08,-0.000167013876562372,-0.941563977892506,0.0044694107170678,0.765173565744169,-0.000166999930520963,0.000232942359694445,9.77000045776367,0.521963792450068
2017-05-09,-0.000918522648398756,-1.0031876367096,0.00446734886763805,0.763487610208874,-0.00108494754332725,0.00023199584556661,9.96000003814697,0.511756146871845
2017-05-10,0.00179413350726065,-0.980784403370238,0.00447157789693402,0.72255912601126,0,0.000228376675444306,10.210000038147,0.499785795358052
2017-05-11,-0.00204445788201557,-1.06351234058607,0.00449543319777767,0.729622426859876,-0.00204236940151273,0.000224377613209888,10.6000003814697,0.447348036417398
2017-05-12,-0.00167274555308872,-0.99591933504039,0.00437391293021772,0.78013345129021,-0.00371030318693913,0.000221543971395264,10.3999996185303,0.412679795892078
2017-05-15,0.00550834404207556,-0.851115205259423,0.00412099032396005,0.880408622378081,0,0.000204303776608501,10.4200000762939,0.344935089533902
2017-05-16,-0.000915854866546439,-0.929936743491054,0.00379952024969112,1.12987926362834,-0.000915435599483673,0.000250733554465938,10.6499996185303,0.26985682313323
2017-05-17,-0.0179034692768782,-0.926311845476801,0.00557995198820607,-1.25516344362875,-0.0186433463198079,0.000354175225010199,15.5900001525879,0.609093881474295
2017-05-18,0.00402036584400989,0.976963902682492,0.00560902614667398,-1.37175801524966,-0.0146899919079869,0.000430968140622928,14.6599998474121,0.603798149204984
2017-05-19,0.00648327006192684,0.715482758187673,0.00551184473621432,-1.46811584735995,-0.0082812085423819,0.000460117779650167,12.039999961853,0.581087585096292
2017-05-22,0.00506464720749378,0.49565430308982,0.00552250922078309,-1.63520186913493,-0.00324576211830726,0.000479821159825069,10.9300003051758,0.62067105969579
2017-05-23,0.00221032872692462,0.29014152969991,0.00504415888998227,-2.28427042190774,-0.00104017094983436,0.000486186185594382,10.7200002670288,0.605956839273763
2017-05-24,0.00232996301416488,0.0957280924021605,0.00491962732846034,-2.41794405282821,0,0.000488338548361264,10.0200004577637,0.599158803643255
2017-05-25,0.00476805749081688,-0.0774291601665257,0.00500292961407937,-2.42289525681895,0,0.000492485524122466,9.98999977111816,0.594130860821609
2017-05-26,-0.000206682471215913,-0.232827008927191,0.00500632982656428,-2.38766819354927,-0.000206661113865457,0.000494547127884659,9.8100004196167,0.593514263911527
2017-05-30,-0.000869161406019003,-0.381567717315843,0.00497776072307787,-2.4598745436281,-0.00107526536469192,0.000495729234825231,10.3800001144409,0.589546516253902
2017-05-31,-0.000248700297478699,-0.329527318742327,0.00496326746421876,-2.40282771110775,-0.00132366735325054,0.000495527274513808,10.4099998474121,0.579558028232304
2017-06-01,0.0079210759060242,-0.466858914390384,0.00521685230924515,-2.13656590631895,0,0.000500636384249773,9.89000034332275,0.569699458010275
2017-06-02,0.00332273502435942,-0.577847199758385,0.00521855075523699,-2.25331873358004,0,0.000503063355701506,9.75,0.570536837211822
2017-06-05,-0.000737472195258881,-0.688294851849884,0.00523426073087517,-2.18194809861005,-0.000737200329475008,0.000503691577625713,10.0699996948242,0.554451848865591
2017-06-06,-0.00320186740826855,-0.713244406600555,0.00526809019534721,-1.97685298143603,-0.0039315905839511,0.000501845975525042,10.4499998092651,0.549783101603827
2017-06-07,0.00184845709117454,-0.490204575573889,0.00527001226419908,-2.02991784057147,-0.00208869814020029,0.00049646249360311,10.3900003433228,0.610688429427226
2017-06-08,0.000492301955859809,-0.613967106952717,0.00525614128322144,-2.08358029866735,-0.00159730350717475,0.000487407956864542,10.1599998474121,0.616292289022371
2017-06-09,-0.00151865574911803,-0.696413166291375,0.00527623304879576,-1.9728844357238,-0.00311238276903513,0.000475819889546541,10.6999998092651,0.61626612990988
2017-06-12,-0.000205498718748309,-0.705522834622544,0.00524360667324557,-2.05421843764325,-0.00331722084940969,0.000461445388473713,11.460000038147,0.642229122161798
2017-06-13,0.00487793322088059,-0.695298539160081,0.00528475940495837,-2.15932177574901,0,0.00043505377074565,10.4200000762939,0.68457543069996
2017-06-14,-0.00126853822818251,-0.786423144934107,0.00520828430186504,-2.1010444050948,-0.00126773397367618,0.000371413452605228,10.6400003433228,0.696651254252947
2017-06-15,-0.00192612978149587,-0.743459109271568,0.00522930150528465,-2.05285770104344,-0.0031895704875744,0.000201021834072174,10.8999996185303,0.735708737944882
2017-06-16,0.00021846673561754,-0.65919001937514,0.00303695591221382,0.44823778661757,-0.00297177677753465,0.000509435789560882,10.3800001144409,0.595341364016278
2017-06-19,0.00829074973482768,-0.725358302207645,0.00333611410557051,0.545984406445724,0,0.000626102166438909,10.3699998855591,0.645581725474064
2017-06-20,-0.00676708000098269,-0.804137094680572,0.00364348171264336,0.183418878477785,-0.00674423487575639,0.000680327753634196,10.8599996566772,0.673047926148795
2017-06-21,-0.000246966889484668,-0.346790495627508,0.00354193907267116,0.347789788536145,-0.00698950587437676,0.000727180599605938,10.75,0.651909304265467
2017-06-22,-0.000452690114897791,-0.364299156500566,0.00354067967500634,0.452851797119085,-0.00743893017641285,0.000776166396012673,10.4799995422363,0.650295049370281
2017-06-23,0.00119340788069788,-0.441427612392193,0.00352448309371709,0.502073150326227,-0.00625369287851565,0.000819120718970324,10.0200004577637,0.647267392893996
2017-06-26,0.000657763067755113,-0.56600627241344,0.00340085520408296,0.650061318636398,-0.00559982823854234,0.000861071628508395,9.89999961853027,0.627456481641193
2017-06-27,-0.00808880125660494,-0.66013482241279,0.00388671779842219,0.174592084123783,-0.0136108899749318,0.000869516399407854,11.0600004196167,0.660234463199276
2017-06-28,0.00891075765782912,-0.0885049808058944,0.00431947591121595,0.221575736160202,-0.00478213864542382,0.000865194360546287,10.0299997329712,0.684622891571565
2017-06-29,-0.00882768197183026,-0.233117148046217,0.00478643216950174,0.0318854669374843,-0.0135289416190441,0.000861507423842172,11.4399995803833,0.706095834475849
2017-06-30,0.00186266118393874,0.320394462925465,0.00447084384859912,-0.0221199783996909,-0.0116897679225432,0.000846174693764677,11.1800003051758,0.720042355318714
2017-07-03,0.00169409207908533,0.158309959017665,0.00442283304170702,0.0111177829108413,-0.0100140603860356,0.000828857745799227,11.2200002670288,0.698665671666294
2017-07-05,0.00230944159057778,-0.0386604791910794,0.00445254808643507,-0.0805393639337691,-0.00772510359434674,0.000808577659313811,11.0699996948242,0.716766024593355
2017-07-06,-0.00918644300505278,-0.224998342184225,0.00484175950398452,-0.215899076651187,-0.0167988388879536,0.000790849662184006,12.539999961853,0.718313945194744
2017-07-07,0.00646397196450543,0.854614795350573,0.00504430408662379,-0.205775917596632,-0.0104228693032797,0.000779598464083979,11.1899995803833,0.738464321714288
2017-07-10,0.00107336258024215,0.605954441655423,0.00504914690181202,-0.221503878735712,-0.00936012398743191,0.000769057555864699,11.1099996566772,0.741636741375126
2017-07-11,-0.000742823887258659,0.376540772037674,0.00504065297852306,-0.244011607044384,-0.0100957217074019,0.000756628092868628,10.8900003433228,0.774508434226172
2017-07-12,0.00748648620698411,0.128736783227353,0.00529843694566504,-0.277996409594158,-0.00265700680688016,0.000759960922842692,10.3000001907349,0.797424067056793
2017-07-13,0.00167883368389621,-0.0828330171675851,0.00520720841139239,-0.235563215927518,-0.000981227511742224,0.000755368476602465,9.89999961853027,0.785901294642739
2017-07-14,0.00465337954347955,-0.28335860367752,0.0052831406176398,-0.358128119081067,0,0.000759800792700214,9.51000022888184,0.792661544399764
2017-07-17,-0.000122050504392845,-0.472503410116034,0.00525651732590835,-0.408957641440457,-0.000122043056532961,0.000761396519441648,9.81999969482422,0.785406132823
2017-07-18,0.000529349700371995,-0.651138016638697,0.00525590302522085,-0.417743789876516,0,0.000722817720739774,9.89000034332275,0.812636291348611
2017-07-19,0.0053992017304143,-0.743881403223478,0.00507894416565914,-0.514713941033425,0,0.000686805038380062,9.78999996185303,0.830556631108106
2017-07-20,0.000445440890082693,-0.881687705319037,0.00480276346565335,-0.654992047606767,0,0.000657062781796148,9.57999992370605,0.800679799105927
2017-07-21,-0.000890724719307734,-1.0224939036672,0.00481179131078605,-0.633409723783264,-0.000890328141801116,0.000612152925238886,9.35999965667725,0.805369802216826
2017-07-24,-0.000243023883999882,-0.865067009953465,0.00480935714371328,-0.640394420893825,-0.00113310615317566,0.000556669836553516,9.43000030517578,0.767672416585065
2017-07-25,0.00242786902889058,-1.00896822393036,0.00482226518544442,-0.670708229190791,0,0.000485180433398527,9.43000030517578,0.777226487374024
2017-07-26,4.03743776304921e-05,-1.13601703363685,0.00482526741696076,-0.650951573084217,0,0.000368548648562504,9.60000038146973,0.780804121746842
2017-07-27,-0.000930088667535856,-1.25307901192207,0.00439974977559868,-0.677504372314004,-0.000929656269137973,0.000314875412957342,10.1099996566772,0.711019752000859
2017-07-28,-0.0011738899236855,-1.1355826632865,0.00404580796690076,-0.876694427123144,-0.00210176677973866,0.00034320717719053,10.289999961853,0.702384830813104
2017-07-31,-0.000566936561713582,-1.08062313251398,0.0034317776712167,-0.708777594944276,-0.00266735143256256,0.000463456363031075,10.2600002288818,0.619914656282066
2017-08-01,0.00222621041081439,-1.0855122777083,0.00343695527625846,-0.719707788053492,-0.000444605875623458,0.000546800348615037,10.0900001525879,0.602917815924248
2017-08-02,0.000485148442154859,-1.2016944716408,0.00343618933016916,-0.669240755421455,0,0.000614004557173693,10.2799997329712,0.420112240482046
2017-08-03,-0.00194200758335494,-1.30756818140928,0.00348119966811073,-0.49872376960858,-0.00194012310671436,0.000667566987859273,10.4399995803833,0.445501098784619
2017-08-04,0.0018208134979032,-1.07079385043733,0.00262289758074634,1.05442709101538,-0.000121186741744739,0.000798522764321406,10.0299997329712,0.408917738923948
2017-08-07,0.00185752353593127,-1.18391831942298,0.00235143436933469,1.22113992665036,0,0.000921104621100219,9.93000030517578,0.364598206118642
2017-08-08,-0.00246406940156696,-1.28760092749366,0.00247820326667882,1.09752037765665,-0.00246103607451359,0.00100027242525386,10.960000038147,0.333070291940303
2017-08-09,-4.04021368876073e-05,-1.08273665406829,0.00245886054646184,1.09519893014185,-0.00250133796613848,0.00106076241967486,11.1099996566772,0.32995079400597
2017-08-10,-0.0142157537636418,-1.09671544056236,0.00378992020061544,-2.40505486087808,-0.0165812181569017,0.00103127615863273,16.0400009155273,0.543285370984283
2017-08-11,0.00147568199870918,0.89552341347004,0.00378554662134624,-2.40706855674707,-0.0151289334717055,0.00100113590775857,15.5100002288818,0.535369930979687
2017-08-14,0.00986434887518683,0.630079853331671,0.00425191167142121,-1.29685628422375,-0.005365747103576,0.00096117358880288,12.3299999237061,0.560164939829199
2017-08-15,-0.000121707752916755,0.393107594305577,0.004251910415682,-1.29686916699249,-0.00548679443712069,0.00091865579435143,12.039999961853,0.567536930856359
2017-08-16,0.00174273215364185,0.140936844758055,0.00426498136421415,-1.32418317992148,-0.00375211319321024,0.000871645432548791,11.7399997711182,0.554898883949269
2017-08-17,-0.0157135475713686,-0.0869473649353836,0.00534223126877009,-1.50045597087305,-0.0192843488985047,0.000891311175492093,15.5500001907349,0.617088786202236
2017-08-18,-0.00156447030582818,1.66816315399992,0.0053375970033718,-1.45000290816301,-0.0208174498549557,0.000925384843896592,14.2600002288818,0.625215533182817
2017-08-21,0.000782288123718722,1.74783840268774,0.005349487609651,-1.48467453219274,-0.0200511472794027,0.000957997519260376,13.1899995803833,0.621768760970427
2017-08-22,0.0104029694063197,1.3597028480956,0.00588041217457503,-1.03168503146926,-0.00980355908908942,0.00103165285893026,11.3500003814697,0.652670800023001
2017-08-23,-0.00359184221083986,1.04628586534185,0.0058891921565244,-0.89145303909214,-0.0133538086775002,0.00109818806465152,12.25,0.654299749806854
2017-08-24,-0.00233338872708,1.12208261057218,0.00589999141632546,-0.829122349152728,-0.0156533538681741,0.00115932026302523,12.2299995422363,0.654219322418064
2017-08-25,0.00233338872708,1.06216639459199,0.00593557865628272,-0.888182427814766,-0.0133538086775002,0.00122545969558564,11.2799997329712,0.658340315475368
2017-08-28,4.09900952984543e-05,0.744938419806077,0.00593471798428414,-0.918423384830835,-0.0133133651272052,0.00128328819091569,11.3199996948242,0.658235071892752
2017-08-29,0.00114424463201157,0.463736471894613,0.0059448204194176,-0.954893069154512,-0.0121837080630132,0.00131818753641333,11.6999998092651,0.660593755245977
2017-08-30,0.00472644129360322,0.336630685562528,0.00602396569837866,-0.951562776156407,-0.00750380141041038,0.00134557557481595,11.2200002670288,0.650822277558404
2017-08-31,0.00599760639202884,0.11145229666996,0.00617592184410068,-0.960754430977004,-0.00153331344445606,0.00136886796295551,10.5900001525879,0.789812166332824
2017-09-01,0.00141329383633781,-0.0970794775543181,0.00616630206342554,-1.04270118847273,-0.000121188992214723,0.00138051964793066,10.1300001144409,0.765551258201856
2017-09-05,-0.00720781650915292,-0.296251245192311,0.00635719999201041,-0.824292186805665,-0.00730222112295094,0.00132992349097476,12.2299995422363,0.771850079703777
2017-09-06,0.00340773058038923,0.465129181225801,0.00639193021470532,-0.838612769861705,-0.00391360407704985,0.00122380252231084,11.6300001144409,0.789123218549138
2017-09-07,-0.000121174729414975,0.211936377580149,0.00637060460682917,-0.89856349241917,-0.00403429726391945,0.00108794485440635,11.5500001907349,0.770327050547882
2017-09-08,-0.00117560213509105,-0.0258595698608108,0.00637510963538331,-0.870856352804801,-0.00520446870774145,0.000889895935253474,12.1199998855591,0.773471946447717
2017-09-11,0.0106094774452812,0.0066341077226598,0.00591769518862838,-0.714248715776313,0,0.000800885551666806,10.7299995422363,0.73559534742854
2017-09-12,0.00336494033293899,-0.161216040866566,0.00593876675947103,-0.750240531129044,0,0.000684814653737962,10.5799999237061,0.737348064360198
2017-09-13,0.000479782780972826,-0.346080594435888,0.00559267938829895,-0.846517103848446,0,0.000598749855538437,10.5,0.681223904114783
2017-09-14,-0.000319712608114031,-0.509788841092073,0.00559429361190471,-0.840750017595294,-0.000319661505484283,0.000489316944362048,10.4399995803833,0.70318990218188
2017-09-15,0.00134533149398663,-0.606877726622253,0.00559121365112878,-0.831997217026577,0,0.000337682089683999,10.1700000762939,0.708250346135347
2017-09-18,0.00212462382709688,-0.78266429123135,0.00414644224850984,0.482487687581082,0,0.000499441994929881,10.1499996185303,0.605900940759986
2017-09-19,0.00100045024406459,-0.943634118094177,0.00408850364057149,0.433262792869717,0,0.000622517871427176,10.1800003051758,0.606492026607709
2017-09-20,0.000360135178261167,-1.09753488835396,0.00409396199271284,0.445534182515217,0,0.000719548119832594,9.77999973297119,0.610932811686347
2017-09-21,-0.00268316530845247,-1.18765545615044,0.00366339981782511,0.360767506774648,-0.00267956883777762,0.000847489763479708,9.67000007629395,0.573405127319006
2017-09-22,0.000200533076844422,-0.952360344838869,0.00351645893924772,0.363080646184555,-0.00247955304889593,0.000960870589021707,9.59000015258789,0.583953310779914
2017-09-25,-0.00204679328824309,-1.00719798321883,0.00350268479133016,0.367028962134342,-0.00451918314194554,0.00105050413062651,10.210000038147,0.598854386672384
2017-09-26,0.00060251967009961,-0.869684501803346,0.00349479558548996,0.439997632625014,-0.00391920563760884,0.00112054402010723,10.1700000762939,0.555106779220434
2017-09-27,0.00388673421556618,-1.01337624317644,0.00353660874770393,0.291507903134905,-4.0170827316442e-05,0.00117152927886809,9.86999988555908,0.591657435584449
2017-09-28,0.0011991442226611,-1.15319272652851,0.003536515183996,0.28926137216612,0,0.00120874901081421,9.55000019073486,0.599652060497998
2017-09-29,0.00350879520534164,-1.28999385228859,0.0034870528426616,0.317118533534134,0,0.00123319217015824,9.51000022888184,0.599376844482747
2017-10-02,0.00432944302970384,-1.41537883969123,0.00339082051903862,0.313925096777692,0,0.00124227209569657,9.44999980926514,0.573960756123434
2017-10-03,0.00213767718720881,-1.51797516486983,0.00339724590210534,0.282146423430652,0,0.00123669368195085,9.51000022888184,0.588517805677114
2017-10-04,0.00118589521685486,-1.62233463406938,0.00280122189891936,1.44228166653726,0,0.00123698505043641,9.63000011444092,0.581554142599128
2017-10-05,0.00590778615175047,-1.72715986229932,0.00293237763724289,1.28373762876939,0,0.00120181176827616,9.1899995803833,0.643757973318548
2017-10-06,-0.00113975817550305,-1.79606997532396,0.0029723224011302,1.24968652030483,-0.00113910889785023,0.00114080622279323,9.64999961853027,0.678611769599217
2017-10-09,-0.00165226011842901,-1.72179606174313,0.00299678532337365,1.21682719234476,-0.00278812423579204,0.00104879158995685,10.3299999237061,0.633809414060764
2017-10-10,0.00263463669530317,-1.48145666929099,0.00220334474464683,0.143203914480007,-0.000157369214794847,0.00102373299646384,10.0799999237061,0.575578705359274
2017-10-11,0.00156975684485694,-1.58239272291996,0.00215175032262644,0.228032690336231,0,0.000966033425847575,9.85000038146973,0.593551946259294
2017-10-12,-0.0014912687667028,-1.69479788887878,0.00222523137796359,0.249543078282103,-0.00149015737796421,0.000905355456908213,9.90999984741211,0.567569091721987
2017-10-13,0.00121666890281169,-1.45958713653058,0.00220207886057212,0.168469594568042,-0.000274562164799363,0.000808912000900276,9.60999965667725,0.552530336616215
2017-10-16,0.001332761932888,-1.5812316574112,0.00220202545737228,0.169311127044586,0,0.000659518560483342,9.90999984741211,0.52279272127363
2017-10-17,0.0007049338028704,-1.68952654787092,0.00219243218015946,0.261453634259904,0,0.000652472114779492,10.3100004196167,0.531430528712611
2017-10-18,0.000978011966176418,-1.79307547669547,0.00219248041674364,0.262931556654716,0,0.000636283780914557,10.0699996948242,0.532212380695507
2017-10-19,0.000273841408874986,-1.88348441968121,0.00219398325374359,0.267411589003626,0,0.000605076203103461,10.0500001907349,0.470173969663156
2017-10-20,0.00514700301636228,-1.95649376880954,0.00218802114327619,0.330143972421676,0,0.000596975510309247,9.97000026702881,0.38412679936792
2017-10-23,-0.0038967830309895,-2.00212169014986,0.00246971957245146,-0.0407587405085692,-0.00388920042444937,0.000579769607118296,11.0699996948242,0.36598039845594
2017-10-24,0.0017554623820315,-1.46536051946925,0.00235200194792454,-0.141888709203586,-0.00213902965743794,0.000561622836207764,11.1599998474121,0.27093767223294
2017-10-25,-0.00496246954532609,-1.56966428507622,0.00273338451315837,-0.447629516432948,-0.00707861791818009,0.000532943817389967,11.2299995422363,0.355170160729071
2017-10-26,0.00129176007613818,-0.854696511395148,0.00266228454668127,-0.395946259288422,-0.00579517294504248,0.000495840744294533,11.3000001907349,0.32440993664996
2017-10-27,0.00814314376966951,-1.01228659705445,0.00308027608818054,0.0388808098642894,0,0.000463639095523895,9.80000019073486,0.611435206478245
2017-10-30,-0.00373213611356515,-1.12117108698949,0.00323159435818371,0.145530452630716,-0.00372518034955672,0.000442636990536396,10.5,0.520143662540974
2017-10-31,0.00155681207979086,-0.845699061301659,0.00314576436176677,0.22825525021361,-0.00217295973113462,0.000423801365621111,10.1800003051758,0.514396462879786
2017-11-01,0.00132116343499256,-0.930489650646251,0.00313476662125092,0.26578772635848,-0.000853795907460319,0.000402330947844386,10.1999998092651,0.51397874040608
2017-11-02,0.000388413085111061,-1.07515379804798,0.00313550307113289,0.302599635936333,-0.000465639070134572,0.000417675582710672,9.93000030517578,0.519438410674914
2017-11-03,0.00333288221709083,-1.11953740167034,0.00297297948647749,0.256693288076117,0,0.000419382008968072,9.14000034332275,0.486782508146324
2017-11-06,0.00154657999508601,-1.25477174939553,0.00294738800844182,0.143660402829764,0,0.00041831460729039,9.39999961853027,0.481041564040835
2017-11-07,-0.000695590723658768,-1.3873970419383,0.00291428822424352,0.124896233114003,-0.000695348856514564,0.000414780967185248,9.89000034332275,0.486517418754265
2017-11-08,0.00169947196009446,-1.26760857571154,0.00289315502397341,0.164661940743833,0,0.000409348503921194,9.77999973297119,0.496348829262724
2017-11-09,-0.00363431624147026,-1.39351390290674,0.00304569492070698,0.229504262917222,-0.00362772010743057,0.000403615305606611,10.5,0.512270966071304
2017-11-10,-0.000309966109921511,-0.786465213544314,0.00301620411919252,0.194328857244294,-0.00393651388678663,0.000396671039722567,11.289999961853,0.526175839722627
2017-11-13,0.000929339738439339,-0.847699034312942,0.00301411237213349,0.208376089526516,-0.00301040223760872,0.000384081119226013,11.5,0.522818814473165
2017-11-14,-0.00232524187400429,-1.01410401369877,0.00307635389900268,0.324334008166722,-0.00532595104944375,0.000368975212529912,11.5900001525879,0.534920346229131
2017-11-15,-0.00501761331656603,-0.798412896931006,0.00329835887645953,0.283949247958274,-0.0103043405415555,0.000358169125695712,13.1300001144409,0.563645523944466
2017-11-16,0.00846481389650133,0.0515103514901193,0.00376104125369573,0.446255964228631,-0.00189119334299943,0.000378739044091554,11.7600002288818,0.535166100155905
2017-11-17,-0.00294281720128886,-0.14888922010326,0.0038370278907017,0.504852069024041,-0.00482412744687887,0.000391309714390925,11.4300003051758,0.588389612445371
2017-11-20,0.00170487351646642,0.0450659367405008,0.00369424299991924,0.594693585393451,-0.00312603134931083,0.000373498186048476,10.6499996185303,0.596290181446449
2017-11-21,0.00652143294447871,-0.195123120385563,0.0038114462329049,0.435101108212978,0,0.000380826778796794,9.72999954223633,0.619400376117857
2017-11-22,-0.000884866188206601,-0.384919105830887,0.00381898395776659,0.528967377498385,-0.000884474809568804,0.000364940207082337,9.88000011444092,0.61048916227797
2017-11-24,0.00230709076302738,-0.519740227347098,0.00361449046579335,0.519811952385366,0,0.000359071381280623,9.67000007629395,0.601559803757747
2017-11-27,-0.000499203352170241,-0.711805969452591,0.00362679544358812,0.583613996942528,-0.00049907877090815,0.000342355292750122,9.86999988555908,0.59330105225604
2017-11-28,0.0100933444007474,-0.891538895424077,0.00384146298764763,0.779878380365995,0,0.000359033109565121,10.0299997329712,0.36724065705537
2017-11-29,-0.000608673212940225,-1.00499736346241,0.0037095592161692,0.841608519390598,-0.000608488008978189,0.000367836590215605,10.6999998092651,0.476901354140381
2017-11-30,0.00871673316549426,-1.15609998780914,0.00406623332711148,0.718231115890031,0,0.000396266777099264,11.2799997329712,0.557957603735531
2017-12-01,-0.00207761910143667,-1.251508445618,0.00413794474089264,0.77052911318437,-0.00207546234476881,0.000423265410069448,11.4300003051758,0.565271619296109
2017-12-04,-0.00121085439639401,-1.07254410419862,0.00416961229615009,0.798930477146902,-0.00328307239094528,0.000445669613100662,11.6800003051758,0.517542300837586
2017-12-05,-0.00360281933546869,-0.983389319803309,0.00426544825341033,0.905415398489796,-0.00686760232548819,0.000459873693590111,11.3299999237061,0.510472222027676
2017-12-06,0.000189687555034013,-0.28813340789874,0.00426489140188923,0.951934306705269,-0.00667919960088682,0.000463341756384771,11.0200004577637,0.487150462592747
2017-12-07,0.00314834505605965,-0.494935939583618,0.00427991819721277,0.821029721519246,-0.00354695486350625,0.000456120652717242,10.1599998474121,0.489288775814729
2017-12-08,0.00543834419107547,-0.682583237895606,0.00438758829222377,0.690635588649512,0,0.000443925519275732,9.57999992370605,0.496834679818324
2017-12-11,0.00300864435491821,-0.823865861138082,0.00426218221585637,0.601990509552108,0,0.000426536760971003,9.34000015258789,0.507131676129006
2017-12-12,0.00176313328443189,-0.98268925130672,0.00424265710559507,0.542649782024272,0,0.00039564361717519,9.92000007629395,0.500655985595543
2017-12-13,-0.000112311034755841,-1.12108597017111,0.00425667319686679,0.570108825407349,-0.000112304728107634,0.000352472489611677,10.1800003051758,0.495123686297324
2017-12-14,-0.00409469284244413,-1.0667048746658,0.00435316640495919,0.517690665018027,-0.00419816683322473,0.000305817453418654,10.4899997711182,0.496579719525445
2017-12-15,0.00829262843226708,-0.534246831816742,0.004334398618987,0.443421317739973,0,0.000270972646741855,9.42000007629395,0.509540792118383
2017-12-18,0.0063214643321281,-0.680027353789706,0.00419959768946538,0.434821448564152,0,0.000265647503719946,9.52999973297119,0.486588925496553
2017-12-19,-0.0038477876004599,-0.816224568920125,0.00425683612365483,0.396510938696739,-0.00384039435134113,0.000264143246121072,10.0299997329712,0.491310152281366
2017-12-20,-0.000524356153039029,-0.376000997831585,0.00429043966134453,0.453737980185924,-0.00436259984717486,0.000252869439173738,9.72000026702881,0.494352120511615
2017-12-21,0.00205758352389651,-0.254428404618206,0.00415458537022707,0.583174928419422,-0.00231188370046816,0.000243927922899839,9.61999988555908,0.455149056289508
2017-12-22,-0.000261352199300013,-0.450468189354701,0.00413803631783117,0.574650159640812,-0.00257259761331739,0.000233931056514392,9.89999961853027,0.485989563770086
2017-12-26,-0.00119699888247204,-0.433417833983391,0.0041803401706969,0.663886858803512,-0.00376580282419982,0.000201172733769972,10.25,0.469999147884845
2017-12-27,0.000486396721419702,-0.44551010709573,0.00416255190223373,0.642557126590765,-0.00328111991239287,0.000159446278216102,10.4700002670288,0.476326435645424
2017-12-28,0.00205522348471288,-0.567007288150667,0.00367620258066604,0.605034347082501,-0.00123053337737539,0.000180153665585882,10.1800003051758,0.521251439327906
2017-12-29,-0.00377769877814238,-0.736011095907963,0.00381403463374882,0.55858965674651,-0.00499646581326442,0.000167498511541439,11.039999961853,0.504754264813547
2018-01-02,0.00713197761733664,-0.243815055442698,0.0036663083038936,0.453388865511574,0,0.000201091022475377,9.77000045776367,0.489316196393
2018-01-03,0.00630516828504302,-0.416397306962406,0.00377895908972467,0.262250339431802,0,0.000218160756711639,9.14999961853027,0.477903573446706
2018-01-04,0.00420582709277451,-0.57111581972712,0.00378294705917623,0.0896032794602445,0,0.000232221075827878,9.22000026702881,0.490345635091318
2018-01-05,0.00664229874988909,-0.729298462345567,0.0037427910929095,-0.0477796763255357,0,0.000244744061859532,9.22000026702881,0.543061202929703
2018-01-08,0.00182688078564563,-0.860232867038871,0.00371888949107812,-0.106670162231693,0,0.000255769287408085,9.52000045776367,0.579394064306793
2018-01-09,0.00226079549627389,-1.00304649035307,0.00371185314755471,-0.0733095058886277,0,0.000263487031879556,10.0799999237061,0.588406026979928
2018-01-10,-0.00153123028209734,-1.13638247378978,0.00370949051115894,0.11698694287458,-0.00153005854715091,0.000261967083548217,9.81999969482422,0.614997592286593
2018-01-11,0.00726948471047173,-1.04234571353593,0.00389304673091257,0.0841862618306123,0,0.000257290330607241,9.88000011444092,0.596865972358349
2018-01-12,0.00649832692203933,-1.14412549202238,0.00401594005094171,-0.0224142539230074,0,0.000251422745435348,10.1599998474121,0.631973048058098
2018-01-16,-0.00342438004452106,-1.23240986460352,0.00417288453091805,-0.0199597200809962,-0.00341852354204618,0.000247653138699188,11.6599998474121,0.654288881766697
2018-01-17,0.00948629096231812,-0.785221482594398,0.00422774122101888,-0.0565595403704382,0,0.000239800445956928,11.9099998474121,0.707215560979641
2018-01-18,-0.00168194563975188,-0.895821646675623,0.0041246811044252,0.105045759660892,-0.00168053196187172,0.000228503956459417,12.2200002670288,0.691315912396548
2018-01-19,0.00453920864462276,-0.944562682857085,0.00405346371870626,0.131172789654171,0,0.000223403845918922,11.2700004577637,0.733569970972525
2018-01-22,0.00809793454523966,-1.06811860840871,0.00401209203339892,0.0344433257160259,0,0.000213605504752634,11.0299997329712,0.628717006036494
2018-01-23,0.00212036504650293,-1.15175782676699,0.00394717089582742,-0.0344608137309015,0,0.0001991946753721,11.1000003814697,0.627679509285816
2018-01-24,-0.000388199739346007,-1.25928449402008,0.00400627003614672,0.0305986511602318,-0.000388124399575971,0.000193659086925351,11.4700002670288,0.641862159813249
2018-01-25,0.000423232169040944,-1.12904988647575,0.0039837047004789,0.0174322427467144,0,0.000188232757907426,11.5799999237061,0.623264180411709
2018-01-26,0.0115117151601112,-1.24625474754964,0.00430918378796693,0.0513690649636213,0,0.000198843525972687,11.0799999237061,0.608539456975627
2018-01-29,-0.0066525226045302,-1.30321319192598,0.0047989890335082,-0.195925083002192,-0.00663044356359838,0.000271454236074546,13.8400001525879,0.637436887685797
2018-01-30,-0.0103096565824563,-0.538699808080403,0.00561018762809792,-0.482038926917955,-0.0168191313684681,0.000443884946594172,14.789999961853,0.64040211462981
2018-01-31,0.000496888689675679,1.56543322044947,0.00544981299201651,-0.568046581486404,-0.0163304785219577,0.000534428872883381,13.539999961853,0.580182814633915
2018-02-01,-0.00113586167483781,1.24305432538682,0.00540533007105623,-0.404907365057311,-0.0174471567160685,0.000590846134749287,13.4700002670288,0.575477723027816
2018-02-02,-0.0220105111498174,1.05757536451112,0.00747141523942533,-1.34760887712404,-0.0388373786131017,0.000915636155474347,17.3099994659424,0.747705639227517
2018-02-05,-0.042722376594849,3,0.0120428965044731,-2.1753690921807,-0.0790357315188303,0.00189407417567574,37.3199996948242,0.759845762335584
2018-02-06,0.0195105245902276,3,0.0127758265925667,-1.75867978244912,-0.0608908025551383,0.00255634821118367,29.9799995422363,0.797415251677459
2018-02-07,-0.00543938993572723,3,0.0128008314876666,-1.66821178622994,-0.065985116132834,0.00301779088192569,27.7299995422363,0.79767599371401
2018-02-08,-0.0382303888190387,3,0.0151105848736429,-1.3804844258444,-0.101018923365017,0.003618275618263,33.4599990844727,0.815512151582396
2018-02-09,0.0149098463635848,3,0.0156096530656056,-1.32888635377753,-0.0875148318299136,0.00410943653558309,29.0599994659424,0.824751621251924
2018-02-12,0.0145776850823438,3,0.015910923781717,-1.27247199926121,-0.0741154819438012,0.00450860318846258,25.6100006103516,0.807818907359132
2018-02-13,0.00248430883529505,3,0.015828932813638,-1.26178107321133,-0.0718124393050346,0.00480237210761729,24.9699993133545,0.804480936013716
2018-02-14,0.0134058335394398,3,0.0161800333785573,-1.2887951115681,-0.0592855321639952,0.00504648760744696,19.2600002288818,0.813720801801684
2018-02-15,0.0126795166106959,3,0.0163008861070675,-1.27158660764789,-0.0472817874226082,0.00522478491652382,19.1299991607666,0.812549181373195
2018-02-16,0.000293044976798384,3,0.0163032637672989,-1.28872744708927,-0.0470025572246022,0.00532739941115742,19.4599990844727,0.810745775633227
2018-02-20,-0.00628078783253017,2.69739969531967,0.0162890957981172,-1.19858815193741,-0.0529693741968493,0.00535775891548893,20.6000003814697,0.810309081436414
2018-02-21,-0.00498672626016727,2.65587893837991,0.0161510571250631,-1.12235911388675,-0.0576802011233739,0.00531168891795228,20.0200004577637,0.821253935316846
2018-02-22,0.00129508756114305,2.59080960468076,0.016141075643526,-1.11741524520992,-0.0564590238781848,0.00519308641263897,18.7199993133545,0.821038640956639
2018-02-23,0.0158135293115595,2.19323083339241,0.0166131878882111,-1.10226404825053,-0.0414197120993526,0.00502697410035711,16.4899997711182,0.83462598951498
2018-02-26,0.0115455618254972,1.87562646787467,0.0168513459136765,-1.12943082883333,-0.0302882281546038,0.00478496806167,15.8000001907349,0.851902126451395
2018-02-27,-0.0125653630849349,1.59469095705824,0.0167824190804493,-0.97098969033829,-0.0423967751944604,0.00447231218907868,18.5900001525879,0.858206909528359
2018-02-28,-0.0101815291002332,2.07630815771617,0.0168482135200375,-0.933692676203301,-0.0520971740496894,0.00410327114221065,19.8500003814697,0.868024065281002
2018-03-01,-0.0146476787713983,2.38564703537567,0.016978308480961,-0.889510354086438,-0.0658805564322775,0.00370839388031495,22.4699993133545,0.867246061852442
2018-03-02,0.00514175942844286,2.84494373478483,0.0170485584584578,-0.914203969461961,-0.0610651698051963,0.00314935503017741,19.5900001525879,0.879512213916558
2018-03-05,0.011491955489932,2.41015134260988,0.0173092812629291,-0.954913925641884,-0.0502127341100186,0.00233374883246997,18.7299995422363,0.875327662981638
2018-03-06,0.00253148740322029,2.05278820958986,0.0166804706045606,-1.18833197322353,-0.0478053137191303,0.00147838081781037,18.3600006103516,0.87400390089939
2018-03-07,-0.000366501091231264,1.72710774649108,0.0135869044176216,-1.11531762010973,-0.0481542301676813,0.00130899479200744,17.7600002288818,0.850700245666318
2018-03-08,0.00482743798703567,1.51853335581271,0.0129818682120008,-1.2473082613434,-0.043548144890148,0.00128488166813948,16.5400009155273,0.830938957938897
2018-03-09,0.0172526127867707,1.26324946734453,0.0133689515500214,-1.29146261037238,-0.0269036840191293,0.00122029491304817,14.6400003433228,0.838738553655454
2018-03-12,-0.00125591505773226,1.05795899788702,0.00975998900164383,-0.306461670801078,-0.0281250432127533,0.00181648729095126,15.7799997329712,0.761547832865274
2018-03-13,-0.00648328057458336,0.845463670195122,0.00964866027141756,-0.131890429902128,-0.0344055999361482,0.00224512053063136,16.3500003814697,0.794567300584219
2018-03-14,-0.00514495704232232,1.08977919769431,0.00939050986949712,0.0318137157103208,-0.0393607836106672,0.00259558449625689,17.2299995422363,0.82117901615089
2018-03-15,-0.00109004284296343,1.1671280567322,0.00940899995150604,0.0858026449800496,-0.0404073510078852,0.00286879616189411,16.5900001525879,0.820559827823737
2018-03-16,0.00108353996813992,1.01767292058945,0.00901072375350022,0.182475972913804,-0.0393670305069302,0.00311161280530969,15.8000001907349,0.801218574156587
2018-03-19,-0.0136229416577329,0.811009715932006,0.00913296236761488,0.282187741633185,-0.0523649414963003,0.00328666809718924,19.0200004577637,0.815296936320001
2018-03-20,0.00169950642557826,1.34658010544925,0.00914233249324628,0.259290001735641,-0.0507530603120246,0.00341652405060387,18.2000007629395,0.818150120004817
2018-03-21,-0.00192129407009922,1.14828824938213,0.00904604922072978,0.212394190915837,-0.0525750919385441,0.0035134977014904,17.8600006103516,0.803676829656275
2018-03-22,-0.0253148534466465,0.96851930686263,0.0105681658968625,-0.28479465158195,-0.0762579854135579,0.00350796436798981,23.3400001525879,0.81790645866852
2018-03-23,-0.0215448289960847,2.39620299702556,0.0114631388743979,-0.228156015503863,-0.0959469894448074,0.00345716334123503,24.8700008392334,0.847785418103219
2018-03-26,0.0269913914461313,3,0.0125421301924733,0.182719965627721,-0.0712130405111829,0.00335313451087413,21.0300006866455,0.874306972319556
2018-03-27,-0.017158100308678,2.80265724065394,0.0126128001731888,0.35947300519595,-0.0870133212940076,0.00321816544395796,22.5,0.87816907408212
2018-03-28,-0.0029593026305843,3,0.0124162701889624,0.287898487772059,-0.0897111313869056,0.0030678112303626,22.8700008392334,0.880077805357848
2018-03-29,0.0126967093826273,2.83803413912059,0.0127009860287737,0.102591318601054,-0.0780797744421643,0.00289084509421674,19.9699993133545,0.888791218707468
2018-04-02,-0.0218211525500465,2.4109097408513,0.0131652395836891,0.0316393415399263,-0.0979792321630491,0.00268363272988381,23.6200008392334,0.875713961273802
2018-04-03,0.0127356741180114,2.92248146764986,0.013462491065528,0.00308440763272733,-0.0864179253657224,0.00244672841967839,21.1000003814697,0.878454063412211
2018-04-04,0.0106423423959026,2.47344794740554,0.0134233350212655,0.00411106904744211,-0.0766433521985557,0.00213477313427999,20.0599994659424,0.888652954304487
2018-04-05,0.00786085289030858,2.10379583162484,0.0135500463392061,-0.0387222038950159,-0.0693563780325649,0.00185262025507901,18.9400005340576,0.886622666956218
2018-04-06,-0.0225377948155243,1.77013849549421,0.0143320359656317,0.0224501446973378,-0.0900964375224251,0.00190213241096735,21.4899997711182,0.896544016893515
2018-04-09,0.00491622127131119,2.47294258032526,0.0143342088051899,0.0217614475327364,-0.0856121363972803,0.00197686399830838,21.7700004577637,0.896914336564444
2018-04-10,0.0157755769691228,2.08242548328192,0.01423758478773,0.0100020271524989,-0.0710727582679188,0.00202539146330427,20.4699993133545,0.89824614873089
2018-04-11,-0.00525616907229853,1.76510290705393,0.0142509070410373,0.0505522437664214,-0.0759425474770181,0.00205952642245059,20.2399997711182,0.902130233974885
2018-04-12,0.00819361329022961,1.56562455787023,0.0143998867413644,-0.0787444987864399,-0.0683400747250092,0.00207209147437104,18.4899997711182,0.90752025892684
2018-04-13,-0.00293744421793107,1.29668196912167,0.014381554557133,-0.100846326911193,-0.0710727582679188,0.0020404237039741,17.4099998474121,0.904996990279815
2018-04-16,0.00818800527398977,1.05692950287867,0.0145396014938139,-0.175413356470026,-0.0634354727153766,0.0019877366646052,16.5599994659424,0.905462228284631
2018-04-17,0.0106416161969483,0.850023929408908,0.0147611504769076,-0.236468724839239,-0.0534156937075196,0.00187441597083132,15.25,0.909817023002156
2018-04-18,0.000739821065714352,0.679782987379214,0.0144622317250786,-0.360336221791929,-0.0527151315838951,0.00170884795232283,15.6000003814697,0.906033380067037
2018-04-19,-0.00556285029954662,0.511756033781647,0.0145058828649454,-0.286738080677416,-0.0579701056295574,0.00148348882803179,15.960000038147,0.883553075948405
2018-04-20,-0.00851574006670397,0.644194681826703,0.0146122811648715,-0.223281629301429,-0.0659581271149989,0.00114546685189854,16.8799991607666,0.866163890983745
2018-04-23,-0.000149810015271257,0.827910368741223,0.0134786789392304,-0.245644922866375,-0.0660980454613933,0.00091936379914894,16.3400001525879,0.872542899545626
2018-04-24,-0.0135585951086181,0.757792927339065,0.0129263192171389,-0.180318892065266,-0.0786749884220146,0.000787626083146364,18.0200004577637,0.867383527870233
2018-04-25,0.00246854890189763,1.10168826913573,0.0114780565071116,-0.545251670743727,-0.076397843110474,0.000896966649107498,17.8400001525879,0.815172549794957
2018-04-26,0.0101143360601599,0.923323261067617,0.0110044006796568,-0.754981051832029,-0.06700881867674,0.00105125721182023,16.2399997711182,0.798223764001844
2018-04-27,0.000938237899641869,0.739884516398549,0.0109665188089579,-0.812392711965582,-0.0661330402103615,0.00117580632338312,15.4099998474121,0.775352283861398
2018-04-30,-0.00772031726401412,0.559429342669607,0.0108017626743347,-0.663176535712749,-0.0733150301294478,0.00131124393511787,15.9300003051758,0.692006147448926
2018-05-01,0.00177533051911016,0.771967595703151,0.00954581570104598,-0.691388775000225,-0.0716683967941171,0.00156748391668512,15.4899997711182,0.698190105353194
2018-05-02,-0.00674013409210072,0.588532220886608,0.00932992774768254,-0.560158807910476,-0.0779044368004538,0.00179057045907057,15.9700002670288,0.568942802520183
2018-05-03,-0.00220617386622557,0.756113817865409,0.00904446776179232,-0.481390098709361,-0.0799364975702606,0.00199556053569007,15.8999996185303,0.539808369265085
2018-05-04,0.0128632975149587,0.663504581084799,0.00932799526661071,-0.410275530369832,-0.0680250006853391,0.00213483570792803,14.7700004577637,0.575586273222626
2018-05-07,0.00337754108650312,0.504903141421288,0.00777230967480933,0.062921722464653,-0.0648718949589852,0.00235301189922317,14.75,0.516314267186302
2018-05-08,0,0.353938344672611,0.00773194351340188,0.15154155710819,-0.0648718949589852,0.00251552418822024,14.710000038147,0.513388107687227
2018-05-09,0.00961946243920764,0.294067543123309,0.00724799782649729,-0.0355688556358096,-0.055833060612846,0.0026724852965042,13.4200000762939,0.485479773192105
2018-05-10,0.00930719072082287,0.171112167244367,0.00733824398922166,-0.216716032624533,-0.0470044980079072,0.00277180834216051,13.2299995422363,0.481552955245419
2018-05-11,0.00304661663523564,0.0586463562731689,0.00718678314642788,-0.167270005317887,-0.0440966587717219,0.00282939312091581,12.6499996185303,0.471319140027744
2018-05-14,0.000476375676957019,-0.0523922998937691,0.00712631847562157,-0.231563458014483,-0.0436411811898312,0.0028475509486785,12.9300003051758,0.470895361510914
2018-05-15,-0.00691060047499725,-0.156761888367007,0.00716726701715517,-0.0414183057753794,-0.0502274112837627,0.00280769971469949,14.6300001144409,0.482766046911203
2018-05-16,0.00419602968374466,0.098030355469903,0.00684972737987614,-0.060813507328612,-0.0462337644379116,0.00271871376525991,13.4200000762939,0.46253586187336
2018-05-17,-0.000845015700057239,-0.0168028576754141,0.00685406186489203,-0.0271358554314818,-0.0470393714579188,0.00259796291595703,13.4300003051758,0.467809494304912
2018-05-18,-0.0025031630765211,-0.0721533612713137,0.00675535813482582,-0.0650287249879722,-0.0494218042637554,0.00241522598083789,13.4200000762939,0.4516698761278
2018-05-21,0.00749026320118507,-0.0554822511240593,0.00659664113942765,-0.236090995293306,-0.0422749910420721,0.00214614983515167,13.0799999237061,0.376007830825211
2018-05-22,-0.00278384616586624,-0.148075188149398,0.006648277441229,-0.183167064000147,-0.0449374424891322,0.00192045822148068,13.2200002670288,0.383072616265185
2018-05-23,0.00274736937314479,-0.168701346947092,0.00574564535410938,0.144474651158703,-0.0423099251415619,0.00173382247357152,12.5799999237061,0.26879835397087
2018-05-24,-0.00205079200405667,-0.259185743117275,0.00580538593252965,0.238543924334886,-0.0442719357639542,0.00163938417003254,12.5299997329712,0.286732135793514
2018-05-25,-0.00238534466140905,-0.278855638474578,0.00552586566775242,0.403881884203387,-0.0465489597765382,0.00156229955502782,13.2200002670288,0.293821590494848
2018-05-29,-0.011567806264436,-0.215055220981358,0.00617262785128028,0.151454931014448,-0.0575147493466232,0.00140058080711638,17.0200004577637,0.351618478668195
2018-05-30,0.0132565735567569,0.298620193776996,0.00647631832076126,0.152773493047531,-0.0449374424891322,0.00118546623247785,14.9399995803833,0.375218834282719
2018-05-31,-0.00614460709355757,0.178376782708257,0.00668289954081073,0.23791817402841,-0.0507879337620362,0.00106693156207653,15.4300003051758,0.372341403487924
2018-06-01,0.00976964667940461,0.305570145006165,0.00669061087307477,0.0683448368073627,-0.0414690201251951,0.00094079946570013,13.460000038147,0.702763677935548
2018-06-04,0.00473994548837631,0.178648909927431,0.00665188440194696,-0.0676482812985154,-0.0369148508010704,0.000815877071867784,12.7399997711182,0.713374764948709
2018-06-05,0.000727590583064597,0.0562719618328383,0.00618797784167765,-0.060665466524141,-0.036213864131098,0.000603828629548065,12.3999996185303,0.733882090814815
2018-06-06,0.00832584240018885,-0.0572082610981052,0.00635118078940107,-0.110445613767689,-0.0281560350961549,0.000558454233744007,11.6400003433228,0.722398008685079
2018-06-07,-0.000108218901104351,-0.154152669400624,0.00635278689074695,-0.108099540101205,-0.0282612012914943,0.000504151096041215,12.1300001144409,0.704946633627791
2018-06-08,0.00295184755156708,-0.246575876144423,0.00610576374464721,-0.0678657259712284,-0.0253885387527119,0.000491190249930445,12.1800003051758,0.643237076376498
2018-06-11,0.00132926937535061,-0.325364185481463,0.0058388027662102,0.000747565464174086,-0.0240921561544543,0.000477651241785645,12.3500003814697,0.609852512172124
2018-06-12,0.00129125856632939,-0.401676489641596,0.00582255480463952,0.0430660163598301,-0.0228311928515129,0.000467284059649125,12.3400001525879,0.615437690557921
2018-06-13,-0.00319581742612662,-0.463711113595534,0.00589526121450813,0.113641605861158,-0.0259490612309855,0.000448501762403493,12.9399995803833,0.631316462827136
2018-06-14,0.00251477779026299,-0.387617425879441,0.00562567789753504,0.0219391649960927,-0.0234964569787778,0.000432505079457623,12.1199998855591,0.5970181677063
2018-06-15,-0.00127684042608944,-0.459930508148244,0.00561261717325425,0.152974590152064,-0.0247425005100621,0.000433607878888112,11.9799995422363,0.612454586430433
2018-06-18,-0.00205899196240011,-0.430955585546341,0.00563941898655718,0.175618305467089,-0.0267484820042081,0.00042423122709985,12.3100004196167,0.595137390749944
2018-06-19,-0.00384013072989386,-0.434038574023501,0.00568831831961473,0.185908717230715,-0.0304787281658846,0.000412027093133038,13.3500003814697,0.582852969854876
2018-06-20,0.00170470148510837,-0.244300130560615,0.00549190209790653,0.274118534602698,-0.028824574295247,0.000416057589801081,12.789999961853,0.556810573265254
2018-06-21,-0.00628866895186153,-0.328889741889546,0.00565282055075448,0.258450228989788,-0.0349128115230127,0.000400692086536763,14.6400003433228,0.573233303006004
2018-06-22,0.00182168168683905,-0.0511760765547039,0.00563798644958584,0.281937898976275,-0.0331531275601661,0.000404787345807192,13.7700004577637,0.552547175727567
2018-06-25,-0.0137064199045769,-0.15558203274589,0.00641674386865667,-0.0896343830742093,-0.0463147314914168,0.000412333409203633,17.3299999237061,0.640999316436929
2018-06-26,0.002211480630125,0.473608391737997,0.00641335846713906,-0.19002467115326,-0.0442033412040183,0.000404040722776999,15.9200000762939,0.644604083414958
2018-06-27,-0.00831891911103266,0.314055900827918,0.00615122224951738,-0.0736624203451645,-0.0521215551399584,0.000403787907450533,17.9099998474121,0.652058572755759
2018-06-28,0.00570162096040772,0.551858371398424,0.00554486272737906,-0.510675118391898,-0.0467016751628499,0.000407603434205609,16.8500003814697,0.709256888225082
2018-06-29,0.00143863681050593,0.390004733600609,0.00537503725329116,-0.693002226490601,-0.0453292381188279,0.000401386093840698,16.0900001525879,0.715851396250152
2018-07-02,0.00213534933969672,0.239679260425714,0.00494129608130829,-1.02634776264997,-0.0432885044736268,0.000422981163201371,15.6000003814697,0.658061942837958
2018-07-03,-0.00353727769728884,0.10733143381453,0.00486627735640475,-0.893303665325844,-0.0466666804138817,0.000438419151508929,16.1399993896484,0.646175620966496
2018-07-05,0.00812481046105251,0.216146216040041,0.00521373393524408,-0.704313876734752,-0.0388894765149451,0.00044580009921545,14.9700002670288,0.665795584410276
2018-07-06,0.0084227643862187,0.0946663555266133,0.00522163266220464,-0.69626755136995,-0.0307600810956304,0.000437016196922576,13.3699998855591,0.712027659455548
2018-07-09,0.00896407690921297,-0.0157872067385746,0.00558592346461312,-0.58606184618841,-0.0220326818204644,0.000410153930899506,12.6899995803833,0.747632614637285
2018-07-10,0.00359145477596368,-0.110701371491429,0.00560279967122665,-0.592552208913286,-0.0185140416885106,0.000396948049155991,12.6400003433228,0.774925531671287
2018-07-11,-0.00734088382508968,-0.209091956160637,0.00584026198293259,-0.422035954161154,-0.0256926352368132,0.000396986481710627,13.6300001144409,0.773717606500226
2018-07-12,0.00902482183890729,-0.00496280396399299,0.00616568793480348,-0.37819439231815,-0.016859887817873,0.000412063443866147,12.5799999237061,0.803395595863496
2018-07-13,0.00078740387330889,-0.107334639904687,0.00611414045697831,-0.473716416834744,-0.0160854546297022,0.000421326333312108,12.1800003051758,0.791452726498268
2018-07-16,-0.000894502679648745,-0.20771039403295,0.00610265616032649,-0.397081712661891,-0.0169651753121689,0.000432255584165223,12.8299999237061,0.791106692288267
2018-07-17,0.00403719536068792,-0.219063638007665,0.00614328258114398,-0.503687017471364,-0.0129884496707582,0.000443488676111495,12.0600004196167,0.796311434755464
2018-07-18,0.00210101932614215,-0.307794905127702,0.0061212854679761,-0.603794005026161,-0.0109125393281542,0.000452293028918191,12.1000003814697,0.791508238405057
2018-07-19,-0.00377822364472369,-0.388917555301479,0.00611896944630188,-0.605090512804175,-0.0146424822424393,0.000460092286355492,12.8699998855591,0.780427086807186
2018-07-20,-0.00114358922504376,-0.221631923062725,0.0061288102036844,-0.535882240587959,-0.0157686824046402,0.000463301725221345,12.8599996566772,0.739073704951126
2018-07-23,0.00185756899592171,-0.285699817936309,0.00592296001468527,-0.713035168716006,-0.0139387056964659,0.000463373683856538,12.6199998855591,0.715799760684092
2018-07-24,0.00501925403848524,-0.373738313437732,0.00598527018197547,-0.754099917013471,-0.00897697187829251,0.000463804649385057,12.4099998474121,0.706718731557291
2018-07-25,0.00848619841455722,-0.445783076395945,0.00512330618316944,-0.441195032050394,-0.000531168130785505,0.000464858980176801,12.289999961853,0.643191773192047
2018-07-26,-0.00236099759498121,-0.508592677541921,0.0052205022965491,-0.323627120017656,-0.00288812815574398,0.000452040163673946,12.1400003433228,0.665128545103493
2018-07-27,-0.00679996224062229,-0.499790266369057,0.00507876111454335,-0.23154839416386,-0.00964545042790633,0.000457870872743036,13.0299997329712,0.719828184374677
2018-07-30,-0.00523723169578805,-0.191234801121753,0.00524770090774686,-0.059766510084473,-0.0148186083273674,0.000465452425334418,14.2600002288818,0.726151499849422
2018-07-31,0.00491701683794865,-0.0147622286837514,0.0052981142983768,-0.14125797432703,-0.0099625259003597,0.000467812775443605,12.8299999237061,0.724633562405817
2018-08-01,-0.00167158297033509,-0.124033311377857,0.00534852038059699,-0.0462942381524252,-0.0116160732762145,0.000446163357386108,13.1499996185303,0.490746513001342
2018-08-02,0.00543301780898364,-0.140073995117884,0.00527959561561544,-0.231185536683603,-0.00623155194494386,0.000418564656858308,12.1899995803833,0.47656488993794
2018-08-03,0.00427513971186233,-0.237438148893572,0.0051199172551486,-0.227410362830218,-0.00197395856961359,0.000424032974405554,11.6400003433228,0.478123834316657
2018-08-06,0.00366078728334696,-0.327760235176199,0.00491295653928964,-0.238378818335118,0,0.000444680063801759,11.2700004577637,0.460559825217939
2018-08-07,0.00329687384228006,-0.409496614592293,0.00463411528844686,-0.31044911406006,0,0.000496109307780234,10.9300003051758,0.443858828338737
2018-08-08,-0.000419809066381838,-0.487298651745545,0.00461750085476385,-0.195485572475708,-0.000419720958885269,0.000540049755549143,10.8500003814697,0.447674063888155
2018-08-09,-0.00136718486922227,-0.560817233075824,0.0042395778830996,-0.06395591206198,-0.00178539821259823,0.000605809553163654,11.2700004577637,0.426026636217605
2018-08-10,-0.00672319386328102,-0.50380016706007,0.00421458249824189,-0.182156956212455,-0.00847407865516456,0.000642685172315508,13.1599998474121,0.394770947681165
2018-08-13,-0.00375015005619783,-0.265282026059116,0.00432169275563567,-0.0688865446309914,-0.0121854861276943,0.000659077648379778,14.7799997329712,0.398365629971184
2018-08-14,0.006360477534332,-0.124919942856995,0.00449730040941257,-0.178720801058547,-0.0058824903218261,0.000653707862970057,13.3100004196167,0.391878041385975
2018-08-15,-0.00749573218109312,-0.220898958753413,0.0047741653604306,-0.0765439039093849,-0.0133062708363092,0.00062441301580877,14.6400003433228,0.401771242598971
2018-08-16,0.00805922104952916,0.0121529992190984,0.00505991719757641,-0.0490932144679585,-0.00532215831560759,0.0005837178023087,13.4499998092651,0.400531653041939
2018-08-17,0.00351419148993681,-0.0977149859935603,0.00500111569111936,-0.221302980038788,-0.00182052080038705,0.000535313634535001,12.6400003433228,0.402082023585037
2018-08-20,0.00213732836666658,-0.196845352538062,0.00498685543215871,-0.31538562985023,0,0.000474694789464656,12.4899997711182,0.434952901810106
2018-08-21,0.00234266719682275,-0.290903443254456,0.00499210292404383,-0.32789177058716,0,0.000424464520191678,12.8599996566772,0.451312895185811
2018-08-22,-0.000593508486929295,-0.375784351043535,0.00491766246030704,-0.204915744726391,-0.000593332395605729,0.000352047688846153,12.25,0.442131640105826
2018-08-23,-0.00132905496975866,-0.444381246540987,0.00460351670910346,-0.183126514075639,-0.00192071651537533,0.000353781540014995,12.4099998474121,0.428940350933749
2018-08-24,0.00599991530938659,-0.389611419080237,0.00472211712141605,-0.330137200895276,0,0.000346047827235621,11.9899997711182,0.412784828995679
2018-08-27,0.00786474359601552,-0.457505502900696,0.00464186412067904,-0.409208660881945,0,0.000344791355036077,12.1599998474121,0.334898324366508
2018-08-28,0.00048280754231822,-0.518586897399601,0.00439452548565512,-0.49747752429874,0,0.000343379944783502,12.5,0.269202921993656
2018-08-29,0.00536662750036943,-0.583354314187839,0.00441221401790289,-0.496703817276818,0,0.000331988636436283,12.25,0.297861818234525
2018-08-30,-0.00405684876597512,-0.637832330886531,0.00453209227890007,-0.464737273841093,-0.00404863087169434,0.000304739348973928,13.5299997329712,0.423974173832075
2018-08-31,3.46696669417668e-05,-0.533458417375847,0.00445471225134829,-0.3471946064147,-0.00401410097086965,0.000279547258714725,12.8599996566772,0.35189759689039
2018-09-04,-0.00172389649382865,-0.54795045475632,0.00444788515133661,-0.182519595376061,-0.00572959847519742,0.000263352334576096,13.1599998474121,0.36253334942233
2018-09-05,-0.00269464000755271,-0.517803339217679,0.0044761639125088,-0.0108447244768,-0.00840519277677046,0.000257660765039016,13.9099998474121,0.410414243694768
2018-09-06,-0.00301472616655385,-0.459604131275516,0.00450690198084567,0.155856332924047,-0.011390078022203,0.00025871352835654,14.6499996185303,0.439054766631957
2018-09-07,-0.0019454039605673,-0.329131543875326,0.00453347329785758,0.195378616362746,-0.0133114541475437,0.000259244420539291,14.8800001144409,0.456549136942102
2018-09-10,0.0017367727403137,-0.345292489003474,0.00452508704519371,0.100301732018843,-0.0115963114024709,0.000246214615707578,14.1599998474121,0.400761802651953
2018-09-11,0.00329210579054351,-0.427362023856698,0.0042444326030046,0.0420127110404345,-0.00833701987325871,0.000243832867737572,13.2200002670288,0.431996417733433
2018-09-12,0.000241983017120972,-0.496181135535927,0.00410921357607598,-0.0181547944555311,-0.00809702523721864,0.000260708370189506,13.1400003433228,0.426598704238105
2018-09-13,0.00589724027754635,-0.530883169676698,0.00408110694116165,-0.0276888163431852,-0.00223025318340261,0.000284524132042721,12.3699998855591,0.460950991882222
2018-09-14,0.000171953975301342,-0.587980744071755,0.00358148971164186,0.363795752981337,-0.00205866795704433,0.000356202188637916,12.0699996948242,0.447952717399203
2018-09-17,-0.00530815521793215,-0.648022423437589,0.00354768812030474,0.246014528822184,-0.00734186103630618,0.000395375153146044,13.6800003051758,0.539786656255259
2018-09-18,0.00541159777567923,-0.424666668047314,0.00364114146523209,0.230752413841173,-0.00195543301382532,0.000413693377039704,12.789999961853,0.5528869791487
2018-09-19,0.00106472957776482,-0.494153261969691,0.0036314188349875,0.27413851123606,-0.000892219526446061,0.000422818598984984,11.75,0.543234064176654
2018-09-20,0.00807124066318909,-0.562806663628122,0.0039455063518044,0.303975041089655,0,0.000402459039719584,11.8000001907349,0.571478353474891
2018-09-21,-0.000914080711353904,-0.616064958361294,0.00395336034901171,0.311020159707682,-0.000913663066843576,0.000380901166465361,11.6800003051758,0.573531599968304
2018-09-24,-0.00332719664412551,-0.640483941411315,0.00403971338547877,0.305237028699454,-0.0042322958408606,0.000373606953563423,12.1999998092651,0.54036046797664
2018-09-25,-0.000928234914665538,-0.523965026989413,0.00389813161222516,0.490456974788512,-0.00515617333674754,0.000360226330252971,12.4200000762939,0.537745529713714
2018-09-26,-0.00299689330538655,-0.497835795179452,0.00361720015363118,0.609572004218568,-0.00813315107034889,0.000362694053496686,12.8900003433228,0.543609427370194
2018-09-27,0.00279022639051885,-0.452767344333914,0.00366000750237125,0.513605752124536,-0.00536175339714886,0.000370487297844715,12.4099998474121,0.54464630939139
2018-09-28,0.000102925698477918,-0.526089898309226,0.00347417279531383,0.667632982085723,-0.00525937429225454,0.000385627767546204,12.1199998855591,0.509295711882319
2018-10-01,0.00346848562809754,-0.593702155536518,0.00341253299970791,0.52208298441857,-0.00180314024422817,0.000391952966982799,12,0.549515011463439
2018-10-02,-0.000582973599454029,-0.653602769711558,0.00341893889768313,0.544281479815784,-0.00238489307077789,0.000395648495312576,12.0500001907349,0.542817418698228
2018-10-03,0.000548628169821264,-0.694755393013712,0.00338347969085771,0.476249710091461,-0.00183742315550012,0.000395546207321276,11.6099996566772,0.54142105287929
2018-10-04,-0.00784606618363792,-0.741541474314885,0.00379099862611797,0.0170618184175995,-0.00963842917109439,0.000372318250055051,14.2200002670288,0.627657912307197
2018-10-05,-0.00561311524146468,-0.365949756515559,0.00394334182453444,-0.0296243868712765,-0.0151818702572615,0.000342222311536309,14.8199996948242,0.652286864151625
2018-10-08,0,-0.164367889418641,0.00391417960399104,-0.0951042392973454,-0.0151818702572615,0.00030301933260425,15.6899995803833,0.63281025606272
2018-10-09,-0.00146052263915841,-0.208178509340863,0.00391570001031871,0.0175195656017942,-0.0166191695716151,0.0002556490620387,15.9499998092651,0.650393545567444
2018-10-10,-0.0321750107530061,-0.269004006509141,0.00799432822937573,-2.7128366658725,-0.0477558605873672,0.00095512645577314,22.9599990844727,0.809714882024626
2018-10-11,-0.0222724748253951,1.98170189074758,0.00916097878296353,-2.03131986440496,-0.0687302513700543,0.00148588814409858,24.9799995422363,0.765097119801048
2018-10-12,0.0137923092366439,2.74324513792316,0.00967724886356853,-1.62634258046613,-0.0557969056854804,0.00190729941781848,21.3099994659424,0.799530372302177
2018-10-15,-0.00563257321211541,2.3043414372034,0.00968642964171417,-1.53692755781345,-0.0611002489855135,0.00220860602748898,21.2999992370605,0.80924908943274
2018-10-16,0.02163051350687,2.05155506907672,0.0109993890576915,-0.863909452106076,-0.0405701271625972,0.00257443985347519,17.6200008392334,0.836319078618062
2018-10-17,0.000178096400791361,1.72068509507561,0.0108990394823076,-0.82942030264664,-0.0403992409387741,0.00284171375004617,17.3999996185303,0.837280614424235
2018-10-18,-0.0145462037640893,1.40902670784151,0.0112403447444581,-0.632732528151747,-0.054256757637311,0.00307404638272282,20.0599994659424,0.856627428585008
2018-10-19,-0.000543086055232678,1.81029087841603,0.010998588800014,-0.603085001724525,-0.0547702381593928,0.00324084397655245,19.8899993896484,0.851520708504826
2018-10-22,-0.00449868995755942,1.60268102503298,0.010997591252409,-0.555975435886394,-0.0590129832437575,0.00336467403962049,19.6399993896484,0.858177637507669
2018-10-23,-0.00510400576952286,1.39715879492002,0.0110082521079621,-0.53116765409953,-0.0638035504650911,0.00345420173736663,20.7099990844727,0.850360966453994
2018-10-24,-0.0307667324662635,1.46415417527841,0.0125532088774078,-0.567110680365048,-0.0921686676967977,0.00360209549425786,25.2299995422363,0.876540567540754
2018-10-25,0.017781424216472,2.50104807748096,0.0134525494097583,-0.458999188281655,-0.0758817605871677,0.00374594433857491,24.2199993133545,0.873329702085205
2018-10-26,-0.0177440493712773,2.09049638559235,0.0137259773964963,-0.276209874242003,-0.0921347370072169,0.00384656792300896,24.1599998474121,0.876733324434467
2018-10-29,-0.00555570132829342,2.28301373251757,0.0136897508298665,-0.219687086276783,-0.0971645801640719,0.00386842308703212,24.7000007629395,0.868746749686791
2018-10-30,0.0147099760507192,2.21891889506911,0.0142307914050516,-0.192330589696769,-0.0837857327438081,0.00385496908816909,23.3500003814697,0.850978271690255
2018-10-31,0.0106240270054894,1.84741952301514,0.0145745128828238,-0.239741408402905,-0.0739999574985826,0.00379015636182893,21.2299995422363,0.862449757541076
2018-11-01,0.0105855479936618,1.52726360135342,0.0148769824019219,-0.281354337198798,-0.0641456751344283,0.00365901833629296,19.3400001525879,0.850408601323604
2018-11-02,-0.00594044670745664,1.23694600449717,0.0148521805824805,-0.300214152477336,-0.0696885878880588,0.00347360779974827,19.5100002288818,0.746748033448891
2018-11-05,0.00550163570629891,1.02650689220708,0.0149513151021265,-0.393522753349379,-0.0645562482190791,0.00321089411839356,19.9599990844727,0.717611349418279
2018-11-06,0.00630832062128128,0.786722267261357,0.015065919684865,-0.436069369389675,-0.0586365169595331,0.00282666903294424,19.9099998474121,0.720834186971376
2018-11-07,0.0211828683881121,0.586677355369425,0.0159045944498777,-0.41765801379678,-0.0384830375316867,0.00231067768001411,16.3600006103516,0.747742051956875
2018-11-08,-0.00181663638180041,0.421232132869629,0.0142272841648412,-0.361591019034405,-0.0402281786041055,0.00210690023786283,16.7199993133545,0.697277843646188
2018-11-09,-0.00981636406646658,0.251087813401952,0.0134756832956189,-0.339890890708243,-0.0496035568755259,0.00194860345683281,17.3600006103516,0.728013606445522
2018-11-12,-0.0188619369704943,0.532374852204373,0.01380194742253,-0.161533112527932,-0.0673618700999359,0.00180948383975143,20.4500007629395,0.72840952097809
2018-11-13,-0.00187306676268317,1.30609171113978,0.013757538117493,-0.200621539497622,-0.069107128579585,0.00163449901129249,20.0200004577637,0.724697561803625
2018-11-14,-0.0068598595393885,1.07162311356789,0.0128504562952264,-0.185279720274178,-0.0754710700952865,0.00155210782566524,21.25,0.707044273860177
2018-11-15,0.0103823873781206,1.20473296300478,0.0131177354164505,-0.247597123633331,-0.0658222503843032,0.001446155821953,19.9799995422363,0.722127359790212
2018-11-16,0.00259725254103049,0.953983195635821,0.0127798619156101,-0.405649591640961,-0.0633928012695948,0.00136287473599945,18.1399993896484,0.716114972669822
2018-11-19,-0.0170591036756154,0.715982226871896,0.0132833676843778,-0.278949920629878,-0.0792349697905326,0.00123261485020167,20.1000003814697,0.743926865786158
2018-11-20,-0.0186796226240196,1.13151189008497,0.01380698196902,-0.200350584743867,-0.0962748681722265,0.001069092563928,22.4799995422363,0.766820700055682
2018-11-21,0.00340174165699736,1.84476905848345,0.0138337649401583,-0.285675884305349,-0.0931953939265005,0.000855453166904486,20.7999992370605,0.783342040108703
2018-11-23,-0.00670123260217803,1.49868591025943,0.0121887380858568,-0.00361991582577054,-0.0992517872022127,0.000888141843544911,21.5200004577637,0.775595623507784
2018-11-26,0.0160156152844495,1.4786037118103,0.0120626735467942,-0.0284731365918418,-0.0847096102396951,0.000972934126626314,18.8999996185303,0.775947931451037
2018-11-27,0.00335883066075482,1.19384864007992,0.0114120055127642,-0.125049813991533,-0.081630135993969,0.00111021008407506,19.0200004577637,0.791688293090602
2018-11-28,0.0227643481401651,0.928611679292768,0.0122939148283272,-0.130024467786014,-0.060484271951307,0.00115486617177005,18.4899997711182,0.827969771049009
2018-11-29,-0.0021875409637433,0.718005468599001,0.0119618163522759,0.000940086598752384,-0.062537254781791,0.00120608239740612,18.7900009155273,0.84325327008988
2018-11-30,0.00607689764985064,0.538050822257295,0.0118209640424221,0.0342672959626904,-0.0568230448790312,0.00124117651877144,18.0699996948242,0.834817829529914
2018-12-03,0.0131543509662322,0.346468050804983,0.0119391711927785,0.029935599975869,-0.0443342029686888,0.00123715297539266,16.4400005340576,0.856361262376275
2018-12-04,-0.0329389150461319,0.184500264337022,0.0139994882111286,-0.421893918291827,-0.0753000077606179,0.00119715256474392,20.7399997711182,0.905070868403706
2018-12-06,-0.0015184188035855,1.53455779023914,0.0139380044718813,-0.357465806453887,-0.0767030241636995,0.00114501075913676,21.1900005340576,0.929000076163386
2018-12-07,-0.0235101216050193,1.50895591945138,0.0146949535658226,-0.205971513549112,-0.0981566712608116,0.001117565271008,23.2299995422363,0.932868722540972
2018-12-10,0.0018951409452681,2.0029170390906,0.013742657524382,-0.292152048751791,-0.0964459305068952,0.00094143556404376,22.6399993896484,0.916023618934817
2018-12-11,0.000227043241538993,1.71338897675884,0.0137583919073382,-0.312287524830106,-0.0962407613718002,0.000918512458814477,21.7600002288818,0.915949109753764
2018-12-12,0.00502305894521271,1.37075439227018,0.0137645105697498,-0.453592966395512,-0.0916897049004486,0.000926976745399943,21.4599990844727,0.916667806008058
2018-12-13,-0.000339168353019836,1.07696517901843,0.0132233506868339,-0.613531937080996,-0.0919977227693595,0.000913132597320657,20.6499996185303,0.906764451522526
2018-12-14,-0.0186371661978315,0.926183254597033,0.0137565474422282,-0.469324072816193,-0.108763592675339,0.000913094706895142,21.6299991607666,0.911965090906575
2018-12-17,-0.0198138037752909,1.29871415932485,0.0142630317919429,-0.384700210743294,-0.126248581867416,0.000948349111688244,24.5200004577637,0.896092176946274
2018-12-18,-0.00109700520007205,2.07430563982528,0.0139535989800996,-0.332422955877313,-0.127206566163729,0.000965381439797236,25.5799999237061,0.887368482523298
2018-12-19,-0.0150889224830868,1.67854961168737,0.0141166714259716,-0.171346984767719,-0.140277219604237,0.000982594691100303,25.5799999237061,0.877395838830926
2018-12-20,-0.016411899033633,2.03022385753106,0.0140875925820822,-0.173434326408095,-0.154271750540631,0.00100032104088249,28.3799991607666,0.874758089097438
2018-12-21,-0.0207025285649403,2.23823122666092,0.01419911899616,-0.175139469081292,-0.171600470709068,0.00101445415739152,30.1100006103516,0.879954100574092
2018-12-24,-0.0267781630199657,2.68658809763907,0.0149068401362543,-0.040019146539812,-0.193489111594751,0.00106897335352482,36.0699996948242,0.879266069944477
2018-12-26,0.0492898027156636,3,0.0191109759815542,0.761909685253861,-0.152740349331125,0.00162154172819308,30.4099998474121,0.924511434128469
2018-12-27,0.0076481712159584,2.69593288265753,0.0187809259678126,0.824662680110969,-0.146235519138964,0.00192376591750733,29.9599990844727,0.920625882206158
2018-12-28,-0.00129081205971993,2.21953534245413,0.0187256565689112,0.866082578482631,-0.147336857663575,0.00208921487475882,28.3400001525879,0.919280155739931
2018-12-31,0.00872049052162271,1.89635208860485,0.0179751951883831,0.949348834609528,-0.139868701146118,0.00217764377681666,25.4200000762939,0.910936890115698
2019-01-02,0.00104006056692363,1.52822053793629,0.0180070673037734,0.919271287603611,-0.13897364712529,0.00220999685940127,23.2199993133545,0.910590438112015
2019-01-03,-0.0241520594016968,1.20475593623488,0.01836179307759,1.03270712522359,-0.159520088553229,0.00221621621455482,25.4500007629395,0.870903834925589
2019-01-04,0.032946906199661,2.02014090278948,0.019816938562456,1.00636444979148,-0.131367654519362,0.00230088045087301,21.3799991607666,0.886804040501727
2019-01-07,0.00785356175143903,1.66551200572234,0.0188714863174945,1.03673544844914,-0.124518938549408,0.00237786713516203,21.3999996185303,0.880913164592668
2019-01-08,0.0093516008894694,1.32584993261658,0.0190509888623335,0.936815435692579,-0.116293387988747,0.00243739342695779,20.4699993133545,0.883157354858944
2019-01-09,0.00466244999127863,1.03289529844124,0.0184494042457959,0.890256850574604,-0.112163529956396,0.00247007280382729,19.9799995422363,0.8791728037032
2019-01-10,0.00352135292845723,0.763940424772627,0.0184644484188793,0.875672333075754,-0.109031633382304,0.00244670893618884,19.5,0.884954485374809
2019-01-11,0.000386420989588743,0.530714984975993,0.018464867431378,0.87435291753032,-0.108687277975589,0.00240208894644826,18.1900005340576,0.88689933857023
2019-01-14,-0.00611987812100789,0.417839944882747,0.0184534806393604,0.961567544770756,-0.114125346072487,0.00233417112344138,19.0699996948242,0.886714369563152
2019-01-15,0.0113960342989721,0.347306717620364,0.0186571279317143,0.854046318623091,-0.103972144899777,0.00220293449547764,18.6000003814697,0.889170678307534
2019-01-16,0.00241675722066681,0.159813120557049,0.0182013408402374,0.800154497902416,-0.101804044279902,0.00206845815927688,19.0400009155273,0.88392019518699
2019-01-17,0.00755797035833883,-0.0124090009935658,0.0176555345946048,0.729312558360015,-0.0949897873320651,0.00194168244375948,18.0599994659424,0.895849243504874
2019-01-18,0.0132223948131758,-0.165772561064969,0.0178189308900235,0.605877219509627,-0.0829439229019592,0.00175950751585379,17.7999992370605,0.90014543552809
2019-01-22,-0.0136027714697979,-0.294743010236438,0.017748998202875,0.612213211311558,-0.095333966627934,0.00155380848298688,20.7999992370605,0.908789566802532
2019-01-23,0.00209038051567489,0.0429172649812767,0.0172183999394072,0.580227048750376,-0.0934408924452322,0.0012995576925862,19.5200004577637,0.905535974389012
2019-01-24,0.00053123279039724,-0.06636934465548,0.0163389422754258,0.650890989025393,-0.0929591705789691,0.00104115111248747,18.8899993896484,0.897630356517611
2019-01-25,0.00842607794880923,-0.223009880135124,0.0147140458481062,1.02413960665437,-0.085284083817961,0.00107155355625099,17.4200000762939,0.899888502856483
2019-01-28,-0.00762956352402355,-0.359981290047848,0.0111511905851754,0.023518212482469,-0.0922364116687289,0.0018412988216083,18.8700008392334,0.868348170641425
2019-01-29,-0.00132774721518292,-0.247631463816853,0.0111475953591185,0.134767293049557,-0.0934408924452322,0.00232045702339335,19.1299991607666,0.864416017528552
2019-01-30,0.0157065561715433,-0.291499105901462,0.0114444757460921,-0.0182894235350182,-0.0790895609357028,0.00263441520327327,17.6599998474121,0.873398194599592
2019-01-31,0.00874415241793969,-0.412657505080451,0.0114449993564587,-0.0185273011971177,-0.0710016703526667,0.00289230702295632,16.5699996948242,0.844978528970168
2019-02-01,0.000481898918457624,-0.523769141500597,0.0114520526971921,-0.0118425188161454,-0.0705538791759844,0.0030950238000209,16.1399993896484,0.839186357180508
2019-02-04,0.00701029644851658,-0.572950886256972,0.00952795264804241,0.770556276935229,-0.0640152944050876,0.00340358064354804,15.7299995422363,0.803710240628995
2019-02-05,0.00418322139173988,-0.672414899976327,0.00708191883513684,-0.627767125140972,-0.0600916621729049,0.00380158206528522,15.5699996948242,0.766175282415064
2019-02-06,-0.00131933181834576,-0.763815601949772,0.0070993725998162,-0.462326174226073,-0.0613308954896017,0.00411851710469874,15.3800001144409,0.782016602612672
2019-02-07,-0.00957819992774933,-0.826540503292812,0.00748627583882276,-0.311016736897809,-0.0702787353315809,0.00429627978145004,16.3700008392334,0.780399771624738
2019-02-08,0.00122084515723131,-0.444293730656348,0.00747232264911439,-0.246929175972145,-0.0691429964884671,0.00443018507466176,15.7200002670288,0.777590180632201
2019-02-11,0.000554368525385485,-0.559564693331212,0.00747519563646113,-0.189387101806644,-0.0686268156000866,0.00449574952421752,15.9700002670288,0.781412955392326
2019-02-12,0.0127774065724866,-0.666483282077935,0.00781355889080303,-0.2675833331675,-0.0566499279178309,0.00447769548639535,15.4300003051758,0.773080932131293
2019-02-13,0.00324178029779532,-0.747186538886724,0.00754760367702753,-0.396836881177919,-0.0535868319807433,0.0044130883641489,15.6499996185303,0.764815932996744
2019-02-14,-0.00222093898260667,-0.831275328375786,0.00738676771430104,-0.243751639455721,-0.0556864254816896,0.00427346901608123,16.2199993133545,0.752709407312457
2019-02-15,0.0108386408123309,-0.798765961396454,0.00760738396267145,-0.317879158794128,-0.0453956817385851,0.00408602307398127,14.9099998474121,0.733128468654477
2019-02-19,0.00172873475872937,-0.867932013838587,0.00753494428732075,-0.226127542322189,-0.0437439968215515,0.0038745770085305,14.8800001144409,0.734822899308718
2019-02-20,0.00201337320237194,-0.939769299559044,0.00713283049102095,-0.204238674747432,-0.041816757134808,0.00358234785846076,14.0200004577637,0.743885695625625
2019-02-21,-0.00356188167424332,-1.0074501831303,0.00631840133996542,0.221229156941312,-0.0452236214424582,0.00322579971476131,14.460000038147,0.657841822472064
2019-02-22,0.00618079828752816,-0.937435564308288,0.00636583799137036,0.131621831198924,-0.0393040662937578,0.00279060877704607,13.5100002288818,0.665074604551605
2019-02-25,0.00136019511785612,-0.997422592595401,0.00635387244326456,0.114935383324814,-0.0379964432653628,0.00230827958176951,14.8500003814697,0.660564641472458
2019-02-26,-0.00071574188600021,-1.0563363679087,0.0062617435351405,0.287947053681727,-0.0386847431534854,0.00189761245943617,15.1700000762939,0.651585064856345
2019-02-27,-0.00042963006605401,-1.07511783601728,0.0058720627137472,0.416645884962553,-0.0390976643827438,0.00184196885164805,14.6999998092651,0.625106780065664
2019-02-28,-0.00186449865483418,-1.05807318050061,0.00589164765833731,0.418354447734251,-0.0408875963135539,0.00174632168903887,14.7799997329712,0.61591706510435
2019-03-01,0.00622465835245478,-1.05976958211681,0.00516181887848074,0.0854277531254848,-0.0348988296025425,0.00161331550835032,13.5699996948242,0.475452848079373
2019-03-04,-0.00364417139986095,-1.10521677594646,0.00508772265215003,0.260953678506652,-0.0384094231982364,0.00140808040327621,14.6300001144409,0.559043002492123
2019-03-05,-0.00136114647601193,-1.05453993844932,0.00512449854029724,0.298311608231443,-0.0397173984483226,0.00107727519428113,14.7399997711182,0.585723142266787
2019-03-06,-0.00607509079491031,-0.973664640224033,0.00522251774510598,0.432284910152951,-0.0455335178270552,0.000940851263293816,15.7399997711182,0.509483524257539
2019-03-07,-0.00840066906611803,-0.781651110273061,0.00554282924108476,0.440446782204455,-0.0535180900473539,0.000963819041669703,16.5900001525879,0.543152078115778
2019-03-08,-0.00200199521300171,-0.454471658908787,0.00555498605942279,0.453097108864973,-0.0554110468228253,0.000979397240470309,16.0499992370605,0.55355523130496
2019-03-11,0.0143973625667622,-0.427829047034905,0.00587780364411486,0.72758007663449,-0.0417130865503795,0.000959996936977475,14.3299999237061,0.62866126962134
2019-03-12,0.00376370080786437,-0.518708599533296,0.00589919373864296,0.659715171712604,-0.0380995855172546,0.000933966932385991,13.7700004577637,0.631511462162416
2019-03-13,0.00659743223564835,-0.616474348827923,0.00599420193467931,0.511756153049571,-0.0317325327099479,0.000898812717674312,13.4099998474121,0.628070169330637
2019-03-14,-0.000639824543736012,-0.700177037677552,0.0054627169051865,0.622435999459644,-0.0323518558502203,0.000840740303963451,13.5,0.600641545335624
2019-03-15,0.00492837625203268,-0.726083645045927,0.00550629124636926,0.576128820733485,-0.0275711508362389,0.000787702780956524,12.8800001144409,0.625703488833942
2019-03-18,0.0036192672388724,-0.799425963479524,0.00546737629177796,0.44954753701098,-0.0240452943005951,0.000735075013099445,13.1000003814697,0.631125383053971
2019-03-19,0.000248027583574562,-0.869074332023056,0.00504148172669355,0.562604666913857,-0.0238032005915446,0.000657370015541349,13.5600004196167,0.68135390187994
2019-03-20,-0.00301447718860981,-0.934446807110203,0.0051159654151272,0.648108277557282,-0.0267414926427346,0.000548792682125551,13.9099998474121,0.670178520557482
2019-03-21,0.011230854353637,-0.806736170989946,0.00559474429016122,0.58168788015364,-0.0157493581053197,0.000444426987706044,13.6300001144409,0.751983262831625
2019-03-22,-0.0194340469066026,-0.861219906382086,0.00714001613219168,-0.628178855035496,-0.0346926625059892,0.000533209660340372,16.4799995422363,0.889217676405064
2019-03-25,-0.000752240475486055,0.0759557060209641,0.00702465040197229,-0.542136320786415,-0.0354185327078346,0.000591059310880604,16.3299999237061,0.865459125086292
2019-03-26,0.0074268084503899,0.0310899359624782,0.00719769743913438,-0.575609668148089,-0.0282281029938492,0.000660629668168823,14.6800003051758,0.820702211694633
2019-03-27,-0.00524282984483193,-0.107929474031159,0.00730236919996156,-0.48488103516536,-0.0333096053320728,0.000734714133251901,15.1499996185303,0.800986674258232
2019-03-28,0.00378325409584512,-0.070998517341936,0.00734008854788682,-0.555801539174185,-0.0296454430790375,0.000806865643163029,14.4300003051758,0.796940266452434
2019-03-29,0.00628581324361122,-0.208609408058681,0.0074256704952068,-0.67138121577292,-0.0235267652676069,0.000874277687250997,13.710000038147,0.797635246717651
2019-04-01,0.0117893483281168,-0.32346151582595,0.00772033766719456,-0.574616148052484,-0.0119466553204319,0.000934226221359831,13.3999996185303,0.786006906133613
2019-04-02,0.000489684209807884,-0.424261541413416,0.00764514515412367,-0.65854534659562,-0.0114627027167916,0.000964835805984555,13.3599996566772,0.781304412079398
2019-04-03,0.00157244753605834,-0.526873983054797,0.00762054224731176,-0.719079584955097,-0.00990705691421159,0.000979351402966563,13.7399997711182,0.779482135169053
2019-04-04,0.00264975919081412,-0.622050644403696,0.00742475621255147,-0.896007776288796,-0.00728007013438314,0.000973975344925184,13.5799999237061,0.772160340095609
2019-04-05,0.00482892240739563,-0.704992625049068,0.00706201622844326,-1.1548570081141,-0.00247470960202119,0.000961613330990983,12.8199996948242,0.748250862468634
2019-04-08,0.000761689929504428,-0.775812244657986,0.00699937412649962,-1.23109105329526,-0.00171461519251909,0.000942397329724021,13.1800003051758,0.734952708254236
2019-04-09,-0.00513798399875398,-0.831560422649686,0.00664692806465602,-1.37025065668948,-0.00683063525647551,0.000929213278714086,14.2799997329712,0.692237360955951
2019-04-10,0.00340516314479089,-0.704568024266054,0.00664182767087241,-1.36617577484208,-0.00344296703099304,0.000915174080270374,13.3000001907349,0.688474474533699
2019-04-11,-0.000277487772434526,-0.779784435990125,0.00655649682137194,-1.28950384732248,-0.00371946105854594,0.00090358335142732,13.0200004577637,0.687922721266097
2019-04-12,0.00674331504596015,-0.848120728791285,0.00664140723403749,-1.37485881678551,0,0.00086085341217261,12.0100002288818,0.684264115285867
2019-04-15,-0.000654894935488315,-0.903413852218982,0.00661782740039751,-1.2742685366941,-0.00065468053860555,0.000815487531585877,12.3199996948242,0.677804979406644
2019-04-16,0.000654894935488315,-0.958601731050425,0.00660069776079548,-1.22038459227283,0,0.000760425811773324,12.1800003051758,0.680738647963071
2019-04-17,-0.00245000339658841,-1.00187993881993,0.00664833759805664,-1.14393315308547,-0.00244700458779707,0.00064369660668344,12.6000003814697,0.655883494948996
2019-04-18,0.00196680665030513,-0.914191219230882,0.00657993003044588,-1.27754731539905,-0.000483080025536404,0.000504736962707587,12.0900001525879,0.650502590282547
2019-04-22,0.000862027341623772,-0.967187595289446,0.00618332410612187,-1.49868992402119,0,0.000436051067998964,12.4200000762939,0.556479134777739
2019-04-23,0.00895150604536887,-0.996628348565651,0.00433966134132084,0.284275764696574,0,0.000724305349631873,12.2799997329712,0.282143493338746
2019-04-24,-0.00222183305597756,-1.02857045885382,0.00440222123166621,0.283363390776705,-0.00221936661192662,0.000900504896943934,13.1400003433228,0.31664422976463
2019-04-25,-0.00061606298649064,-0.937819543619206,0.00427265103563661,0.477774445572213,-0.00283387302203212,0.0010417500868191,13.25,0.146256945784557
2019-04-26,0.0046456860883124,-0.966567181758817,0.00399141305484124,0.52330377776051,0,0.00117296266983617,12.7299995422363,0.13579120375076
2019-04-29,0.00156670108749779,-1.00855179021211,0.00397916276804697,0.606687330429331,0,0.00127010063817357,13.1099996566772,0.144791043085763
2019-04-30,0.000510252610371964,-1.04759501336299,0.00387966605295844,0.808125788410241,0,0.00134450399511631,13.1199998855591,0.130581246817794
2019-05-01,-0.00754495830990454,-1.04815491634154,0.00370743269762011,-0.113412800063113,-0.00751656656168109,0.00138962336257288,14.8000001907349,-0.0970312230341397
2019-05-02,-0.00216128402061244,-0.753999295231387,0.00376978427335184,-0.0345941490406179,-0.00965928879734819,0.00140708551216889,14.4200000762939,-0.0426608724590527
2019-05-03,0.0097403192235852,-0.666276531276013,0.0042391346129512,0.163583373784317,0,0.00137436670364106,12.8699998855591,0.0396904785572051
2019-05-06,-0.00412375441530077,-0.724535694550171,0.0043824687879775,0.278668839361558,-0.00411526341567095,0.00132983207746802,15.4399995803833,0.1061049980741
2019-05-07,-0.0168408268318911,-0.648058340824085,0.00575410011735226,-0.843632132048144,-0.0207463521018732,0.00127951344869676,19.3199996948242,0.30490457076853
2019-05-08,-0.00139006461582714,0.235381301560448,0.00575703874113819,-0.788365987696956,-0.0221066322900206,0.00122825264803074,19.3999996185303,0.307513364179137
2019-05-09,-0.00303010262001902,0.169293528017094,0.00568471082322201,-0.845981092662464,-0.025065264801826,0.00119349285533449,19.1000003814697,0.30794259958799
2019-05-10,0.00501050154894855,0.145709602335753,0.00574479001532792,-0.8361053746734,-0.0201680944064022,0.00115737251556781,16.0400009155273,0.277512025384071
2019-05-13,-0.0254513536446197,-0.00293057674938681,0.00798745500716123,-1.49751793986744,-0.0447914645190504,0.00127573510216867,20.5499992370605,0.536699862598997
2019-05-14,0.00900270620871968,1.12692966731469,0.00811443423313772,-1.41493336067466,-0.0361531770674503,0.00138902002979836,18.0599994659424,0.55706115664357
2019-05-15,0.00584078872161786,0.869119818687096,0.0082557286943247,-1.42802060342549,-0.0305070786319573,0.00150417761877377,16.4400005340576,0.569918768163589
2019-05-16,0.00921885113809218,0.641336215001033,0.00853854824843841,-1.35487016228274,-0.0215281435687025,0.00163278389077799,15.289999961853,0.561032700014459
2019-05-17,-0.00648612151951777,0.444337807116697,0.00863178689724549,-1.26020812609296,-0.0278540933159602,0.00175338590120721,15.960000038147,0.57120608610404
2019-05-20,-0.00663419886702599,0.578798519408706,0.00870774371683399,-1.10119237689914,-0.0342821564876678,0.00186880690688941,16.3099994659424,0.588794446371092
2019-05-21,0.00897487705150013,0.592584093759724,0.00897081287868056,-1.06947418004307,-0.0255759474369993,0.00199722227427619,14.9499998092651,0.593031510846308
2019-05-22,-0.00307574736328231,0.393652448432158,0.00870924013029937,-1.03547340454901,-0.0285684252354153,0.00205735701082684,14.75,0.569400782297678
2019-05-23,-0.0122942183995791,0.208441571651423,0.00903978047940858,-0.85751779075681,-0.0404383022372543,0.00211735409050447,16.9200000762939,0.579183366734072
2019-05-24,0.00226606922344086,0.735028452834564,0.0090784293561724,-0.888984013145672,-0.0382614034358164,0.00214775301625132,15.8500003814697,0.626864709121844
2019-05-28,-0.00934411774597166,0.514125400256611,0.00911534824042694,-0.701322982853,-0.0472061466736899,0.00213713511182403,17.5,0.618318662770777
2019-05-29,-0.00673339528292161,0.722880361404522,0.0091237011229969,-0.576028055854418,-0.0536001335329397,0.00209639857423354,17.8999996185303,0.615427510637184
2019-05-30,0.00272713862242924,0.816730589655092,0.0091741422008529,-0.593928642885156,-0.0510156473806289,0.00201812334019643,17.2999992370605,0.635040654287397
2019-05-31,-0.0135663705823932,0.585573997320296,0.00943048842268837,-0.528392687212576,-0.0638029857780489,0.00189700465460505,18.7099990844727,0.828172310217014
2019-06-03,-0.00254639485459585,0.953045875242677,0.0094296023947797,-0.52257679445659,-0.0661838804025394,0.00173022325857429,18.8600006103516,0.784971862136755
2019-06-04,0.0214746731030457,0.860675889552699,0.0104969497697928,0.00346490511002635,-0.0459136148152255,0.00162112677638251,16.9699993133545,0.815518219356252
2019-06-05,0.00862471891848315,0.649447464574,0.0107480839708366,-0.117425371948486,-0.0376493004537348,0.00147998692581507,16.0900001525879,0.826107136096792
2019-06-06,0.0064813267549777,0.447098213162718,0.010293200747932,-0.276334902750139,-0.0313917343572399,0.00140302113397239,15.9300003051758,0.82008077037326
2019-06-07,0.00995737936539154,0.259293091147473,0.0105401559117381,-0.364744095572599,-0.0216987561568388,0.0012993249264141,16.2999992370605,0.833119479303722
2019-06-10,0.00457825268180567,0.0990404444208563,0.0105608188933509,-0.46275706342784,-0.0172095774075204,0.00113041434573328,15.9399995803833,0.833849889112253
2019-06-11,-0.000241682525319753,-0.0534291447851042,0.01050778748891,-0.401004743115537,-0.0174470719784129,0.000877105792842167,15.9899997711182,0.842305894800799
2019-06-12,-0.00176725548012691,-0.167060957626753,0.00874830617841005,0.187333604204117,-0.0191819605777494,0.000834540001780431,15.9099998474121,0.796004075410601
2019-06-13,0.00411777089072451,-0.219861232559596,0.00859574602661285,0.24513399940392,-0.0151348497869942,0.000805188464750529,15.8199996948242,0.789961260462183
2019-06-14,-0.00110569916863934,-0.343390364015949,0.00853468974054754,0.359648511442562,-0.0162232125530204,0.000788066038476223,15.2799997329712,0.784683387315373
2019-06-17,0.000380596129416766,-0.429487901332743,0.00830833200315704,0.490413390429748,-0.015848719654755,0.000801834378369497,15.3500003814697,0.813548117777606
2019-06-18,0.0104166501747729,-0.505544798626053,0.00843825424787883,0.289242078018447,-0.00554358071581048,0.000811779443929929,15.1499996185303,0.823512101040423
2019-06-19,0.00225461632049928,-0.591134476612585,0.00825282479856148,0.193368120360823,-0.00329893358468946,0.000835760068065217,14.3299999237061,0.819706036218604
2019-06-20,0.00950882050744184,-0.67965507662057,0.0082777779605346,0.190849528421205,0,0.000864181253546487,14.75,0.823198144502684
2019-06-21,-0.00145486537543427,-0.75004799150353,0.00824016434389381,0.171188105369497,-0.00145380757185321,0.000886131828620658,15.3999996185303,0.859301884241717
2019-06-24,-0.00122490346827142,-0.791925661501516,0.00763858924875645,0.308572448005079,-0.00267618146833876,0.000955377099832118,15.2600002288818,0.844703706884341
2019-06-25,-0.00985640951428124,-0.770464225468437,0.00807373283728343,0.313707833034863,-0.0124579278030251,0.00098722945195035,16.2800006866455,0.861592313607233
2019-06-26,-0.000998010284732231,-0.37212465498341,0.00770744043523756,0.344995269475952,-0.0134430133031888,0.00103751155567474,16.2099990844727,0.846237470780981
2019-06-27,0.00353988098031177,-0.409269527868061,0.00745022855310184,0.261533574181042,-0.00994453053690431,0.00109817449165572,15.8199996948242,0.838541158389215
2019-06-28,0.00513227258651217,-0.511902689861692,0.00747326814544767,0.214391952551891,-0.00485023451601375,0.00114793353878208,15.0799999237061,0.819175440538372
2019-07-01,0.00903759399049342,-0.598464024673666,0.00661317360936477,0.59517764447624,0,0.0012480451509689,14.0600004196167,0.80574967973473
2019-07-02,0.00260082683422613,-0.674123749418688,0.00646642151641853,0.564564674091463,0,0.00133827963869468,12.9300003051758,0.815701698370423
2019-07-03,0.00796373721519483,-0.748102796684632,0.005170462866262,-0.505075333569314,0,0.00147181954940309,12.5699996948242,0.767573222177879
2019-07-05,-0.00113884877223036,-0.811704734365945,0.00510012591951258,-0.337987486380187,-0.00113820053007431,0.00153802651653779,13.2799997329712,0.76108629110246
2019-07-08,-0.00550969835703619,-0.869007602790438,0.00532997194068714,-0.174857802826233,-0.00662649443964947,0.00157197024798692,13.960000038147,0.745101146021528
2019-07-09,0.00124602212882063,-0.639690304400425,0.00502635060671449,-0.142912381971187,-0.00538795760762963,0.00157049179061458,14.0900001525879,0.691688290923427
2019-07-10,0.00476636926952789,-0.721951707104572,0.00503174284423384,-0.146033066953267,-0.000635953426761852,0.00151960813755682,13.0299997329712,0.690791560650586
2019-07-11,0.00234132318902258,-0.789726062177257,0.00501102833285161,-0.219823444687068,0,0.00142438044898708,12.9300003051758,0.702860622717168
2019-07-12,0.00446707175821537,-0.856789393411541,0.00496633724258902,-0.381950128642622,0,0.00144692204737479,12.3900003433228,0.698225246061962
2019-07-15,0.00033271575152849,-0.911266635109056,0.00496245693054626,-0.276826172057691,0,0.00145603409018134,12.6800003051758,0.691809632039821
2019-07-16,-0.00323044483440516,-0.944028111721115,0.00505053683054392,-0.246702928231556,-0.00322523256165484,0.00144279249069903,12.8599996566772,0.698938450459668
2019-07-17,-0.00682856061555714,-0.868698695045375,0.00539456409920543,-0.224768077749372,-0.0100085828632913,0.00140997166620096,13.9700002670288,0.705972914963976
2019-07-18,0.00365460796542028,-0.574846447949958,0.00503083762698186,-0.353362518213204,-0.00638393304175349,0.00136641047403195,13.5299997329712,0.651733384312787
2019-07-19,-0.00557086875366863,-0.659337745974768,0.0052395102522706,-0.207999384737851,-0.0119038481054596,0.00130788203882905,14.4499998092651,0.643011812020798
2019-07-22,0.00245364049579777,-0.502883288744863,0.00487288183342883,-0.327676423287062,-0.00947643859611464,0.00124089879575399,13.5299997329712,0.642164297247917
2019-07-23,0.00712461172979406,-0.596533420563829,0.00505202305668171,-0.427465318387507,-0.00239414346856691,0.00114340087152774,12.6099996566772,0.645108769611412
2019-07-24,0.00468839498338536,-0.673601838622195,0.00508841955662583,-0.564516786751134,0,0.00107640242264297,12.0699996948242,0.642901624409601
2019-07-25,-0.00478877561307289,-0.746431236411839,0.004635451160452,-0.315672944003796,-0.00477732770824281,0.000955073584367185,12.7399997711182,0.59323921619578
2019-07-26,0.00667814133228894,-0.584417891724704,0.00473113823746415,-0.459884398085979,0,0.00083283853228681,12.1599998474121,0.637768340536494
2019-07-29,-0.00182310023713317,-0.664927921198501,0.00478014612746232,-0.307074431252936,-0.00182143939934021,0.000699614087029957,12.8299999237061,0.618401234384353
2019-07-30,-0.00245744955534732,-0.663887430292715,0.00478663086068975,-0.125049677235413,-0.00427140129740205,0.00049578444660184,13.9399995803833,0.662224766472839
2019-07-31,-0.0110007363609821,-0.631834561522011,0.00513851519975592,-0.394804248120164,-0.0151651197768477,0.000367318664146427,16.1200008392334,0.383468439978312
2019-08-01,-0.00874635287596615,-0.161356855282787,0.00546873102478294,-0.257340438730693,-0.0237412734586566,0.000211853577484415,17.8700008392334,0.304110293039666
2019-08-02,-0.0075578010266879,0.093874759963531,0.0053498460425681,-0.16343239136914,-0.0310918306512382,0.00022075036448661,17.6100006103516,0.344941555553192
2019-08-05,-0.0305344880265865,0.315429691151398,0.00837799694921818,-1.76957346123862,-0.060229824802711,0.000759502648149216,24.5900001525879,0.636791874980042
2019-08-06,0.0139253343071832,1.60927282814784,0.00906223656847867,-1.41199092942135,-0.0470516687798348,0.00113421927023637,20.1700000762939,0.676862131619244
2019-08-07,0.000590560119392514,1.2875971406013,0.00905354049083511,-1.40624441423653,-0.0464887292911294,0.00138377964077171,19.4899997711182,0.682448172068285
2019-08-08,0.0194300645944168,0.996737663888748,0.0100695455890843,-0.787822897375003,-0.0277807839766157,0.00168804022236362,16.9099998474121,0.710976238624805
2019-08-09,-0.00683450406981123,0.760407490650314,0.0101252343961315,-0.654516055553806,-0.0344027654094613,0.00191927425330325,17.9699993133545,0.721587447384959
2019-08-12,-0.0122484316919644,0.762669071694474,0.0103095499100132,-0.453272277673517,-0.0461576805818668,0.00211172023705829,21.0900001525879,0.715579953228703
2019-08-13,0.0154322196072316,1.01998236781329,0.0109872410205249,-0.370580606513083,-0.0313236095142817,0.0023181828532818,17.5200004577637,0.751980799517834
2019-08-14,-0.0300137558175777,0.770129448046094,0.0126493197919526,-0.5298829512044,-0.0599652544346593,0.00263552614362819,22.1000003814697,0.785820531865744
2019-08-15,0.00263824145598957,1.63082293079858,0.0126594646124341,-0.632592784963411,-0.0574819414495927,0.00288452762799728,21.1800003051758,0.780307576098556
2019-08-16,0.0146473103399618,1.47165379037766,0.0131296312537604,-0.586964318001296,-0.0435749858341818,0.00309832502155157,18.4699993133545,0.794415433664036
2019-08-19,0.0119757856720595,1.17457352083132,0.0134205660149324,-0.686714539010785,-0.0320521852740178,0.00328313631985384,16.8799991607666,0.807419722513606
2019-08-20,-0.00769156617705047,0.903114297494148,0.0134807348766999,-0.57495322641114,-0.0394686612258136,0.00339763032442249,17.5,0.80648518505513
2019-08-21,0.00810228802270085,0.951476271229651,0.0135128075549182,-0.576654472082666,-0.0316545463071449,0.00347004892695776,15.8000001907349,0.808672960683279
2019-08-22,-0.000307823249928951,0.702331161956346,0.0134474320048651,-0.535038795476485,-0.0319525796786007,0.00349080771985528,16.6800003051758,0.811361195501747
2019-08-23,-0.0260234080836366,0.558238584989159,0.014470018891942,-0.464355818860475,-0.0568195082818695,0.00349425645453256,19.8700008392334,0.840238009953743
2019-08-26,0.0109980358380781,1.36493148574413,0.0146362888116867,-0.464520421717238,-0.0463891236957123,0.00344939000926148,19.3199996948242,0.847425397710951
2019-08-27,-0.00393143683903574,1.05804696312809,0.0146403589535749,-0.44312943134648,-0.0501308246750144,0.0033392080897361,20.3099994659424,0.845103687716249
2019-08-28,0.00701677838326109,0.783167888215564,0.0147825667292927,-0.511227338330116,-0.0434423649009579,0.00316129354622607,19.3500003814697,0.841605837111205
2019-08-29,0.0126920250906295,0.54184647781084,0.0149572488620931,-0.666684466516795,-0.0312243396680627,0.00294160333251345,17.8799991607666,0.913108989850453
2019-08-30,-0.000444171139367455,0.343302268033453,0.0148455411559689,-0.755823153065867,-0.0316545463071449,0.00265452798271216,18.9799995422363,0.946399319385959
2019-09-03,-0.0058643253853754,0.145769721155303,0.0148091996398107,-0.774917039575453,-0.0373166207828082,0.00221995836616151,19.6599998474121,0.947754557628715
2019-09-04,0.0112862420509146,0.302853148680083,0.0132733920973447,-0.901840640425751,-0.0263899988819552,0.00200746571768904,17.3299999237061,0.936660193972001
2019-09-05,0.0127734956110581,0.126009997418239,0.013222563069303,-0.909958104452403,-0.0138738283612048,0.00181894580176034,16.2700004577637,0.937023986842135
2019-09-06,0.000772007862792634,-0.035462791150216,0.013221909355454,-0.912091075042886,-0.0131122372636619,0.00158152022575364,15,0.936512553083804
2019-09-09,0.000503157556634548,-0.190430262099974,0.0125778820268575,-0.983867740888377,-0.0126155522833687,0.00142202400563625,15.2700004577637,0.927090666054155
2019-09-10,-0.000234994542530842,-0.231256005279843,0.012461149055081,-1.07785219180942,-0.012847554979211,0.00124175531823175,15.1999998092651,0.911814722648353
2019-09-11,0.00708570273264275,-0.369379013618834,0.012139470256486,-1.32577174631674,-0.00582804649589194,0.00106539167261839,14.6099996566772,0.896847243070104
2019-09-12,0.00345809415569676,-0.488706663807032,0.0117506125467454,-1.38940769733056,-0.00238415505524697,0.000985712335606884,14.2200002670288,0.880023963586766
2019-09-13,-0.00066378780844456,-0.598303456684711,0.00932160851477622,-1.28703496498987,-0.00304614055737277,0.00133841247885094,13.7399997711182,0.847464013726818
2019-09-16,-0.00309379397794896,-0.661710183159949,0.00941006648268423,-1.17446870185012,-0.00612574411814969,0.00158898435684508,14.6700000762939,0.843286171237064
2019-09-17,0.00252919962028031,-0.587402758140032,0.00899188294305798,-1.27399734302867,-0.00360885621327953,0.00183722636615405,14.4399995803833,0.82707875338771
2019-09-18,0.000597373259823009,-0.69128984797587,0.0086954404788864,-1.29571416113753,-0.00301346096876402,0.00206113050543223,13.9499998092651,0.811865303763874
2019-09-19,-6.6120189128327e-05,-0.756013779108537,0.00845228422279156,-1.4792886324107,-0.00307937972797824,0.00225973051176752,14.0500001907349,0.770770209480917
2019-09-20,-0.00473597190690533,-0.846259602419716,0.00843570131061143,-1.31001284666443,-0.00778960522721211,0.00241799847211908,15.3199996948242,0.774867179154049
2019-09-23,-0.000235318113722016,-0.662000644524998,0.00843508560714137,-1.31151998108661,-0.00802306283624583,0.00254435404352694,14.9099998474121,0.77451250093494
2019-09-24,-0.00787711956362536,-0.757740975542759,0.00612357443117145,0.453728759704239,-0.0158062888286953,0.00279110420430809,17.0499992370605,0.640247729469909
2019-09-25,0.00589705988309319,-0.463362195115707,0.00584474624755008,0.479249658830625,-0.00998529306596207,0.00297787455277709,15.960000038147,0.624651927054441
2019-09-26,-0.0020851430472657,-0.577880675008931,0.00576785437908927,0.486196398243801,-0.0120474646402934,0.00310069120303543,16.0699996948242,0.630898476324831
2019-09-27,-0.00540198943878956,-0.603930613936391,0.00585003876692344,0.644516551457885,-0.0173699847603439,0.00314435843429207,17.2199993133545,0.656973402979106
2019-09-30,0.00462718613370594,-0.464236495119808,0.00530254710800631,0.590746098882866,-0.0128126370626153,0.00315189433482747,16.2399997711182,0.637292992553747
2019-10-01,-0.0119662077990874,-0.582815800524238,0.0059986269399137,0.185469699812296,-0.0245551295146936,0.0030544560758651,18.5599994659424,0.610682595399981
2019-10-02,-0.0178223947743641,-0.203868161402143,0.00708670499015294,-0.469037824767053,-0.0417858902742523,0.00284447971977949,20.5599994659424,0.651709985903221
2019-10-03,0.00815968518208443,0.596240457942499,0.0068621347059209,-0.598191419377388,-0.0339351786929978,0.00272237085821119,19.1200008392334,0.637936294617399
2019-10-04,0.0134407433304116,0.367241977850443,0.0069272737630702,-0.539521869204774,-0.020862895583902,0.00255907737176791,17.0400009155273,0.644068016059366
2019-10-07,-0.00432374135396607,0.172307495565095,0.00697550300714746,-0.431185382226552,-0.0250872919935791,0.00234345125264875,17.8600006103516,0.649624374165272
2019-10-08,-0.0156464813273063,0.149918290149402,0.00770232191790569,-0.395790290966954,-0.0402225300918017,0.00212540688886493,20.2800006866455,0.673058741566895
2019-10-09,0.00945163474985389,0.698708763156932,0.00805446025579545,-0.398915998622483,-0.0311080585291432,0.00186745641317414,18.6399993896484,0.708611902761873
2019-10-10,0.00674055419328656,0.456066668772791,0.00803770820087597,-0.401349698934282,-0.0245551295146936,0.00158588012095491,17.5699996948242,0.742897090528899
2019-10-11,0.0103137377672207,0.24010519485315,0.00835669789675858,-0.360589551731371,-0.0144425875026762,0.00128908044772932,15.5799999237061,0.748301912231397
2019-10-14,-0.00111449602127145,0.0588167239131378,0.00835750503196754,-0.352604154915474,-0.0155403754638515,0.00123546931310481,14.5699996948242,0.775093607701527
2019-10-15,0.00985151849380905,-0.0724717617237126,0.00863715025395071,-0.447217395524987,-0.00579402391049105,0.00118340935037683,13.539999961853,0.750309906719649
2019-10-16,-0.00160708209553739,-0.220180384021164,0.00862412286802779,-0.380635051557186,-0.00739051134714777,0.0011608061838795,13.6800003051758,0.751097001570353
2019-10-17,0.0029447405471057,-0.286963328847843,0.00864989091889497,-0.414590574579676,-0.00446322600587942,0.00115822271993112,13.789999961853,0.744233037637521
2019-10-18,-0.00438672057427159,-0.423378073094864,0.00870104440478122,-0.340877295629164,-0.00882080293077713,0.0011711920301901,14.25,0.78544199913106
2019-10-21,0.00675604682136477,-0.301735367224878,0.00876758468707654,-0.492137151441928,-0.00210167806330014,0.00118843040275491,14,0.788974889260285
2019-10-22,-0.00327188906360831,-0.42944338059954,0.00880134858233364,-0.439321102527728,-0.0053613551106232,0.00120716805222086,14.460000038147,0.786470837994635
2019-10-23,0.00290542098892033,-0.358094937631091,0.00862374369515255,-0.60759711591002,-0.00246730893996032,0.00119809962432683,14.0100002288818,0.780325949817126
2019-10-24,0.00163231245162709,-0.486152281143525,0.00854362342043385,-0.563614764092445,-0.000837694249097478,0.00115327824566593,13.710000038147,0.73685552094322
2019-10-25,0.00408673192054199,-0.602319356148592,0.00855863143881054,-0.660978315093501,0,0.00108441580944753,12.6499996185303,0.745714465137803
2019-10-28,0.0056208555042625,-0.702762854732645,0.00850145718454356,-0.835469779191327,0,0.000999259156412712,13.1099996566772,0.720920160276933
2019-10-29,-0.000296887772945453,-0.795099982210435,0.00847170298804629,-0.762738707590699,-0.000296843706131387,0.000806872390891168,13.1999998092651,0.699492699180961
2019-10-30,0.00306271318117624,-0.884158364380088,0.00793757410499601,-0.97991118845386,0,0.000656178323151712,12.3299999237061,0.701709145134466
2019-10-31,-0.00266688240120772,-0.964177279892966,0.00665567217152276,-0.711195315894156,-0.00266332942949152,0.000696639400787169,13.2200002670288,0.568179764206199
2019-11-01,0.00922137568767489,-0.942939216500988,0.00670498438638802,-0.697729625079092,0,0.000711631817738275,12.3000001907349,0.559520141651647
2019-11-04,0.00400953096987156,-1.00477040446702,0.00623567127451386,-0.920863212988723,0,0.000782250907746817,12.8299999237061,0.519584523523528
2019-11-05,-0.00110669836442145,-1.06591849305275,0.00610920566927666,-1.00500082294876,-0.00110608619963449,0.000862691384527652,13.1000003814697,0.513203529165102
2019-11-06,0.000227682363270532,-1.08009555073998,0.00457923540661596,0.137221954537773,-0.000878629779759137,0.00114761211108879,12.6199998855591,0.482784415810608
2019-11-07,0.0035104549324414,-1.07943434019086,0.00433583889146874,0.191491881551889,0,0.00138499760188977,12.7299995422363,0.462744972128076
2019-11-08,0.00246326021312981,-1.13167480181771,0.00423520947408675,0.308508813497532,0,0.00157708849614543,12.0699996948242,0.444079354587999
2019-11-11,-0.00191133156762735,-1.18391963975428,0.00393463925182409,0.367864278453533,-0.0019095061366326,0.00174878232503952,12.6899995803833,0.413807270558072
2019-11-12,0.00210537798039212,-1.18209244900127,0.00387349725136524,0.288001763235239,0,0.00188566031847158,12.6800003051758,0.400104094024473
2019-11-13,0.000323980115941147,-1.2283424023647,0.00344937473821584,0.216468378598383,0,0.00201228240925499,13,0.448739060173261
2019-11-14,0.00145454792589739,-1.26869865856354,0.00337080433656243,0.143082512555989,0,0.00210773465316168,13.0500001907349,0.410299488106685
2019-11-15,0.00721031114161796,-1.30464096227702,0.00356927273300117,0.127187058635893,0,0.00215427765673599,12.0500001907349,0.436922485455468
2019-11-18,0.000737276499612527,-1.32685117069662,0.00327765525195474,0.302589537611563,0,0.00218683154089009,12.460000038147,0.427626838533154
2019-11-19,-0.000288373803464914,-1.35477531666726,0.00314521440940164,0.490077507520206,-0.000288332227736309,0.00219075280545124,12.8599996566772,0.423265622115315
2019-11-20,-0.00372580810283463,-1.31424427008123,0.00318356185720786,0.431352267395488,-0.00400613584782614,0.00215544646101056,12.7799997329712,0.418391866315183
2019-11-21,-0.00161006535608621,-1.18068603068668,0.00325937593245637,0.542647932639885,-0.00560846079328671,0.00209438722823594,13.1300001144409,0.431108050120993
2019-11-22,0.00222144915936884,-1.09681687369717,0.00326200418786112,0.515216745937383,-0.003397015146823,0.00200438443068975,12.3400001525879,0.462066511878389
2019-11-25,0.00772017347599707,-1.14201709666384,0.00348636114855961,0.522258326767303,0,0.00186481362467053,11.8699998855591,0.492126100054535
2019-11-26,0.00226334395221617,-1.1742793064943,0.0033788138075458,0.646663116718222,0,0.00168818991759773,11.539999961853,0.466538402181794
2019-11-27,0.00444739223398471,-1.21046860223661,0.00339975306589679,0.468154934170855,0,0.00145181800055958,11.75,0.392178365604207
2019-11-29,-0.00371538241789526,-1.23933311650676,0.00359868472094166,0.475924782805839,-0.00370848892460327,0.0012034690742234,12.6199998855591,0.454493963859453
2019-12-02,-0.00853117340481901,-1.07916044657149,0.00413165688824347,-0.170178125762861,-0.0121718719422749,0.00105735647322149,14.9099998474121,0.672141538933456
2019-12-03,-0.00672914337769726,-0.67777786798819,0.00406571831485001,-0.370768426171521,-0.0187967940244421,0.000861586985572718,15.960000038147,0.718060508758497
2019-12-04,0.00615128505396445,-0.374364446941146,0.00418261541973326,-0.320535894065564,-0.0127425317523501,0.000680691925603237,14.8000001907349,0.708473255926847
2019-12-05,0.00179630258726604,-0.47843775787306,0.00417032033128971,-0.420499510452888,-0.0109675248603878,0.00044146259569719,14.5200004577637,0.684159841645956
2019-12-06,0.00909275793730924,-0.576303025146695,0.00454480011784234,-0.296291722523744,-0.00193348203264097,0.000438119970325768,13.6199998855591,0.729904747510837
2019-12-09,-0.00314907464279912,-0.653098582441689,0.00460669736754196,-0.121899106031925,-0.00507152443807179,0.000460938977647507,15.8599996566772,0.750877374386869
2019-12-10,-0.00111613923332943,-0.590339908872495,0.00461112161342634,-0.0140761385844734,-0.00618138365007921,0.000488416154664513,15.6800003051758,0.759000399037248
2019-12-11,0.00283504553280611,-0.606574798975184,0.00459289606999084,-0.151077976334797,-0.00335986494420043,0.000521646743126693,14.9899997711182,0.775600593702345
2019-12-12,0.00858199868568477,-0.692078677646008,0.00488410766154931,-0.123574171053378,0,0.000575549261456788,13.9399995803833,0.766305465368272
2019-12-13,0.000599126210029333,-0.757711887401323,0.00488190531770838,-0.131771134092022,0,0.000613368111265604,12.6300001144409,0.762954435727542
2019-12-16,0.00684632061306623,-0.823635584894583,0.00503266700027941,-0.206799764061489,0,0.000649720503861146,12.1400003433228,0.786679565389116
2019-12-17,0.000218797000637316,-0.88018035144773,0.00486493847985227,-0.101736130789103,0,0.000671418584820868,12.289999961853,0.765950971194731
2019-12-18,6.29558111473472e-05,-0.928528163849512,0.00487018511175229,-0.0817099027214986,0,0.000672519987852096,12.5799999237061,0.767686220596697
2019-12-19,0.00409056919957873,-0.989090036818791,0.00489955767616125,-0.198716795187566,0,0.000656424391425979,12.5,0.753669987407696
2019-12-20,0.00437500063606588,-1.04284032545644,0.00479778405024272,-0.385845380163859,0,0.00062701306688654,12.5100002288818,0.715333441839981
2019-12-23,0.00152600984063156,-1.09229571018772,0.00473685327380221,-0.479825167812426,0,0.000590608991834311,12.6099996566772,0.684973590095448
2019-12-24,3.12677151175222e-05,-1.15459344879324,0.00475316119002242,-0.410497999527415,0,0.000543096902869698,12.6700000762939,0.688417061141625
2019-12-26,0.00530902321469284,-1.23118328655908,0.00463004499393913,-0.453353338715321,0,0.00050225069125965,12.6499996185303,0.677024881673571
2019-12-27,-0.000247496227516741,-1.29124253300977,0.00464623957089727,-0.373191926706642,-0.000247465602851401,0.000438032379290762,13.4300003051758,0.702439942128126
2019-12-30,-0.00552845566988047,-1.3445760172984,0.00484071652842985,-0.198287302191105,-0.00575930315676744,0.000359790802706016,14.8199996948242,0.679565343969631
2019-12-31,0.00242629674770001,-1.01290426839597,0.00472110619591294,-0.349816954920835,-0.00334405131360485,0.000280048089619558,13.7799997329712,0.667419325626918
2020-01-02,0.00930836320411998,-1.08307736254795,0.00444873711245089,-0.157025551568138,0,0.000258955791932415,12.4700002670288,0.659186347409214
2020-01-03,-0.00760097983388786,-1.12864350909258,0.00453950417598252,-0.245765226929158,-0.00757216543876791,0.000223084412420813,14.0200004577637,0.696877764676754
2020-01-06,0.00380802210523346,-0.698030292258667,0.00446498418982123,-0.215186734751861,-0.00378577355045374,0.000198874737142185,13.8500003814697,0.700918859822609
2020-01-07,-0.00281619401827804,-0.79748961099173,0.00459030944407574,-0.112244514277658,-0.00658735933973059,0.000161332240233386,13.789999961853,0.731930250794358
2020-01-08,0.00531557708634889,-0.723660780728109,0.00436016813058074,-0.213899146890852,-0.00129273835352911,0.000175339598324456,13.4499998092651,0.717037546037729
2020-01-09,0.00675801830652389,-0.815085254678218,0.00434968362527858,-0.398509475950744,0,0.000190729360279895,12.539999961853,0.732794695579641
2020-01-10,-0.00288199516230048,-0.89464189448422,0.00443191874439906,-0.37243571148537,-0.00287784620096218,0.000198351189707765,12.5600004196167,0.739019804478347
2020-01-13,0.00685365938873872,-0.854301243538929,0.00455269390653365,-0.412889565168233,0,0.000199452589313192,12.3199996948242,0.75530427696083
2020-01-14,-0.00152575203061645,-0.932182984567143,0.00437967657700167,-0.312658975872908,-0.00152458866273238,0.000204067846900557,12.3900003433228,0.798952232305939
2020-01-15,0.00225745833493463,-1.00999826329873,0.00437267225220433,-0.368655530003631,0,0.000206225982401033,12.4200000762939,0.787404178055837
2020-01-16,0.00828339187319482,-1.08224195937897,0.00446524518074087,-0.311502563358719,0,0.000187503525400174,12.3199996948242,0.786792593492516
2020-01-17,0.00310823401262983,-1.12877602045325,0.00445516619595364,-0.40480321118531,0,0.000180343290642576,12.1000003814697,0.789060972768422
2020-01-21,-0.00196008269556547,-1.18239423528173,0.00452151105712214,-0.352999031680123,-0.00195816298794593,0.000168537240602862,12.8500003814697,0.794559397623052
2020-01-22,0.000120451661540066,-1.04960909364791,0.00451039455787919,-0.235587949687024,-0.00183793995000456,0.000150893034282884,12.9099998474121,0.805480443709908
2020-01-23,0.00114639374210146,-1.11530479680919,0.0044715921889904,-0.14643732238101,-0.000692997058469042,0.000140647646248002,12.9799995422363,0.835299902007991
2020-01-24,-0.00893296749799433,-1.16772521459234,0.00502853090687135,-0.26889990504876,-0.00958002119031902,0.00017236690615596,14.5600004196167,0.846368747802584
2020-01-27,-0.0161592163735405,-0.618688711420201,0.00628562747865537,-0.820215103938052,-0.0254558162685371,0.000415682035835643,18.2299995422363,0.876371798812247
2020-01-28,0.0104244273355221,0.694913187564322,0.00658023001019539,-0.666214834104866,-0.0152436155464929,0.000596174692976299,16.2800006866455,0.891371613913429
2020-01-29,-0.000826047065666025,0.480768722382777,0.00658507236173852,-0.652281368662609,-0.01605673478465,0.000721859026636307,16.3899993896484,0.867030276739032
2020-01-30,0.00324002635580189,0.27627815573778,0.00645703895298321,-0.844466279587921,-0.0128635624849658,0.00080676456969481,15.4899997711182,0.810844285552378
2020-01-31,-0.0183248843327046,0.089196189004724,0.00769249051239145,-0.911001112444199,-0.0307879904043458,0.00101133096118611,18.8400001525879,0.834517661485539
2020-02-03,0.00740112226825396,1.23577906529313,0.00758739933277555,-0.95984957968804,-0.0235881231338071,0.00114488118016168,17.9699993133545,0.790778781489265
2020-02-04,0.0151261658393738,0.951110886069227,0.00807095129381418,-0.826611641062503,-0.00870648785843132,0.00129617804592708,16.0499992370605,0.817429851800887
2020-02-05,0.0114819863377544,0.718119893765584,0.00837381284286038,-0.775063733237744,0,0.00143675051876694,15.1499996185303,0.787754099214985
2020-02-06,0.0033592398548894,0.505770285187794,0.00832896077648173,-0.889147966904865,0,0.00154229359533541,14.960000038147,0.784765763543972
2020-02-07,-0.00534368951394182,0.290462186069184,0.00841755869024476,-0.70921068584771,-0.00532943740271827,0.00161736346433616,15.4700002670288,0.783159698117994
2020-02-10,0.00743742338951847,0.316638636069294,0.00844156659804725,-0.70875707661327,0,0.00166686769587945,15.039999961853,0.774087307798795
2020-02-11,0.00173161601003091,0.128549384246467,0.0083910939815823,-0.796400796566765,0,0.00169297131082395,15.1800003051758,0.742869430024358
2020-02-12,0.00642196348009971,-0.0421722787842167,0.00837752172911977,-0.795860631865982,0,0.00170308382818217,13.7399997711182,0.721650897454719
2020-02-13,-0.00106771565426733,-0.195123603164984,0.00837023804952209,-0.805103943065434,-0.00106714584872327,0.00168109890711811,14.1499996185303,0.720232358257547
2020-02-14,0.0016007991830449,-0.317014171176621,0.008368012203696,-0.794317938527127,0,0.001635173377042,13.6800003051758,0.721875614934832
2020-02-18,-0.0025799693140387,-0.451091103513438,0.00825270099721793,-0.671073008070747,-0.00257664405351272,0.00156682021286077,14.8299999237061,0.69805314954457
2020-02-19,0.00476992854618974,-0.35388869727155,0.00828355777192152,-0.688517245161056,0,0.00147249814601216,14.3800001144409,0.693043446413387
2020-02-20,-0.00411681009618281,-0.47615929872057,0.00833410971671902,-0.647320898068763,-0.00410834765024245,0.00135487292771396,15.5600004196167,0.696061351879908
2020-02-21,-0.0103517300112381,-0.244536257023573,0.00868312940494688,-0.504270671307598,-0.014364373764443,0.00120948756459372,17.0799999237061,0.727820392589273
2020-02-24,-0.0337274913647931,0.241842178168825,0.0114184792195721,-1.12807143317063,-0.0470530388295157,0.00126288865598783,25.0300006866455,0.794464036696172
2020-02-25,-0.0307711200001819,3,0.0130246804306696,-1.09428217270141,-0.0759297217054106,0.00152551765788036,27.8500003814697,0.79382084320484
2020-02-26,-0.00368491213921285,3,0.0126444085108328,-1.2744897238542,-0.0793285734104669,0.00172366126197598,27.5599994659424,0.774587581494587
2020-02-27,-0.0459514259048834,3,0.0155662941538265,-1.34130353371918,-0.120677442956823,0.00223555021310915,39.1599998474121,0.845788415260025
2020-02-28,-0.00421040908167303,3,0.015544026774652,-1.31587068186001,-0.124371967449078,0.00257442406522012,40.1100006103516,0.841761733359462
2020-03-02,0.0423950463780614,3,0.0185876002980458,-0.252447035521654,-0.0864515366771801,0.00316131509326557,33.4199981689453,0.887802328433633
2020-03-03,-0.0290502611228991,3,0.0191741462546541,-0.252533198932855,-0.112608584049937,0.00368518359889197,36.8199996948242,0.895646053663985
2020-03-04,0.0411733690912328,3,0.0214026465914137,0.0400243214489908,-0.0753090859218391,0.0043047513862997,31.9899997711182,0.903011365777996
2020-03-05,-0.0338065365439428,3,0.022132272575479,0.181999060302557,-0.106047181381401,0.00484654720285082,39.6199989318848,0.898054211562456
2020-03-06,-0.0166694607363596,3,0.0219989266195646,0.345236344285554,-0.120825378303832,0.00524506049740136,41.939998626709,0.9006080183673
2020-03-09,-0.0813122767424233,3,0.0274147181400548,-0.457479131131566,-0.189483855058587,0.00606490307992964,54.4599990844727,0.910815197859396
2020-03-10,0.0504503503156242,3,0.0303703702433996,-0.214410316571548,-0.147543986274766,0.00697458223326893,47.2999992370605,0.929058578657085
2020-03-11,-0.0499767652747938,3,0.0315910117227911,-0.0598312071060943,-0.18909991583023,0.00775292427354204,53.9000015258789,0.931213939752771
2020-03-12,-0.100568927865003,3,0.0371728081571291,-0.387105986349821,-0.266684583830657,0.00887474788313867,75.4700012207031,0.949647703945464
2020-03-13,0.0820282733002395,3,0.042555359331078,0.0702020914822029,-0.203996015739925,0.010245159432704,57.8300018310547,0.961480043971068
2020-03-16,-0.115886580043106,3,0.0482466926365797,-0.132713480508669,-0.291097775270078,0.0118252361432313,82.6900024414062,0.969928710779271
2020-03-17,0.0525849012776698,3,0.0504211310056908,-0.136576780104828,-0.252822695478997,0.0131520633126789,75.9100036621094,0.968616237476488
2020-03-18,-0.0519598872593958,3,0.0510208340406787,-0.0120550931153281,-0.290654562949508,0.0141095492138349,76.4499969482422,0.968215237882272
2020-03-19,0.00212281249460755,3,0.0509698717871937,-0.00566763268691756,-0.289147156187863,0.0147106783167595,72,0.966923319076451
2020-03-20,-0.0440502750470522,3,0.0512387103913332,0.0997008858865303,-0.319780756847131,0.0150252805631178,66.0400009155273,0.96592382923979
2020-03-23,-0.0259008520628532,3,0.0512326799429047,0.143809111819399,-0.337172808078081,0.0150701398018197,61.5900001525879,0.967818822222
2020-03-24,0.0867309587912777,3,0.05600953828644,0.138651342839408,-0.277118528174905,0.015362980327976,61.6699981689453,0.969549569604446
2020-03-25,0.0148595400065616,3,0.0561769349090342,0.0263845548022148,-0.26629663698922,0.0154744091552382,63.9500007629395,0.966416178560319
2020-03-26,0.056748565903038,2.69727496596778,0.0580851016897446,-0.0474251382669964,-0.223455945843195,0.0153935736519317,61,0.967510686169313
2020-03-27,-0.030238311903009,2.26169553283011,0.0576729668800978,-0.0767534406997187,-0.246585859993196,0.0152038432167941,65.5400009155273,0.967803458503159
2020-03-30,0.031959655293849,1.98657473447486,0.0583083007086564,-0.149404108777932,-0.222118095748506,0.0147624610552567,57.0800018310547,0.967043197746051
2020-03-31,-0.0150176369175412,1.6542230641327,0.0572805252037092,-0.041184917747688,-0.23371276358467,0.0142252741223329,53.5400009155273,0.969456915851103
2020-04-01,-0.0460490933782172,1.46723842601929,0.0577059083139342,-0.00906050445099831,-0.268199461574709,0.013480217044054,57.060001373291,0.970116493104919
2020-04-02,0.0228131324038472,2.05011306424854,0.0570401116393003,0.0115359031878664,-0.251312913835527,0.0126141113880088,50.9099998474121,0.970353205513183
2020-04-03,-0.0145596401889216,1.70220750201626,0.0567934734212242,-0.0342041724079073,-0.262134557637689,0.0114965219365891,46.7999992370605,0.970325595066133
2020-04-06,0.0650067364178311,1.40234125031158,0.0590054973520936,-0.131675854400302,-0.212574929995411,0.0100465143977789,45.2400016784668,0.97201721566123
2020-04-07,0.0010189548766828,1.16973873252831,0.0563754156618434,-0.239208111264456,-0.211772170461893,0.00871616730846357,46.7000007629395,0.97014459104367
2020-04-08,0.0330170389702777,0.954618971535503,0.0556991328737474,-0.231353589544421,-0.185312820423509,0.00733169035694667,43.3499984741211,0.96622752335978
2020-04-09,0.0151029642933018,0.765982485027184,0.0547071688964118,-0.382678312154482,-0.172915244623713,0.00557446151139942,41.6699981689453,0.96568060489018
2020-04-13,-0.00917211412271346,0.604074056044616,0.0496274645433357,-0.344921271428538,-0.180466676153,0.00425597456958885,41.1699981689453,0.957238604143885
2020-04-14,0.0290661689180203,0.603087777926809,0.046797984159218,-0.464664994313408,-0.156296415333583,0.0037511367479586,37.7599983215332,0.952260564170431
2020-04-15,-0.0214767838003498,0.459414408911213,0.0386554441796906,0.285552832563896,-0.174223260265476,0.00492572336842404,40.8400001525879,0.927022271433123
2020-04-16,0.00481236676487029,0.480763934835859,0.0372347302155564,0.415176609767604,-0.170239742341155,0.00608790850754006,40.1100006103516,0.925545285095836
2020-04-17,0.0266572817998556,0.497296208431531,0.0351141248823918,0.396616365934338,-0.1478231338426,0.00725333443271831,38.1500015258789,0.915761309068825
2020-04-20,-0.0177752269475899,0.374502912417555,0.0355670379293789,0.442684065733501,-0.162836938832742,0.00813687803093557,43.8300018310547,0.920699078719843
2020-04-21,-0.0308336551024349,0.677509773935841,0.0347105058590117,0.520608978857376,-0.1882558432483,0.00894590996129657,45.4099998474121,0.918559292028083
2020-04-22,0.0219516002501692,1.04411385512342,0.0339063080273976,0.408000849377203,-0.170239742341155,0.00968620358791381,41.9799995422363,0.919142905805787
2020-04-23,-7.15558130277572e-05,0.837603996408546,0.0291278555800823,0.168937402655068,-0.170299114386777,0.0106016625096752,41.3800010681152,0.893999633583973
2020-04-24,0.0138424854471992,0.647809923794856,0.0291142131932673,0.173903938512251,-0.158734132573424,0.011287562889468,35.9300003051758,0.900229452453082
2020-04-27,0.014315444670757,0.48882514916693,0.0268369091066,0.119192692228123,-0.146604423652794,0.0118736388694257,33.2900009155273,0.883070417796109
2020-04-28,-0.0046089358714303,0.347640500501991,0.0257387399654587,0.11285677445967,-0.150528619008198,0.0123475929998348,33.5699996948242,0.8690537616921
2020-04-29,0.0258416085818771,0.215840181759095,0.025459930797174,0.120972262960238,-0.128290819320376,0.0125944109492807,31.2299995422363,0.884889766323346
2020-04-30,-0.00935435594296941,0.110583927933264,0.0252618149225926,0.107909417516972,-0.13640707691035,0.0127136644591655,34.1500015258789,0.872610556387257
2020-05-01,-0.026830076704961,0.0408388719259542,0.0235861387038962,0.419812443535748,-0.159269272611299,0.0127127276380286,37.189998626709,0.858448432496322
2020-05-04,0.00275436839510146,0.629124285803161,0.0233014962086577,0.544007741835289,-0.156950398416112,0.012559544125104,35.9700012207031,0.851933318225741
2020-05-05,0.00919702842841019,0.463024711726999,0.0228433222805742,0.46071733509991,-0.149161082890698,0.0122299416112939,33.6100006103516,0.848469257022356
2020-05-06,-0.00680191654502771,0.320811836399736,0.0186888637813354,-0.15846974044622,-0.154928780262674,0.0116899614472656,34.1199989318848,0.766812979255602
2020-05-07,0.0119946249371727,0.323322526989016,0.0187732729035667,-0.236870642708002,-0.14473143352023,0.0110642994840546,31.4400005340576,0.76879259083907
2020-05-08,0.0164108954027578,0.200422065950914,0.0178099337849533,-0.347204752121198,-0.130579908539343,0.0102161396904305,27.9799995422363,0.77443844793004
2020-05-11,0.000205188142484047,0.0935321384662104,0.0176032731357715,-0.252104620213179,-0.130401495542248,0.00907154823529085,27.5699996948242,0.781099786897419
2020-05-12,-0.0201327880215407,-0.00870110758161181,0.0181180970083243,-0.22771371897808,-0.147733877867348,0.0080987322556525,33.0400009155273,0.80873976150303
2020-05-13,-0.0178442642263068,0.349832499688164,0.0174772206619492,-0.125172435517307,-0.162807054903112,0.00713352581856718,35.2799987792969,0.784485938345479
2020-05-14,0.0118961349334334,0.526416523351512,0.0169719130123929,-0.30752022065428,-0.152788220111172,0.00683791025098021,32.6100006103516,0.778606585816048
2020-05-15,0.00458655381929773,0.376517493259936,0.016969594747594,-0.305784343131714,-0.148893512871761,0.00650498824669456,31.8899993896484,0.778552245118091
2020-05-18,0.030005080164532,0.243353714150082,0.0172342750852384,-0.246310543498274,-0.122969006011024,0.00619926572168198,29.2999992370605,0.835739243858416
2020-05-19,-0.0103243852122441,0.139257844653477,0.0168937792601873,-0.26850979500128,-0.131977229633063,0.0057135324781254,30.5300006866455,0.827962662733998
2020-05-20,0.0168455047193525,0.166750581062198,0.0154408944134789,-0.278689594353587,-0.117231093615269,0.00521128321628279,27.9899997711182,0.784382527520474
2020-05-21,-0.00692805906211369,0.0630866228675231,0.015042499949627,-0.126338146009909,-0.123325832005214,0.00460517094373248,29.5300006866455,0.771436693465566
2020-05-22,0.00189729807887318,0.0765049388486726,0.0150310234959007,-0.145514229547556,-0.121660940892556,0.0043624697133605,28.1599998474121,0.773397577686236
2020-05-26,0.0122449622948606,-0.023714742229161,0.0149758202298055,-0.139332041882595,-0.110839593950622,0.00399330168223486,28.0100002288818,0.738454445831318
2020-05-27,0.0147698934127725,-0.109273322563465,0.0149938576358879,-0.140328833211361,-0.0976093252109736,0.00373734929641593,27.6200008392334,0.745141492816274
2020-05-28,-0.00184701183621616,-0.178188670755869,0.0149389376950743,-0.164453940988914,-0.0992745131838596,0.00349339729780289,28.5900001525879,0.746656975995834
2020-05-29,0.00444601025633062,-0.145394862844326,0.0139874884798356,-0.205261841018002,-0.095260962899794,0.00322913848439168,27.5100002288818,0.686435924230652
2020-06-01,0.00403381674574455,-0.217661601668984,0.0137582856606117,-0.330928254294944,-0.0916040407030996,0.00287445975147456,28.2299995422363,0.725563934939493
2020-06-02,0.00824583254049926,-0.28558571374803,0.0120548760569371,-0.183901234759338,-0.0840825920568515,0.00272182116999243,26.8400001525879,0.650988165350933
2020-06-03,0.0132207090490528,-0.34023346025315,0.0122127080429989,-0.280833165918451,-0.0718931152769617,0.00246170195311859,25.6599998474121,0.675316238611305
2020-06-04,-0.00263032408173025,-0.388651899754401,0.0122616250740219,-0.149326896250804,-0.0743311293770309,0.00210804557307558,25.8099994659424,0.680517784887334
2020-06-05,0.0253066182312294,-0.418050955862238,0.0128340329569994,-0.233635739979088,-0.0506066536668274,0.00209025088120897,24.5200004577637,0.762140584533286
2020-06-08,0.0120149606450886,-0.451236620320739,0.0128345448512416,-0.233777993299992,-0.0391309278287267,0.00202519030863832,25.8099994659424,0.759397815304076
2020-06-09,-0.00748433634424828,-0.487474153768533,0.0128820926333485,-0.0426799228782649,-0.0462955504807849,0.00199433355410629,27.5699996948242,0.668061629128261
2020-06-10,-0.00559588093208507,-0.404011160650285,0.01303793559032,0.00255769390605617,-0.0516174627435466,0.00194187314683306,27.5699996948242,0.583118176548189
2020-06-11,-0.0593771716236491,-0.298770799202345,0.0183995657467817,-1.67498023131106,-0.106290507815043,0.00196702192235813,40.7900009155273,0.771483112660113
2020-06-12,0.0119043443094409,1.37559920884644,0.0179129956660747,-1.97841560333733,-0.095587904964354,0.00199901508994983,36.0900001525879,0.760930776697861
2020-06-15,0.00929247665681654,1.10862373655207,0.0178622062220953,-1.97740101168408,-0.0871445074030014,0.00205614338611907,34.4000015258789,0.762895479886289
2020-06-16,0.0190650152153573,0.884056369099624,0.0181806507947723,-1.96012967298147,-0.0695739442215464,0.0021344646109603,33.6699981689453,0.792558281116493
2020-06-17,-0.00416268569424005,0.690709882557892,0.0172657283374576,-2.1740596466655,-0.0734389654381469,0.00213619938122688,33.4700012207031,0.792626622672414
2020-06-18,0.000384927031184645,0.580070307405552,0.0170208234232154,-2.33899423124201,-0.0730822383973664,0.0021423131751005,32.939998626709,0.782051446679516
2020-06-19,-0.00573154040917245,0.415368062657251,0.0168227958802298,-2.26110106834205,-0.0783797091680136,0.00218059616999324,35.1199989318848,0.779086124200121
2020-06-22,0.00639480476225174,0.436171825974685,0.0167181390967119,-2.41170974812727,-0.072467242958129,0.00221389385698479,31.7700004577637,0.76770369621486
2020-06-23,0.00459308705666484,0.293096323517005,0.0167221346971009,-2.43349929119747,-0.0681972054369753,0.00224383931108132,31.3700008392334,0.761987099920839
2020-06-24,-0.0258394981389971,0.165548580509115,0.0176855701759802,-1.96633738111321,-0.0919661112279861,0.00231157332466345,33.8400001525879,0.809233365589496
2020-06-25,0.0106634040123028,0.435029387814392,0.0175478742758839,-1.99493176062762,-0.0822315695811678,0.00236366347368425,32.2200012207031,0.822602738707603
2020-06-26,-0.0240379712005954,0.287280000088563,0.0183646844422104,-1.68999035158903,-0.104029818224566,0.00244852793834498,34.7299995422363,0.836320574950854
2020-06-29,0.014590320903495,0.495044722097598,0.0186259991704187,-1.67449606071946,-0.0908614943191837,0.00250980575341781,31.7800006866455,0.842187618330312
2020-06-30,0.0127283880347466,0.342180931873607,0.0188104764439236,-1.67878302995304,-0.0792156675703752,0.00254993925813154,30.4300003051758,0.840414862956304
2020-07-01,0.00698013681448106,0.210300021965805,0.0187869177314014,-1.67667276386902,-0.0727659833010185,0.00245001794193062,28.6200008392334,0.836944697273758
2020-07-02,0.00549180192872267,0.0904722583269632,0.0186017911879969,-1.68152026249074,-0.0676597894706844,0.0023065381411385,27.6800003051758,0.841508934653912
2020-07-06,0.0153195216802215,-0.0205663148500681,0.0188748236670116,-1.72248676717246,-0.0532668181709333,0.00212495518155834,27.9400005340576,0.850939487568773
2020-07-07,-0.0103672596692936,-0.107780814394788,0.0181770181532565,-1.77460539268351,-0.0630311447939721,0.00191825682104637,29.4300003051758,0.845046634060889
2020-07-08,0.00761950070454009,0.0751305970740176,0.0180490204775652,-1.78969731919968,-0.0558646420271358,0.00164309797405739,28.0799999237061,0.853164813495846
2020-07-09,-0.00570936026066526,-0.0294501884043024,0.0180204663852616,-1.81107789999642,-0.0612396922707294,0.0012697854139796,29.2600002288818,0.883256621404029
2020-07-10,0.0101587342901492,0.026914340827201,0.0181363008221264,-1.89170372309842,-0.0516544713186512,0.000691663226903904,27.2900009155273,0.912497489363308
2020-07-13,-0.00869662691961715,-0.0723046981931652,0.0122604423929794,-0.935610169330239,-0.0598661199952582,0.00140942146528564,32.189998626709,0.815079372406512
2020-07-14,0.0128756968550174,0.0159192389251108,0.0122998157393057,-0.930218940812574,-0.047682976233568,0.0018258657497368,29.5200004577637,0.81449763814124
2020-07-15,0.00914508658626634,-0.0824117674742964,0.0122957620622505,-0.929941639874298,-0.0389340105440795,0.00213001885911149,27.7600002288818,0.806143400607653
2020-07-16,-0.00329867865821143,-0.172673133117098,0.0117407855457202,-0.939710873256741,-0.0420990353427934,0.00241268210106488,28,0.786152109461587
2020-07-17,0.00289488259908222,-0.221968522509334,0.0116748462052187,-1.03863005063246,-0.039322006862221,0.00265515626796303,25.6800003051758,0.785509588484735
2020-07-20,0.00804929241743491,-0.301871986392561,0.0117505153296978,-1.10613161101817,-0.031558023409606,0.00284895102176153,24.4599990844727,0.776573624030953
2020-07-21,0.00212508518559407,-0.367559696209557,0.0116134128878468,-1.22920587812686,-0.0294978134265131,0.00302128559485028,24.8400001525879,0.761220966209465
2020-07-22,0.00567624234756892,-0.431671508634065,0.0116022961299279,-1.22458311742634,-0.0239733435347701,0.00316630588304558,24.3199996948242,0.759356866206051
2020-07-23,-0.0120037324291724,-0.486545886905623,0.0120056122239285,-0.991867392115033,-0.0356192692369881,0.00326286798106448,26.0799999237061,0.784433288741596
2020-07-24,-0.00646124032224105,-0.311484774232781,0.0104294259072368,-0.872881352468212,-0.0418302778829433,0.00340835226280378,25.8400001525879,0.785637893362062
2020-07-27,0.00726618573342197,-0.238191612229237,0.0103232420279617,-0.871848897529426,-0.0348426828802488,0.00352451611162581,24.7399997711182,0.779595392117211
2020-07-28,-0.00636253912676388,-0.313551850312292,0.00864411937536756,-0.373232523085361,-0.0409640397373143,0.00367868397859483,25.4400005340576,0.772815917384964
2020-07-29,0.0122234352317427,-0.281034100396296,0.00850299172783975,-0.412831381351519,-0.0291693870608126,0.00376165966209507,24.1000003814697,0.77325538576383
2020-07-30,-0.00357421666186664,-0.349888767712016,0.00832484758096417,-0.257699900277472,-0.0326331522024159,0.00377779498778933,24.7600002288818,0.755718373261817
2020-07-31,0.00787126567410912,-0.377745553550528,0.00835185599882764,-0.264754578520166,-0.0249887044683204,0.00372440832226759,24.4599990844727,0.619956005808951
2020-08-03,0.00692807762557646,-0.437500291516187,0.0083843230279702,-0.281245166513514,-0.018210296973035,0.00361311786122935,24.2800006866455,0.603017811142236
2020-08-04,0.00385468729578431,-0.490089691394271,0.0078621793274613,-0.351113738663801,-0.0144185012793686,0.0034285529013598,23.7600002288818,0.581549947765326
2020-08-05,0.00619239912141634,-0.536364458817191,0.00738465324459217,-0.507614784784391,-0.00829645174843748,0.00324888471428888,22.9899997711182,0.578105137860177
2020-08-06,0.00666200494393721,-0.578177317653575,0.0073556820690865,-0.501890005856418,-0.00166766180812024,0.00298386158011629,22.6499996185303,0.578432629732768
2020-08-07,0.000717461112277995,-0.613302233267351,0.00712007056063317,-0.603485088641618,-0.000951140170868789,0.00260828865351999,22.2099990844727,0.603080309585735
2020-08-10,0.00298469939962942,-0.628889922172895,0.00692709601565732,-0.561012570040365,0,0.00202399827207981,22.1299991607666,0.60802773082949
2020-08-11,-0.00828917367610416,-0.661562074383395,0.00689429976293698,-0.554093714983186,-0.00825491320500718,0.00204313643056763,24.0300006866455,0.628525834386856
2020-08-12,0.0138464020677755,-0.50973111000765,0.00696919313259173,-0.506129017773149,0,0.00202126449920347,22.2800006866455,0.660189966017787
2020-08-13,-0.0018096917636683,-0.547855888099311,0.00687100176689563,-0.351172468045326,-0.00180805525886685,0.00197075091586006,22.1299991607666,0.664154606442697
2020-08-14,2.99079984733552e-05,-0.568545003793588,0.00677636966297182,-0.412740882520639,-0.00177820088926739,0.00193333032815007,22.0499992370605,0.652938547737443
2020-08-17,0.00317136428129405,-0.591087851533388,0.00677780103087238,-0.418381483080271,0,0.00186935006164083,21.3500003814697,0.650499995746112
2020-08-18,0.00215841436238495,-0.625989103150947,0.00665031045135836,-0.345611413358549,0,0.00176999848904494,21.5100002288818,0.651850779826191
2020-08-19,-0.00417251472268099,-0.6573426461899,0.00678768097586863,-0.228756332119027,-0.00416382187766936,0.00163605198712996,22.5400009155273,0.653308077793865
2020-08-20,0.00310912297883625,-0.585205733781235,0.00673650229442956,-0.187890662288655,-0.00106282654320486,0.00145585968380653,22.7199993133545,0.658518963741391
2020-08-21,0.00354041308795594,-0.619786386132243,0.0059737269298201,-0.0409428365728028,0,0.00117506271919232,22.5400009155273,0.533522062388212
2020-08-24,0.01008251706837,-0.651503095993747,0.00583945092804515,-0.165855994446341,0,0.00104646220238845,22.3700008392334,0.512009729206244
2020-08-25,0.00349307437387569,-0.673527932021879,0.00576446542011725,-0.0950282409416672,0,0.000867945056652734,22.0300006866455,0.49097351102945
2020-08-26,0.00997555701501085,-0.698223281912802,0.0055380723799009,-0.192640703348051,0,0.000871623110522343,23.2700004577637,0.463981073268134
2020-08-27,0.00218430374514167,-0.716271656720273,0.00519370971566642,-0.172769993131472,0,0.00089237156138256,24.4699993133545,0.442204594295652
2020-08-28,0.00643879381729739,-0.737712628972308,0.00498820235070808,-0.343697955846585,0,0.00091893274082794,22.9599990844727,0.441711123326601
2020-08-31,-0.00362931845847303,-0.754586999422226,0.00514322111360558,-0.163049503458558,-0.00362274044254791,0.0009008305621789,26.4099998474121,0.433894621277234
2020-09-01,0.00937470320951217,-0.701536166573257,0.00525801889878091,-0.156342493786961,0,0.000842154922076785,26.1200008392334,0.439332091762432
2020-09-02,0.0143602602480284,-0.719551299197186,0.00578396881641061,-0.0286624163663465,0,0.000784278229088382,26.5699996948242,0.361321802768653
2020-09-03,-0.0350204406093981,-0.732674091285939,0.01022727809499,-2.21671695352882,-0.0344143211038582,0.00114119984626868,33.5999984741211,0.694280861869293
2020-09-04,-0.00819860555432861,0.362726949636807,0.0103917126167341,-1.95506200577803,-0.0422984137689524,0.00141929885305349,30.75,0.683968797717353
2020-09-08,-0.0277026889583176,0.44654376650348,0.0121534277997088,-1.56455210218444,-0.0684652042682418,0.00186609260669809,31.4599990844727,0.766538971002858
2020-09-09,0.0195547138039931,0.768533147471074,0.012885936976311,-1.3174412942691,-0.0500700380021011,0.00228580211901143,28.8099994659424,0.802148488333839
2020-09-10,-0.0175160413223683,0.586185669790536,0.0133528583405096,-1.19557547618957,-0.0665641727826395,0.00265760411151463,29.7099990844727,0.807509780622797
2020-09-11,0.000509118576534462,0.684962389549799,0.0129811327855506,-1.21082908046154,-0.0660888222683789,0.00291650446922688,26.8700008392334,0.795278051283449
2020-09-14,0.013085036587908,0.512880044037627,0.0133076209202546,-1.23357513181003,-0.0537882591850763,0.00315178912285266,25.8500003814697,0.799786312702209
2020-09-15,0.00503968923590836,0.357699544874355,0.0133486975541151,-1.27476990567184,-0.049007609684514,0.00334222764782437,25.5900001525879,0.796864565181794
2020-09-16,-0.00397647090382236,0.221159879816377,0.0133674477532231,-1.19342773403366,-0.0527816945120223,0.00349436666513859,26.0400009155273,0.799310362583053
2020-09-17,-0.00883423390012883,0.259497586088912,0.0134985550182234,-1.05488766633955,-0.0611127889762408,0.00361575127505907,26.4599990844727,0.799862696104163
2020-09-18,-0.0115795612762888,0.198867582502391,0.0136974930306782,-0.95722803397349,-0.0719219873005168,0.00371945158661652,25.8299999237061,0.803781034850444
2020-09-21,-0.0111917802275947,0.373639973916269,0.0138507757962787,-0.797598258061614,-0.0822509250389563,0.00379687507589194,27.7800006866455,0.771840618077321
2020-09-22,0.0101329040414306,0.374494249837431,0.0140424250474201,-0.80779340071517,-0.0729041869014113,0.00381499363388095,26.8600006103516,0.807359196613306
2020-09-23,-0.0234643448620107,0.231466909802215,0.0146018863063535,-0.587548186087627,-0.0944046491892823,0.00381301538692816,28.5799999237061,0.821455651272657
2020-09-24,0.002661995650306,0.490274356665416,0.0145853430025889,-0.582591250184855,-0.091990746831151,0.00375689247593061,28.5100002288818,0.826870037106363
2020-09-25,0.0160378401811663,0.333463739909156,0.0149063149066915,-0.534575913655129,-0.077310837176468,0.00364713862248502,26.3799991607666,0.833636917855736
2020-09-28,0.0164726190975655,0.199513671940165,0.0154454170383713,-0.523022565781829,-0.0619858552881471,0.00346890274357481,26.1900005340576,0.848324841807771
2020-09-29,-0.0054610766716916,0.0837385294341792,0.0153466643463432,-0.428206311901902,-0.0670944605128338,0.00317582315782621,26.2700004577637,0.850779841097628
2020-09-30,0.00755359030105307,0.110374990368632,0.0154933644845362,-0.508450541688049,-0.0600209928720584,0.00279030438704111,26.3700008392334,0.880616271223178
2020-10-01,0.00639937956493331,-0.000760512245700263,0.0153992180766431,-0.501435155229101,-0.0539864222624498,0.00224674661055506,26.7000007629395,0.886991159410622
2020-10-02,-0.00953974484861941,-0.101659062040453,0.015011111471961,-0.380235116445324,-0.0629682401747615,0.00148148713169757,27.6299991607666,0.916812903342393
2020-10-05,0.0175778401022111,-0.0839562510640888,0.0137536830751847,-0.245962532140467,-0.0463516315334061,0.00124863155714889,27.9599990844727,0.894478671232646
2020-10-06,-0.0143178320358572,-0.170125173895975,0.0139857540545062,-0.210047878547151,-0.0599085244401129,0.000959940474295371,29.4799995422363,0.904106832619308
2020-10-07,0.0172568300523182,-0.0733617539194183,0.0130873939406393,-0.186596400526988,-0.043544738163485,0.00088659186501896,28.0599994659424,0.878021494283022
2020-10-08,0.00882370408252342,-0.159890967564609,0.0125350833263072,-0.23505902983138,-0.0350679164806089,0.000913373241843573,26.3600006103516,0.861576271833995
2020-10-09,0.00889022867889366,-0.238415943656032,0.011920946993651,-0.398276598990898,-0.0264512040792504,0.00101757068597794,25,0.84487146455666
2020-10-12,0.0159598930159808,-0.309226216742553,0.0122950316507556,-0.47217877184276,-0.0107888168950931,0.00106222128520004,25.0699996948242,0.846619307542955
2020-10-13,-0.00654780544521394,-0.370364230284597,0.0122151948260435,-0.299382725524124,-0.0172448198744875,0.00112163978551932,26.0699996948242,0.835827712939526
2020-10-14,-0.00630319628713849,-0.399881923577219,0.0123153570033615,-0.172768182313662,-0.023419837059738,0.00116974001716104,26.3999996185303,0.837409837700489
2020-10-15,-0.00123647003886873,-0.237201910257074,0.0122714931930105,-0.203756646980083,-0.0246266029530838,0.00121696588195791,26.9699993133545,0.838892788843053
2020-10-16,-0.000604742884186216,-0.313521646302205,0.0120580491374089,-0.283668538739529,-0.0252162747564882,0.00127529866373571,27.4099998474121,0.831594891036914
2020-10-19,-0.0153200171398939,-0.314885438222487,0.0122907433036299,-0.295554299798319,-0.0400361677725136,0.00131471064813377,29.1800003051758,0.836658815551482
2020-10-20,0.00399750636751772,-0.128876031865395,0.0119417739344514,-0.445153016571235,-0.0361910258714451,0.00136769646525578,29.3500003814697,0.887792045657895
2020-10-21,-0.00189452388756717,-0.218232899374305,0.0118368848280489,-0.325226779563181,-0.038015256426172,0.00141549525669317,28.6499996185303,0.889444449058908
2020-10-22,0.00547019107943481,-0.271208470711063,0.0103438829226166,-0.154114787105891,-0.0327385970535865,0.00154715314366657,28.1100006103516,0.857604351265902
2020-10-23,0.00338969259868804,-0.342716163643803,0.0103434311068702,-0.164428019098545,-0.0294543150264866,0.00164317437905544,27.5499992370605,0.857754866942125
2020-10-26,-0.0186528605996674,-0.409264449817485,0.010938903977224,-0.161327654529954,-0.0473899727074135,0.0016514220644893,32.4599990844727,0.804993173565529
2020-10-27,-0.00345362376472469,-0.153892951896292,0.0104293533756621,-0.0622095292473721,-0.0506742547345134,0.0016269138019298,33.3499984741211,0.788888295055716
2020-10-28,-0.0347767105403918,-0.0992370498684128,0.012937479548023,-0.739287476152306,-0.0831212120650649,0.00150845450849249,40.2799987792969,0.836807331074174
2020-10-29,0.0101124663973273,0.458347742927614,0.0130320451760705,-0.735380894340825,-0.0738022667854966,0.00135563638093691,37.5900001525879,0.831944244113122
2020-10-30,-0.0104796177641742,0.298680716523507,0.0130924498700015,-0.56579046283445,-0.0834577835751621,0.00118543326266632,38.0200004577637,0.810625768089283
2020-11-02,0.0111461617325066,0.281563125881498,0.013235273712855,-0.72068293114575,-0.0731847094812556,0.00103769733549614,37.1300010681152,0.796357835964277
2020-11-03,0.0175014822617729,0.145210108917506,0.0132300620219817,-0.722343468302873,-0.0568212937760674,0.00100506913875217,35.5499992370605,0.785948553545223
2020-11-04,0.0221035196870654,0.028860143294383,0.0137101796924826,-0.75759699302198,-0.0357416153579627,0.000982216197142497,29.5699996948242,0.798318346907883
2020-11-05,0.0193148903542202,-0.0686042677378081,0.0138373960976486,-0.723804780949314,-0.016936041222367,0.00102887591325909,27.5799999237061,0.81200722735526
2020-11-06,-0.000228366913200162,-0.161753016926734,0.0137321144263036,-0.652527458364245,-0.0171605148719583,0.00107863146005976,24.8600006103516,0.817189001393028
2020-11-09,0.0124871886996623,-0.251206923002139,0.0138589281338207,-0.652548722991954,-0.00481066578717712,0.00112761987698079,25.75,0.76746826862701
2020-11-10,-0.00146753391112853,-0.330387580059945,0.0134366298397636,-0.596295603628894,-0.00627006875953063,0.00115068268757464,24.7999992370605,0.730933172790395
2020-11-11,0.00740109009792089,-0.403472069332636,0.0134302696016889,-0.734921701272392,0,0.0011695904690317,23.4500007629395,0.75430289682087
2020-11-12,-0.00974813851679546,-0.469006791458329,0.0135429786763827,-0.696609472403198,-0.00970077942710729,0.00119087891399481,25.3500003814697,0.752322700924737
2020-11-13,0.0137495088598678,-0.383632830763563,0.013826740151179,-0.770355163387185,0,0.00122073922481012,23.1000003814697,0.745333527438398
2020-11-16,0.0124051918098518,-0.446708311728896,0.0140210695680953,-0.849963202083884,0,0.00125011071855419,22.4500007629395,0.746865883986123
2020-11-17,-0.00539280906820672,-0.503911250599383,0.013566108190413,-0.946450845353379,-0.00537829397747598,0.00125933301003387,22.7099990844727,0.732431433142918
2020-11-18,-0.0121077109222343,-0.517560252513834,0.0139289637848943,-0.764395766159931,-0.0173482753045636,0.00126803884718622,23.8400001525879,0.736927889525537
2020-11-19,0.00420152099282234,-0.238452786700317,0.0139125900860546,-0.830044823623555,-0.0132109580281871,0.00126421546007935,23.1100006103516,0.738323470628466
2020-11-20,-0.00687194721642559,-0.322056371725842,0.0140209939532964,-0.695935677861481,-0.0199688736242928,0.00112967134665705,23.7000007629395,0.74618042619442
2020-11-23,0.0059766940745849,-0.220704681348386,0.0140501425288635,-0.716996800580069,-0.0140939886913813,0.000944263635542611,22.6599998474121,0.724248564235385
2020-11-24,0.0159855631660815,-0.306783392802936,0.0135812630809228,-0.938560746351982,0,0.000770911324126212,21.6399993896484,0.745263248460495
2020-11-25,-0.00154318288637079,-0.379701642071151,0.0135405825997831,-0.963780123327766,-0.00154199279191748,0.000340587599986898,21.25,0.756866131458883
2020-11-27,0.00278117197723393,-0.453705844102943,0.0103646783703158,-0.140194432064356,0,0.000775067985069967,20.8400001525879,0.673138210476237
2020-11-30,-0.00443685797139537,-0.520466319389295,0.0104990299559734,0.0242150187547334,-0.00442702965804922,0.00100904870429683,20.5699996948242,0.646548763289469
2020-12-01,0.0108780004956568,-0.513908611257364,0.0100066583688542,-0.102749694089329,0,0.00124583040447363,20.7700004577637,0.642667176474969
2020-12-02,0.00210150678365739,-0.567785122858053,0.00994299729881629,0.0168708555399743,0,0.00143481944429885,21.1700000762939,0.653440417531765
2020-12-03,-0.000272696936576722,-0.620457515293513,0.00957571922926456,0.168881887675599,-0.000272659758146295,0.00162131238017298,21.2800006866455,0.646438197941605
2020-12-04,0.00858066868656593,-0.669153632547564,0.00872552726443831,0.0114665073282672,0,0.00184276605258611,20.7900009155273,0.541136925211431
2020-12-07,-0.00205709470919491,-0.709391666930846,0.00800722928460079,-0.00319338373613878,-0.00205498033994142,0.00207731180458594,21.2999992370605,0.416095468765248
2020-12-08,0.00292210218018774,-0.749654654246835,0.00798310538994618,-0.0589545320962087,0,0.00225844275018445,20.6800003051758,0.41720644450735
2020-12-09,-0.0090093967464373,-0.781859095927526,0.00803618866224496,0.0855962112770729,-0.0089689337385112,0.0023839407208562,22.2700004577637,0.55616922176963
2020-12-10,-0.000327281714141314,-0.67798956431462,0.00801809718157736,0.0675552416488878,-0.00929322701412027,0.00248990476281147,22.5200004577637,0.600616021915576
2020-12-11,-0.00117322686289167,-0.671283228154189,0.00792986266329057,0.206614249084592,-0.0104548692452544,0.0025703891736518,23.3099994659424,0.528308017422551
2020-12-14,-0.00448711366853072,-0.699679643497645,0.007642302131802,0.261609430423711,-0.0148851237659892,0.00263348128667442,24.7199993133545,0.515755241242913
2020-12-15,0.0134288034501582,-0.656941553464329,0.00761691840997429,0.254145594326331,-0.00156698653438378,0.00264980508569534,22.8899993896484,0.522640687212792
2020-12-16,0.00156821554184283,-0.696290919552542,0.00719695253620457,0.34404788050773,0,0.00264224452585424,22.5,0.473889227624819
2020-12-17,0.00557623146956843,-0.736710286050872,0.00710821127883725,0.181612297943636,0,0.00262962501969419,21.9300003051758,0.451182706827908
2020-12-18,-0.00400076764020607,-0.774170146979273,0.00652812052619948,0.486705234164785,-0.00399277523149318,0.00258357616234453,21.5699996948242,0.422983647156046
2020-12-21,-0.003581994986809,-0.765475674704308,0.00661112276827215,0.609813091105163,-0.00755408601092228,0.00248155424412063,25.1599998474121,0.383591788938674
2020-12-22,-0.00168672020647875,-0.704023503269314,0.00637439751744765,0.671750759644017,-0.00922665361455665,0.00232246526086892,24.2299995422363,0.324533337373223
2020-12-23,0.000898304838884201,-0.708237958000698,0.00630285572693331,0.797551067366471,-0.00833623725047371,0.00208614038716276,23.3099994659424,0.378419047709359
2020-12-24,0.00388252512945098,-0.750849193355742,0.00540431251668242,0.618166115208496,-0.00447859391888717,0.0018711965224652,21.5300006866455,0.352477412472358
2020-12-28,0.00855446116478031,-0.788747222556052,0.00561605150229058,0.418460117053565,0,0.00151837065305219,21.7000007629395,0.393575489499048
2020-12-29,-0.00190992493451869,-0.818628794888282,0.00565301170055617,0.520540924481447,-0.00190810218851117,0.00148058003583694,23.0799999237061,0.408223662752985
2020-12-30,0.0014259603907778,-0.794348288767977,0.00550287467061997,0.463638207514132,-0.000483847451791211,0.00140014462623867,22.7700004577637,0.439198403838638
2020-12-31,0.00506782977315101,-0.828438083871547,0.0051415112341198,0.439469053016187,0,0.00135211528168722,22.75,0.379240418678746
2021-01-04,-0.0137073663851162,-0.858142392034241,0.00607729754683482,-0.109585818552399,-0.0136138482220614,0.00121418873927101,26.9699993133545,0.497303283899853
2021-01-05,0.00686367192803328,-0.610286505838574,0.0062317514638047,-0.213809084160485,-0.00682032971094977,0.00107062915279373,25.3400001525879,0.494235956963929
2021-01-06,0.00596073280582132,-0.660540716383587,0.00609290153395457,-0.241338326217227,-0.000882571955326739,0.000990323663529275,25.0699996948242,0.456662985429898
2021-01-07,0.0147482589991998,-0.703872298651653,0.00678070775804184,-0.0783999783171109,0,0.000945638985085691,22.3700008392334,0.55379263130787
2021-01-08,0.00568152131573285,-0.738587735831396,0.00683662202469508,-0.124149011406241,0,0.000897257152308259,21.5599994659424,0.556504168980861
2021-01-11,-0.00676362854368495,-0.775676806055333,0.00667795585937749,-0.0774633325554822,-0.00674080668998082,0.000835769203677897,24.0799999237061,0.536246470616509
2021-01-12,0.000211222144780976,-0.700062190371477,0.00667075083657476,-0.0886482972755609,-0.00653098619425964,0.000765394520229429,23.3299999237061,0.543945999518939
2021-01-13,0.00268913559296013,-0.699180034100113,0.0066395620217193,-0.170600594776112,-0.00385581797580633,0.00069102793036718,22.2099990844727,0.564997849669541
2021-01-14,-0.00350797859269925,-0.741596574529785,0.00659557656675351,-0.17732936051795,-0.00734414837015853,0.00063339080436276,23.25,0.594250036272664
2021-01-15,-0.00731934499774223,-0.680380888540713,0.00634262305626679,-0.179516963442483,-0.0145832140844896,0.000564751381376008,24.3400001525879,0.612286921733279
2021-01-19,0.00782142484558168,-0.600871513296238,0.00651587491371567,-0.246981210414348,-0.00684563073385796,0.000529357924474947,23.2399997711182,0.649176397494604
2021-01-20,0.0137436152699975,-0.653153375461196,0.00701007066079895,-0.0929822027763423,0,0.000521984802964552,21.5799999237061,0.703905522168099
2021-01-21,0.00091128187133549,-0.694653085079251,0.00689235249692127,-0.173728236202484,0,0.000536934049438204,21.3199996948242,0.668127725811894
2021-01-22,-0.00354582057275454,-0.740947410954458,0.00689091722229722,-0.174097239662442,-0.00353954157458065,0.00054879003400037,21.9099998474121,0.684939793821191
2021-01-25,0.00393621359144802,-0.695089965125116,0.00685349182626539,-0.28841920862649,0,0.000561942191968776,23.1900005340576,0.712081693431748
2021-01-26,-0.00156223044166026,-0.739068860938146,0.00689727459777625,-0.238551258031435,-0.00156101079488941,0.000575812187968971,23.0200004577637,0.699441228018925
2021-01-27,-0.0247438840109249,-0.737912393696269,0.00902036097657883,-0.9825066347643,-0.0259631227979483,0.000782756921524215,37.2099990844727,0.618545163575573
2021-01-28,0.00856340827667168,-0.175834429322728,0.00902075105550217,-0.982408460014559,-0.0175862311614418,0.000925539458385435,30.2099990844727,0.504645047633065
2021-01-29,-0.0202228759981162,-0.273157803710519,0.0101050167650757,-0.886409731251506,-0.0372539240521265,0.00115839191783813,33.0900001525879,0.583826689416714
2021-02-01,0.016508396303208,-0.00557458569045775,0.0107407486315201,-0.752068306288944,-0.0212286181835313,0.001385318397013,30.2399997711182,0.613365470796849
2021-02-02,0.0140414400533793,-0.116850611669962,0.0111023245136287,-0.710661895915348,-0.00738831701797603,0.00155471543931568,25.5599994659424,0.6023241863063
2021-02-03,0.000785962922484451,-0.214392256628187,0.010582828014607,-0.884718502854058,-0.00660785437155272,0.00166585882669212,22.9099998474121,0.558463760203795
2021-02-04,0.011301543583822,-0.309480412523556,0.0107352071058512,-0.876794772675331,0,0.0017622025408528,21.7700004577637,0.542462713453996
2021-02-05,0.00392822752792465,-0.390854036320324,0.0107055891987296,-0.85879619108859,0,0.00181787442514158,20.8700008392334,0.570065649660075
2021-02-08,0.00719593213939529,-0.463430462799424,0.0103694456712545,-0.931466403597094,0,0.00185815942680923,21.2399997711182,0.52117522671585
2021-02-09,-0.000666280539353359,-0.531453685847574,0.0103312164406579,-0.855907914679008,-0.000666058623763312,0.00188178483301761,21.6299991607666,0.519931191176703
2021-02-10,-0.000435502727806458,-0.592879509827841,0.0101812839491237,-0.961777886065845,-0.0011011765268283,0.00187543730727772,21.9899997711182,0.498278812333746
2021-02-11,0.00161377837261512,-0.59053729080905,0.0101776187028461,-0.982906299065214,0,0.00185282297358151,21.25,0.502815131301547
2021-02-12,0.00492764281075431,-0.646597470332849,0.0102026304264639,-1.00591924979691,0,0.0018127910603478,19.9699993133545,0.501879093416254
2021-02-16,-0.000866476110660486,-0.695648585146392,0.01015286885895,-1.05312554695414,-0.000866100828634246,0.00175006453081805,21.4599990844727,0.493972622897959
2021-02-17,0.000229441788571982,-0.710380912549429,0.00994876809390145,-1.19226493544786,-0.000636831458804421,0.00164080932459101,21.5,0.478462469717505
2021-02-18,-0.00426512075930319,-0.755581555613715,0.00994900173327975,-1.0372625585217,-0.00489015912918153,0.00152046026445408,22.4899997711182,0.481772536393963
2021-02-19,-0.00176734167482984,-0.679645721760208,0.00956239055300979,-1.04001583873294,-0.0066473050260299,0.00141644273086734,22.0499992370605,0.394347639003613
2021-02-22,-0.00772150196011001,-0.711864208035438,0.00973928792892723,-0.888319266776307,-0.0142879432436518,0.00127960281865925,23.4500007629395,0.47657071516151
2021-02-23,0.0012135175565815,-0.566471345785591,0.00969952665381396,-0.967787466608963,-0.0130910382713274,0.00110897181445671,23.1100006103516,0.490383856199063
2021-02-24,0.010959086588044,-0.62120416584164,0.00993944973004963,-0.94635487867081,-0.00221593575301386,0.000877463009879384,21.3400001525879,0.476077667353479
2021-02-25,-0.0243909300976668,-0.66331032863101,0.011368508859657,-0.901504566952248,-0.0262584159604294,0.000593671267697713,28.8899993896484,0.56276347329522
2021-02-26,-0.0051657547271855,-0.180703890623399,0.00997030465180274,-0.865141049718855,-0.0312755563360629,0.000534709456932285,27.9500007629395,0.612700352727361
2021-03-01,0.0239509826533473,-0.113314636547198,0.0110771754308012,-0.381773087191654,-0.00779356816967708,0.000490935878431588,23.3500003814697,0.767180691230924
2021-03-02,-0.00783375874282566,-0.198607747070601,0.0101548289394008,-0.213521362209323,-0.0155359085721633,0.000489983680063247,24.1000003814697,0.728294004264591
2021-03-03,-0.0133344427644557,-0.185668340882292,0.0101218565138679,-0.110369133796101,-0.0285760538983075,0.000481869436781583,26.6700000762939,0.734415644027145
2021-03-04,-0.0124519402856746,0.0441223366931556,0.0100201628499744,0.0385933059852938,-0.0405971684437624,0.000447174185174053,28.5699996948242,0.736243349636213
2021-03-05,0.0182295738870293,0.145111605863733,0.0108317502016068,0.0637583457895746,-0.0229472774199554,0.000459900436478261,24.6599998474121,0.771910985550904
2021-03-08,-0.00499131662963759,0.0257336258405998,0.0105789891735383,0.229317407782737,-0.0278119063710434,0.000452860271995435,25.4699993133545,0.791685902444731
2021-03-09,0.0141765864182837,-0.0377212828772132,0.0110231725573321,0.185339172016938,-0.0139314415108642,0.000473927289873462,24.0300006866455,0.816164839060478
2021-03-10,0.00620529811728066,-0.133154366900571,0.010992617333434,0.19482251722925,-0.00779356816967708,0.000500097273759654,22.5599994659424,0.808407184059117
2021-03-11,0.0100881095127683,-0.224175351303675,0.0112138608371165,0.0816093014566336,0,0.000539549128835337,21.9099998474121,0.819992001391958
2021-03-12,0.00134587623984572,-0.302956954802589,0.011213973661933,0.0584045682132219,0,0.000571538717163216,20.6900005340576,0.818985438152981
2021-03-15,0.00594574970634199,-0.370834461771785,0.0112754823267652,0.00698057003404989,0,0.00060170502547193,20.0300006866455,0.801758856786644
2021-03-16,-0.00126209760123785,-0.445260581468556,0.011240006047113,0.0846643115361188,-0.00126130149101871,0.000624239284576115,19.7900009155273,0.79045959077173
2021-03-17,0.00340417178400365,-0.437876179661311,0.0112546670500958,0.0298323794635191,0,0.000641459731753055,19.2299995422363,0.789572918652788
2021-03-18,-0.0146563874483405,-0.524832093087024,0.0117374786011487,0.0997154954953137,-0.0145495054071595,0.000677843285024756,21.5799999237061,0.817727846773518
2021-03-19,-0.00185221791743828,-0.117324107980243,0.0117065447615006,0.0724561784259752,-0.0163730851151403,0.000699355749325478,20.9500007629395,0.818916843137748
2021-03-22,0.00795327687486491,-0.196826096371917,0.0118245737533834,-0.0343582935398748,-0.00851883581122699,0.000689349102136559,18.8799991607666,0.827387553339536
2021-03-23,-0.00790180338740054,-0.315615381726812,0.0118308806319706,-0.0332195645316009,-0.0163224531043752,0.000678108785343233,20.2999992370605,0.811349035003722
2021-03-24,-0.00509642956636114,-0.24381229572358,0.0118907270578995,0.0397405182515641,-0.0213229432917343,0.000650834427111531,21.2000007629395,0.815739207874428
2021-03-25,0.00560975784551143,-0.13015640387837,0.0117036003176662,0.0735037999637034,-0.0158173739773802,0.000618422694845108,19.8099994659424,0.805882936478844
2021-03-26,0.0159863269655123,-0.274245422157434,0.0107941960649414,0.293634572428757,0,0.000618501413607046,18.8600006103516,0.779336342637901
2021-03-29,-0.0005051024640359,-0.399392075613005,0.0106906660971419,0.252223134380711,-0.000504974921261057,0.000572784255638958,20.7399997711182,0.800896969969766
2021-03-30,-0.00265631372210251,-0.528974408809195,0.00947230314860057,0.136657539441996,-0.00315642417198466,0.00067452446236771,19.6100006103516,0.780764812639791
2021-03-31,0.00404489737093705,-0.544272936685615,0.00928495601185034,0.000726110875776815,0,0.000752931264991414,19.3999996185303,0.771796628266131
2021-04-01,0.0107411266789157,-0.669282943896723,0.00885811460612821,-0.104991800959109,0,0.000867259676373368,17.3299999237061,0.741936623841613
2021-04-05,0.0142512323688599,-0.783389784104272,0.00851546513741383,-0.168952887820459,0,0.000998099856795825,17.9099998474121,0.766268107711525
2021-04-06,-0.000590762256910793,-0.886010687564529,0.00788395964149933,-0.186927299474009,-0.000590587791245999,0.00119018767507857,18.1200008392334,0.769655077947843
2021-04-07,0.00115660225969627,-0.996291233841313,0.00768924427491183,-0.264435252407798,0,0.00136128739414485,17.1599998474121,0.756029116922106
2021-04-08,0.00473537382159517,-1.06111837063512,0.00727800338826186,-0.298803148112175,0,0.00153413072810739,16.9500007629395,0.722971726669983
2021-04-09,0.00724372348549629,-1.14526488375071,0.00730639866524672,-0.309512217084879,0,0.00166772552384273,16.6900005340576,0.744734970888203
2021-04-12,0.000364946702530844,-1.21655147125123,0.00712469533865334,-0.191404781351519,0,0.00178101984303361,16.9099998474121,0.728902315815461
2021-04-13,0.00295914428066357,-1.28934601173567,0.00712261084149413,-0.22456696757862,0,0.00186646160659387,16.6499996185303,0.720645746252702
2021-04-14,-0.00342114066884758,-1.35028193600797,0.00718087341281596,-0.0611822508064903,-0.00341529523502719,0.00192126182946467,16.9899997711182,0.762746994909149
2021-04-15,0.0106851741860554,-1.21406202357985,0.0073857636539309,-0.204009337710732,0,0.00194448896021447,16.5699996948242,0.785784422026284
2021-04-16,0.00333703016999376,-1.26762346368159,0.00738536623779578,-0.202730984366898,0,0.00194865718946882,16.25,0.788481678005781
2021-04-19,-0.00492530707244043,-1.32725955255608,0.00650868798455737,0.346135583933359,-0.00491319763661541,0.00195164022762799,17.2900009155273,0.704593255933673
2021-04-20,-0.00734850163854084,-1.18105692279897,0.00681508781673745,0.260440090498372,-0.0121987927450393,0.0019064491857968,18.6800003051758,0.707408187646913
2021-04-21,0.00941787996300292,-0.806760585213866,0.00687877166247871,0.247037476520061,-0.00285185446301681,0.00181589750601342,17.5,0.681062903530618
2021-04-22,-0.00917533958821881,-0.905200132784537,0.0069823582896487,0.189341469197923,-0.0119591820135561,0.00168146991078322,18.7099990844727,0.72791663009531
2021-04-23,0.01078407545796,-0.548908414642635,0.00695504327665914,0.00856977621699851,-0.00124641545643097,0.00149189076949315,17.3299999237061,0.721561074368151
2021-04-26,0.00208555742205974,-0.669741349483178,0.00694312765794824,0.0810152770224332,0,0.00125816032090688,17.6399993896484,0.757569137232346
2021-04-27,-0.000215507849945062,-0.790592707161295,0.00633583748000511,0.0622828004655822,-0.000215484629795916,0.00110509189773958,17.5599994659424,0.790371325555069
2021-04-28,-0.000287363742558888,-0.895781737803731,0.00633081159237522,0.0585205944030074,-0.000502745173775764,0.000894207560225648,17.2800006866455,0.753346163089094
2021-04-29,0.00635252743963299,-0.906603732053672,0.00626651478015443,-0.109756118904646,0,0.000798398416159117,17.6100006103516,0.716696158748471
2021-04-30,-0.00659240049644527,-0.99393732985057,0.00659584391298307,-0.013495067003425,-0.00657071829637195,0.0006667653994736,18.6100006103516,0.718596304172525
2021-05-03,0.00215459559546094,-0.694365633674229,0.00631674408034702,0.0682653097479655,-0.00442797239510656,0.000566005400874851,18.3099994659424,0.725203590694067
2021-05-04,-0.00618853430792754,-0.810715854355431,0.00590330957423952,0.00345370607736648,-0.0105700791223507,0.000509300403263496,19.4799995422363,0.700041208993985
2021-05-05,0.000312863351564552,-0.566473557023245,0.00589386207941408,-0.0179308109957694,-0.0102604743316962,0.000504879465382914,19.1499996185303,0.700030981795398
2021-05-06,0.00795379829312193,-0.698186023792111,0.00607991094157569,-0.107268728423275,-0.00235689571364255,0.000488039709118265,18.3899993896484,0.718608614724396
2021-05-07,0.00725145881947142,-0.806000274263388,0.00617219660855331,-0.12723624767699,0,0.000487011561685815,16.6900005340576,0.714007730450556
2021-05-10,-0.00995142974813312,-0.899721376554264,0.00651164457967842,-0.036765038867329,-0.00990207811322942,0.000467168207004721,19.6599998474121,0.740558957975822
2021-05-11,-0.00896491614307671,-0.438335957192927,0.00684814569906037,0.0222783847358991,-0.0187385546388359,0.000456959278696258,21.8400001525879,0.736663903209515
2021-05-12,-0.0214741288689488,-0.118437791201288,0.0082957162070797,-0.481040731474267,-0.039585651636984,0.000575424080214864,27.5900001525879,0.782132875968725
2021-05-13,0.011940859738548,0.921566378218259,0.00872542816328207,-0.508437792993652,-0.0280487353440979,0.000720992399729908,23.1299991607666,0.804380864690291
2021-05-14,0.0152387855568961,0.652585197541704,0.00905802714432938,-0.364883067393367,-0.0131239494635867,0.000869645968954483,18.8099994659424,0.813446044604698
2021-05-17,-0.00254787619334174,0.419935852880071,0.00904328487736807,-0.275028421499019,-0.0156351869389265,0.000988083595157566,19.7199993133545,0.815930605832719
2021-05-18,-0.00865284366896901,0.266871864638338,0.0091762953078444,-0.236830811763401,-0.0241159973021212,0.00109711789127169,21.3400001525879,0.830168219183515
2021-05-19,-0.00262532695627193,0.557507287106595,0.00905393283851057,-0.300334624381731,-0.0266746517587471,0.00117852887475028,22.1800003051758,0.833365528364114
2021-05-20,0.0107005141177963,0.409488036740129,0.0091257576388087,-0.286792402523403,-0.01620364747562,0.00125143592033319,20.6700000762939,0.845338845880645
2021-05-21,-0.000819069665880967,0.187502856317067,0.00888892724384509,-0.393372180735785,-0.0170091153132093,0.00129802032804115,20.1499996185303,0.837044734480646
2021-05-24,0.0101425985642587,-0.0234996799548648,0.0088521505091639,-0.402353244478383,-0.00698830073292995,0.00133408093184754,18.3999996185303,0.83259394608388
2021-05-25,-0.00222119125687303,-0.199989795378388,0.00885803885147158,-0.331951399996225,-0.00919152184374607,0.00136294555466585,18.8400001525879,0.827820949630073
2021-05-26,0.00198256570452493,-0.315101461883618,0.00886745604452745,-0.366668387439476,-0.00722523042829175,0.00136310649248041,17.3600006103516,0.828532090399699
2021-05-27,0.000524854194255298,-0.473740762042434,0.0088671031891563,-0.38011053451292,-0.00670403166181619,0.00135174431707495,16.7399997711182,0.867536009571701
2021-05-28,0.00178709474183858,-0.601434565151654,0.00876447734239995,-0.334648703264954,-0.00492733056597173,0.00132137903118278,16.7600002288818,0.884010397703777
2021-06-01,-0.000881049007719348,-0.72743132417774,0.00863744874066776,-0.423757893089525,-0.00580365225612092,0.00129548668069179,17.8999996185303,0.885383746609772
2021-06-02,0.00157117666272377,-0.712586899658247,0.00863201949808201,-0.415021952702943,-0.00424036637883033,0.00124277537322783,17.4799995422363,0.887877648630991
2021-06-03,-0.00371837331775993,-0.827516808807327,0.00855651174033031,-0.451701717091707,-0.00793609711991118,0.00113794449222396,18.0400009155273,0.909771192419367
2021-06-04,0.00910441840113574,-0.662304198233193,0.0087666071463103,-0.516062179932131,0,0.00100782796323177,16.4200000762939,0.918243032639691
2021-06-07,-0.000970755986574368,-0.771527154102919,0.00861639329757712,-0.421796081233539,-0.000970284955412782,0.000860857144386014,16.4200000762939,0.903223275848109
2021-06-08,0.000213357052206042,-0.809562346412591,0.00847029975236385,-0.349974653259565,-0.000757112180196265,0.000677943729605286,17.0699996948242,0.891429328325895
2021-06-09,-0.00149321312277539,-0.920711877106263,0.00816824963092936,-0.449134853116336,-0.00224808132874699,0.000494175046595119,17.8899993896484,0.879426055702991
2021-06-10,0.00463769881816045,-0.902054949353625,0.00792238827872793,-0.651270739321069,0,0.000320023701382266,16.1000003814697,0.853275575152298
2021-06-11,0.00165123261786881,-0.992902062866017,0.00600826448273462,0.642966958511569,0,0.00067163900674244,15.6499996185303,0.797210610702111
2021-06-14,0.00223636422700313,-1.10329459925154,0.00557687509768512,0.783792487706185,0,0.000943692754405705,16.3899993896484,0.743864218755473
2021-06-15,-0.00183575071950326,-1.19997457230091,0.00467767268907198,0.605824359499628,-0.00183406675975274,0.0012439915463168,17.0200004577637,0.712612371486934
2021-06-16,-0.0055991104946651,-1.15454976788446,0.00483470104441016,0.535454247330527,-0.00740729100274282,0.00143621236366679,18.1499996185303,0.681564873377456
2021-06-17,-0.000331515975279473,-0.934498132914278,0.00434141262120195,0.977727091347916,-0.00773629680436842,0.00162405510649027,17.75,0.637707799931003
2021-06-18,-0.0135822805145578,-0.95780203377559,0.00535691058400818,-0.226010065689315,-0.0211223881553598,0.00168431533779937,20.7000007629395,0.640943770510913
2021-06-21,0.0142142470437721,-0.25520370952385,0.00572931960275495,0.130552316852531,-0.00710902116806843,0.00169919642685742,17.8899993896484,0.618133372941224
2021-06-22,0.00533223008506756,-0.403947498035148,0.00579969537794442,-0.00385000970276984,-0.00180055762285104,0.00170618620922031,16.6599998474121,0.629696300586213
2021-06-23,-0.00120629968307195,-0.549152978589157,0.00543039605550259,0.060633839280927,-0.00300395931636431,0.00171868140930302,16.3199996948242,0.596617458752647
2021-06-24,0.00589841135514302,-0.607432353965648,0.0055121432192952,-0.104589335845837,0,0.00171088765435229,15.9700002670288,0.583455464945887
2021-06-25,0.00354571746024934,-0.738270066204266,0.005537559917926,-0.139433509708098,0,0.00168576619278515,15.6199998855591,0.568003722189732
2021-06-28,0.00201391395486983,-0.854780510000242,0.0055406412397219,-0.178201651805526,0,0.00164419998906069,15.7600002288818,0.57109249188961
2021-06-29,0.000537983005916232,-0.961989128562351,0.00553932579326412,-0.145473059475996,0,0.00159237150222029,16.0200004577637,0.574950761108016
2021-06-30,0.000841330505571669,-1.06573630576175,0.00552255674092066,-0.190384980491413,0,0.00153264822033143,15.8299999237061,0.568231412359696
2021-07-01,0.00552121705180131,-1.10937141157415,0.00560611083704537,-0.260049713374117,0,0.00145314974619248,15.4799995422363,0.562415434949394
2021-07-02,0.00761479720616265,-1.18801934945819,0.00564560920256425,-0.441569094542351,0,0.00135918874054126,15.0699996948242,0.569770363908611
2021-07-06,-0.00182322338832552,-1.25548735176612,0.00544109861404145,-0.336416389551251,-0.00182156232621248,0.00122278306182539,16.4400005340576,0.491651101587771
2021-07-07,0.00352784695390884,-1.2311055308329,0.00543555202241569,-0.451400867130192,0,0.00106481039850769,16.2000007629395,0.51944772248776
2021-07-08,-0.00818157541458486,-1.30154407785453,0.00583077089024479,-0.389992432261982,-0.00814819741668367,0.000874348582320702,19,0.58991819205157
2021-07-09,0.0106182235924619,-0.844259222611873,0.00614963428767619,-0.428899639506748,0,0.000676716980807167,16.1800003051758,0.56893229900868
2021-07-12,0.00357548595212975,-0.936503880804682,0.00612856732160813,-0.412151403611013,0,0.00043954625889725,16.1700000762939,0.62533424029902
2021-07-13,-0.00341490777438924,-1.03134683461328,0.00622727425964049,-0.301212983331706,-0.00340908360838434,0.000454384675158557,17.1200008392334,0.59414720670662
2021-07-14,0.00149134996136002,-0.955204240302895,0.00622442213647824,-0.284227884516515,-0.00192170896134634,0.000479884422195442,16.3299999237061,0.584900309354586
2021-07-15,-0.00342141902455673,-1.01627424737829,0.0062746631304531,-0.256436370915539,-0.00533071786482626,0.000461215297916591,17.0100002288818,0.590727913351475
2021-07-16,-0.00787446609609521,-0.999460575867789,0.00641765871991727,-0.273671813836316,-0.0131324498532123,0.000455044647993882,18.4500007629395,0.604789008461915
2021-07-19,-0.0148780252851415,-0.461452186116007,0.00731227841024563,-0.435602228711993,-0.0277064055421477,0.000473136451749127,22.5,0.704242441116553
2021-07-20,0.0142284681923757,0.290851163566637,0.00715232122428493,-0.288164831888313,-0.0137732685233425,0.000538919273180989,19.7299995422363,0.69568898771048
2021-07-21,0.00806389757208592,0.0874641522510517,0.00673293108096591,-0.490533902950074,-0.00578828540440977,0.000564449376620885,17.9099998474121,0.655699568846926
2021-07-22,0.00209188255533821,-0.0991051724999141,0.00667820801857931,-0.441117383025438,-0.00370633442307868,0.000583105216958624,17.6900005340576,0.634509423550851
2021-07-23,0.010235307350456,-0.282435403540645,0.00691986672812174,-0.528685253927001,0,0.00059866956141238,17.2000007629395,0.641521982251492
2021-07-26,0.0024518678893477,-0.430421841769714,0.00686128707791625,-0.47879812494317,0,0.000606226338983079,17.5799999237061,0.649615366306875
2021-07-27,-0.00456786950863197,-0.571420736473116,0.00698252610321099,-0.322845051641909,-0.00455745265967891,0.000615016240510098,19.3600006103516,0.686178396368627
2021-07-28,-0.000410047173072137,-0.314516068035632,0.00699128152590405,-0.271754114304437,-0.00496554738740895,0.000616343348114498,18.3099994659424,0.687592847566786
2021-07-29,0.00413857152307884,-0.474613281314757,0.00701707696127277,-0.340265533295148,-0.000838993007009575,0.000610777506492062,17.7000007629395,0.690452828213586
2021-07-30,-0.00486817480148627,-0.614472145403848,0.00714998634957506,-0.239519493922096,-0.00569126301172132,0.000602449886020633,18.2399997711182,0.692279778999689
2021-08-02,-0.00210015044345191,-0.516543874683404,0.00711025217821784,-0.103310145077793,-0.00777726971596548,0.000587952774809881,19.4599990844727,0.699027015578627
2021-08-03,0.00810244429850204,-0.458854863381073,0.00713442591184304,-0.101939322775566,0,0.000568099683671235,18.0400009155273,0.69575407895695
2021-08-04,-0.00493092333614698,-0.591025232928714,0.00722342663426978,-0.0584559461396148,-0.00491878629081502,0.000520659161950201,17.9699993133545,0.717604470606263
2021-08-05,0.00631272920958281,-0.485640711872616,0.00730380934093719,-0.091726944780596,0,0.000455737291201279,17.2800006866455,0.707610373098384
2021-08-06,0.00165111980668176,-0.622896329866851,0.00700889801965085,-0.201810131015575,0,0.000406308231284153,16.1499996185303,0.688921809918354
2021-08-09,-0.000813882840563274,-0.750408595940456,0.00668218787200185,-0.124050201877017,-0.000813551727758806,0.000378744115246107,16.7199993133545,0.697648168494329
2021-08-10,0.00124318364865239,-0.765245704236347,0.00665162003685675,-0.0784749648282392,0,0.000345729490041171,16.7900009155273,0.697164344409578
2021-08-11,0.00248188751931977,-0.883578336465342,0.00659762697877046,-0.198558651353494,0,0.000320364696879998,16.1700000762939,0.740851264088198
2021-08-12,0.00299238440854666,-0.983937115486162,0.00661261537367576,-0.228827194165495,0,0.000290617928669344,15.5900001525879,0.764210034086369
2021-08-13,0.00181826447111177,-1.07571769205684,0.00653751350522389,-0.338664807586894,0,0.000267241931472482,15.4499998092651,0.74957995119668
2021-08-16,0.00235182092857844,-1.15800154594448,0.00619926802625809,-0.477731969731411,0,0.00029053089876529,16.1200008392334,0.744918819174046
2021-08-17,-0.00657696807906571,-1.23462833306567,0.00528723770507539,0.38138276230237,-0.00655538716276129,0.000442497929331575,17.9099998474121,0.666534241340863
2021-08-18,-0.011004981474299,-0.946889760788728,0.00525798163962305,-0.318691660393097,-0.0174282889472298,0.000547955149027072,21.5699996948242,0.687205702245975
2021-08-19,0.00154709293522526,-0.251931814065918,0.00499927449535611,-0.331054967904133,-0.0159069826970681,0.000663060647605817,21.6700000762939,0.673323661715906
2021-08-20,0.0079255173174424,-0.418667343263735,0.00524368354548089,-0.310200677671584,-0.00807654730908136,0.000728399481547933,18.5599994659424,0.692762924986744
2021-08-23,0.00875797605072304,-0.555439402643972,0.00512001309585373,-0.417599916634159,0,0.000787500611812639,17.1499996185303,0.650209889128561
2021-08-24,0.00158607948436451,-0.67820756835916,0.00510940142030129,-0.396981228803461,0,0.000835827029260876,17.2199993133545,0.646244571931724
2021-08-25,0.00209619862114963,-0.802888964036302,0.00496794587997775,-0.564828398951442,0,0.000879084754573728,16.7900009155273,0.607855528728596
2021-08-26,-0.00592047239451698,-0.917304366333419,0.005190138755122,-0.463370984755228,-0.00590298093409022,0.000895517574629592,18.8400001525879,0.630252377507384
2021-08-27,0.00890097540902524,-0.680343815543121,0.00544130126618863,-0.373058499268753,0,0.000890490730225062,16.3899993896484,0.620771053600107
2021-08-30,0.00438810119717736,-0.795978408389225,0.0053133430438201,-0.573365807400399,0,0.000875860954704291,16.1900005340576,0.619339472911013
2021-08-31,-0.00148276068006048,-0.907310787748879,0.00529429210907707,-0.589838243001506,-0.00148166193356991,0.000855059559337321,16.4799995422363,0.626898098705999
2021-09-01,0.000531404933693302,-0.925645617151154,0.00507520156507016,-0.56414860607962,-0.000950903350963192,0.000831484930219555,16.1100006103516,0.613343735829231
2021-09-02,0.00307163527905363,-0.989507308584336,0.00489409812823593,-0.7682237061254,0,0.000795474831492452,16.4099998474121,0.601293742103159
2021-09-03,-0.000242475295640254,-1.08538506978574,0.00478066225131294,-0.677469975314942,-0.000242445900881055,0.000737791984181226,16.4099998474121,0.606462862624825
2021-09-07,-0.00358207303829516,-1.09082717750725,0.00489135013060796,-0.523815227590166,-0.00381724406376796,0.000682802246331182,18.1399993896484,0.568458760284063
2021-09-08,-0.00121906387601811,-0.994684070251968,0.00489947164623603,-0.511175457452382,-0.00503091455421116,0.000642102611467998,17.9599990844727,0.564741323560481
2021-09-09,-0.00428940995503968,-0.950122477194442,0.00502918217847741,-0.368934970059835,-0.00928960469069775,0.000584828269460474,18.7999992370605,0.589819781704481
2021-09-10,-0.00791578873922028,-0.813218211661846,0.00534414943067586,-0.236466904694543,-0.0171009018050872,0.000512634030536402,20.9500007629395,0.611242961532514
2021-09-13,0.00255609928481437,-0.353369938956111,0.00533349794496241,-0.228898759706851,-0.0145853004293778,0.000417075654244103,19.3700008392334,0.60200331408157
2021-09-14,-0.00541121216211149,-0.516267878329124,0.00545289137501034,-0.0758447645996696,-0.0199031873530419,0.00030018845983067,19.4599990844727,0.568794639397274
2021-09-15,0.00831801246191688,-0.342593660666127,0.0057396781491926,-0.0550507981640841,-0.0117167295236785,0.000232552170227657,18.1800003051758,0.58098899292962
2021-09-16,-0.00158647131909451,-0.49757449270673,0.0055497110518468,-0.104948647223318,-0.0132833695441116,0.000245600875811791,18.6900005340576,0.5744763845883
2021-09-17,-0.00978888738561956,-0.601737761309233,0.00543053670264817,-0.0102365417798338,-0.0228951066635878,0.000250922821296403,20.8099994659424,0.600961287142164
2021-09-20,-0.0168147733011796,0.00316416978493085,0.00658981434608945,-0.507769922992982,-0.0391875432520965,0.000390207995198218,25.7099990844727,0.679773684626073
2021-09-21,-0.000944918810109385,1.1617366279561,0.00630196254411477,-0.495882233899119,-0.0400950042094805,0.000450228614433385,24.3600006103516,0.672801556323368
2021-09-22,0.00970751890884181,0.958965168969564,0.00637770712412709,-0.442361466951446,-0.0307313328364333,0.000502698284052169,20.8700008392334,0.711880622423547
2021-09-23,0.0120767691847377,0.676916725778095,0.00696283440338054,-0.234570376644254,-0.018954730342879,0.000604897590311006,18.6299991607666,0.706973699429668
2021-09-24,0.00164593448138461,0.442940327127769,0.00695558346381727,-0.226855405105662,-0.017338664501345,0.000674044864368741,17.75,0.714155152999754
2021-09-27,-0.00286506953895671,0.189902634358737,0.00686528723201192,-0.276596459559161,-0.0201500282613387,0.000724780563107599,18.7600002288818,0.702619940737253
2021-09-28,-0.0203574869443237,0.121982087781698,0.0078207903924949,-0.587674480823681,-0.0398956437911334,0.000864123156683466,23.25,0.758029379172745
2021-09-29,0.00168150425118796,1.73769492891238,0.00773854440600416,-0.575480342614197,-0.0382798661468069,0.000958713246149835,22.5599994659424,0.757135113174071
2021-09-30,-0.0122975847777553,1.33768454324765,0.00807200600693406,-0.424721019896545,-0.0500342774553772,0.00106107149555642,23.1399993896484,0.75231572571151
2021-10-01,0.0118139527593835,1.87872061344077,0.00862454144122897,-0.318486364553485,-0.0387448723412457,0.00118141957161804,21.1000003814697,0.762483213710769
2021-10-04,-0.0129798251402127,1.4736703789038,0.00888457708015768,-0.138157198794333,-0.0511411708804101,0.00128190731394755,22.9599990844727,0.787933614489662
2021-10-05,0.0103510565568703,2.00768271351961,0.00930972258689396,-0.152797824128396,-0.0412684711894655,0.00137947333903543,21.2999992370605,0.808615199748111
2021-10-06,0.00414774345633795,1.58040957789402,0.00939625694915152,-0.254539286781248,-0.0372836404494868,0.0014521527456822,21,0.846033677748334
2021-10-07,0.00860846028138873,1.19595974883857,0.00965866620321227,-0.322445226556344,-0.0289603609958222,0.00151180863729549,19.5400009155273,0.849318704660636
2021-10-08,-0.00182545457004224,0.868658439165113,0.00963367405119936,-0.36066282092258,-0.0307313328364333,0.00154210551097744,18.7700004577637,0.849674079047307
2021-10-11,-0.00726606226721316,0.860507023502555,0.00961151209266417,-0.368231100706709,-0.0377485745946236,0.00156082443687427,20,0.885825315380012
2021-10-12,-0.00246465007490126,0.891929796494974,0.00958074100494957,-0.297884561462327,-0.0401172674437664,0.00154889708888806,19.8500003814697,0.883861977486434
2021-10-13,0.00359112010798235,1.02953228821203,0.00958664387861345,-0.424105580062164,-0.0366640164531786,0.00151868092584413,18.6399993896484,0.895290653621132
2021-10-14,0.0166808461599697,0.704255838090957,0.0101428398765584,-0.253087479600618,-0.0204599843580966,0.00151781134154096,16.8600006103516,0.905301054043173
2021-10-15,0.00758702311552995,0.439099633731838,0.0102867545858042,-0.34897308458738,-0.0129999275904516,0.00147882167509486,16.2999992370605,0.904961068604918
2021-10-18,0.00295599873854613,0.189919604146187,0.0100528068830209,-0.510943307071971,-0.010078040201349,0.00137415150479513,16.3099994659424,0.896125015778155
2021-10-19,0.00768529737792534,-0.0538085881987619,0.00932339501962899,-0.669909730455615,-0.00244088624964291,0.00131246623453996,15.6999998092651,0.873734907182868
2021-10-20,0.00392000687947736,-0.255916926658347,0.00931254747906022,-0.746833067603719,0,0.00120578266773469,15.4899997711182,0.872086958793261
2021-10-21,0.00260489870130431,-0.445177242622465,0.00914684981577238,-0.704852117888081,0,0.00107528607195949,15.0100002288818,0.865119503618949
2021-10-22,-0.00103690736530204,-0.625755850922476,0.00884424986421289,-0.6469741895929,-0.00103636996262165,0.000979663537246284,15.4300003051758,0.877215009013044
2021-10-25,0.005348664817455,-0.789968709681956,0.00889336691324343,-0.691523402420768,0,0.000862432267731467,15.2399997711182,0.870023007265572
2021-10-26,0.000899614816025185,-0.93024766134297,0.00884444732515842,-0.760287845809975,0,0.000700708781605606,15.9799995422363,0.87118696234059
2021-10-27,-0.00444022237279373,-1.05865511912567,0.00745910155602166,-0.33207928377055,-0.00443037915950785,0.00073915993484534,16.9799995422363,0.641857415000865
2021-10-28,0.00960277551177846,-0.750039204050694,0.00763147077108161,-0.41480216862936,0,0.000749763590509373,16.5300006866455,0.609922241155258
2021-10-29,0.00202699407089746,-0.891493443582563,0.00683712237361394,-0.360230082786739,0,0.000876778636318806,16.2600002288818,0.505956682790619
2021-11-01,0.0017187864757009,-1.03787619919402,0.00655230283611726,-0.299177946592756,0,0.00103506982910011,16.4099998474121,0.491043682839604
2021-11-02,0.00403498803261471,-1.1827946415758,0.00547332702176841,0.244590233816153,0,0.00129022881788392,16.0300006866455,0.317961178376363
2021-11-03,0.00608658963720465,-1.30269750053346,0.00528457003125507,0.286748066465127,0,0.00149864755034525,15.1000003814697,0.266865980110351
2021-11-04,0.00470146223544443,-1.40473116203026,0.00529009886199271,0.271199290037379,0,0.00165544513554315,15.4399995803833,0.255589851338368
2021-11-05,0.00346375079786476,-1.49742782845934,0.0051533118756901,0.386179585061524,0,0.00177833014370156,16.4799995422363,0.253342743989274
2021-11-08,0.000853186590989097,-1.58169324065046,0.00505658491045196,0.374909963902242,0,0.0018761698006593,17.2199993133545,0.246191592603758
2021-11-09,-0.00331070902822805,-1.66377252414552,0.00470625534353274,0.776173789343705,-0.00330523467409116,0.00197074005349246,17.7800006866455,0.241129089025476
2021-11-10,-0.00807733735334271,-1.45663658872649,0.00519328852433352,0.251072782344614,-0.0113234480302516,0.00200301027052255,18.7299995422363,0.348065019234504
2021-11-11,0.000323234804750605,-0.713506935009076,0.00522936341373586,0.328992585475923,-0.0110038217036201,0.00200985934885012,17.6599998474121,0.356857380678011
2021-11-12,0.00751862634005551,-0.846359096392127,0.00434009582630248,-0.651941324934488,-0.00353990494778083,0.00200808406279884,16.2900009155273,0.277991726308149
2021-11-15,0.000342435550231279,-0.975536574145041,0.00420929707240524,-0.555457279766025,-0.00319862315667402,0.00196189632434172,16.4899997711182,0.284587281059312
2021-11-16,0.00395002940661904,-1.10973921579047,0.00422321493856681,-0.58133121077819,0,0.00188997771752509,16.3700008392334,0.287375378129473
2021-11-17,-0.00243224542732268,-1.22395660133903,0.00415420460866188,-0.43999829544355,-0.00242928991507611,0.00184319499621086,17.1100006103516,0.237477677010006
2021-11-18,0.00339071253022194,-1.15408232728188,0.00414237835361728,-0.428979421183494,0,0.00176104269121012,17.5900001525879,0.236685142941364
2021-11-19,-0.00178984531378035,-1.263438822404,0.00420956556913361,-0.287665363361745,-0.00178824449587172,0.00165045855368195,17.9099998474121,0.211679634859162
2021-11-22,-0.00281928157541067,-1.20987866002418,0.00428230149368748,-0.256168858364408,-0.00459852116448475,0.00152469266749484,19.1700000762939,0.206403440856832
2021-11-23,0.00132520006955694,-1.06521666927069,0.00419027613847295,-0.172619801248383,-0.00327854062952054,0.00134883244400748,19.3799991607666,0.224852879590582
2021-11-24,0.0026664287746172,-1.18696416386278,0.00419949333130626,-0.231283734757345,-0.000617307432335754,0.00110729118935468,18.5799999237061,0.222920680202247
2021-11-26,-0.0225557643631014,-1.28732359099269,0.00661967453314982,-2.04548770225962,-0.0229068244102303,0.00103173985931428,28.6200008392334,0.623695167904763
2021-11-29,0.0121919951079201,1.45653824498456,0.00681834500747921,-1.79165733747922,-0.0109211932818049,0.00094321766221057,22.9599990844727,0.668458369102192
2021-11-30,-0.019649399842292,1.10343873194708,0.00811636423840911,-1.47060807127161,-0.0301663016106326,0.00109338987217768,27.1900005340576,0.571155528760794
2021-12-01,-0.0111694313064588,2.34159786516414,0.00843059160136803,-1.19608869611392,-0.0409385207113261,0.00127796897761978,31.1200008392334,0.57655847287677
2021-12-02,0.0152001149805088,2.85829460382736,0.00909012230405136,-0.852993234508971,-0.0262493200021535,0.00153390501732794,27.9500007629395,0.517057936214274
2021-12-03,-0.00873929773482729,2.32999726774507,0.00913138680671573,-0.660347363633613,-0.034722139939971,0.00173826489068772,30.6700000762939,0.536968673442584
2021-12-06,0.0117737833217353,2.23643968068436,0.0094825134747802,-0.580700597811085,-0.0232899998621123,0.00193516312479389,27.1800003051758,0.58170056567147
2021-12-07,0.0204738400154749,1.77981057614193,0.0105360919558858,-0.239768708160705,-0.00308688361326275,0.00219032908974142,21.8899993896484,0.660087973114596
2021-12-08,0.00264428881652723,1.42485918766712,0.0105507992333062,-0.262817844519963,-0.000447268994918317,0.0023889748250997,19.8999996185303,0.664204554686903
2021-12-09,-0.00677437519423574,1.05432029862909,0.0106328785948401,-0.221061848639032,-0.00719573010895002,0.00253925225718834,21.5799999237061,0.667784343408491
2021-12-10,0.00936951466292513,1.23594038141951,0.0106603885070004,-0.402041428070956,0,0.00266895530384266,18.6900005340576,0.660484054602756
2021-12-13,-0.00889796797480003,0.905257135236723,0.0108657313436115,-0.290969785249815,-0.00885849821140905,0.00278186735581516,20.3099994659424,0.679246832764816
2021-12-14,-0.0069038193616402,1.25964555234307,0.0108415364015712,-0.12806841384769,-0.0156775941137218,0.00282203498133844,21.8899993896484,0.667008451814765
2021-12-15,0.0155044340070623,1.44036329765267,0.0113847168041914,-0.166150409137285,-0.000297309124257998,0.00285071959318984,19.2900009155273,0.692688615314524
2021-12-16,-0.00885771190023998,1.09709042900071,0.0115228575840515,-0.0248809524939919,-0.00911328521673247,0.0028453577394345,20.5699996948242,0.7113854848957
2021-12-17,-0.0106999327115771,1.1835067845481,0.0117389945420613,0.0441701447825391,-0.0196591855624477,0.00280202141151241,21.5699996948242,0.712918259852958
2021-12-20,-0.0106904029664703,1.93144468929772,0.01189585338432,0.183344218684267,-0.0300836040171579,0.0027155506447874,22.8700008392334,0.717759870615138
2021-12-21,0.0176031835025583,2.19481991879983,0.01259252794358,0.103459583691708,-0.0128588270491288,0.00261848587795298,21.0100002288818,0.73400158400622
2021-12-22,0.00994916371166887,1.76202860325072,0.0127782221028232,-0.0195925146395822,-0.00298857897370411,0.00246983650263842,18.6299991607666,0.739962077569957
2021-12-23,0.00620277663349444,1.37374600015957,0.0128442519624462,-0.0696396483840333,0,0.00222823434155714,17.9599990844727,0.739678476836019
2021-12-27,0.0140528452774564,1.02007529133894,0.013180144196552,-0.134440793286655,0,0.00188812343641817,17.6800003051758,0.751655827402073
2021-12-28,-0.000817669121685682,0.720582624510802,0.0120462949473812,-0.0602612551100011,-0.000817334921383757,0.00169761942216918,17.5400009155273,0.714600149548535
2021-12-29,0.00127852431277642,0.426479158038415,0.0118173459481536,0.0384601196206316,0,0.00145635978181209,16.9500007629395,0.702796454335768
2021-12-30,-0.00276839046810462,0.30242640751804,0.0108429388987478,0.196934366631259,-0.00276456200891732,0.00130380978308874,17.3299999237061,0.824396808125513
2021-12-31,-0.00252324373488566,0.107923921448737,0.0104645383323251,0.201735097200577,-0.00527765816960713,0.00116457639651728,17.2199993133545,0.83832753015991
2022-01-03,0.0057732566687827,0.208323446419668,0.010096543919848,0.265260010370075,0,0.00109250410616145,16.6000003814697,0.856947135116969
2022-01-04,-0.00033518252176723,-0.022602242507192,0.00980203313136701,0.235308985714805,-0.000335126354381319,0.00103633752367846,16.9099998474121,0.846554250046102
2022-01-05,-0.0193886755309887,-0.228043146267293,0.0106699208804526,0.130055155753028,-0.0195306153472526,0.000964060432814398,19.7299995422363,0.866214076238235
2022-01-06,-0.000939842921581224,1.3528343749956,0.00971122039459348,0.0924847055521246,-0.0204516696672561,0.00101323773888648,19.6100006103516,0.840389032497654
2022-01-07,-0.00396159327080525,1.12916086912902,0.00973275263384141,0.186569947641317,-0.0243245652574047,0.00105754533018243,18.7600002288818,0.848088481841299
2022-01-10,-0.00124505975968514,1.09966100362851,0.0096196307785605,0.125485680980457,-0.0255385835602192,0.0011086937522153,19.3999996185303,0.850866596848955
2022-01-11,0.00906700208988376,0.841293327366893,0.00960524177158597,0.126279923045313,-0.0166629630316117,0.00115701974095763,18.4099998474121,0.840962760518796
2022-01-12,0.0027000083354638,0.543579669208333,0.00939514754875979,-0.000344610201902998,-0.0140043573215501,0.0012177041237124,17.6200008392334,0.839935095549098
2022-01-13,-0.0138743500367609,0.269650208354785,0.00978909354816307,-0.0390553271801611,-0.0275899424887599,0.0012490625573831,20.3099994659424,0.855359733364703
2022-01-14,0.000408786257462879,1.24939667180589,0.00914910733099645,-0.0415325136990469,-0.0271923533616819,0.00131064578158959,19.1900005340576,0.826684626012925
2022-01-18,-0.0178682340340401,0.901264293354636,0.00975523316236941,-0.158514936992894,-0.0444203329089259,0.00132657530355046,22.7900009155273,0.845770638786233
2022-01-19,-0.0104377317340756,1.98199210395311,0.00974216942456587,-0.158985184896356,-0.0543425443517936,0.00133007005525096,23.8500003814697,0.824770634771684
2022-01-20,-0.0111298335685897,2.36863058844365,0.0097648118934873,-0.158639456742237,-0.0648092003318946,0.00131868269808005,25.5900001525879,0.819238489882891
2022-01-21,-0.0198259828052567,2.6829335670071,0.00963962230313642,-0.339902578640123,-0.0831676881706304,0.00125578993956553,28.8500003814697,0.791769545932732
2022-01-24,0.00423780768091575,3,0.00934231726030422,-0.389048113631472,-0.0792740848134464,0.00116426700754935,29.8999996185303,0.765142552339631
2022-01-25,-0.0122841242265368,2.84562028774711,0.00931029911220722,-0.201824675500167,-0.0905152112806681,0.00103104367102841,31.1599998474121,0.765440035177304
2022-01-26,-0.00251196213585825,2.93300535046665,0.00837667344159825,-0.482860724479326,-0.092796935630687,0.000844823262976237,31.9599990844727,0.682537734959594
2022-01-27,-0.00495019484664994,2.69021534725326,0.00833197743255325,-0.422823700724238,-0.0972766706364474,0.000766260466615777,30.4899997711182,0.676601728256203
2022-01-28,0.0245321132380489,2.43399290528406,0.010453762366439,0.579594926805576,-0.0748570841576552,0.000628610198731002,27.6599998474121,0.738679958509956
2022-01-31,0.0178507344982632,2.00746390583569,0.0114634386145166,0.51510510363767,-0.058194324808998,0.000696214430848392,24.8299999237061,0.743387494803255
2022-02-01,0.00673415313690562,1.61934959295084,0.0116471136614778,0.401939803699049,-0.0518306582632511,0.000799261100544934,21.9599990844727,0.733007060269972
2022-02-02,0.00966714981802141,1.25333591730602,0.0118112291683482,0.373787556771551,-0.0426201150632167,0.000912663507703076,22.0900001525879,0.75004825399976
2022-02-03,-0.0237855231015676,0.925274291386945,0.0127127506536249,0.315177221237951,-0.0651232115533317,0.00110398918379667,24.3500003814697,0.767664945496759
2022-02-04,0.00469093655710129,2.05605394294729,0.0122564616034656,0.195116486706063,-0.060727461819121,0.00120198277938403,23.2199993133545,0.737199434030579
2022-02-07,-0.00321413295035367,1.6553750382899,0.0122562644949837,0.222208009630671,-0.0637415621790084,0.00128848543237603,22.8600006103516,0.741778956195209
2022-02-08,0.00819414683407871,1.27446585362518,0.0124520310082722,0.0984306441746532,-0.056038204947554,0.00137325759629765,21.4400005340576,0.750047355839394
2022-02-09,0.0145301296717513,0.937545762706983,0.012939148762376,0.00781490226111724,-0.042222186464548,0.00147500207794747,19.9599990844727,0.750870598619975
2022-02-10,-0.0181290288343234,0.658362977929284,0.0132569485749386,0.173310615318936,-0.0594293224561204,0.00157772392035506,23.9099998474121,0.771779291124351
2022-02-11,-0.0199157766165028,1.43402934140681,0.0137552775005412,0.283149682541566,-0.0779762170277185,0.00168620657822703,27.3600006103516,0.782467504110592
2022-02-14,-0.00327472926216021,2.73470346896649,0.0135365185925147,0.207582280787714,-0.0809906568591966,0.00176298084121174,28.3299999237061,0.781398831507062
2022-02-15,0.0159983314012768,2.2872187299351,0.0141294232018475,0.138865434936226,-0.0661698024675918,0.001828883490921,25.7000007629395,0.797925497916481
2022-02-16,0.00112012319913202,1.8369184093579,0.0136593790660365,0.0316040261087206,-0.0651232115533317,0.00186396242759117,24.2900009155273,0.785283657606642
2022-02-17,-0.0215929549720739,1.42671459297942,0.0142472564180419,0.00346689526846153,-0.0850935783992326,0.00191392659062957,28.1100006103516,0.815540446363567
2022-02-18,-0.00649601398666455,2.57003772520247,0.0141272398636373,-0.0307746984155974,-0.0910175613406494,0.00193198159645112,27.75,0.817989910385475
2022-02-22,-0.010789616744197,2.51599629873423,0.0136665623724165,-0.0211607826873943,-0.100772413289281,0.00189690571512074,28.8099994659424,0.807374722720466
2022-02-23,-0.0178980279291689,2.57993378232384,0.0140955163480866,0.119051824355515,-0.116723640183741,0.00183620532588285,31.0200004577637,0.825346168972996
2022-02-24,0.0149371049602633,3,0.0143496604631431,-0.0627521285333009,-0.103431018999342,0.00175210707020129,30.3199996948242,0.814830936710338
2022-02-25,0.0218239576403674,2.62460818751043,0.015154502245776,-0.120944011268739,-0.0836492625692581,0.00155873611636391,27.5900001525879,0.827799199908173
2022-02-28,-0.00256160300821229,2.1589369480243,0.0151206516617183,-0.142928864262316,-0.08599358548061,0.00124196186217732,30.1499996185303,0.834483618203484
2022-03-01,-0.0153475297285528,1.78987390739234,0.0144531122539554,-0.0588822007732118,-0.0999142291078829,0.00109903736101141,33.3199996948242,0.865894055293274
2022-03-02,0.0182291592424315,2.34525091506732,0.0144784070024984,-0.0552261483732933,-0.0833559591148563,0.00103020310986679,30.7399997711182,0.882659792593457
2022-03-03,-0.00499101310096162,1.91627135192125,0.0143792570374597,0.0532764631530171,-0.0879195436035303,0.000950086173427348,30.4799995422363,0.886976347899489
2022-03-04,-0.00815774969841954,1.70602956033048,0.0141904022314385,0.207659264890666,-0.0953298010635373,0.0008559257475644,31.9799995422363,0.883198525991634
2022-03-07,-0.0299223696820334,1.83766283321056,0.0147004355105999,0.0736973084125374,-0.121998689232294,0.000842707544814939,36.4500007629395,0.891588015842332
2022-03-08,-0.00761061447981159,3,0.014624005301459,0.189027939597697,-0.128655455549488,0.000771880803682851,35.1300010681152,0.896836319731866
2022-03-09,0.0264575051750349,3,0.0160267096897429,0.208985235330501,-0.105294174877975,0.000789292851199595,32.4500007629395,0.920024474303429
2022-03-10,-0.00452565757350598,2.56989834306221,0.0158552005643989,0.318891892331015,-0.109334158385087,0.000770402418073752,30.2299995422363,0.904504423123846
2022-03-11,-0.01279647749669,2.10714999846137,0.0154815435492863,0.51617729062191,-0.120658930652268,0.000741580414045573,30.75,0.902398985893563
2022-03-14,-0.00733526962185227,2.52434733046284,0.0151673891366165,0.485007458323161,-0.127085535230939,0.0007051872138886,31.7700004577637,0.888940987406039
2022-03-15,0.0217520473096204,2.33000394215999,0.0156382000536254,0.326068772133151,-0.107889842555113,0.000720853287143921,29.8299999237061,0.900337488278585
2022-03-16,0.0219319221686778,1.89755451430244,0.0164472971333348,0.205062490706806,-0.0881080182307107,0.000779012192248044,26.6700000762939,0.907445351250015
2022-03-17,0.0124334674845832,1.53089656610754,0.0162875280506134,0.216082673238958,-0.0766992606919802,0.000832001348613524,25.6700000762939,0.901230492988035
2022-03-18,0.0108931011982607,1.1981684949692,0.0164758652036563,0.138969360871977,-0.066586673581024,0.00085475441110312,23.8700008392334,0.902058411459001
2022-03-21,-0.000292229948271938,0.899033413829462,0.0157233659825049,0.0926201396619721,-0.0668594050570268,0.000850577916851996,23.5300006866455,0.890845164839619
2022-03-22,0.0116334515818668,0.620426057896538,0.0157922437435144,-0.0555555887353917,-0.0559403692351019,0.000835906359446459,22.9400005340576,0.890629543185161
2022-03-23,-0.0129622574202193,0.386633547196965,0.0158857064924949,-0.0501795312925674,-0.0680985442575563,0.000777491736299646,23.5699996948242,0.876167260900471
2022-03-24,0.0149619338478271,0.693637741646309,0.0154717808842692,-0.229935720267812,-0.0540506666780729,0.000731639742797065,21.6700000762939,0.866958739673106
2022-03-25,0.0048717423446778,0.455852912496747,0.015246353279463,-0.166545028527765,-0.0494310014826082,0.000697600890104409,20.8099994659424,0.890252532857839
2022-03-28,0.00708781585473872,0.235845047472558,0.0146538700459918,-0.151318057865484,-0.042669610021147,0.000713417845909244,19.6299991607666,0.889983102889982
2022-03-29,0.0122948357446626,0.0388124846804978,0.0147765154888223,-0.276375734746795,-0.0308267362121746,0.00072255549696977,18.8999996185303,0.894662337306315
2022-03-30,-0.00619375814559575,-0.130005748870525,0.0143433647844214,-0.304611863427896,-0.0368110093081073,0.00072951508389754,19.3299999237061,0.894762768391148
2022-03-31,-0.0155111121133151,-0.139106726834262,0.0144680003756101,-0.122379651488856,-0.0516358694644829,0.000730116110161572,20.5599994659424,0.897162783887658
2022-04-01,0.00283020651871357,0.820835298233674,0.0143897661324579,-0.198970671968534,-0.0489480013032993,0.000729445275296939,19.6299991607666,0.898480141963913
2022-04-04,0.00853001100083528,0.552390676964285,0.0142614181924013,-0.352460589941162,-0.0408008189141078,0.000724108967703648,18.5699996948242,0.894722651730818
2022-04-05,-0.0127117658912574,0.317115673015558,0.0126963828339349,0.0846300403368442,-0.0529167636706737,0.00091635902531856,21.0300006866455,0.893208860883797
2022-04-06,-0.0100497029734861,0.650136577345241,0.0128147341518779,0.0825264597329883,-0.0623870026376264,0.00105081949561439,22.1000003814697,0.884367103363957
2022-04-07,0.00502656066489671,1.04985424964414,0.0116990432099165,-0.0101934825537607,-0.0576621691433496,0.0012694756079692,21.5499992370605,0.865462286186993
2022-04-08,-0.00267767330608848,0.752531548042674,0.0116506419023575,-0.026868194489618,-0.0601820667614336,0.00143711486803155,21.1599998474121,0.875464830815892
2022-04-11,-0.0172399231189981,0.590437073689399,0.0119791615478097,-0.0938032592991695,-0.0762455908581115,0.00154495678370829,24.3700008392334,0.883032708438131
2022-04-12,-0.00371214799763209,1.33903087706889,0.0118582307980078,-0.120380917873295,-0.0796683471189352,0.00164592293173214,24.2600002288818,0.877156577259007
2022-04-13,0.0113883855504042,1.20677338106336,0.0112160413124247,-0.239920758862779,-0.0691273468604615,0.0017595688103566,21.8199996948242,0.864259132179836
2022-04-14,-0.0125299142974464,0.89631960903993,0.0106654212182231,-0.265474531953235,-0.0807183327491027,0.00184035488453714,22.7000007629395,0.859058853087869
2022-04-18,0.000410775648471251,1.14704000087918,0.0103028156107279,-0.205449414171299,-0.0803406366572423,0.00191744090001166,22.1700000762939,0.866854144075131
2022-04-19,0.0160139228037099,0.947675155141605,0.0106334960644556,-0.134125682619137,-0.0654947292622406,0.0019087245175632,21.3700008392334,0.860001668448741
2022-04-20,-0.000741695650478214,0.676974836014164,0.0106346836163245,-0.127913712526068,-0.0661875907789468,0.00191648140001706,20.3199996948242,0.86176196938258
2022-04-21,-0.0150664228207527,0.418498794609386,0.0107737483071182,0.0365078634236914,-0.0801513472982441,0.00187862099169642,22.6800003051758,0.844837405696964
2022-04-22,-0.0278226920918341,1.05165034373975,0.0120005626409943,-0.301357933838115,-0.105391263752928,0.0017547497163196,28.2099990844727,0.877856928984416
2022-04-25,0.00578070672928632,2.28767405970865,0.0115110859462653,-0.371483863242895,-0.100204816789559,0.00165083045256059,27.0200004577637,0.865467320614182
2022-04-26,-0.0293883647465654,1.81932447079985,0.0127885424575044,-0.368368516321491,-0.126263538721114,0.00152930703417824,33.5200004577637,0.887223890045176
2022-04-27,0.00280799068074788,2.79788899855593,0.0126359769752013,-0.358969197232732,-0.123806647030272,0.00144054103708839,31.6000003814697,0.835370714563525
2022-04-28,0.0249455821229301,2.30680205763605,0.0137177959179986,-0.012741092043207,-0.101674592988839,0.0013657709778208,29.9899997711182,0.832570441309232
2022-04-29,-0.0376559914595829,1.87394376537448,0.0156021997271193,-0.244420515397912,-0.134872945628261,0.00148511415436626,33.4000015258789,0.849756038008697
2022-05-02,0.00600160854857901,3,0.0155915828206298,-0.413445314159184,-0.129665179848994,0.00158406886939909,32.3400001525879,0.844368878477516
2022-05-03,0.00457343764576112,2.65477343208261,0.0156348415293083,-0.422072025081414,-0.125675641820266,0.00168422840597061,29.25,0.835397879085283
2022-05-04,0.0299984842947971,2.14498414207886,0.0171262278599186,-0.123925451244292,-0.0990498665435335,0.00193830868025773,25.4200000762939,0.846170781558311
2022-05-05,-0.0361897411921746,1.73653866909932,0.0185039603636426,-0.200936814511527,-0.131072085909668,0.0023342259608309,31.2000007629395,0.863190185934783
2022-05-06,-0.00598698736476688,2.93670208298313,0.0184598444336563,-0.232939421314598,-0.13625880445031,0.0026381584748356,30.1900005340576,0.864313022066697
2022-05-09,-0.032540883168827,2.76446401235839,0.0193496012069395,-0.0882627828397129,-0.163913314435629,0.00294608535836245,34.75,0.872679528344433
2022-05-10,0.00230785727019711,3,0.0194189553744069,-0.121508727514222,-0.161981517401348,0.0031856515287181,32.9900016784668,0.876110161330467
2022-05-11,-0.0160137289552713,3,0.0193835728539182,-0.128204950269639,-0.175294438986873,0.00337484177795214,32.560001373291,0.867500468578329
2022-05-12,-0.00104443288515643,3,0.0194039251141958,-0.147381685136908,-0.176155338940997,0.00351395530238597,31.7700004577637,0.865727664008681
2022-05-13,0.0236264409374662,2.64017130163951,0.0201006373972764,-0.0986356890832458,-0.156459061457462,0.00362669390048642,28.8700008392334,0.868331789009434
2022-05-16,-0.00406577899417027,2.15019556992529,0.0200202968913317,-0.158648093987293,-0.159881749823967,0.00364680162614533,27.4699993133545,0.866620055367388
2022-05-17,0.0203617422023381,1.71631550737559,0.0207157263306143,-0.198564644005511,-0.142600133765386,0.00362562330325588,26.1000003814697,0.871619152889008
2022-05-18,-0.0411467176426283,1.35430111149756,0.0217741083038864,-0.0888121174694535,-0.177163365882548,0.00363075755868742,30.9599990844727,0.884547971399124
2022-05-19,-0.00614323985281917,2.4952511046276,0.0217400198519924,-0.0536078865270138,-0.182202753752808,0.00355148680635812,29.3500003814697,0.87956066081987
2022-05-20,0.000436263025710204,2.50974189427471,0.021691225279549,-0.153725558896071,-0.181845901216619,0.00339560936063158,29.4300003051758,0.8841933157928
2022-05-23,0.0185373575388654,2.01948301356403,0.0216733177623211,-0.342393130764627,-0.166538040880934,0.00326821091672972,28.4799995422363,0.889948090924182
2022-05-24,-0.00766320548087762,1.62475983567599,0.0215878522221518,-0.25959241380722,-0.172900621117591,0.00300553964341315,29.4500007629395,0.890503570163811
2022-05-25,0.00879608789109376,1.67064175138026,0.0209419772027805,-0.449090082330654,-0.165593291443897,0.00275743511075906,28.3700008392334,0.883455175846099
2022-05-26,0.0197843798726893,1.31399735008938,0.0214657956369271,-0.478496603612106,-0.148920687419108,0.00242113076909698,27.5,0.924372916132881
2022-05-27,0.0242526399263694,1.00379517539944,0.0214237882278683,-0.48389563263343,-0.128027433106614,0.00210694271374324,25.7199993133545,0.927110152330777
2022-05-31,-0.00562667899096159,0.755673997707384,0.0197929694058323,-0.537064517152112,-0.132919965566718,0.00189735204927575,26.1900005340576,0.925535428551176
2022-06-01,-0.00812151287277807,0.903996416228886,0.0198225971901649,-0.435334415324504,-0.139933448631464,0.00163456552036985,25.6900005340576,0.932355176428942
2022-06-02,0.0188646110346697,0.791060080567112,0.0202485705758462,-0.467361252162903,-0.123554623321304,0.0012925923153937,24.7199993133545,0.936999845150378
2022-06-03,-0.0165478589945272,0.543550281333479,0.0193411298693784,-0.404104557873996,-0.137938577775623,0.00110403823071702,24.7900009155273,0.930053073816929
2022-06-06,0.00304024061603947,0.782712104965221,0.0177097427711567,-0.485269982424747,-0.135313715541682,0.00118055058695284,25.0699996948242,0.914565569371776
2022-06-07,0.00954632876745976,0.552436953762354,0.017781644426109,-0.597101719204122,-0.127019609848017,0.00124082426028252,24.0200004577637,0.922238968200236
2022-06-08,-0.0109315780741248,0.324643384318616,0.0163404319960084,-0.557035649005595,-0.136510692370641,0.0014979168577862,23.9599990844727,0.917850081775241
2022-06-09,-0.0240703428734506,0.452880547298878,0.0172657646269474,-0.415258192471828,-0.157047026252628,0.0016167940563955,26.0900001525879,0.929748209716298
2022-06-10,-0.0294242296800533,1.44591504841732,0.0181251384329675,-0.438880862038111,-0.181488912891794,0.00166383817344142,27.75,0.932760591092726
2022-06-13,-0.0387076984160579,2.17326535472265,0.0199662406727509,-0.414425360876386,-0.212566247032254,0.00165911521691613,34.0200004577637,0.945199697641484
2022-06-14,-0.00301810412331083,3,0.0190727605459073,-0.397136223375142,-0.214939221345865,0.00167042644449237,32.689998626709,0.93766031919098
2022-06-15,0.0141557760906945,2.90921463121245,0.0194526751649759,-0.473735679569705,-0.203747046682028,0.00167345855341246,29.6200008392334,0.938667775577921
2022-06-16,-0.0336559562249814,2.36134420142378,0.0198386317286512,-0.322078972605564,-0.230099751011167,0.00166303623700356,32.9500007629395,0.938168549058937
2022-06-17,0.00215320724237422,2.99128224936658,0.018079864775746,-0.369172542854234,-0.228440210192662,0.00164571732828787,31.1299991607666,0.924528687523608
2022-06-21,0.0248621325299396,2.51182249566686,0.0190554954834359,-0.392527433878283,-0.209017139445356,0.00158101012034131,30.1900005340576,0.936753960918713
2022-06-22,-0.00181457450579714,2.04208313967752,0.0190498723355942,-0.375640341733255,-0.210451135338972,0.00150593854910343,28.9500007629395,0.937292393862302
2022-06-23,0.00975467218398851,1.62040385514323,0.0186762299943783,-0.383119969594822,-0.202711658330263,0.00142244086488526,29.0499992370605,0.934476547624324
2022-06-24,0.0312990798164225,1.25462093919196,0.0199866206744322,-0.358364087047885,-0.177362635706314,0.00133308049884351,27.2299995422363,0.937337984061358
2022-06-27,-0.00382708310746604,0.96910497151802,0.0198903047991732,-0.275791908063636,-0.180504920538866,0.0012836524679107,26.9500007629395,0.937088871795347
2022-06-28,-0.0206445978814802,0.818946153583612,0.0197484134131229,-0.0911483138579408,-0.197249628329529,0.00118001395988954,28.3600006103516,0.939965055499993
2022-06-29,-0.000814724930308763,1.275340520318,0.0187656310602777,-0.0635773286499161,-0.197903382718981,0.00105154323555253,28.1599998474121,0.931428417320131
2022-06-30,-0.00815734033449367,1.07191060352314,0.0187848664567565,-0.0441909791188571,-0.204419743586244,0.00103414147917479,28.7099990844727,0.930311205086865
2022-07-01,0.0105207412537975,0.981203064272759,0.0190241906971857,-0.162367056075486,-0.196005464949456,0.00101317961034108,26.7000007629395,0.933845196677086
2022-07-05,0.00188694328071559,0.693792573921942,0.0183893303816365,-0.132067447276092,-0.194486940629746,0.000966565802382815,27.5400009155273,0.935714877214565
2022-07-06,0.00337169148022642,0.433873806530322,0.0182237442779809,-0.275791900772425,-0.191766415301533,0.000964789127264591,26.7299995422363,0.944595399698563
2022-07-07,0.0148661560392114,0.202481806008588,0.0186008255623409,-0.308332472480843,-0.17966133363587,0.000937096637720448,26.0799999237061,0.943687422462159
2022-07-08,-0.000822927591102918,0.00914429962445161,0.0184014198594046,-0.250316089576215,-0.180336135263949,0.000913967850018924,24.6399993896484,0.941400831821603
2022-07-11,-0.0114893468017643,-0.177414512157109,0.0184138376285554,-0.246301694773032,-0.189699644362772,0.000728485756501508,26.1700000762939,0.942398807060686
2022-07-12,-0.00888843346117074,0.18487868576455,0.0178353027581331,-0.313405622173641,-0.19687003119676,0.000673276298714222,27.2900009155273,0.896365030351209
2022-07-13,-0.00526520005318609,0.256947632421752,0.0167443326141577,-0.372903042333692,-0.201087558345831,0.000808858006430809,26.8199996948242,0.879192943543171
2022-07-14,-0.00243152519141443,0.292627543477684,0.014380796200308,-0.0474336021531695,-0.203027774275563,0.00123303164525941,26.3999996185303,0.835452103981904
2022-07-15,0.0189246597706116,0.142268193119648,0.0148947804117935,-0.162174547652313,-0.187801726593247,0.00146641947462621,24.2299995422363,0.831409529911795
2022-07-18,-0.00829111922850778,-0.0450623526466699,0.0147548338517836,0.00932109020365886,-0.194507919974054,0.00164412651647078,25.2999992370605,0.825121515186098
2022-07-19,0.0266605966949713,0.00824302043689259,0.0135879613148451,0.532842606143167,-0.172744192608576,0.00187609977981874,24.5,0.803571317368851
2022-07-20,0.00635297544098545,-0.153426787903463,0.013599261607686,0.486859616164538,-0.167471927227068,0.00209334828101483,23.8799991607666,0.807031876315003
2022-07-21,0.0101318143858231,-0.318621758454784,0.0128056381111833,0.524591526480214,-0.158994031614175,0.00231698734323849,23.1100006103516,0.790084404597213
2022-07-22,-0.00932159750639538,-0.463315281684582,0.0130469268969219,0.540397815635097,-0.166797125598989,0.00246372214667901,23.0300006866455,0.799175226883664
2022-07-25,0.00121421788146492,-0.198090718359449,0.012944237399003,0.641131945498623,-0.165784821315394,0.00259154835090521,23.3600006103516,0.791322711328289
2022-07-26,-0.0119016177885811,-0.367485037657332,0.0114247265068447,0.546421205195248,-0.175654482556015,0.00273486444675493,24.6900005340576,0.777768138360838
2022-07-27,0.0256349502862419,0.0564701728027358,0.012660642764326,0.481330727445836,-0.154249237190362,0.00272768972709475,23.2399997711182,0.80796067095468
2022-07-28,0.0124643910007434,-0.111230177595498,0.0117969432516596,0.561656777345117,-0.143641496817148,0.00274035983354704,22.3299999237061,0.758397786328454
2022-07-29,0.0144734722243705,-0.281790033688909,0.0120144086303831,0.390650809491498,-0.131156885913036,0.00275506810751682,21.3299999237061,0.768171861338172
2022-08-01,-0.00296579244017003,-0.426978833995737,0.0118075586169956,0.390798810683416,-0.133729876887912,0.00274067883313247,22.8400001525879,0.765126730313644
2022-08-02,-0.00661903339977687,-0.382284868333666,0.0119299202896057,0.54470853819289,-0.139444813223749,0.00265799462342543,23.9300003051758,0.77046520094203
2022-08-03,0.0155380820887725,-0.372182544165257,0.0122210253064061,0.395338804107055,-0.125969013168986,0.00256672032518353,21.9500007629395,0.787878331250989
2022-08-04,-0.000675496269290754,-0.515795681675178,0.0122614103217799,0.437130911978985,-0.126559218476651,0.00244789962950835,21.4400005340576,0.786869650636943
2022-08-05,-0.00169171296076165,-0.655628056415431,0.012037443922084,0.618102803346747,-0.128035580424792,0.0022561734461495,21.1499996185303,0.790038826906656
2022-08-08,-0.00116162119892138,-0.619423245184891,0.0120429159156836,0.620924267441635,-0.129047884708387,0.00202054588542355,21.2900009155273,0.79220548234184
2022-08-09,-0.00397896715541624,-0.728201056103218,0.011701208644142,0.667656585776828,-0.132506489169193,0.00170891229133301,21.7700004577637,0.779151864214876
2022-08-10,0.0207866467414064,-0.698276949034903,0.0119514789216702,0.476907651400131,-0.114285487324708,0.00134972723208457,19.7399997711182,0.830782359555172
2022-08-11,0,-0.801959476908384,0.0117869287205806,0.459191190336923,-0.114285487324708,0.00103892679819588,20.2000007629395,0.830835106983995
2022-08-12,0.0167869949367088,-0.916094644410584,0.0119334605825319,0.268676241553021,-0.0992915024218243,0.000970056268555582,19.5300006866455,0.856570520737969
2022-08-15,0.00411256571353746,-1.00610805341093,0.0115522409488224,0.409257894918292,-0.0955796521543241,0.000826905307864983,19.9500007629395,0.8679100551601
2022-08-16,0.00195672081749176,-1.0968964447892,0.0111673715173375,0.406224824055925,-0.0938082214995098,0.00066530553513032,19.6900005340576,0.868337056591407
2022-08-17,-0.00712348675412589,-1.18753866775524,0.0103894831053763,0.463965166315933,-0.100240529200905,0.000697834576266222,19.8999996185303,0.862206510998103
2022-08-18,0.00290228700456918,-0.968002205126691,0.0103776998679399,0.513568672180237,-0.0976253758544585,0.000694599427610537,19.5599994659424,0.860294509146828
2022-08-19,-0.0135291280512275,-1.06340787851057,0.0109297753645482,0.542405557485849,-0.109751504758747,0.000692628362181731,20.6000003814697,0.866138802816811
2022-08-22,-0.0210423298185098,-0.508769941909271,0.0118365173522482,0.211937432480852,-0.12828869044285,0.000632136008870527,23.7999992370605,0.878951323006725
2022-08-23,-0.00242223369477212,0.186427025343231,0.0118774441174046,0.251674998539957,-0.13039762375318,0.000571381333929937,24.1100006103516,0.883281586517216
2022-08-24,0.00319635688986253,0.194798117087127,0.0114443214100863,0.179422985325556,-0.127613617237498,0.000570925091773694,22.8199996948242,0.878951344987945
2022-08-25,0.014018598680007,-0.0283159228774406,0.0105239238310479,-0.0742352112385514,-0.115297859502621,0.000581641315823205,21.7800006866455,0.876779044863594
2022-08-26,-0.0344353010788456,-0.220585355734954,0.0129264508517705,-0.690483329341145,-0.145244277985681,0.000649147243107707,25.5599994659424,0.94004475089302
2022-08-29,-0.00663413251281497,1.02585006278887,0.012552711327899,-0.594570617101581,-0.150896072605641,0.000674274023727502,26.2099990844727,0.941382673945915
2022-08-30,-0.0110385645607369,1.10245856179575,0.0127351743332738,-0.500786827314392,-0.160217419332894,0.000712446220161301,26.2099990844727,0.940457960550167
2022-08-31,-0.0076381393150502,1.13668909455107,0.0127576632123516,-0.488864172146215,-0.166607360979764,0.000746558785051888,25.8700008392334,0.938908853846879
2022-09-01,0.00313288514871424,1.06535510875358,0.0122031183482786,-0.54691986407228,-0.163992343421954,0.000746018572692598,25.5599994659424,0.938584179541347
2022-09-02,-0.0106002985164855,0.732912813085847,0.0123359229653355,-0.42835031327331,-0.172807470113091,0.000748688213130252,25.4699993133545,0.943828174780034
2022-09-06,-0.00378018000593006,0.681031222224235,0.0123367322647053,-0.403549907595881,-0.175928504024062,0.000756938479255173,26.9099998474121,0.94261475755446
2022-09-07,0.0178053501399269,0.716996827939464,0.0131234414876724,-0.352076788126514,-0.161124215846086,0.000810587038490621,24.6399993896484,0.940401831770358
2022-09-08,0.00651495220558918,0.439988978771334,0.0132351151408331,-0.446486668504045,-0.155641138606726,0.000865587594340768,23.6100006103516,0.935685449603349
2022-09-09,0.0154158833123121,0.172858892660576,0.012833024882285,-0.576282379689969,-0.142523752657468,0.000889079707415403,22.7900009155273,0.929254263765403
2022-09-12,0.010690286492423,-0.0499921925044365,0.0131064090392715,-0.618852312945611,-0.133307913700619,0.000923269561035581,23.8700008392334,0.896675198255578
2022-09-13,-0.0444561423476637,-0.255060947358928,0.0155320087983253,-0.98439298831438,-0.170993809192388,0.00120086515629905,27.2700004577637,0.928418270572416
2022-09-14,0.00380863220438243,1.76505998487822,0.0155242597858111,-0.983783389068024,-0.167830409226892,0.0013943019227443,26.1599998474121,0.927698172391773
2022-09-15,-0.0114182780469934,1.35293906398646,0.0155435320177878,-0.86257442035293,-0.177278310963174,0.0015264916843378,26.2700004577637,0.924824770861993
2022-09-16,-0.00765810096300079,1.31401983030249,0.0155483061109854,-0.85691738446305,-0.1835547333101,0.00157123935292474,26.2999992370605,0.929809617394009
2022-09-19,0.00772486068344502,1.24630409925522,0.015699948320882,-0.857995946983146,-0.177223384459792,0.00158625420632832,25.7600002288818,0.919907802632168
2022-09-20,-0.0115448791802502,0.874060988087794,0.0156481276643463,-0.8798110840255,-0.186667619902893,0.00160107883644659,27.1599998474121,0.8962337787004
2022-09-21,-0.0175977317452984,0.82861273884317,0.0154810480508486,-0.908856379328554,-0.200855223989127,0.00163161529540716,27.9899997711182,0.891519773620662
2022-09-22,-0.00843517510828562,1.40290614355387,0.0155033008378199,-0.84932625362424,-0.207567799435839,0.00164592421047064,27.3500003814697,0.874910991800901
2022-09-23,-0.0168967884061875,1.22125703274752,0.0156289376336634,-0.672538756711803,-0.220844872821382,0.00161896187357704,29.9200000762939,0.874476769150125
2022-09-26,-0.00994216776273493,1.60298730705005,0.0150039097638185,-0.638094644052509,-0.228552982655106,0.0014450601195827,32.2599983215332,0.863750533304357
2022-09-27,-0.0025558779246504,1.52117290349468,0.013584168422137,-0.759086355148444,-0.230522189458687,0.00142626980367374,32.5999984741211,0.840085408158444
2022-09-28,0.0194850822747252,1.25148438777403,0.0145863170007036,-0.633362860065796,-0.215381824405875,0.0013850244018791,30.1800003051758,0.785270311746593
2022-09-29,-0.0211099122900009,0.89518788261263,0.0149973353204087,-0.557819868140852,-0.231771444912621,0.00135399330537634,31.8400001525879,0.780088049282896
2022-09-30,-0.0155845320510828,1.29390571272548,0.0151863978073602,-0.481410932167932,-0.24365111744203,0.0013193212809967,31.6200008392334,0.787890596361546
2022-10-03,0.0260587235240015,1.60173102267982,0.0165356329088246,-0.254292667477626,-0.223682583742719,0.00129524860558102,30.1000003814697,0.816895031234885
2022-10-04,0.0305162015251916,1.20571260335025,0.018023573943427,-0.183331994283088,-0.199627151562455,0.00138573490798871,29.0699996948242,0.830329204806398
2022-10-05,-0.00233074365532726,0.872676591297106,0.0180174592256836,-0.19520412256901,-0.201490443229725,0.00141678784836432,28.5499992370605,0.83069510624056
2022-10-06,-0.010369393424229,0.615851171170647,0.017550951217936,-0.0505154469494494,-0.209727721379099,0.00142809046380175,30.5200004577637,0.829819868835176
2022-10-07,-0.0282902559185541,0.706014788437356,0.0182525105612691,0.0892731916069105,-0.231771444912621,0.00147209578355783,31.3600006103516,0.845218997175306
2022-10-10,-0.0076646063108079,1.56418319181837,0.0176792383434577,0.216075388247338,-0.237637106634748,0.0013929042987924,32.4500007629395,0.826556347826733
2022-10-11,-0.00635321316238358,1.46249414250736,0.0172807960479056,0.332941837015106,-0.242465207386929,0.00127632029883379,33.6300010681152,0.826178511809486
2022-10-12,-0.00330384368185577,1.29934091059357,0.0149231882187913,0.960328730440172,-0.244963854083432,0.00129517496156257,33.5699996948242,0.765784974153747
2022-10-13,0.026048777018997,1.02051368544657,0.016267257323127,0.871950322688427,-0.225037686438646,0.00129140032915528,31.9400005340576,0.802756063257101
2022-10-14,-0.0230524851896385,0.696015492901173,0.0167453762733513,0.823833207779307,-0.242698152792497,0.00129469921704036,32.0200004577637,0.814232195001686
2022-10-17,0.0253723289182632,1.09931264607782,0.0178912732368226,0.630378725148452,-0.223237808064528,0.0013445824837601,31.3700008392334,0.83537300681721
2022-10-18,0.0116810849531683,0.758113610833659,0.0180232566125629,0.599778545277391,-0.214111182241725,0.00139484353639483,30.5,0.845865125668682
2022-10-19,-0.00711159808308093,0.452491104715621,0.0179338745417672,0.578825639695451,-0.219680281582179,0.00142822532713595,30.7600002288818,0.866678681021891
2022-10-20,-0.00842087135527958,0.423236837405415,0.0176435716764435,0.564796568991721,-0.226223664388065,0.00143409474483352,29.9799995422363,0.861937667772647
2022-10-21,0.024011023783741,0.553563365991105,0.0184130973766983,0.377852684573407,-0.207419654033639,0.00146945143557878,29.6900005340576,0.878524423444247
2022-10-24,0.0121621824671569,0.282060441967938,0.0181693867907085,0.215271688007162,-0.197721290157707,0.0014835604451601,29.8500003814697,0.880164031148388
2022-10-25,0.0158425051932412,0.0193418223588151,0.0182362173053979,0.0433992212216896,-0.184909971794663,0.00145578916639317,28.4599990844727,0.887979790396059
2022-10-26,-0.0075626288975208,-0.203358111159776,0.0183397110137263,0.075015579489741,-0.191050944976883,0.00126325241542551,27.2800006866455,0.827202321665494
2022-10-27,-0.00535429389592235,-0.0339108037962225,0.0179789577624427,0.233984374835257,-0.195370720969085,0.00112485963706527,27.3899993896484,0.848768414778967
2022-10-28,0.0235120789341643,-0.153879662389063,0.0178468566862931,0.0716015730948573,-0.176228053755734,0.000992526509684116,25.75,0.854342207009128
2022-10-31,-0.00724948259791525,-0.361893384927583,0.0174945157744364,0.0596383336919259,-0.182178379692592,0.000843183758056744,25.8799991607666,0.854869449267731
2022-11-01,-0.004385507039804,-0.467376829356825,0.0167984654934967,0.207125800004381,-0.185757089202203,0.000828683030688864,25.8099994659424,0.846899344068898
2022-11-02,-0.0254165066947598,-0.355357172186636,0.0165282094634436,0.220793706262362,-0.206191513712649,0.000853939873176603,25.8600006103516,0.853096752996111
2022-11-03,-0.0103500592062327,0.471469637571721,0.0166672934069108,0.27491140608481,-0.214365106991601,0.00086571390013517,25.2999992370605,0.849192692937235
2022-11-04,0.014290343802883,0.634141925361532,0.0168253986515089,0.0985979668056274,-0.203057511986912,0.000876323761820396,24.5499992370605,0.838015322513931
2022-11-07,0.00952015035209719,0.31335597754628,0.015578561836416,0.0975816260060878,-0.195434270050873,0.000941976020162496,24.3500003814697,0.815224789417761
2022-11-08,0.00538098718608992,0.026950228912453,0.0154248447717869,-0.00949438071261703,-0.19109324313709,0.00102149710862955,25.5400009155273,0.822597234318393
2022-11-09,-0.0208170591637682,-0.246400206686413,0.0161604050865419,-0.0281388200658749,-0.207758242998246,0.00104554577668176,26.0900001525879,0.823167257401013
2022-11-10,0.0534972101787226,0.243100424456478,0.0195936701101396,0.481097973803399,-0.164221350957069,0.00104769255556093,23.5300006866455,0.873800779901054
2022-11-11,0.0096319410672967,0.00581721495392178,0.0190243125114666,0.581806314546045,-0.156132286104212,0.00107626719181042,22.5200004577637,0.86836418550556
2022-11-14,-0.00854317521171399,-0.251751294015124,0.0182377718298577,0.69522276058269,-0.163310888150697,0.00107381996367825,23.7299995422363,0.866448064692258
2022-11-15,0.00849288887526978,-0.0507655791218328,0.0176456685725063,0.826385905991941,-0.156174720053055,0.00107139330732771,24.5400009155273,0.860396307986721
2022-11-16,-0.00765799749060214,-0.323275881468205,0.0177261151585646,0.956416968292402,-0.162612051933993,0.00106679215884021,24.1100006103516,0.857127671841525
2022-11-17,-0.00306451954237996,-0.434385958965687,0.0176321797178073,0.945803154844908,-0.165174315606602,0.00106319884478355,23.9300003051758,0.854474160587764
2022-11-18,0.00453007751730183,-0.296564560602852,0.0174301734951437,0.885520559514452,-0.161383911613004,0.00106300011408927,23.1200008392334,0.858362090640815
2022-11-21,-0.00364269994090627,-0.548804636594493,0.0168648697192751,1.12590320039583,-0.164433181229692,0.00105099988317363,22.3600006103516,0.849019324993644
2022-11-22,0.013367130221094,-0.463644765486389,0.0169013430101174,1.11222813705094,-0.153189067412472,0.00104329275226657,21.2900009155273,0.847970444324129
2022-11-23,0.00628193806672961,-0.694665280799547,0.0166529594889628,1.22144609853076,-0.147852709794631,0.00103534063214252,20.3500003814697,0.84708084610172
2022-11-25,-0.000223830418276449,-0.91977119106388,0.0165161105195369,1.19717356973438,-0.148043424934311,0.00102036294015047,20.5,0.904628051593256
2022-11-28,-0.0160856979367736,-1.13302112422162,0.0169310020298645,1.14175775840114,-0.161638107940152,0.00100670015017669,22.2099990844727,0.90860401170434
2022-11-29,-0.00171899589058722,-0.514225337703239,0.016204450481537,1.40948046208996,-0.163078010639447,0.00101490488361115,21.8899993896484,0.912113596366216
2022-11-30,0.0310145827411086,-0.60547468897146,0.0173689365295075,1.09679038561267,-0.136714511113723,0.00101275470861248,20.5799999237061,0.924164672869491
2022-12-01,-0.000736008100911789,-0.7913816414774,0.0173139682081234,1.07938516212404,-0.137349662460003,0.00101179690477946,19.8400001525879,0.923005804007857
2022-12-02,-0.00115439285080576,-1.00005714348816,0.0161079631045808,1.39274868909787,-0.138344925269742,0.00102782720459934,19.0599994659424,0.915392053784721
2022-12-05,-0.018153042381412,-1.06928293778537,0.0165375126243936,1.26733076634942,-0.153845469680332,0.00103085695149033,20.75,0.906450227536252
2022-12-06,-0.0145197001960584,-0.361919103369503,0.0167935813618611,1.3848368341906,-0.166042616041404,0.00103127303053516,22.1700000762939,0.92770447844793
2022-12-07,-0.00170263831859963,0.086529868329493,0.0167261479735337,1.4949151920606,-0.167461335713437,0.000976789028719828,22.6800003051758,0.935026672776504
2022-12-08,0.00780334030318564,-0.0645301990728025,0.0167616430503849,1.46627007494602,-0.160939339617767,0.000900478362119901,22.2900009155273,0.935830789157959
2022-12-09,-0.00749822320499849,-0.349921465548572,0.0161044324809287,1.66324130620511,-0.167207275174925,0.000903775914209614,22.8299999237061,0.932356404905367
2022-12-12,0.014314453961271,-0.218696849338535,0.0114960369033102,0.628310706622328,-0.15520057237626,0.00141284731848073,25,0.86847411068122
2022-12-13,0.00754137626401441,-0.479936791923898,0.011421919013848,0.653274315486834,-0.148805538655528,0.00175035732098332,22.5499992370605,0.864958923030861
2022-12-14,-0.00641413600185814,-0.721668403020575,0.0113476677058747,0.652743770773055,-0.154247743515363,0.00202240798674879,21.1399993896484,0.866133748497105
2022-12-15,-0.0247657936280037,-0.711357343592495,0.0124460025013858,0.445338437442953,-0.174936228564321,0.0021408915260755,22.8299999237061,0.897824502360793
2022-12-16,-0.011876277405098,0.434912353123831,0.0125908304360261,0.454146233261062,-0.184676958494778,0.0022105168463823,22.6200008392334,0.901298981358532
2022-12-19,-0.00851608889835642,0.62512123468905,0.0126854904179864,0.497575215498626,-0.1915908405948,0.00224928951057,22.4200000762939,0.915836517318586
2022-12-20,0.0013673498803195,0.676950798165009,0.0126285780989482,0.535950175765375,-0.190484706363524,0.0022754922585825,21.4799995422363,0.921047003912579
2022-12-21,0.0148419658659522,0.288324223264911,0.0131197141877361,0.373943236057615,-0.178380303641043,0.00228210818000935,20.0699996948242,0.925782751499301
2022-12-22,-0.0143687975323346,-0.0352786081027354,0.0130177261610173,0.571754728819003,-0.190101578726212,0.00227628335818064,21.9699993133545,0.928775787796196
2022-12-23,0.00573564417808559,0.21528013974127,0.0130006263879433,0.577637536293107,-0.18544294219213,0.00226703422614831,20.8700008392334,0.924912400099644
2022-12-27,-0.00395122501740808,-0.119606054145431,0.0129984823629543,0.619599967924649,-0.188655090278056,0.00225019286947478,21.6499996185303,0.933784786716611
2022-12-28,-0.0125057862621487,-0.308420825354455,0.012831403082114,0.64087292758945,-0.198738414937891,0.00220217107516544,22.1399993896484,0.925123170575977
2022-12-29,0.0178401844835756,0.0148490803518102,0.0135541727128652,0.496622137628998,-0.184315489144955,0.00216084312896743,21.4400005340576,0.938437925969355
2022-12-30,-0.00263764530744748,-0.28294738026265,0.0113645488251577,0.10933129978328,-0.186464140631402,0.00210826136853027,21.6700000762939,0.909707837976274
2023-01-03,-0.00421864891377854,-0.571881964432171,0.0113579269949306,0.153997710886004,-0.18988893372177,0.00201762896818388,22.8999996185303,0.872017598602287
2023-01-04,0.00769055352921821,-0.484953929519961,0.0115910957208367,0.0730402704401954,-0.183634712816879,0.00197340354840229,22.0100002288818,0.723562933552599
2023-01-05,-0.0114789994934075,-0.742627218977217,0.0112283183940658,0.10465939942973,-0.192952189567997,0.00188279548693284,22.4599990844727,0.732781976607987
2023-01-06,0.0226730425483366,-0.439109466051617,0.0120964632982293,0.131960668714874,-0.174444945278198,0.00169111278329723,21.1299991607666,0.734228079812484
2023-01-09,-0.000567046658503045,-0.681011261344091,0.0120932725592899,0.118371736165395,-0.174912940813196,0.00144831601508112,21.9699993133545,0.733736861074767
2023-01-10,0.00698839068280588,-0.925377593443005,0.012066815801156,0.124670340469477,-0.169126715443303,0.00110399049264401,20.5799999237061,0.7292515642402
2023-01-11,0.0125684411951239,-1.13716013542026,0.0122749098108494,-0.0503877480720824,-0.158618032880268,0.000714295356608289,21.0900001525879,0.751325703043264
2023-01-12,0.00363429274118321,-1.31245378512065,0.0118886038270164,-0.00350577120452935,-0.155554641245404,0.000698590943444605,18.8299999237061,0.734166555264211
2023-01-13,0.00387208705924458,-1.48225589880514,0.0117985403763888,0.0302952262699039,-0.152278536711782,0.000680412060203553,18.3500003814697,0.730369882948455
2023-01-17,-0.0018336670612733,-1.63898078083882,0.0117198906949754,-0.0187924408315149,-0.153831551345112,0.000659299081954097,19.3600006103516,0.733721459036269
2023-01-18,-0.0159139410951443,-1.768136226817,0.0109153098638632,0.298613719769317,-0.167190844749933,0.000724077681026781,20.3400001525879,0.677056517273573
2023-01-19,-0.00730651757182077,-0.919709719352733,0.0107008364896899,0.313146288912058,-0.173253603677645,0.000791280699163119,20.5200004577637,0.662166202445153
2023-01-20,0.0184576387412427,-0.800756395694036,0.0111533155233215,0.157537585626024,-0.157852117077234,0.000808876979776623,19.8500003814697,0.677956515493432
2023-01-23,0.0119272436546707,-0.999212431966384,0.0113619712858506,0.0476026789896862,-0.147747473601501,0.000812101043027744,19.8099994659424,0.686288931062118
2023-01-24,-0.00107389696869564,-1.17703022948587,0.0110197051415443,0.189417418971512,-0.148662213749917,0.00079731321973359,19.2000007629395,0.673176935846162
2023-01-25,0.000374596045845443,-1.27781521234608,0.0103973901539134,0.206335871104592,-0.148343246243255,0.000819425295068512,19.0799999237061,0.639296000398019
2023-01-26,0.0109305999473355,-1.41894698352345,0.0105416694706411,0.151401864099888,-0.138983063966021,0.000812177055936328,18.7299995422363,0.654119398495671
2023-01-27,0.00229508045679871,-1.54646213939959,0.0104339231364416,0.0814042085165113,-0.13700469142949,0.000794175292075515,18.5100002288818,0.644990484577964
2023-01-30,-0.0126264431683989,-1.67134292312703,0.0104428825306833,0.0789712945325265,-0.147832748865096,0.000771036880492056,19.9400005340576,0.66732019876965
2023-01-31,0.0145964369547409,-1.19336752286552,0.0102332477859894,0.0478056291041002,-0.135302920345096,0.000643269024149611,19.3999996185303,0.636005097425661
2023-02-01,0.0105718085374056,-1.34174027423085,0.0102894978119691,-0.111413325983269,-0.126113017017779,0.000677288711414183,17.8700008392334,0.636458306131922
2023-02-02,0.0144519670228016,-1.47159698736704,0.0104035846712543,-0.289689419628541,-0.113391930203555,0.00069918631695162,18.7299995422363,0.730839409285013
2023-02-03,-0.0106859392825189,-1.58542103653483,0.0108664015970477,-0.141971671077668,-0.122815729456894,0.000695437963305623,18.3299999237061,0.736578124170184
2023-02-06,-0.00613004520173899,-1.2546156454864,0.0105579744476718,-0.122870010944029,-0.12817646113495,0.000706448016963702,19.4300003051758,0.710237796238918
2023-02-07,0.0129937461511815,-1.08548927799807,0.00987647553361874,-0.328089504668992,-0.11677428934508,0.000717070156585455,18.6599998474121,0.727378345188348
2023-02-08,-0.010995104779389,-1.24205517226614,0.0103279960313555,-0.269933273049765,-0.126432256101713,0.000685486513851453,19.6299991607666,0.735806138608398
2023-02-09,-0.00870684213547701,-1.02940954109727,0.0105686763429027,-0.102251094228081,-0.134005256242322,0.000636089624910728,20.7099990844727,0.751496552237491
2023-02-10,0.0023307123284404,-0.638874380968559,0.0102878114763055,-0.0210607611456045,-0.131984517651267,0.000555664111809448,20.5300006866455,0.736381158787041
2023-02-13,0.0116708023595136,-0.86153425318917,0.0105186813030654,-0.0854984843057863,-0.121794734700576,0.000492322758426686,20.3400001525879,0.75355784385766
2023-02-14,-0.000460256845668638,-1.04491664075434,0.0105198677521192,-0.0260858582012654,-0.122198841682196,0.000421949148671489,18.9099998474121,0.753422788883686
2023-02-15,0.00324210618309273,-1.21769598514723,0.0104938529914427,-0.0950317904868507,-0.119348298734728,0.000339784494476166,18.2299995422363,0.741950236951776
2023-02-16,-0.0138645480982209,-1.36655298574702,0.0103281047428053,-0.0480130801883081,-0.131473884484471,0.000333813526266887,20.1700000762939,0.755774115802604
2023-02-17,-0.00250142101790019,-0.82946274755613,0.01016353810647,-0.0847214621540381,-0.133643718998181,0.000341314508890321,20.0200004577637,0.759292701439283
2023-02-21,-0.0202646596747851,-0.894941305252494,0.0105761658658423,-0.211522625833043,-0.151023442346487,0.000308932163109859,22.8700008392334,0.771669149722264
2023-02-22,-0.00137910729456614,-0.0418556772963597,0.0102434162178893,-0.11597117259673,-0.152193465131142,0.000238860592656258,22.2900009155273,0.770959280650342
2023-02-23,0.00530521069946577,-0.249886476234127,0.0103120885635286,-0.196219575852669,-0.147683720836759,0.000198430898526969,21.1399993896484,0.774306345029404
2023-02-24,-0.0107398432476673,-0.505320987287527,0.0105766743904826,-0.0823643169779704,-0.156788484689118,0.000202170584865141,21.6700000762939,0.789761463342699
2023-02-27,0.00340015508492009,-0.371506453722688,0.0102945524895023,-0.0491355365692102,-0.153916555031434,0.000201174682417063,20.9500007629395,0.78118406866738
2023-02-28,-0.00370295133813237,-0.588346350175632,0.0102866247426611,0.0335760618990246,-0.157043767325357,0.000202349750948429,20.7000007629395,0.785856900505694
2023-03-01,-0.00384307979684895,-0.764522559945874,0.00996898852445508,-0.0144028768726813,-0.160277098438546,0.00022154917616109,20.5799999237061,0.771222118364471
2023-03-02,0.00774702570170405,-0.687816024148577,0.00954658264270754,-0.0866148201472124,-0.153746479764472,0.000284041127773747,19.5900001525879,0.771331042818431
2023-03-03,0.015910666450405,-0.883534786867376,0.00993412366230227,0.0168296008360278,-0.140174337672256,0.000297092237292496,18.4899997711182,0.779908162587302
2023-03-06,0.000692422680494964,-1.04409779402666,0.00931419297275123,0.0134984601074249,-0.139578768713456,0.000367857856510047,18.6100006103516,0.730301867209421
2023-03-07,-0.0154474925783958,-1.20920066763946,0.00960428057174732,-0.0285725041871024,-0.152767986851315,0.00036777261982686,19.5900001525879,0.82886072537423
2023-03-08,0.00163073223458365,-0.657443453518575,0.00957271329778651,-0.140288051187445,-0.151385251167901,0.000382994612038373,19.1100006103516,0.829977047429932
2023-03-09,-0.0186221980893251,-0.803893556824121,0.00970011346852678,-0.109644522787907,-0.167042088298869,0.000391316805943004,22.6100006103516,0.803035789639299
2023-03-10,-0.0145344877787874,-0.229161781070911,0.00987890215080258,-0.108074775765844,-0.179061147863437,0.000393339277293492,24.7999992370605,0.820496757064759
2023-03-13,-0.00142624185428097,0.327291749755981,0.0097944890465461,-0.20920282700122,-0.180231170648091,0.000386196346883168,26.5200004577637,0.803996110688506
2023-03-14,0.0163950830681481,0.0711019368685842,0.0105973244802243,-0.0692926027238292,-0.166680211583137,0.000399742404921281,23.7299995422363,0.816715326487093
2023-03-15,-0.00627386711918021,-0.195468534275279,0.0101591616540979,0.053310285421567,-0.171891983127176,0.000388730010239475,26.1399993896484,0.774981115673336
2023-03-16,0.0173927322129517,-0.198986276199066,0.0110705876676,0.114933929424718,-0.157362938514973,0.000435075583888377,22.9899997711182,0.800533101508904
2023-03-17,-0.011761498018342,-0.43415990420555,0.0112023233391112,0.267715666835708,-0.167215558281739,0.000489926348870925,25.5100002288818,0.800142352563909
2023-03-20,0.00956975150089612,-0.156884741844256,0.0111977144702934,0.0787092607968477,-0.159207762927706,0.000540028012567794,24.1499996185303,0.700872144539649
2023-03-21,0.0130450434475504,-0.41017901397031,0.0116366524186924,-0.0246920742799832,-0.148167739430841,0.000625329197013134,21.3799991607666,0.69794049131026
2023-03-22,-0.01719354864517,-0.631228360756886,0.0113966905321347,0.036967616306067,-0.162688568830547,0.000670081226022336,22.2600002288818,0.659785523670416
2023-03-23,0.00269968205318794,-0.22155330165972,0.0114185369345735,-0.0142227584533072,-0.160425040157792,0.000712869675868986,22.6100006103516,0.661871648967665
2023-03-24,0.0065407168627738,-0.357325728377439,0.011452883449627,-0.0247131511795914,-0.15491561992299,0.000751807634893687,21.7399997711182,0.665086094788552
2023-03-27,0.0018681739597568,-0.587769835788868,0.0112120001479934,-0.150572667984682,-0.153335379668082,0.000771390095805917,20.6000003814697,0.623190090303858
2023-03-28,-0.00224729127024759,-0.768479093838141,0.0111989900639291,-0.0789965301761245,-0.155235945316015,0.000787935916141312,19.9699993133545,0.626689197151933
2023-03-29,0.0144303491146802,-0.911979239481975,0.0115972150436085,-0.198659350658125,-0.142957325773165,0.000822735376621224,19.1200008392334,0.641682504615524
2023-03-30,0.00583818128569469,-1.07830954510706,0.0115962912916131,-0.313490547414319,-0.137939120930168,0.000842132006937676,19.0200004577637,0.636549216649586
2023-03-31,0.0139961534197521,-1.2387532370201,0.0118487775244881,-0.315764763049207,-0.125788753754301,0.000844851070230809,18.7000007629395,0.647523975639682
2023-04-03,0.00380324119577846,-1.36817982496989,0.0114010621101807,-0.300890979711979,-0.12245758692866,0.000836132786926671,18.5499992370605,0.637095486407128
2023-04-04,-0.00556340200172745,-1.49361654060974,0.0114900920891941,-0.223655832274995,-0.127326152694457,0.000775079437842002,19,0.65757306670435
2023-04-05,-0.00262188222461468,-1.4415362576731,0.0109169336675698,-0.269363338573955,-0.129611203866065,0.000715487880946466,19.0799999237061,0.634780396924134
2023-04-06,0.00389342016513172,-1.30903980132567,0.0109316823036003,-0.297879853567066,-0.126215809015456,0.000640450111080031,18.3999996185303,0.637491602548369
2023-04-10,0.00102575478033184,-1.43399490098987,0.00992779908131305,-0.268533143071135,-0.125319060861349,0.000618296985324318,18.9699993133545,0.604023398722466
2023-04-11,0.00026853540563998,-1.50517240039164,0.00916707118365311,-0.259684181878666,-0.125084146520555,0.000699544362526741,19.1000003814697,0.562157713098624
2023-04-12,-0.00408432039682349,-1.61095604686012,0.00924969006157642,-0.228315291625678,-0.128650295581309,0.000754803248566029,19.0900001525879,0.582992174956001
2023-04-13,0.0131953350687954,-1.4785240033821,0.00904035761345649,-0.287392072529699,-0.117076351166523,0.000863370246509817,17.7999992370605,0.570250967877635
2023-04-14,-0.00244578045995247,-1.56470110424641,0.00888651638956533,-0.322198726620453,-0.119233149971148,0.000958177197830254,17.0699996948242,0.607045957547309
2023-04-17,0.00358190549241932,-1.59374219734467,0.00825146048239605,-0.432439542709741,-0.116072669461333,0.00111096011917405,16.9500007629395,0.542348945503284
2023-04-18,0.000651979779089373,-1.68037744451768,0.0076155432942157,-0.468668344474954,-0.115496178805933,0.00129311905445052,16.8299999237061,0.584746857268149
2023-04-19,-0.00016888577496843,-1.75594751819136,0.00748246354141506,-0.343564968115074,-0.11564554630586,0.00144455936047967,16.4599990844727,0.691016148526048
2023-04-20,-0.00547218208251454,-1.79721048291068,0.00725352138103428,-0.228826092918893,-0.120471678122814,0.00156375837747709,17.1700000762939,0.705560539813843
2023-04-21,0.000776501767933979,-1.58696896299393,0.00586139813530643,0.782424758704013,-0.119788457599285,0.00179420572010383,16.7700004577637,0.730789317829116
2023-04-24,0.00104284890737549,-1.67100196370485,0.00586801772254095,0.820500552197257,-0.11887005115769,0.00195977854366722,16.8899993896484,0.73137000139156
2023-04-25,-0.0160012485919685,-1.73443108569173,0.00700516804642937,0.0321830585433703,-0.132857027533794,0.0019930860778714,18.7600002288818,0.73358534978481
2023-04-26,-0.00424460500784729,-1.06422432582602,0.00710350559088035,0.133454884004599,-0.136529906462677,0.00200987442934685,18.8400001525879,0.526180770050745
2023-04-27,0.0197125769188267,-0.90886065446793,0.00815064914925083,0.321112006895481,-0.11933981194496,0.00196974458281493,17.0300006866455,0.587977904325452
2023-04-28,0.00849871703564897,-1.03079694312139,0.00779258668673871,0.300010911635667,-0.111823435665686,0.00190022415607322,15.7799997329712,0.567816879037309
2023-05-01,-0.00101008429334293,-1.15412715695543,0.0077539141585383,0.423911457537743,-0.112720115925475,0.00181019032614337,16.0799999237061,0.564824633043215
2023-05-02,-0.0113028386465857,-1.2159486597957,0.00765938096660297,0.465927713506076,-0.122692433375136,0.0016731271226564,17.7800006866455,0.544700978254931
2023-05-03,-0.00688772001881777,-0.829331869948399,0.00776033365772519,0.606171085762079,-0.128714319923323,0.00154262638442199,18.3400001525879,0.556224778055794
2023-05-04,-0.00710820984944505,-0.64587441357457,0.00781941303479595,0.603507404766646,-0.134885641865755,0.00136583415101517,20.0900001525879,0.552820577745323
2023-05-05,0.0183434124535315,-0.515613370243693,0.00880031783265663,0.570005347842145,-0.11887005115769,0.00122339169109101,17.1900005340576,0.56221624008768
2023-05-08,0.000266339151468564,-0.682741129911954,0.00876765204416866,0.634208624721198,-0.11863534049985,0.00104856688227284,16.9799995422363,0.560621664303741
2023-05-09,-0.00439483367581861,-0.854028059713396,0.00882824164635466,0.702864005763269,-0.122500292454775,0.000970047206842607,17.7099990844727,0.575704279034017
2023-05-10,0.00466140996025022,-0.798062518066952,0.00888298554287844,0.624240913080665,-0.118400358264738,0.000953484566465518,16.9400005340576,0.58470642660752
2023-05-11,-0.00174547374564504,-0.960193010024669,0.00883899876958681,0.600699004632438,-0.119937825099212,0.000928225834390956,16.9300003051758,0.585685119160123
2023-05-12,-0.00131120416530273,-1.09222766727305,0.00834830807716293,0.786148479686809,-0.121091010092966,0.000896614344386437,17.0300006866455,0.555809726856865
2023-05-15,0.00344413045921055,-1.07671657097884,0.0083686009117426,0.682633386653908,-0.118058714055814,0.000873334205410092,17.1200008392334,0.546622653933569
2023-05-16,-0.00670492061933903,-1.20795174986055,0.00845299364262677,0.810746305011499,-0.123952280342701,0.000879402812160881,17.9899997711182,0.541303336110988
2023-05-17,0.0120656966677144,-0.981227748145564,0.00888185795347034,0.652979537568737,-0.113318129079727,0.000906999732760839,16.8700008392334,0.535002700738344
2023-05-18,0.00958732039294929,-1.10847532743819,0.00911816441621975,0.50414812880417,-0.104776344913456,0.000939930219158388,16.0499992370605,0.549051461898782
2023-05-19,-0.00145628971562139,-1.22270372874094,0.00902650102429121,0.469393118320853,-0.106079101090091,0.000952146451977309,16.8099994659424,0.540094151561035
2023-05-22,0.000405952425309053,-1.28052865960974,0.00902685586467063,0.475343385917968,-0.105716138065269,0.000830873750345237,17.2099990844727,0.53884028201803
2023-05-23,-0.011286296892985,-1.3660380829569,0.00940042833760422,0.505458157312967,-0.115752547751262,0.000678137403604177,18.5300006866455,0.58259116682411
2023-05-24,-0.00727098493707423,-0.947502870366518,0.00882502794861584,0.750436524916959,-0.122158580351534,0.00060749733204026,20.0300006866455,0.5470198172032
2023-05-25,0.00862274000146801,-0.684545271967676,0.00891921072381908,0.561022215753468,-0.114556453548439,0.00052934306874439,19.1399993896484,0.750402028147514
2023-05-26,0.0128673663620775,-0.846907795408155,0.00831318546204969,0.389131550954805,-0.103089510579055,0.00052447109386658,17.9500007629395,0.709313658969732
2023-05-30,0.000380839739568373,-0.983177223954845,0.00812741014428796,0.520389047825291,-0.102747866370131,0.00050496795181603,17.4599990844727,0.691086590093421
2023-05-31,-0.00556054315475762,-1.12389129397936,0.00822926215967425,0.562271741866566,-0.107723229898376,0.000476522426016306,17.9400005340576,0.692461090670501
2023-06-01,0.00945603696489083,-0.985373497632738,0.00801390743602781,0.45904228478687,-0.0992458095457103,0.000447277592699549,15.6499996185303,0.70860184378999
2023-06-02,0.0143576491017638,-1.11181474857406,0.00827132446860476,0.292056972701019,-0.086219809348681,0.000411364551991445,14.6000003814697,0.680951660990967
2023-06-05,-0.00191819686489048,-1.21252092086043,0.00805179579695946,0.295910617213497,-0.0879709396023688,0.000391052104803205,14.7299995422363,0.686434027703518
2023-06-06,0.0021752435294129,-1.24127203956149,0.00718940037896546,0.199414906016003,-0.0859848950078869,0.000501075558589311,13.960000038147,0.686065557848629
2023-06-07,-0.00346364191863024,-1.34693528662812,0.00727333996223906,0.249291809631669,-0.0891452397290664,0.000572055752566907,13.9399995803833,0.685416041198428
2023-06-08,0.006030184711177,-1.29266269743299,0.00720147828848905,0.0858343915945402,-0.0836360231772192,0.000631663344530527,13.6499996185303,0.669321563964591
2023-06-09,0.00179280176013652,-1.38551147211485,0.00717690406919842,0.142804231316216,-0.0819916906859791,0.000676857354899713,13.8299999237061,0.663399444651423
2023-06-12,0.00903096865062825,-1.47129898710607,0.00728562563839564,-0.0263352846405069,-0.0736636378332397,0.000703489104355195,15.0100002288818,0.678758260482272
2023-06-13,0.00657117481533209,-1.53626342263744,0.00728573807829476,-0.168520915077736,-0.0675564760214581,0.000734498805361151,14.6099996566772,0.659462924770272
2023-06-14,0.00119015350071372,-1.6029467920002,0.00729261478894418,-0.123397127305599,-0.0664460644481383,0.000760067549059364,13.8800001144409,0.661188837440274
2023-06-15,0.0123215019679526,-1.6960172243986,0.00724642364053569,-0.280301892149045,-0.0548721200333524,0.000782107841675842,14.5,0.700354279944606
2023-06-16,-0.00341192354387054,-1.75961339962981,0.00713002959960408,-0.109653295972369,-0.0580913291283666,0.000788247273425184,13.539999961853,0.729670886616058
2023-06-20,-0.00520179793285269,-1.7498233350347,0.00716441552679697,0.0795535142830282,-0.0629782263600641,0.000767075824830764,13.8800001144409,0.719985047156791
2023-06-21,-0.00513686306941175,-1.47043176956106,0.0073013500545435,0.103846078197241,-0.0677792372793036,0.000735060266731729,13.1999998092651,0.732580996885327
2023-06-22,0.00360306494041485,-1.32751123701206,0.00729983166460442,0.0408649105421523,-0.0644143269775425,0.000691429613330153,12.9099998474121,0.742924500233568
2023-06-23,-0.0075885739986532,-1.43503092758353,0.00699787709697105,0.19359482361028,-0.0714872175706693,0.000599387658304052,13.4399995803833,0.714800434684931
2023-06-26,-0.0040941840570774,-1.13048668754993,0.00681190642555459,0.24198718090277,-0.0752809483858567,0.000561414011885897,14.25,0.742099493986949
2023-06-27,0.0109037190220205,-1.03928229622159,0.00693192462398022,0.237792225562347,-0.0651429009055948,0.000481101991611986,13.7399997711182,0.781580788133921
2023-06-28,0.000504183265029212,-1.15731676151061,0.00652832044182259,0.360893754130508,-0.0646714427603712,0.000479930170266336,13.4300003051758,0.759317042261887
2023-06-29,0.0039336761536628,-1.27327602551672,0.00653037286326938,0.283007226188315,-0.0609849170735403,0.000480766424186577,13.539999961853,0.774523172947134
2023-06-30,0.011731539436898,-1.37977478735649,0.00659720542584124,0.127184177181143,-0.0499039533028311,0.000453480368244101,13.5900001525879,0.787316030915639
2023-07-03,0.00115006650572447,-1.45427685164598,0.00643719781817347,0.272911083233756,-0.0488106510976848,0.000445604043021808,13.5699996948242,0.773843210674033
2023-07-05,-0.00148841764538776,-1.53987432839999,0.00589527840624657,0.326968261926956,-0.0502253650049464,0.000446463011123605,14.1800003051758,0.797842344112091
2023-07-06,-0.00786146475550442,-1.51350106965902,0.00621850260170462,0.235372448411395,-0.0576627122978947,0.000414778894257909,15.4399995803833,0.758374131272785
2023-07-07,-0.00252807279381972,-1.17884992748404,0.00627951110248802,0.324117286405476,-0.0600420007830931,0.000434757513199704,14.8299999237061,0.769345985295849
2023-07-10,0.00252807279381972,-1.10171284938753,0.00618610888789442,0.221381840844856,-0.0576627122978947,0.000452370711656144,15.0699996948242,0.747257098020921
2023-07-11,0.00634827690698625,-1.21658606278972,0.00619783081449871,0.216908006480276,-0.0516614656224249,0.00046592351038828,14.8400001525879,0.732694194593862
2023-07-12,0.00801384431634489,-1.31347031344578,0.00635258194356201,0.10989126869023,-0.0440310947829802,0.000467283008065208,13.539999961853,0.742733912804421
2023-07-13,0.00790546079683807,-1.39354997377394,0.00629415131536246,0.109421208447343,-0.0364437689412417,0.000461627324524566,13.6099996566772,0.725420654792287
2023-07-14,-0.000623009657135576,-1.46373143336996,0.00622117696566233,0.257430329721407,-0.0370438868193569,0.000454010814341198,13.3400001525879,0.735223239734657
2023-07-17,0.00346613137119611,-1.49854809028322,0.00623471043622648,0.203849205362794,-0.0337003632278127,0.000439055522381076,13.4799995422363,0.714644797657201
2023-07-18,0.007403106014233,-1.56319446703479,0.00589667600977668,0.106517931316929,-0.0265201996120111,0.000440365869304348,13.3000001907349,0.618911715772675
2023-07-19,0.00222117744149308,-1.61334314462658,0.00579370479427533,-0.000503290098651193,-0.0243555250664804,0.000448524026257891,13.7600002288818,0.581459196477078
2023-07-20,-0.00665660120788569,-1.66371509175584,0.00588798275973414,-0.0278568301081162,-0.0308284335701283,0.000438119226004765,13.9899997711182,0.620835561907133
2023-07-21,0,-1.33203193083548,0.00569745050287135,-0.0790160371753891,-0.0308284335701283,0.000416719562518504,13.6000003814697,0.608441033851686
2023-07-24,0.00445753235141844,-1.38481062611755,0.00571361652405208,-0.0968525848575859,-0.026498677113158,0.000377298027068843,13.9099998474121,0.604119573792097
2023-07-25,0.00272627681283577,-1.4553389024014,0.0052851772298728,-0.113021047211963,-0.0238410219235506,0.000397053154386214,13.8599996566772,0.597857794053444
2023-07-26,0.00015369925981279,-1.51731570016593,0.00510303466312071,-0.146986359090077,-0.0236909754804423,0.000436401013548137,13.1899995803833,0.512197742392598
2023-07-27,-0.00665205511918998,-1.55111360760459,0.00511014644835529,-0.162383313313214,-0.0301638839840902,0.000445547623920282,14.4099998474121,0.504220367830167
2023-07-28,0.00974265078796055,-1.27434574643734,0.00538772993117089,-0.222198693113244,-0.0206689314853315,0.000450227992106452,13.3299999237061,0.554074734781071
2023-07-31,0.00190226214550204,-1.34163072920851,0.0053730580315839,-0.170434688974066,-0.0188042140373811,0.000448728882901327,13.6300001144409,0.553371168395625
2023-08-01,-0.00286561202775992,-1.41075614175469,0.00499458464723254,-0.199865216900772,-0.0216119156700969,0.000462528139834567,13.9300003051758,0.494432199220487
2023-08-02,-0.0140085343308751,-1.31622275355446,0.00602185229774254,-0.601577243689939,-0.0352221464747946,0.00044405515516928,16.0900001525879,0.57744310287036
2023-08-03,-0.00286991421031679,-0.59601481834536,0.00605413304933415,-0.566550647953728,-0.0379870067927586,0.000446810144498179,15.9200000762939,0.580374375263437
2023-08-04,-0.00453314537645433,-0.583908146900966,0.00586178900082198,-0.587278255074555,-0.0423380820656276,0.00043775067470868,17.1000003814697,0.499238835368772
2023-08-07,0.00869083017603955,-0.487211414630624,0.00605442501541307,-0.681905220735519,-0.0339789336151762,0.000428255359496836,15.7700004577637,0.448817734876959
2023-08-08,-0.00435820921996388,-0.635742760513864,0.00617010276836539,-0.520692233063805,-0.0381798945506187,0.000427540513996812,15.9899997711182,0.435749068249716
2023-08-09,-0.00670782954317239,-0.557351963733561,0.00625869964350381,-0.319649418937853,-0.044610029633833,0.000430599745223657,15.960000038147,0.450195140520198
2023-08-10,0.000359024501682903,-0.419181470320547,0.00600809464791597,-0.280817178212378,-0.0442669596442283,0.000414701013052777,15.8500003814697,0.42607638178383
2023-08-11,-0.000583329243214692,-0.511011394452089,0.00572781409984513,-0.24212224222006,-0.0448243041019099,0.000397801364882895,14.8400001525879,0.405673762446812
2023-08-14,0.00550492777822242,-0.670797726686481,0.00587104413452097,-0.325199411172934,-0.0395516313544923,0.000384399403510545,14.8199996948242,0.427540858048315
2023-08-15,-0.0117174250345551,-0.810130594636603,0.00632423240069988,-0.232111143132058,-0.0507399360421944,0.000390624937869739,16.4599990844727,0.408888663399806
2023-08-16,-0.00736499954803005,-0.447535272987212,0.00618040025833542,-0.079293551414746,-0.0577055536126465,0.000400988338722299,16.7800006866455,0.384009871702515
2023-08-17,-0.00764926995095205,-0.173246219103345,0.0062541115418594,0.0962141951427538,-0.0648859209114025,0.000415469472741279,17.8899993896484,0.407070154765164
2023-08-18,0.000481257882355202,-0.0180816453908802,0.00618310968563152,-0.0446089110313547,-0.0644357815820775,0.000424271499375998,17.2999992370605,0.398009117230526
2023-08-21,0.00648522923616124,-0.229955496950986,0.00642833583139811,-0.0833932004509845,-0.0583487164884678,0.000445560914591166,17.1299991607666,0.4398110649001
2023-08-22,-0.00271216137590535,-0.417566566478701,0.00629221124701886,0.0368143624408745,-0.0608991665497187,0.000455971372597907,16.9699993133545,0.42560423140749
2023-08-23,0.0110760987762237,-0.530613770349321,0.00682779241111305,0.172213154274315,-0.0504397752616596,0.000483120640907577,15.9799995422363,0.477753529524647
2023-08-24,-0.0139560056488071,-0.674308251700102,0.00735022887870344,0.158871640398883,-0.0635997988427142,0.000537125941204704,17.2000007629395,0.628596847364807
2023-08-25,0.00702499254639033,-0.258182557423996,0.00752022227346693,-0.0181773657881078,-0.0569984342891292,0.000584990446866832,15.6800003051758,0.656362447992231
2023-08-28,0.00632135445731841,-0.438927149525717,0.00730210589800601,-0.0711075570672082,-0.051018506429558,0.000608980783916458,15.0799999237061,0.628395152119124
2023-08-29,0.0143512863199735,-0.594404149517012,0.00805822504457671,0.106569523303791,-0.03730120628514,0.000693666873411953,14.4499998092651,0.681185541189329
2023-08-30,0.00411034114577635,-0.719538432210474,0.00811698742463483,-0.00879344818944395,-0.0333360423166275,0.000718585108057139,13.8800001144409,0.681167959547838
2023-08-31,-0.00146436219481672,-0.849431837165591,0.00751839192622357,0.0363864263533371,-0.0347505525409347,0.000740843627476932,13.5699996948242,0.663990008342181
2023-09-01,0.00186343202964334,-0.971022052719488,0.00749824356346581,-0.0520553492522648,-0.0329501989065892,0.000755619589577836,13.0900001525879,0.663149936367444
2023-09-05,-0.00433128073420175,-1.02137827658555,0.00749193360004808,-0.0545143129068784,-0.0371297052374967,0.000753523256702787,14.0100002288818,0.73005758934074
2023-09-06,-0.00674521132159089,-1.04269389050827,0.00737962108235706,0.129980704346266,-0.0436026137411446,0.000749148114749755,14.4499998092651,0.75916018059803
2023-09-07,-0.00307481189645742,-0.64573348895407,0.0073511290294142,0.111220857548557,-0.0465388393181156,0.000743952115216022,14.3999996185303,0.770371035648101
2023-09-08,0.00150485081022111,-0.698805529640547,0.00721687957758057,-0.0142891783677368,-0.0451029423835916,0.00073491697731771,13.8400001525879,0.757628118273311
2023-09-11,0.00655518571836833,-0.820209341330231,0.00735861706134319,-0.100188767081153,-0.0388228537434856,0.000711684532378543,13.8000001907349,0.760705524742492
2023-09-12,-0.00550081339232911,-0.931523080075205,0.00746462403740826,-0.023115316685198,-0.0440955943852214,0.000659828000714542,14.2299995422363,0.770730882417408
2023-09-13,0.00116550075967048,-0.792079338437766,0.00736506917445907,0.0414183749112444,-0.0429808375755401,0.000604948706236223,13.4799995422363,0.736750923670088
2023-09-14,0.00858530444784478,-0.892342872621291,0.00710134413247616,-0.0587202237099769,-0.0347291658307179,0.000577078024156889,12.8199996948242,0.738533239641961
2023-09-15,-0.0121214154295686,-0.99547396407632,0.00744233384488473,-0.157783555446117,-0.0463589872693401,0.000534636040087363,13.789999961853,0.722775329272607
2023-09-18,0.000586188849873714,-0.453497551439467,0.00720062934370233,-0.265609260742275,-0.0457998096650685,0.000487358419752848,14,0.688413262828303
2023-09-19,-0.00207591081873648,-0.57257027754175,0.00723072742851746,-0.214316699618346,-0.0477785895675084,0.000420622454941762,14.1099996566772,0.684102491905899
2023-09-20,-0.00923592570038245,-0.622563902160383,0.00742821123655105,-0.0371289668342187,-0.0565327471609482,0.00036925341597857,15.1400003433228,0.709194107316412
2023-09-21,-0.016666551166332,-0.286034828948298,0.00826822959882982,-0.203906804007662,-0.0721267820476288,0.000334223240308832,17.5400009155273,0.685902757767672
2023-09-22,-0.00225088669589457,0.513785153286551,0.0078292251411951,-0.159675547796711,-0.0742129707613798,0.000311372351889067,17.2000007629395,0.649903559549986
2023-09-25,0.00419617289024377,0.394006033483259,0.0073379673068259,-0.26868196549319,-0.0703200463473773,0.000311677932921517,16.8999996185303,0.599339811506442
2023-09-26,-0.0148001649323595,0.150211424368802,0.00777481757171695,-0.185414583526148,-0.0839781426463698,0.00031743970825072,18.9400005340576,0.625754057966957
2023-09-27,0.000399049385933381,0.653158588660823,0.00758654345520185,-0.138216444589272,-0.0836125317431398,0.000314122586945856,18.2199993133545,0.616514561087064
2023-09-28,0.00578073101226106,0.496241383756167,0.00687947930838183,-0.584268916137681,-0.0782998013480145,0.000319301958863365,17.3400001525879,0.564575555810541
2023-09-29,-0.00242981923569019,0.243676182445768,0.00673204730515498,-0.520879663257994,-0.0805366475537372,0.000321706052785594,17.5200004577637,0.55778227987701
2023-10-02,-0.000397861920280462,0.150041047482749,0.00674334388415141,-0.540239522858159,-0.0809023942456035,0.000350899552931132,17.6100006103516,0.568534930913977
2023-10-03,-0.013476498107857,-0.00861781699974784,0.00708806755299443,-0.356923275844089,-0.093205523637305,0.000354553360132383,19.7800006866455,0.56690589616495
2023-10-04,0.00725560135506154,0.504373024129867,0.00742730845932089,-0.40136417728423,-0.0866022580428119,0.000353504389661788,18.5799999237061,0.605704356201749
2023-10-05,-0.000376783536965242,0.240653798056714,0.00737564624665655,-0.525395962533558,-0.0869463464471888,0.000353484950801354,18.4899997711182,0.641071515220601
2023-10-06,0.0118027747002012,-0.00762477087076534,0.0079781854366598,-0.411269772695721,-0.0761059322456799,0.000379720174271407,17.4500007629395,0.710772526874351
2023-10-09,0.00638193728593439,-0.215124390300743,0.00813938753601403,-0.431104701090841,-0.0701908434599406,0.000412706009548726,17.7000007629395,0.71785733052699
2023-10-10,0.00519112275814759,-0.408607789877489,0.00807905475192791,-0.436455400626991,-0.0653515401452653,0.000436868037154203,17.0300006866455,0.695850985344421
2023-10-11,0.00408803519447343,-0.589891631598543,0.00810264384606493,-0.583766592015726,-0.0615228437562314,0.000459459898131659,16.0900001525879,0.69377424362517
2023-10-12,-0.0061149714073494,-0.765012487052166,0.00816642340483002,-0.453935605954377,-0.0672440942636566,0.000482034587790102,16.6900005340576,0.73247678774106
2023-10-13,-0.00499346691264702,-0.660492625932976,0.00788367589121203,-0.356088846370347,-0.0718901703488811,0.000478310255241301,19.3199996948242,0.73054665422508
2023-10-16,0.010466530411664,-0.34814194574028,0.00795557972786396,-0.464147972071984,-0.0621250663582092,0.000485228645130332,17.2099990844727,0.709077015625525
2023-10-17,-4.58973622121661e-05,-0.531776250057318,0.00795129198905522,-0.453487572854863,-0.0621681113559154,0.000483430199956527,17.8799991607666,0.733059770032462
2023-10-18,-0.0134146675519595,-0.677934879143434,0.00841218631419191,-0.356980357015418,-0.0746648074486585,0.000504511877299735,19.2199993133545,0.738749912435909
2023-10-19,-0.00882527965042446,0.0630992741576345,0.0083934287548293,-0.360265252063841,-0.0827952199412673,0.000524633019351791,21.3999996185303,0.705913341942939
2023-10-20,-0.0123641748624417,0.508101160621085,0.00804604865755922,-0.265070542282396,-0.0940658804368836,0.000515163574835446,21.7099990844727,0.737415790875715
2023-10-23,-0.00173473345120012,1.03352910331134,0.00804327162219411,-0.274624638956407,-0.0956360723327055,0.000519764726159564,20.3700008392334,0.750870172000273
2023-10-24,0.00751126255307621,0.870974810123643,0.00818402119660777,-0.274009245838581,-0.0888175817496814,0.000521550080654681,18.9699993133545,0.749616476755015
2023-10-25,-0.0144563310520569,0.541260012452426,0.00815523501137125,-0.264880595796393,-0.101895181628504,0.000528678792620817,20.1900005340576,0.526261693468357
2023-10-26,-0.0120466593407293,1.14938280110155,0.00849802940454727,-0.133913801021074,-0.112649437940282,0.000549252364888996,20.6800003051758,0.620094735351659
2023-10-27,-0.0045432722398191,1.73755260222631,0.00835110659898439,0.00326202198239068,-0.116671768924676,0.000516038671075139,21.2700004577637,0.612179778467315
2023-10-30,0.0118848913692249,1.56432108186759,0.0088836384583296,-0.0369721910604354,-0.106110875630984,0.000487271018768223,19.75,0.645052876549712
2023-10-31,0.0062606053214358,1.15574777014767,0.00903657685345606,-0.112568333839394,-0.10049703393487,0.000448589421214972,18.1399993896484,0.647727223113738
2023-11-01,0.0106084514392784,0.784862231789073,0.00890484703140291,-0.261560079321268,-0.0909039062520687,0.000417280130889576,16.8700008392334,0.656160911755396
2023-11-02,0.0189828688834899,0.46352283472339,0.00970631576057342,-0.0233997932928143,-0.0734818168492379,0.000497870794864531,15.6599998474121,0.634374044547613
2023-11-03,0.00908208699852775,0.197872906358533,0.00987290508625639,-0.130932774237392,-0.065028770556787,0.000560929675754239,14.9099998474121,0.623794904733126
2023-11-06,0.0022977755120337,-0.0515956918069319,0.00957243565818912,-0.0691128320361878,-0.0628779464521586,0.00060482564781061,14.8900003433228,0.588083395180295
2023-11-07,0.00284207595282204,-0.300957924338769,0.0094978280101536,-0.0266867444449437,-0.0602107860580104,0.000636983977877945,14.8100004196167,0.583283698086257
2023-11-08,0.00073207140651288,-0.522427576723849,0.00943755793604638,0.0357168514790629,-0.0595225413549384,0.00065475563954032,14.4499998092651,0.594407939476396
2023-11-09,-0.00782918096758056,-0.706662630455558,0.00955569865318462,0.182495334286901,-0.0668569608615735,0.000673668395195119,15.289999961853,0.594838852287558
2023-11-10,0.0154842840222384,-0.357294109844264,0.0100451666014721,0.0489692961908402,-0.0522954627652962,0.000723450324277987,14.1700000762939,0.64640814741035
2023-11-13,-0.00095370721639032,-0.549533147087438,0.00996791879457025,0.00036100193429897,-0.053198864562581,0.000737127614921418,14.7600002288818,0.636792294090239
2023-11-14,0.0192149048807444,-0.756397552164301,0.0105512918334603,0.107058227086277,-0.0348302604704411,0.000790163438955073,14.1599998474121,0.642780966397909
2023-11-15,0.0021148481890938,-0.899053903085101,0.010547369100488,0.0773293751547824,-0.0327869130714419,0.000819886506842344,14.1800003051758,0.643179274233112
2023-11-16,0.00122227453308987,-1.06492598766248,0.00998317717631195,0.0459832453167344,-0.0316039903663394,0.0008230872026811,14.3199996948242,0.625939635205916
2023-11-17,0.00124304995726821,-1.21613216588697,0.009665644922506,-0.0266563322257311,-0.0303994772680657,0.000807296173977012,13.8000001907349,0.619762878218694
2023-11-20,0.0076680811588643,-1.28929215150392,0.00908109225444103,-0.116293324135057,-0.0229359227683121,0.000759516772852346,13.4099998474121,0.582367893145761
2023-11-21,-0.00218159398891249,-1.39601954312593,0.00909472940541443,-0.111399970186024,-0.0250651564797692,0.000704389530478851,13.3500003814697,0.59860390828037
2023-11-22,0.00385333012985445,-1.18734958359337,0.00905055363114303,-0.0580713062597151,-0.0213011633759309,0.000655655313571399,12.8500003814697,0.60120744142591
2023-11-24,0.000615140605721542,-1.31225467157634,0.0081124121414154,0.191307154065073,-0.0206989407739531,0.000659783078100667,12.460000038147,0.747414238697166
2023-11-27,-0.0018025925442835,-1.33173003507082,0.00736516163658725,0.56706880970965,-0.0224626314764984,0.000773754960233318,12.6899995803833,0.648611891274195
2023-11-28,0.000989583354431112,-1.40993546834488,0.00711613158543987,0.617107711529939,-0.0214947979712906,0.00089123111433656,12.6899995803833,0.662222177656715
2023-11-29,-0.000703680266963325,-1.4505633947972,0.00702555523695033,0.827687577882062,-0.0221831105686808,0.0010167763427677,12.9799995422363,0.663784697627554
2023-11-30,0.00392976527109479,-1.55265725563344,0.00701098695505486,0.880355882657478,-0.0183329595751119,0.00112348818600822,12.9200000762939,0.666865821716297
2023-12-01,0.00589850242952128,-1.63952863545004,0.00686834994347917,0.995244644137109,-0.0125254832836381,0.00122478087900577,12.6300001144409,0.607621459068081
2023-12-04,-0.00526324133957345,-1.7076963810559,0.00622016779672365,1.02660221746649,-0.0177091465799629,0.00135451496060896,13.0799999237061,0.650643134039253
2023-12-05,-0.000197075819908576,-1.42429864470464,0.00607832827288582,1.26099533246315,-0.0179027132810045,0.00145892540835248,12.8500003814697,0.649560751161113
2023-12-06,-0.00403791295245259,-1.39890577106976,0.00623581147751087,1.26184101325976,-0.0218603409802025,0.00153426396786304,12.9700002670288,0.674063708236056
2023-12-07,0.00760146165680009,-1.26831785476669,0.00635183145704203,1.11850522039541,-0.0143967185861307,0.00158477540876464,13.0600004196167,0.683237684285931
2023-12-08,0.00428968902769089,-1.37390922154499,0.00635629911387923,1.0365692581642,-0.0101597057677513,0.00162133592256359,12.3500003814697,0.690908752268181
2023-12-11,0.00388219200760709,-1.47014453212126,0.0059086255894992,1.26884250262745,-0.00630948687986433,0.00166407269001629,12.6300001144409,0.659823060707012
2023-12-12,0.00455688241178986,-1.55794410033764,0.00519124004371585,1.46785565661742,-0.00177102328890533,0.00170677385511686,12.0699996948242,0.572602506562457
2023-12-13,0.0136959127783038,-1.63586774073294,0.0056699281075265,1.15496645802582,0,0.00169133276427852,12.1899995803833,0.545625720498192
2023-12-14,0.0032040924014094,-1.67832725008848,0.00432057110665208,0.535125953405377,0,0.00169321547984848,12.4799995422363,0.491204961139213
2023-12-15,-0.00164768500039081,-1.74091247670178,0.00441043675581163,0.588190821052194,-0.00164632831269404,0.00163284127093232,12.2799997329712,0.454884277520168
2023-12-18,0.00560932564967853,-1.71172506023579,0.00446392578437266,0.446154273780547,0,0.00157268368091119,12.5600004196167,0.427737986471685
2023-12-19,0.00606233273872903,-1.78113117359795,0.00452289827303018,0.300114174436019,0,0.00149317951592382,12.5299997329712,0.431813564452928
2023-12-20,-0.0139540374409002,-1.84297399212919,0.00564867028469193,-0.620069533199243,-0.0138571311288725,0.00137983156904334,13.6700000762939,0.422137567560785
2023-12-21,0.00943720727207786,-0.515918382608133,0.00582218516903557,-0.721698262348106,-0.00450664463265166,0.00122905934150898,13.6499996185303,0.399893293372597
2023-12-22,0.00200758025723857,-0.684535815544049,0.00580976039125127,-0.681029431545552,-0.00250610437555284,0.00103921528833327,13.0299997329712,0.388282999570441
2023-12-26,0.0042135790571578,-0.851962533817117,0.00581672995822108,-0.765866743130534,0,0.000922796235275897,12.9899997711182,0.384743452035921
2023-12-27,0.00180646856618161,-1.00453811088438,0.00574308509222979,-0.869420977852427,0,0.000861165916835367,12.4300003051758,0.39268610028473
2023-12-28,0.000377640955674607,-1.14814489802699,0.0057523930932171,-0.851186166315539,0,0.000809828377172339,12.4700002670288,0.398435089167614
2023-12-29,-0.00289898665254995,-1.27780199384005,0.00583135751679837,-0.792930008808802,-0.00289478864837647,0.000757708630532356,12.4499998092651,0.375466747969258
2024-01-02,-0.00561216805479514,-1.06253886811583,0.00606611059942891,-0.588897283680118,-0.00847503736950352,0.000703039904482961,13.1999998092651,0.444234725906125
2024-01-03,-0.00820014358602705,-0.823034424419987,0.00636925309490574,-0.398341555748074,-0.0165724391296706,0.000668103352811781,14.039999961853,0.473349776007136
2024-01-04,-0.00322634119810594,-0.169664821056211,0.00628100673164169,-0.425125262527636,-0.0197401990995706,0.000670838789890346,14.1300001144409,0.463978118108216
2024-01-05,0.00136873150103423,-0.160767668371254,0.00627182931102764,-0.462866879974433,-0.0183975679897433,0.000678303360793163,13.3500003814697,0.485695952106444
2024-01-08,0.014174976088313,-0.389948341924694,0.00673071044930192,-0.392789466358156,-0.00438429270650834,0.000707314089950661,13.0799999237061,0.577646807466463
2024-01-09,-0.00151814733944722,-0.558835246897448,0.00666038408172854,-0.240665945684993,-0.00589463729075798,0.00072489299267961,12.7600002288818,0.561267480483861
2024-01-10,0.00563953243977267,-0.670886038122959,0.00669213338467219,-0.25971076792563,-0.000272509664299354,0.000743616460182884,12.6899995803833,0.562111035437729
2024-01-11,-0.00044083610449519,-0.838900735577128,0.00669318409745007,-0.168501138466467,-0.000713128509213194,0.000773037013874756,12.4399995803833,0.570647784683164
2024-01-12,0.000692410258194442,-0.981234221474224,0.00666232807608679,-0.0903268544756162,-2.09724281817993e-05,0.000786330370634748,12.6999998092651,0.557724769413424
2024-01-16,-0.00367793054187615,-1.12916413041768,0.00612477241020781,-0.136604175382319,-0.00369207067444493,0.000788225988689567,13.8400001525879,0.571066903602523
2024-01-17,-0.00557420209571191,-0.914847601338349,0.0062394322786909,0.0229128809106398,-0.00923024263714435,0.000710342635571918,14.789999961853,0.698248126590486
2024-01-18,0.00885343677148054,-0.640624960474583,0.00649764517255933,-0.0954166260320193,-0.000419580465700022,0.000627734639652421,14.1300001144409,0.72998660040559
2024-01-19,0.0123890877802486,-0.805072248088396,0.0069081399512107,0.00555239122667984,0,0.000543084932708613,13.3000001907349,0.765720511117225
2024-01-22,0.00211228501883998,-0.930649468539171,0.00681784824531406,0.0703728550579259,0,0.000415204509455579,13.1899995803833,0.731909345613708
2024-01-23,0.00291210397549779,-1.07710825477664,0.00592036663588538,0.491886362991541,0,0.000399158599563845,12.5500001907349,0.733523313851997
2024-01-24,0.00109253617689653,-1.20424592007758,0.00564587085450326,0.649880716658941,0,0.000410776897073274,13.1400003433228,0.739948580651666
2024-01-25,0.00542429844769732,-1.32357837376469,0.00571722602934284,0.55800630532968,0,0.000416346518775376,13.4499998092651,0.736157600365414
2024-01-26,-0.00127120618187959,-1.41829975826521,0.00570870212687278,0.689886041242569,-0.00127039854156366,0.000422704778685442,13.2600002288818,0.750111375510431
2024-01-29,0.00788811466033223,-1.42203073401072,0.00589422234239797,0.551637564834604,0,0.000414783555576421,13.6000003814697,0.735426406360499
2024-01-30,-0.000773791410511926,-1.4999249302158,0.0059100564886715,0.573305270728415,-0.000773492111141992,0.00040645699721192,13.3100004196167,0.738102486183361
2024-01-31,-0.0164518542358127,-1.55400964474808,0.00703553980148492,-0.202359849548861,-0.017078132430271,0.000426138720622797,14.3500003814697,0.761602578169564
2024-02-01,0.0130032693410937,0.0771190453393836,0.00735883809723305,-0.279489366056818,-0.0042134746075793,0.000477044236925193,13.8800001144409,0.761967142144419
2024-02-02,0.010472269859096,-0.137823550564943,0.00723764399030377,-0.451560907388074,0,0.000511750023303184,13.8500003814697,0.732046483278877
2024-02-05,-0.00364777762715995,-0.327210046195697,0.00725496095633257,-0.445870152168335,-0.00364113256870503,0.000540971545288273,13.6700000762939,0.667315753405324
2024-02-06,0.00289930224096135,-0.201633124693516,0.0072506306647412,-0.477364911767387,-0.000748195348368085,0.000564228242588125,13.0600004196167,0.657404951615531
2024-02-07,0.00830565200076006,-0.410285627602657,0.00688528172042935,-0.64778396767938,0,0.000568083008964002,12.8299999237061,0.602208908518052
2024-02-08,0.000441526755809107,-0.579150269791408,0.0068440834283938,-0.693592912358504,0,0.000571605911688203,12.789999961853,0.605365012926523
2024-02-09,0.00576282510500725,-0.741462595591675,0.00684705838424022,-0.694679636745793,0,0.000574685567527045,12.9300003051758,0.605034619988599
2024-02-12,-0.000439051828280412,-0.884302967825995,0.00684702137336266,-0.694722155221389,-0.0004389554591306,0.000577636220740902,13.9300003051758,0.612744354455772
2024-02-13,-0.0138687798300632,-0.959879286571775,0.00771139817055223,-0.689711230439982,-0.0142059610628066,0.000630528799420786,15.8500003814697,0.645977267299329
2024-02-14,0.00904668555489963,0.123573528617158,0.0077668213100405,-0.855077363096059,-0.00524733051351391,0.000668942914385567,14.3800001144409,0.638451624207703
2024-02-15,0.00687597294950493,-0.101990614890456,0.00760821046026258,-1.08159832647918,0,0.000690126841562373,14.0100002288818,0.623192156279236
2024-02-16,-0.00499241497199154,-0.301470416626163,0.00766675466971078,-0.871898618891962,-0.00497997358117158,0.000715763553093173,14.2399997711182,0.632874337143684
2024-02-20,-0.00552065508064103,-0.0695524519623641,0.00747587014664228,-0.773520335927076,-0.0104580008826316,0.000730551982766321,15.4200000762939,0.599941429308334
2024-02-21,0.000905409451219086,0.2074442196077,0.00747471005391546,-0.750304348334189,-0.00956165448523584,0.000743998737678738,15.3400001525879,0.627651333741972
2024-02-22,0.0204842475896232,-0.0414770520977338,0.00856410868801417,-0.227900274127957,0,0.000798705564207343,14.539999961853,0.678402622758309
2024-02-23,0.000689482191777557,-0.212144048441318,0.00856710271026668,-0.220937776531526,0,0.000807974783781341,13.75,0.683996216295685
2024-02-26,-0.00366930261293774,-0.413880739735405,0.00862317452398197,-0.0807219246917754,-0.00366257894833934,0.00080363859906703,13.7399997711182,0.687784430498753
2024-02-27,0.00185608683513205,-0.165497585995593,0.00859587789605582,-0.132594601826032,-0.00181157289519484,0.000770647535459209,13.4300003051758,0.672843880947499
2024-02-28,-0.00132257699837179,-0.37634472761842,0.00850798122063569,0.00103538164735019,-0.00313088131312787,0.000724847123054901,13.8400001525879,0.681928704699502
2024-02-29,0.0035885834747944,-0.467034669333412,0.00850470590110412,-0.0723361039505676,0,0.00065334750409569,13.3999996185303,0.689000350673158
2024-03-01,0.00934441105437678,-0.649174604720372,0.00757300165155787,0.146738943477287,0,0.000638475090149086,13.1099996566772,0.577907208435151
2024-03-04,-0.00107291300809997,-0.791908258755275,0.00724693659070897,0.304219216239487,-0.00107233764272932,0.000641700413264546,13.4899997711182,0.508498155097208
2024-03-05,-0.0100445302026548,-0.813258377920862,0.00745552119601452,0.387789198055969,-0.0110558728186591,0.000636110963567483,14.460000038147,0.628308760297613
2024-03-06,0.00505451990369288,-0.0918331854242245,0.00741315118903363,0.244044304554376,-0.00604458087585459,0.000631752880265152,14.5,0.689125914352511
2024-03-07,0.0098774469234657,-0.309305947575499,0.00762602087377977,0.154603599669648,0,0.000624048798032167,14.4399995803833,0.71267454260184
2024-03-08,-0.00602029484348598,-0.482008766890024,0.00767125576436267,0.339279372934865,-0.00600220918036087,0.000595337606144541,14.7399997711182,0.637219338466571
2024-03-11,-0.000860171170850244,-0.166742632484855,0.0076836576384534,0.361392373952433,-0.00685684980260519,0.000559080498730602,15.2200002670288,0.601678601608623
2024-03-12,0.0106999616301859,-0.207938932359017,0.00790195458501993,0.319446803712347,0,0.000516617105152432,13.8400001525879,0.60167367547123
2024-03-13,-0.00156875927887157,-0.391312260858723,0.0079193395719832,0.33607434209153,-0.00156752941923665,0.000464715108280543,13.75,0.600112279575214
2024-03-14,-0.00197877837045368,-0.47619925793882,0.00716161282625029,0.702380250357924,-0.00354125257201787,0.000489720506054484,14.3999996185303,0.539222915517315
2024-03-15,-0.00689026843738549,-0.434391700149728,0.0072184067075126,0.86734615021221,-0.0103835212245503,0.000509039945879617,14.4099998474121,0.534251999110905
2024-03-18,0.00592556434999469,0.0185093840497844,0.00718401175059688,0.888589320610495,-0.00450207686849878,0.000526458008464646,14.3299999237061,0.55310318117472
2024-03-19,0.00554176585519794,-0.211761718030334,0.00709978333019323,0.748447751378753,0,0.000548320166431843,13.8199996948242,0.555901317078405
2024-03-20,0.00920676814920007,-0.42069626098129,0.00708159093590114,0.564159108950958,0,0.000565874944462017,13.039999961853,0.571375024836142
2024-03-21,0.00329916304723898,-0.600443363341094,0.00707611964647339,0.516513893253682,0,0.000582552554118906,12.9200000762939,0.485927338176579
2024-03-22,-0.00189749251102,-0.784751028845356,0.00579962611268989,-0.0444130329982998,-0.00189569341021177,0.000690831003291118,13.0600004196167,0.429011585970156
2024-03-25,-0.00276671738356082,-0.828426898746549,0.00586991990470768,0.0249245272122267,-0.00465334935944276,0.000752870014125682,13.1899995803833,0.434942904089158
2024-03-26,-0.00184874005278601,-0.606624097514552,0.00580669836320069,0.00324258295174695,-0.00649178665893009,0.000790172933751629,13.2399997711182,0.431494731751691
2024-03-27,0.00836886936649783,-0.666048411493129,0.00600618130584787,-0.0738388269915555,0,0.000788459845658307,12.7799997329712,0.434998507334405
2024-03-28,-0.000191117139570984,-0.834846296508278,0.00598321963009278,-0.0975877650763037,-0.00019109887785421,0.000776068433691649,13.0100002288818,0.437808957765128
2024-04-01,-0.00174150680356799,-1.00749637871,0.00601222447429815,0.0224587964064467,-0.00193075762797529,0.000741729143574559,13.6499996185303,0.43086996405754
2024-04-02,-0.00637831482220985,-0.894262942900591,0.00595863587712593,0.17613580139907,-0.00827649839042627,0.000761675646252074,14.6099996566772,0.451780901563935
2024-04-03,0.0010980530767144,-0.405507645538329,0.00594514354018278,0.125252833186414,-0.00718693525863556,0.000785744409818983,14.3299999237061,0.449874844329431
2024-04-04,-0.0122812561619137,-0.620551952222951,0.00616518459948778,-0.0452840884876771,-0.0193053597723923,0.000786570916521225,16.3500003814697,0.313816382814757
2024-04-05,0.0103925443704656,0.53435440115611,0.00645694508624224,-0.00281313545159359,-0.00906030331765025,0.000776285210809775,16.0300006866455,0.345955026867405
2024-04-08,0.000559278688926135,0.253479553079282,0.00612451654939739,0.0612271607819818,-0.00850593685506001,0.000759977656851951,15.1899995803833,0.346046743700654
2024-04-09,0.00115600303492513,-0.0265583946970616,0.00593945541014855,-0.0418418879446099,-0.00735910396551738,0.000739896214286179,14.9799995422363,0.373116167695384
2024-04-10,-0.0100635129063695,-0.276364452178093,0.00639407839596266,-0.0762491902280107,-0.017298462121297,0.000696869947774009,15.8000001907349,0.414387377941411
2024-04-11,0.00751846733818162,0.680371914311688,0.00617194993303418,-0.168409748004,-0.00988220820923638,0.000624971926552701,14.9099998474121,0.44720420868543
2024-04-12,-0.0138991769494918,0.377448610770493,0.00689839584523217,-0.300371838119192,-0.0235488331616339,0.00053837424646624,17.3099994659424,0.413795132752265
2024-04-15,-0.0126072445069481,1.6006302736162,0.00739746794580495,-0.266729862198956,-0.0357819170021031,0.000557234953119719,19.2299995422363,0.512722403162342
2024-04-16,-0.00182551500094696,2.34237148190534,0.0072716110528948,-0.353338427169954,-0.0375405059231966,0.000561205704739908,18.3999996185303,0.512488236890257
2024-04-17,-0.00593582031317652,2.21687961359195,0.00720035514695618,-0.181210763502905,-0.0432365704065476,0.000562340653813813,18.2099990844727,0.517075680618176
2024-04-18,-0.00205976317205625,2.06156660460053,0.00703595517303296,-0.0802366559424185,-0.045205248282072,0.00055859929933926,18,0.474151333015096
2024-04-19,-0.00876664971171781,2.00332569939838,0.00675351746587271,0.0324805367010069,-0.0535390164302502,0.000543233282276996,18.7099990844727,0.451699120672909
2024-04-22,0.00916692543746667,2.16385046097039,0.00711188365398388,0.0999422376773902,-0.0448229906207592,0.000545530932059973,16.9400005340576,0.596524211247998
2024-04-23,0.0117967811367405,1.68970109346026,0.00773175346019177,0.115053765002308,-0.0334882512230178,0.00060022023163285,15.6899995803833,0.612761072993572
2024-04-24,-0.000474765079872874,1.29229727521335,0.00772831326667326,0.0721498156723994,-0.0339470083410766,0.000640291597235101,15.9700002670288,0.614955548505097
2024-04-25,-0.0038060702620859,0.915545642232342,0.00774661151438923,0.106978874049674,-0.0376168855687339,0.000663296100380127,15.3699998855591,0.565460671753086
2024-04-26,0.00942929559407535,1.04617047060055,0.00781679932727978,0.12068571091664,-0.0284993723989361,0.000690069846895879,15.0299997329712,0.541238518569636
2024-04-29,0.00353523247721466,0.720006687941779,0.00788704073450954,0.0605187158123738,-0.0250588138247039,0.000708491128939296,14.6700000762939,0.510550083171114
2024-04-30,-0.0159680394519857,0.40447870553838,0.00852141350999952,0.0262099104038875,-0.0405030776803759,0.000769920500303254,15.6499996185303,0.588318590273814
2024-05-01,-0.0032524962214211,1.53680078966477,0.00846597193940709,-0.0198440038325066,-0.043618768162256,0.000799944843291671,15.3900003433228,0.556632965067606
2024-05-02,0.00930991554828786,1.65104985907575,0.00878661263934211,-0.0547903371725155,-0.0346733637937357,0.00083712480483781,14.6800003051758,0.579350094461551
2024-05-03,0.012319201446676,1.25811849523185,0.00889377719792091,-0.179249461613304,-0.022707758476658,0.000876173521591921,13.4899997711182,0.647161578572181
2024-05-06,0.0102738384621937,0.918538658092769,0.0088867662103677,-0.180584193659325,-0.0126154613129907,0.000912144833990444,13.4899997711182,0.617564975616085
2024-05-07,0.00110287570162537,0.613516980142893,0.00888979138059878,-0.189228755762038,-0.0115258981812,0.000908552869299446,13.2299995422363,0.61533049879001
2024-05-08,9.65377052759564e-05,0.309859281129821,0.00888504231803287,-0.172236903632271,-0.0114304685534815,0.000866311072702343,13,0.613452880894103
2024-05-09,0.00574532934118199,0.131375003666535,0.00867439085864618,-0.360693944754377,-0.00573446397573488,0.00083180408860986,12.6899995803833,0.611223102180662
2024-05-10,0.00128733980073825,-0.110986466259456,0.00852972656422894,-0.300195881887288,-0.00445368215488127,0.000749688444681832,12.5500001907349,0.584323749558889
2024-05-13,0.000134298453242643,-0.346805410590312,0.00789072195580607,-0.344140713211929,-0.00431997284598766,0.00070978812141019,13.6000003814697,0.610959361956149
2024-05-14,0.00457766868662635,-0.561447568949181,0.00728458154288486,-0.449105362149207,0,0.000715027618448404,13.4200000762939,0.569431105069176
2024-05-15,0.0123070240393641,-0.743243221332084,0.00758466909127764,-0.527759015842517,0,0.000702238984194048,12.4499998092651,0.588163782288308
2024-05-16,-0.00205987787004247,-0.880174485357207,0.00741646409781105,-0.579028244693969,-0.00205775777758374,0.000691207579769809,12.4200000762939,0.580748282292009
2024-05-17,0.00143674823732276,-0.88007495340924,0.00734542334548361,-0.652772880812313,-0.000622935527770146,0.000672105156317318,11.9899997711182,0.570156148463775
2024-05-20,0.00115139085065419,-1.03859386731722,0.00686995771531244,-0.767566200176082,0,0.000661359191899876,12.1499996185303,0.528656760487749
2024-05-21,0.00244958225676317,-1.17984144223747,0.00673542217081676,-0.703314945437419,0,0.000692298927842227,11.8599996566772,0.535985223155946
2024-05-22,-0.00288354979785854,-1.30274063294489,0.00652702115146198,-0.607103082219632,-0.00287939636131311,0.000764188999285726,12.289999961853,0.542739933402194
2024-05-23,-0.00733084886139235,-1.1100690040545,0.00683307549593411,-0.51907193890637,-0.0101624088547012,0.000802353420679215,12.7700004577637,0.577840542668911
2024-05-24,0.00659448295819143,-0.549091256716706,0.00677565681070826,-0.709870615516806,-0.00361337170483763,0.000840356299899255,11.9300003051758,0.603301779130068
2024-05-28,0.000698507527829406,-0.720364177738581,0.00658758288303513,-0.641444563834249,-0.00291714501286049,0.000886587568490823,12.9200000762939,0.633900258708398
2024-05-29,-0.00702714495595913,-0.884893684942646,0.00686027386410385,-0.458606462811892,-0.00989922997469425,0.000910827250616376,14.2799997329712,0.674365309442383
2024-05-30,-0.00665573874017067,-0.27589080326122,0.00591184318855339,0.234960061612357,-0.0164672004325995,0.000979143697436636,14.4700002670288,0.542473285024562
2024-05-31,0.00906680574957974,0.165757247802472,0.00598391885152598,0.0446040534742638,-0.00750915050906416,0.00102439013306826,12.9200000762939,0.561775573654272
2024-06-03,0.000815145909137449,-0.0661212763863449,0.0057846762991066,0.180006761324983,-0.00669979582698094,0.00104957022087395,13.1099996566772,0.545954252880648
2024-06-04,0.00111726543813084,-0.297910614337712,0.00529059296971082,0.1767784282121,-0.00558939564880731,0.00108504433526222,13.1599998474121,0.385636018676622
2024-06-05,0.0118151058103519,-0.50777149085671,0.00542637247503439,0.255736960152244,0,0.00108146538778122,12.6300001144409,0.4961349484811
2024-06-06,-1.87576547361346e-05,-0.666611196594597,0.00543743192676987,0.282971925482475,-1.87574788119623e-05,0.0010500372090496,12.5799999237061,0.50078186249495
2024-06-07,-0.00121624675518905,-0.838823517335813,0.00546290561867191,0.308331311788466,-0.00123424210582712,0.000988238936780259,12.2200002670288,0.481156235002178
2024-06-10,0.00308488994334422,-0.726545543577878,0.00539048514383642,0.369826551767017,0,0.000921839450798892,12.7399997711182,0.407683471718204
2024-06-11,0.00240532653604486,-0.886397275970659,0.0053948634133212,0.338924842987847,0,0.000838328925124811,12.8500003814697,0.401555081646989
2024-06-12,0.00817944955983929,-1.03662968314283,0.00557922071072059,0.185546168488086,0,0.000785481609309882,12.039999961853,0.457410724805938
2024-06-13,0.00201136990535478,-1.15460452758167,0.00554410744975696,0.250655194722938,0,0.000769012056087505,11.9399995803833,0.457764566540871
2024-06-14,0.000608316230444217,-1.27826100602419,0.00498586334768308,0.197332163056996,0,0.000748229249325709,12.6599998474121,0.445555047447247
2024-06-17,0.00792743829852238,-1.36406133206372,0.00513794447451569,0.024833169346238,0,0.000712444993114421,12.75,0.462199945916833
2024-06-18,0.0025372694166812,-1.45278076951775,0.00514148633534439,-0.00626831064610687,0,0.000664030316701329,12.3000001907349,0.458517825367269
2024-06-20,-0.00272002640430724,-1.54853002764197,0.00523012040297095,0.0719458988774517,-0.00271633048424713,0.000638796635826302,13.2799997329712,0.479435101816
2024-06-21,-0.00134173667385706,-1.36328107030735,0.00526097678766463,0.167862215315508,-0.00405352527562143,0.000612545734425184,13.1999998092651,0.463747674002085
2024-06-24,-0.00325592029563193,-1.28852031100125,0.00527644899480135,0.169216894923295,-0.00729097431799752,0.000592706270989174,13.3299999237061,0.466433230987344
2024-06-25,0.00384358882918789,-1.09209301846723,0.00491353154672915,0.160038197300473,-0.00346806686042525,0.000552781282199974,12.8400001525879,0.422656048676614
2024-06-26,0.00124749264172941,-1.20990571555464,0.00479141669152078,0.285699995494636,-0.0022241248636635,0.000507603275725341,12.5500001907349,0.409265833195124
2024-06-27,0.00157510580810261,-1.31969129085958,0.00478719484827285,0.259967705379459,-0.000651283917275629,0.000463983658950531,12.2399997711182,0.407862083615431
2024-06-28,-0.0039430575456052,-1.41909573302294,0.00455012318051596,0.461446220230585,-0.00458401482536586,0.000366302179882716,12.4399995803833,0.45957330280871
2024-07-01,0.00205625308674406,-1.13038345012673,0.00412079586813147,0.747988312223173,-0.00253508179275755,0.000420940007730419,12.2200002670288,0.494515666524554
2024-07-02,0.00670689082874887,-1.24683940279543,0.00395235377815698,0.741166294116124,0,0.000466131330698037,12.0299997329712,0.533672842814333
2024-07-03,0.00445304690205628,-1.33865247171189,0.00397434350243926,0.607524090406627,0,0.000502479260446498,12.0900001525879,0.537230758764683
2024-07-05,0.00574958257096991,-1.4255455426429,0.00403688214322805,0.446299778092089,0,0.000542929726112489,12.4799995422363,0.553508682239462
2024-07-08,0.00115343155823666,-1.50367295532739,0.0034260080705267,0.143897590898763,0,0.000627904496398781,12.3699998855591,0.567846606035124
2024-07-09,0.000972149524408827,-1.57855014519816,0.00340422686176042,0.1128113901121,0,0.000690617418977724,12.5100002288818,0.535046374175165
2024-07-10,0.00984664173352012,-1.63879100023991,0.00372247436520656,0.160848318574622,0,0.000708650340689458,12.8500003814697,0.554558104169302
2024-07-11,-0.00866017761929339,-1.67495443722588,0.00444658994607895,-0.333166950126813,-0.00862278629744233,0.000692156551713279,12.9200000762939,0.669383949543594
2024-07-12,0.00628781650657917,-0.957388468869146,0.00454525011118669,-0.393149121787604,-0.00236954928808334,0.000671028088975128,12.460000038147,0.74870294282282
2024-07-15,0.00274628995284942,-1.07393204963057,0.00433489064290278,-0.406965418199899,0,0.000635224220988825,13.1199998855591,0.711749628799368
2024-07-16,0.00591237971163139,-1.18282320956792,0.00442280545139359,-0.473983517978124,0,0.000593370878224728,13.1899995803833,0.675923176211346
2024-07-17,-0.0141201299524045,-1.27599820194256,0.00566217538660643,-1.0423826090761,-0.0140209084731934,0.00063785001098175,14.4799995422363,0.713680024847066
2024-07-18,-0.0077145471497797,0.106630617128311,0.00578526991447861,-0.852463892348976,-0.0215980260691692,0.000682741142575762,15.9300003051758,0.703664304907242
2024-07-19,-0.00666290199839281,0.595114279111314,0.00597910842109254,-0.641354821748459,-0.0280953529733124,0.000740372143916342,16.5200004577637,0.709842518514715
2024-07-22,0.0102574094785268,0.991613208702226,0.00632330533194045,-0.632271754232529,-0.0180748245616655,0.000820866835784459,14.9099998474121,0.699005341126092
2024-07-23,-0.00157007663194442,0.695925133450212,0.00632739394933878,-0.626479113049057,-0.0196153126752849,0.00089039120252524,14.7200002670288,0.724784684135199
2024-07-24,-0.0229231637490379,0.606670912140764,0.00815104117111253,-1.19561673543458,-0.041833206295881,0.001162265494857,18.0400009155273,0.798189519379734
2024-07-25,-0.00522404609545379,2.37439237520827,0.00817002346339109,-1.04298146968569,-0.0468256620299379,0.00137095869341637,18.4599990844727,0.791120682959093
2024-07-26,0.0111376481954828,2.58413851713745,0.00855565286649985,-0.94699737890815,-0.0361502021814604,0.00157394292011425,16.3899993896484,0.782304529965318
2024-07-29,0.000587399831950108,2.09925871956895,0.00854873337851199,-0.932740641619479,-0.0355838706569589,0.00173353393484092,16.6000003814697,0.780263688361777
2024-07-30,-0.00507920421629571,1.66325694918879,0.00857754820277401,-0.909297796847554,-0.0404699180069201,0.00185840476418779,17.6900005340576,0.774961578768745
2024-07-31,0.0161238098915026,1.65991278133846,0.00928247851252931,-0.662089435162274,-0.0248732363114518,0.00199667584234015,16.3600006103516,0.737508591218585
2024-08-01,-0.0142620933353221,1.29868380867854,0.0096971801888205,-0.456449075901036,-0.0386818810745831,0.0021216825184898,18.5900001525879,0.709288893917182
2024-08-02,-0.0187941096014335,1.98480855860788,0.0104019974114419,-0.32461555381577,-0.0565802800929713,0.00226381245675135,23.3899993896484,0.661120004767178
2024-08-05,-0.0295559713552809,3,0.0118954960772108,-0.454655726887039,-0.0840559314322956,0.00249620239671016,38.5699996948242,0.719646837002761
2024-08-06,0.00917718661772504,3,0.0121717345339067,-0.468116365404508,-0.0756114527719882,0.00264007379931332,27.7099990844727,0.69443970638379
2024-08-07,-0.00670624251879204,3,0.0121639984380262,-0.379801164396741,-0.0817898863587217,0.00270778622900178,27.8500003814697,0.691113605833513
2024-08-08,0.0228539646906718,3,0.0131572554500893,-0.0938052451829531,-0.0605635153525065,0.0028163977972852,23.7900009155273,0.688994161968743
2024-08-09,0.00440011614738811,3,0.0131688970869801,-0.226091713113987,-0.0564207781284535,0.00290354571360318,20.3700008392334,0.688916430345841
2024-08-12,0.000525149929127444,2.54988151476235,0.0130458514671257,-0.180875332682965,-0.0559251274328889,0.00292531028729365,20.7099990844727,0.690309314579105
2024-08-13,0.0163119640107139,2.06295066758253,0.0136323612804301,-0.17596805275808,-0.0403991265663574,0.00291153990884085,18.1200008392334,0.71657983612628
2024-08-14,0.00314981406607018,1.6639397503962,0.0135685905277005,-0.155325905995757,-0.0373717969776701,0.00282973969044153,16.1900005340576,0.726563448088571
2024-08-15,0.0169950406898742,1.304440739542,0.0138534325740923,-0.311900503933099,-0.0208720819685241,0.00280587604683782,15.2299995422363,0.729855093654863
2024-08-16,0.00223948388014072,1.00178755976994,0.0137581702852396,-0.416127480003218,-0.0186768836413259,0.00272878884015774,14.8000001907349,0.728583591730834
2024-08-19,0.00951589728191671,0.721518915739586,0.0138109468594654,-0.560895897539496,-0.00929414186449832,0.00261324378794673,14.6499996185303,0.725906341114987
2024-08-20,-0.00162738402815776,0.475459110858942,0.0136514463976973,-0.470033822870871,-0.0109050895838027,0.00246062160089528,15.8800001144409,0.730176705382953
2024-08-21,0.00343067986450674,0.293312049504361,0.0136599569268801,-0.522020202248276,-0.00750599432053546,0.00224242558413315,16.2700004577637,0.732346672968891
2024-08-22,-0.0078794751165594,0.0815463453719012,0.0127281935724723,-0.510760827636508,-0.0152955968498251,0.00211239824372325,17.5499992370605,0.679076038981438
2024-08-23,0.0105693332148284,0.537560839688601,0.0127898170632865,-0.658093441943729,-0.00483273254628737,0.00195145130427815,15.8599996566772,0.68894878111487
2024-08-26,-0.00238676505373991,0.317650247010424,0.0126492274731601,-0.544821541082424,-0.00720513069814408,0.00178712844819864,16.1499996185303,0.697697650146402
2024-08-27,0.0013722402939953,0.384820475121919,0.0126478380285998,-0.554070780156763,-0.00584184240918315,0.00158019063089581,15.4300003051758,0.69993303673609
2024-08-28,-0.00582210075337564,0.163140078814981,0.0126680254574072,-0.545516010929442,-0.0116131146010554,0.00131601872166492,17.1100006103516,0.707713466505495
2024-08-29,8.9301201373182e-05,0.547239396585234,0.0122119074487983,-0.506147106473905,-0.0115248465236038,0.00108233816089423,15.6499996185303,0.747147409278447
2024-08-30,0.00950068691960571,0.303542648857225,0.0118570884029954,-0.7240727076031,-0.00208890055472837,0.000859373778392182,15,0.734893768170405
2024-09-03,-0.0207935039594878,0.0956173080527856,0.012037204009451,-0.749797892805065,-0.0226247231805798,0.000684352773675621,20.7199993133545,0.819348628438476
2024-09-04,-0.00204904187226429,1.23173696749077,0.00974645410298056,-0.143975327405373,-0.0246253556578566,0.000952082591254651,21.3199996948242,0.696545787626047
2024-09-05,-0.00243502973466292,1.29349541693896,0.00970742069533874,0.00738562975005152,-0.0269975325864615,0.00116299700640093,19.8999996185303,0.743739333414146
2024-09-06,-0.0169734412675107,1.03691723865413,0.0104232967844094,-0.146162967948185,-0.0433733625746228,0.00126040095671239,22.3799991607666,0.792772540883865
2024-09-09,0.0111340394079482,1.91730963184466,0.00952306039434377,-0.507121916573682,-0.0326627282291156,0.00142056894316149,19.4500007629395,0.769175458541435
2024-09-10,0.00434634196584316,1.52630823482025,0.00952221875603744,-0.506514715748356,-0.0284491995644999,0.00154392706393401,19.0799999237061,0.713657987968297
2024-09-11,0.0102065835725389,1.18266130885123,0.00971069621677211,-0.585281829415414,-0.0184822071797785,0.00162843866255713,17.6900005340576,0.732263867960334
2024-09-12,0.00838784610743737,0.878558054194589,0.00926442409982478,-0.725538145870356,-0.0102147624266908,0.00170064619910788,17.0699996948242,0.695619172968991
2024-09-13,0.00520930357142557,0.616485293017773,0.0092938958367028,-0.748073208189127,-0.00504521747960128,0.00174551383058819,16.5599994659424,0.69057661281198
2024-09-16,0.00147572627468673,0.36862000325943,0.00859717027076485,-0.975909953414755,-0.00357585264142222,0.00179608279743491,17.1399993896484,0.593849170140609
2024-09-17,0.000408650068715488,0.140274926078613,0.00859148439597364,-0.946883833546729,-0.00316858063493507,0.00181653936888767,17.6100006103516,0.609085194758777
2024-09-18,-0.00297034305968591,-0.0634154552433368,0.00838380760857468,-0.863704270026288,-0.00612511878305974,0.00181179053139014,18.2299995422363,0.543293197742376
2024-09-19,0.0169205290431123,0.0292417117713702,0.00913070890458471,-0.649228046570269,0,0.00174022482766747,16.3299999237061,0.626840162633237
2024-09-20,-0.00173020807407198,-0.126569457743074,0.0091324665294745,-0.568455310438308,-0.00172871212697357,0.00163521811090026,16.1499996185303,0.629649714131988
2024-09-23,0.00249589693882335,-0.185482086310072,0.00891816205467804,-0.733496384401815,0,0.00158693281074483,15.8900003433228,0.618560343181581
2024-09-24,0.00285707351773645,-0.34819854510376,0.00867205645167019,-0.730061116399897,0,0.00152002111040979,15.3900003433228,0.600707064094121
2024-09-25,-0.00220790061103937,-0.497564146245132,0.00866873723208182,-0.733484472374338,-0.00220546499135063,0.00143575564621424,15.4099998474121,0.599343652221087
2024-09-26,0.00395685183616923,-0.567285479793741,0.00869371807301589,-0.768536237853374,0,0.00131704567884577,15.3699998855591,0.594854442647855
2024-09-27,-0.00145145178258677,-0.695340487567137,0.00857249763715105,-0.851150255628569,-0.00145039893589522,0.00115686335491606,16.9599990844727,0.580829496825798
2024-09-30,0.00399919035091756,-0.813243110347065,0.00858833379433589,-0.911306297438403,0,0.00100044716571706,16.7299995422363,0.583423760560956
2024-10-01,-0.00899875603454792,-0.916950146165676,0.00866882367659299,-0.703314024333906,-0.00895838840635722,0.000834275645297568,19.2600002288818,0.646198170927197
2024-10-02,0.000422094171597998,-0.442240957138292,0.00716074807861311,-0.325679182215864,-0.00853998722215377,0.000678125378703902,18.8999996185303,0.575948022475802
2024-10-03,-0.00183007034012839,-0.508827496996058,0.00715536960536947,-0.329760899962121,-0.0103527695194629,0.000765359032232343,20.4899997711182,0.575242400734901
2024-10-04,0.00904638346944076,-0.504983879943598,0.00727079254785961,-0.481843395388176,-0.00135942387872228,0.000815912842229785,19.2099990844727,0.573487861127785
2024-10-07,-0.00908159731539726,-0.62045067121592,0.00638396603580723,0.202155886848357,-0.0103876181910065,0.000877768500190501,22.6399993896484,0.628754649065551
2024-10-08,0.00941332710995901,-0.0437960848999989,0.00627782873090483,0.187923437770491,-0.00102809009195815,0.00098064033915164,21.4200000762939,0.660602804569488
2024-10-09,0.00690249639039564,-0.204824805664063,0.00634145097243714,0.139943149005215,0,0.00104421527807984,20.8600006103516,0.705675078665082
2024-10-10,-0.00175167791456143,-0.358380391232613,0.00615311640556547,0.322164091894463,-0.00175014462221224,0.00108501779543358,20.9300003051758,0.701688989988329
2024-10-11,0.00597016119456217,-0.502563277358633,0.00604886281934559,0.351336208958641,0,0.00113685796242405,20.4599990844727,0.698194186810529
2024-10-14,0.00814530137366098,-0.634324524040646,0.00616300549743963,0.308551775604924,0,0.00115533710211155,19.7000007629395,0.720564592162182
2024-10-15,-0.00779983634017789,-0.735260984744062,0.00652422545779945,0.294951942990946,-0.0077694965497568,0.00117129797465466,20.6399993896484,0.731297690613035
2024-10-16,0.00433678122699721,-0.168505364755453,0.00654590295445421,0.208359093757157,-0.00345706565375958,0.00117766262928067,19.5799999237061,0.736645380278258
2024-10-17,8.60007103078431e-05,-0.328462445109123,0.00646935130888721,0.165648630010993,-0.00337135856817146,0.00118745005652277,19.1100006103516,0.777570762843413
2024-10-18,0.00383895580568883,-0.463197754745111,0.0055081576483379,-0.4210764843928,0,0.00120203829939868,18.0300006866455,0.703226422275369
2024-10-21,-0.00164352348975516,-0.59374167272132,0.00550583076068707,-0.423218434808702,-0.00164217364462604,0.0011905046902568,18.3700008392334,0.688980068406051
2024-10-22,-0.000531214069337871,-0.597900861910044,0.00551180068557005,-0.343784521331388,-0.00217237453066673,0.00117039550309127,18.2000007629395,0.602824890857646
2024-10-23,-0.00917936756059223,-0.650737646574808,0.00593271196804859,-0.247643433534089,-0.0112898905309915,0.00112588625204243,19.2399997711182,0.643023124385707
2024-10-24,0.00216035933830661,-0.0705867051412306,0.00590754466452705,-0.352844342574825,-0.00915161252032739,0.00106412863259027,19.0799999237061,0.661284910552501
2024-10-25,-0.000345464496687597,-0.24260815619989,0.00586567600012662,-0.261659581897517,-0.00949385633985365,0.000979080394626695,20.3299999237061,0.65502056677501
2024-10-28,0.00308666154873372,-0.352761068744604,0.00587155398806987,-0.367921930733462,-0.00643177574036864,0.000879009401170751,19.7999992370605,0.649819542291834
2024-10-29,0.00161707146273304,-0.494004184337155,0.00582897872336664,-0.324738543788294,-0.00482380516737023,0.00074196426993809,19.3400001525879,0.637512131124532
2024-10-30,-0.0030299017723836,-0.629429041834533,0.00546884269698367,-0.286597538081398,-0.0078345278836013,0.000540583033219677,20.3500003814697,0.528079629963575
2024-10-31,-0.0197976678998089,-0.581570197066362,0.00710161218971775,-0.987984393170844,-0.027283928754469,0.000535377798582495,23.1599998474121,0.649984612966323
2024-11-01,0.00421170664214099,1.20404310687571,0.00714678797724195,-1.08173005353359,-0.0231784946429039,0.000534600954327725,21.8799991607666,0.615914705551852
2024-11-04,-0.00215643396335086,0.901837535396017,0.00687168775571486,-1.08678355872944,-0.0252826761335654,0.000499940330138934,21.9799995422363,0.629014736346349
2024-11-05,0.0120194009335322,0.770551079987183,0.0070581125212791,-1.07370243506026,-0.0134964681332859,0.00053521897461296,20.4899997711182,0.593473961125512
2024-11-06,0.024561369959474,0.532233604705723,0.00859541837389039,0.184769111795785,0,0.000749225844780584,16.2700004577637,0.504446730311353
2024-11-07,0.00770253194639814,0.348350130820535,0.00862246821418864,0.176006906743178,0,0.000904017644527096,15.1999998092651,0.516109811813141
2024-11-08,0.00432235633448652,0.148364840873057,0.00860980224357084,0.0780372831634071,0,0.00102003088772782,14.9399995803833,0.509669674740109
2024-11-11,0.000952223864212343,-0.0508178611714321,0.00855744100789291,0.15931678712452,0,0.00110412521637908,14.9700002670288,0.520575697434747
2024-11-12,-0.00311096233357677,-0.228652758220947,0.00847583872312829,0.325982989330907,-0.00310612830438351,0.00116661742294694,14.710000038147,0.496035774558644
2024-11-13,0.000485650650210445,-0.0821098475954399,0.00823443291237397,0.270913301862178,-0.00262186856639352,0.00120821757600022,14.0200004577637,0.536517449956367
2024-11-14,-0.006450968617016,-0.262857007162536,0.00837788960925064,0.401480423091879,-0.0090352152016986,0.00125111694365371,14.3100004196167,0.503620315862991
2024-11-15,-0.0128914837095593,0.0431112545502051,0.00890274747094902,0.358090057232056,-0.0217282298980194,0.00131729463668044,16.1399993896484,0.550990637635084
2024-11-18,0.0040890386026069,0.926601811260421,0.0089079158033324,0.354096928365164,-0.0177198492396966,0.00132778254037671,15.5799999237061,0.548235598581242
2024-11-19,0.00364870406047313,0.646108051038652,0.00892534969500464,0.268456340749881,-0.0141292531372853,0.00131832142475737,16.3500003814697,0.556207202263764
2024-11-20,0.000338875870121491,0.395962212093361,0.00892214180578382,0.254558746075156,-0.0137951087165713,0.00128764006786114,17.1599998474121,0.571604004346138
2024-11-21,0.00535399448982332,0.163554330854711,0.00868765128827527,0.111481025075435,-0.00850081299459772,0.00125645003559526,16.8700008392334,0.556651711774515
2024-11-22,0.00309460090777147,-0.0354557481343796,0.00869480283960417,0.0958929224553114,-0.00542776623622513,0.00120793004314731,15.2399997711182,0.559963003233423
2024-11-25,0.00338626061107927,-0.216466273446896,0.00869721536393692,0.0340414893839396,-0.00205417675324392,0.00113761020676444,14.6000003814697,0.562762258567509
2024-11-26,0.00520790078325284,-0.383595290749169,0.00872886417382926,0.00172493055195098,0,0.00104612483947129,14.1000003814697,0.576539302025562
2024-11-27,-0.00303458439183935,-0.527533440698633,0.00878717770523713,0.0716931950852256,-0.00302998469452252,0.000921363468198021,14.1000003814697,0.581001916205626
2024-11-29,0.00619283449458408,-0.438414984965077,0.00878642001597475,-0.0671756875811334,0,0.000681312347084833,13.5100002288818,0.595463427369699
2024-12-02,0.00179082626370874,-0.578898167264178,0.0072618935066498,0.793514875123307,0,0.000667187880801249,13.3400001525879,0.434116993577294
2024-12-03,0.000463631549363797,-0.714599998411386,0.00727263672088001,0.863324852782681,0,0.00065608742433818,13.3000001907349,0.466874416026612
2024-12-04,0.00619051605963605,-0.823497564224179,0.0072238827188228,0.732789271666806,0,0.000619062959637064,13.4499998092651,0.440224417487692
2024-12-05,-0.00164719770557209,-0.926786801390297,0.0069883868012325,0.972982681520165,-0.00164584182000419,0.000626740501038442,13.539999961853,0.422629032909862
2024-12-06,0.00189390003617174,-0.94346564793667,0.00480595881526183,-1.32152347490978,0,0.00100002042572453,12.7700004577637,0.535723553722148
2024-12-09,-0.00516308134612498,-1.04662502865522,0.00477322354145033,-1.20295320624716,-0.00514977555111494,0.00124416427852647,14.1899995803833,0.43331611245433
2024-12-10,-0.00311373098373657,-0.790518273690619,0.00476841554417477,-1.02659117023937,-0.00824265382483384,0.00142398968420863,14.1800003051758,0.457305692949636
2024-12-11,0.00770080541538398,-0.607153732419597,0.00503015175807564,-0.912411449784117,-0.000575841054341502,0.00153931996944507,13.5799999237061,0.40262972993477
2024-12-12,-0.00516596079948073,-0.728327016482348,0.00512679131001366,-0.858501469666332,-0.00572551412440032,0.00162377524569832,13.9200000762939,0.414736740769658
2024-12-13,-0.000198534821917562,-0.537384264717283,0.0051296545772445,-0.837724825909795,-0.00592289263848854,0.00169517670008731,13.8100004196167,0.418911456167252
2024-12-16,0.00426086295571793,-0.54836278537957,0.00492656573124134,-1.0959141501705,-0.00167822977503051,0.00175882600222337,14.6899995803833,0.488903321202639
2024-12-17,-0.00412850202830572,-0.684479684936496,0.00396185357379412,-0.307295131225459,-0.00579130696242973,0.00184881983751524,15.8699998855591,0.141450789597793
2024-12-18,-0.030256610641314,-0.500339026036267,0.00793228835057118,-2.67938161934467,-0.0354221671238517,0.00180957570284336,27.6200008392334,0.652998651357827
2024-12-19,-0.000307199930328572,2.56594909297202,0.00788435265581906,-2.66082609215409,-0.0357184398570963,0.00176577556187811,24.0900001525879,0.656642534239072
2024-12-20,0.011939558933789,2.2577626707193,0.00832820236283453,-2.29768575436857,-0.0241363383375175,0.00173586207729481,18.3600006103516,0.635149070247242
2024-12-23,0.00597045452959222,1.8312190377798,0.00834829383805122,-2.28710391083037,-0.018292561074354,0.00171937559214713,16.7800006866455,0.64182303933326
2024-12-24,0.0110534680561267,1.44759827859771,0.00865915217828825,-2.08626344474759,-0.00738109558602818,0.00171746015757655,14.2700004577637,0.649095905805999
2024-12-26,6.67960569513681e-05,1.1163270479083,0.00863641243813337,-2.04821141446361,-0.00731479034271817,0.00171420235943796,14.7299995422363,0.650318662491351
2024-12-27,-0.0105823795019244,0.805386929440389,0.00888638122550375,-1.72559647844421,-0.0177643737111086,0.00172326250333765,15.9499998092651,0.688061682265672
2024-12-30,-0.0114773024877026,1.41834344994072,0.00920216528901812,-1.51029927678772,-0.0289733417053524,0.00174896561196278,17.3999996185303,0.712062193589783
2024-12-31,-0.00364466410950559,1.8409197696886,0.00908383178624232,-1.43547753811561,-0.0325059661908847,0.00176651253611167,17.3500003814697,0.715330326896761
2025-01-02,-0.00246004175558578,1.77389986615195,0.00906213151117511,-1.37905593567264,-0.0348831167686575,0.00182914785566101,17.9300003051758,0.674017987461601
2025-01-03,0.0124258825218373,1.54604643857892,0.00954569776216264,-1.20954272961489,-0.0228158699294039,0.00191423188758416,16.1299991607666,0.65838149218485
2025-01-06,0.00574408648551028,1.2083350814641,0.00952985271359167,-1.21235269467127,-0.0171866879977569,0.0019886698730212,16.0400009155273,0.671450887323812
2025-01-07,-0.011368527222551,0.897358319526645,0.00980451361912883,-1.03192399997636,-0.0282965568107321,0.00206900368519519,17.8199996948242,0.703412670719263
2025-01-08,0.00146005074250954,1.35071208727879,0.00979795356753892,-1.02813585061463,-0.0268767842592377,0.00205412434440486,17.7000007629395,0.704574794594717
2025-01-10,-0.0153852821233693,1.07301452327678,0.0102434070141215,-0.884084128758921,-0.0417339753703179,0.00203195002033472,19.5400009155273,0.748580132595868
2025-01-13,0.00154938398940452,1.70463583306591,0.0102636659650736,-0.94351090059373,-0.0402481025376257,0.00197448072344238,19.1900005340576,0.746477819140344
2025-01-14,0.00137489789288026,1.40941750679714,0.0100692005936924,-0.945859424577598,-0.0389276341295121,0.00189156104394234,18.7099990844727,0.766381184688785
2025-01-15,0.0180265714183161,1.06390717572986,0.0109244268304666,-0.741906958319537,-0.0214456982090718,0.00182633870477762,16.1200008392334,0.811194029349053
2025-01-16,-0.00192495343106458,0.791930935035747,0.0109264947531868,-0.718425258690976,-0.0233275578426139,0.00171302612927955,16.6000003814697,0.741174591803517
2025-01-17,0.00999004405268877,0.616315831577846,0.0111298844862036,-0.712839321413166,-0.0135216579877168,0.0015258227426226,15.9700002670288,0.745091714463381
2025-01-21,0.00911163347309873,0.376823760642591,0.0112919549498916,-0.820530646242419,-0.00449215461398922,0.00103986147857964,15.0600004196167,0.696138756969373
2025-01-22,0.00560579645353965,0.156769456249981,0.00894545642251269,-0.237801102630299,0,0.000985451804408339,15.1000003814697,0.611241611776238
2025-01-23,0.00544321731600039,-0.0409928197596019,0.00896668246904644,-0.325865768023862,0,0.000920081956559959,15.0200004577637,0.621052176008484
2025-01-24,-0.00292363643510818,-0.231975392857214,0.00872999415437487,-0.187357661321424,-0.00291936677210012,0.000896131087040052,14.8500003814697,0.631929168980123
2025-01-27,-0.0142462532403487,-0.384431762389294,0.00929010442181572,-0.0838427124160498,-0.0170233271394105,0.000851701331009263,17.8999996185303,0.466481263574632
2025-01-28,0.00855561147328299,0.780918668603743,0.00916162595833944,-0.0921755247775182,-0.00857728161687755,0.000828745133923821,16.4099998474121,0.510247237803935
2025-01-29,-0.0044929426330258,0.51566315622185,0.00922013876038626,-0.0250171841829037,-0.0130216952913731,0.000800960830945077,16.5599994659424,0.500964181730738
2025-01-30,0.00535262820325855,0.553355138161944,0.00895434490276523,-0.192289407229859,-0.0077246033467953,0.000797563169480292,15.8400001525879,0.359788194129902
2025-01-31,-0.00533622659872712,0.300152162426449,0.00862780428701574,-0.190105036545205,-0.0130055071307829,0.000825604530085112,16.4300003051758,0.342085671825396
2025-02-03,-0.00675219579644892,0.40094392334483,0.00873897475933732,-0.159745979121695,-0.019647438152318,0.000841617575494692,18.6200008392334,0.362254900967734
2025-02-04,0.00668586563925366,0.656424673734056,0.00878878995284826,-0.29222816889231,-0.0130709724594591,0.000853636020388809,17.2099990844727,0.364250135908384
2025-02-05,0.00404643194315302,0.395345217564858,0.00844554326723966,-0.297104887270345,-0.00906934061142173,0.000894081243002207,15.7700004577637,0.364511602933554
2025-02-06,0.00346960314946365,0.161218484920753,0.00839578900142102,-0.270797205965467,-0.00562523308660472,0.000932702401774246,15.5,0.358744203536544
2025-02-07,-0.00919576716413495,-0.0553774755432079,0.00824955946511933,-0.249813535555893,-0.0147273572685299,0.000973000532447858,16.5400009155273,0.375151710470612
2025-02-10,0.00676826849440371,0.323109463234134,0.00834601743087009,-0.317234209634922,-0.00803614907890893,0.00100075838342297,15.8100004196167,0.377953179262064
2025-02-11,0.000760457246668622,0.0943845012486418,0.00743311658371162,-0.19652402305353,-0.0072815160833448,0.00106991804121954,16.0200004577637,0.334075915362901
2025-02-12,-0.00322678745457061,-0.11921131202186,0.0075199553628366,-0.113921784083682,-0.0104796450170551,0.00111065950195448,15.8900003433228,0.316287533722912
2025-02-13,0.0105021590649841,-0.0723502859528082,0.00775625440336546,-0.203064202053772,-3.2783570503461e-05,0.00112950054559354,15.1000003814697,0.328453252203331
2025-02-14,-4.92799978601965e-05,-0.253429656506034,0.00686383013127548,-0.53517912272009,-8.20607385894085e-05,0.00113833305262037,14.7700004577637,0.2625007139222
2025-02-18,0.00293159633618512,-0.429255523896901,0.00683005012329015,-0.641043252023195,0,0.00111487477348549,15.3500003814697,0.255713057653435
2025-02-19,0.00235215036136971,-0.590723890992721,0.0065572491329787,-0.662068954633549,0,0.00105139548957228,15.2700004577637,0.241746850555921
2025-02-20,-0.00416902443430267,-0.729911467290843,0.00639526883954018,-0.535798339686257,-0.00416034611616457,0.000920734056730066,15.6599998474121,0.301454051635331
2025-02-21,-0.0172520727283452,-0.50787995431601,0.00736756167300635,-0.63498011427392,-0.0211932949513821,0.000921308845624653,18.2099990844727,0.319510577621805
2025-02-24,-0.00456079148302901,0.739778284883865,0.00728614651797986,-0.491989158452955,-0.025647263703411,0.000917582293589029,18.9799995422363,0.325597817513733
2025-02-25,-0.00498569483838018,0.846190364686415,0.00732729381209484,-0.449917577021691,-0.0304929993942197,0.000916326616326766,19.4300003051758,0.331349942534871
2025-02-26,0.000504983497980227,0.915333945070605,0.00668136492818629,-0.52580295911665,-0.0300032907207448,0.000906448815685199,19.1000003814697,0.382307811111435
2025-02-27,-0.0160908833727413,0.612149259196102,0.00717848403117911,-0.55222586195135,-0.0454864913837101,0.000865867812395156,21.1299991607666,0.309049839661165
2025-02-28,0.0154849770472065,1.56644660551173,0.00804205632398354,-0.267967298018029,-0.0305908398448044,0.000802383928938496,19.6299991607666,0.371330097457978
2025-03-03,-0.0176751644678053,1.21933883558989,0.0087293168017512,-0.220489479855703,-0.0475747671706193,0.000786191179705553,22.7800006866455,0.607001742152791
2025-03-04,-0.0119073738783824,2.05262201367741,0.00898019178683017,-0.167119262820355,-0.0588483976397966,0.00081051750826903,23.5100002288818,0.595424012598299
2025-03-05,0.0106902780347093,2.43710970799028,0.00932052754772008,-0.287621749353084,-0.0487332548246433,0.000856081822636004,21.9300003051758,0.543081673535957
2025-03-06,-0.0179106000925113,1.9621976668473,0.00981416885159567,-0.15764117627772,-0.0656193416998735,0.000943772412434797,24.8700008392334,0.52235793476298
2025-03-07,0.00558934531568855,2.44383725854112,0.00987012560681045,-0.16511056208255,-0.0603821429226158,0.00103981259885397,23.3700008392334,0.507378466445386
2025-03-10,-0.0269967750652951,1.95144482830676,0.0111395434641461,-0.278564708518267,-0.0854094465866597,0.00126024365255795,27.8600006103516,0.643451138432033
2025-03-11,-0.00834763594419652,3,0.0111202761458948,-0.288769318016879,-0.093012338329037,0.00143406718773449,26.9200000762939,0.608775719271111
2025-03-12,0.00529268091038748,3,0.0110553303212897,-0.290255727154435,-0.0881992161217565,0.0015706129541906,24.2299995422363,0.577149272085983
2025-03-13,-0.0134201952658541,2.602262231516,0.0111972673686099,-0.129964671932597,-0.100354018350858,0.00168336549951071,24.6599998474121,0.594409371884492
2025-03-14,0.0204453532796505,2.75561059817072,0.0124473085818792,0.0355808807337645,-0.0817711187751672,0.00188185784875103,21.7700004577637,0.654406696262404
2025-03-17,0.00768175640485502,2.25375622618467,0.0123051967690019,0.0344242391787814,-0.0746903466215723,0.00202817591065601,20.5100002288818,0.645576128322539
2025-03-18,-0.0108673239404604,1.81873977304643,0.0123820346932451,0.149675009809146,-0.0846915448125976,0.0021095523220053,21.7000007629395,0.652786011996811
2025-03-19,0.0108320772982466,2.24840899211386,0.0127174541085806,0.11967415330089,-0.0747229601051005,0.00217677895029875,19.8999996185303,0.667113707593294
2025-03-20,-0.00289599744268632,1.81158711223337,0.0126462913809539,0.177166692387381,-0.0773986837319589,0.00218129310870548,19.7999992370605,0.663951569876708
2025-03-21,0.0003299472970415,1.56062226453547,0.0126784363627653,0.125690996958438,-0.0770942236962887,0.00213365032257462,19.2800006866455,0.670135352266805
2025-03-24,0.0177499101891696,1.2451569330205,0.0130909989222289,0.00132116322714938,-0.0605664800034275,0.00214426938151217,17.4799995422363,0.687269876083538
2025-03-25,0.00240082942010122,0.948190165061643,0.0131098469648111,-0.074153955504961,-0.0583083507634847,0.00211324011437857,17.1499996185303,0.70200643230154
2025-03-26,-0.0120099536749239,0.65602319937248,0.0132883124191935,-0.017444442888544,-0.0695503805902372,0.00205639437450895,18.3299999237061,0.715490515890048
2025-03-27,-0.00265926860372367,1.10748688024303,0.0132769219172069,0.0170650660223313,-0.0720214090301064,0.00188482009032372,18.6900005340576,0.738461852100971
2025-03-28,-0.0203438616539282,1.02587738641516,0.013530873812064,-0.00673349503105376,-0.0907093402282154,0.00171580505528316,21.6499996185303,0.75687673617555
2025-03-31,0.00669037010420581,1.88841118545836,0.0130811518325973,-0.0213121771233694,-0.0846054533188119,0.00155847336833621,22.2800006866455,0.719263502881332
2025-04-01,0.00282046149957438,1.48157743909435,0.0126684255295438,-0.172357016440584,-0.0820199738342629,0.00141280193448061,21.7700004577637,0.707760857998533
2025-04-02,0.00630846833130683,1.12595524491212,0.0125616382789664,-0.348817876720865,-0.0762106211177167,0.00125066054693902,21.5100002288818,0.712828320287015
2025-04-03,-0.0505365293222635,0.81512368195646,0.0162918184843997,-1.07211603424987,-0.121735701747465,0.00140257636471195,30.0200004577637,0.769683098055392
2025-04-04,-0.0603265958099657,3,0.0202715960674581,-1.34262602747196,-0.173151922012856,0.00211587408110742,45.310001373291,0.822458170597395
2025-04-07,-0.00178277665475246,3,0.0201274191085628,-1.32698629726443,-0.174624694261252,0.00252734102530393,46.9799995422363,0.824935734007905
2025-04-08,-0.0157867112954264,3,0.0196914600288451,-1.44581641751875,-0.187552344894273,0.00282023643778959,52.3300018310547,0.811064835788885
2025-04-09,0.0998629842753909,3,0.0302662094234437,1.24326473241884,-0.102229496221951,0.00450581971514565,33.6199989318848,0.9221690268663
2025-04-10,-0.0448083495532563,3,0.0317272572181224,1.17092510401153,-0.141569156233475,0.00575487052794253,40.7200012207031,0.925159019994284
2025-04-11,0.0176854640386859,3,0.0319356052241139,1.0209814551214,-0.126252365363792,0.00665539883251379,37.560001373291,0.925895779871837
2025-04-14,0.00965475064745114,3,0.0316522483942798,1.08391154904608,-0.117775695601545,0.00733113896836209,30.8899993896484,0.922715839162559
2025-04-15,-0.00280460686301698,3,0.0315760734067712,1.13895860337091,-0.120246521473194,0.00782646768940756,30.1200008392334,0.923145994933771
2025-04-16,-0.0224789602623074,2.57546323733162,0.0318323113624702,1.1531906025406,-0.139801849792221,0.00820744945081361,32.6399993896484,0.92148939487112
2025-04-17,0.00142570048569279,3,0.0316944599314886,1.20766708642269,-0.138574590227278,0.0084719188134087,29.6499996185303,0.915490648008405
2025-04-21,-0.0240905113020009,2.71837203916617,0.0320132916358055,1.25506865261033,-0.159078798733989,0.00864563237028417,33.8199996948242,0.914482018754476
2025-04-22,0.0256851165111271,3,0.0326725172764738,1.10686773536393,-0.137199860997687,0.00875409466369186,30.5699996948242,0.918840902207854
2025-04-23,0.0153766513231544,2.88578192998776,0.0326004295756308,1.1207632625377,-0.123830358433325,0.00877341365207262,28.4500007629395,0.921282041858791
2025-04-24,0.0208304449398948,2.37749966760169,0.033007648915354,1.01783915095917,-0.105387939918671,0.00871063062104356,26.4699993133545,0.917038143883422
2025-04-25,0.00719933380552895,1.96885502170245,0.0329954136942954,0.936253969421124,-0.098924089281133,0.00854946621220047,24.8400001525879,0.917246961171013
2025-04-28,0.000381312457809813,1.59107046171391,0.0329968704466859,0.922652846899203,-0.0985804322947627,0.00827338274845109,25.1499996185303,0.917892245012263
2025-04-29,0.00627951896246692,1.26576050716977,0.0327424063294411,0.835848350537402,-0.0929021412169914,0.00788307108397807,24.1700000762939,0.920048462183795
2025-04-30,0.000396862990300839,0.982593290301009,0.0327057843519264,0.866367312542042,-0.0925420762047466,0.00730816748431003,24.7000007629395,0.928206929688043
2025-05-01,0.00706187423718774,0.732220752954556,0.0327398400672403,0.845262996617699,-0.0861110416189576,0.00649614683187655,24.6000003814697,0.868090746707108
2025-05-02,0.0147350406147231,0.516967124725593,0.0328751201216709,0.801763865589256,-0.0725451491646542,0.00537875944327789,22.6800003051758,0.848123155674261
2025-05-05,-0.00575071932602356,0.336958754137696,0.0308076264333892,0.989426133835811,-0.0778633752301808,0.00441047210545653,23.6399993896484,0.84181450113653
2025-05-06,-0.00839345235128608,0.271797895443449,0.0274261009609327,1.73199433945194,-0.0855708934585353,0.00382429800690137,24.7600002288818,0.82248799382336
2025-05-07,0.0041964879865164,0.504786050250641,0.0273854140205589,1.70847220867947,-0.0817254396414056,0.00306794311102674,23.5499992370605,0.82486035016351
2025-05-08,0.00694381972259972,0.315395801246272,0.0269654553638272,1.68983461816413,-0.0753269172550345,0.00190389740509341,22.4799995422363,0.824755369086222
2025-05-09,-0.00127514339622348,0.146997352882311,0.0163262569794125,-1.14252135506895,-0.0765052565946844,0.00381308575004106,21.8999996185303,0.629407505340387
2025-05-12,0.0325132130028782,0.00380776784243401,0.0139418816564688,-0.235177543730214,-0.0459860246158876,0.00528611172565796,18.3899993896484,0.613684818744987
2025-05-13,0.00658215085995284,-0.101310248544561,0.0136452151244711,-0.172500367166633,-0.0396858491006528,0.00634323581154764,18.2199993133545,0.600437034225471
2025-05-14,0.00127726659162608,-0.221224261762274,0.0136093453839986,-0.0871966760022888,-0.0384584882516003,0.00714780348282056,18.6200008392334,0.611745821336731
2025-05-15,0.00487239571250431,-0.339208760155566,0.0135174117866353,-0.165309793915769,-0.0337620453394269,0.00778168153457485,17.8299999237061,0.60949758274325
2025-05-16,0.00631406818038815,-0.441909042262438,0.0120257289390012,-0.0104018048811601,-0.0276418516882593,0.00838879310561268,17.2399997711182,0.513257798041491
2025-05-19,0.00109332590771327,-0.529203497111169,0.0120320410931868,-0.00695629352891901,-0.0265781659615098,0.00885433469084322,18.1399993896484,0.529193091579986
2025-05-20,-0.00336792246516371,-0.569739432302018,0.0101604940145339,0.958120782954633,-0.0298510607029097,0.00931973089503321,18.0900001525879,0.482266634935294
2025-05-21,-0.016994258821982,-0.608152843251522,0.0104597055805656,0.578518303605715,-0.0461987212475934,0.00959478312193051,20.8700008392334,0.505010853237383
2025-05-22,0.000394524020280507,0.122827287074271,0.0102083537192657,0.776081598521452,-0.0458223494935845,0.00976157601701208,20.2800006866455,0.487906744570146
2025-05-23,-0.00684925393601343,-0.0348005964570815,0.00970970929592458,0.985277229861388,-0.0523354242087457,0.00980915360509427,22.2900009155273,0.478618872284109
2025-05-27,0.0205775080963946,0.0861486027611813,0.0104289206769388,0.859359206804696,-0.03263282879329,0.00968810644917851,18.9599990844727,0.510196904610101
2025-05-28,-0.00580214698740988,-0.0457580794476724,0.0106036592254511,0.870844192560488,-0.0382293835940201,0.00942990127435433,19.3099994659424,0.510141576047483
2025-05-29,0.00393956625924208,-0.0298451069503792,0.0105806920184441,0.907520324458838,-0.034432951286293,0.00905506123006606,19.1800003051758,0.509477301156635
2025-05-30,-0.00111913192325463,-0.169962651768567,0.010604303710257,0.920187669964795,-0.0355129437548066,0.00853048627080705,18.5699996948242,0.509454142924087
2025-06-02,0.00561711572100432,-0.243310543890728,0.0105806286181524,0.944119851174126,-0.0300800640763796,0.00782134676677754,18.3600006103516,0.661988199269358
2025-06-03,0.00568635924065042,-0.356666366800814,0.0102508243937432,1.08842723402418,-0.0245490400950369,0.00686600601356315,17.6900005340576,0.82138558009461
2025-06-04,-0.0002684446267045,-0.460323589954586,0.0101015198360122,1.08393586296074,-0.0248108595202557,0.00587018929168044,17.6100006103516,0.842970830662852
2025-06-05,-0.00484447128724685,-0.556248384442015,0.00993560814970761,1.13536258561109,-0.0295237104583035,0.00502568368614122,18.4799995422363,0.829570963679308
2025-06-06,0.010216558319085,-0.377600833605741,0.0100629560032411,1.02531661710826,-0.0195579617058959,0.00382536143538479,16.7700004577637,0.83412249081583
2025-06-09,0.000900822913648902,-0.471646426924737,0.0100344866622172,1.11885988662955,-0.018674359127324,0.00180227281315693,17.1599998474121,0.827614661212042
2025-06-10,0.0056537060323496,-0.566160998410057,0.0100065751410686,1.03153963164631,-0.0131105190942324,0.0014210260619193,16.9500007629395,0.814680758132189
2025-06-11,-0.00285604964476871,-0.648664681627079,0.00747580414985534,0.0510729218669767,-0.0159251032363616,0.00146772601502233,17.2600002288818,0.695121282239867
2025-06-12,0.0039663988120715,-0.613712531563157,0.0074079799673997,0.089360408375053,-0.0120141185998444,0.00148639470315601,18.0200004577637,0.710937439549977
2025-06-13,-0.0112431300819802,-0.694599834342962,0.00790173805378746,0.0985135759764101,-0.0230599611048759,0.00140244020736957,20.8199996948242,0.730419775370923
2025-06-16,0.0094693681832716,-0.340273550951316,0.00808305638871831,0.0661617376264193,-0.0137650170152241,0.00125198498327307,19.1100006103516,0.744955480576361
2025-06-17,-0.00858178712416802,-0.444436363016566,0.00824314870910052,0.23382392650244,-0.0221924626998475,0.00120760796106831,21.6000003814697,0.754760800896141
2025-06-18,-0.000150828031675765,-0.261929679052575,0.00824137699238179,0.256015631861087,-0.0223399323644968,0.00113124809726246,20.1399993896484,0.777027712333902
2025-06-20,-0.00235123624400035,-0.349298908073935,0.00822229109494161,0.242369520930717,-0.0246359418617053,0.00115982290862252,20.6200008392334,0.693348971147786
2025-06-23,0.00982902224764359,-0.347339036611845,0.00745643757512639,0.535740153119273,-0.0150017972865379,0.0012171149533324,19.8299999237061,0.63472311994481
2025-06-24,0.0109866115896633,-0.451122048241145,0.00772887438193442,0.374080894551559,-0.00412033889258182,0.00124852567374714,17.4799995422363,0.612915622354102
2025-06-25,0.000560227464964314,-0.545931395826097,0.00746763462924446,0.355306243991621,-0.00356226344463005,0.00129954968484181,16.7600002288818,0.547203287717919
2025-06-26,0.00779336243484696,-0.639552550080851,0.00634797133607406,-0.299237404030448,0,0.00139490070949609,16.5900001525879,0.374403255249446
2025-06-27,0.00495602090814629,-0.721117167031868,0.00613595625897005,-0.484814434270353,0,0.00146437925154698,16.3199996948242,0.356056860891428
2025-06-30,0.00476988567378456,-0.792591574436613,0.00614975437735593,-0.498959885982983,0,0.00149986081119155,16.7299995422363,0.350391458962091
2025-07-01,-0.000323766539484183,-0.862646358156224,0.00612984847278098,-0.517851297205024,-0.000323714132753758,0.00150335921153889,16.8299999237061,0.303555458967976
2025-07-02,0.00452312074121242,-0.930017968548311,0.00610547976538285,-0.503303662633418,0,0.00147850874150739,16.6399993896484,0.279328594465742
2025-07-03,0.0078504047759349,-0.985819110648234,0.0061829341070279,-0.507452306668402,0,0.00144471940593782,16.3799991607666,0.298919165307454
2025-07-07,-0.00747987658007965,-1.0326725992461,0.0065303195698137,-0.443907117605571,-0.00745197192106691,0.00137846911759779,17.7900009155273,0.342000663925317
2025-07-08,-0.000547885356787958,-0.848545803366168,0.00636786642404101,-0.515325152769573,-0.00799562550804077,0.00130814930905022,16.8099994659424,0.366548545344038
2025-07-09,0.00597874769423434,-0.809537415113091,0.00616788310441546,-0.564492846135443,-0.00204691644599963,0.00120413245583288,15.9399995803833,0.358192237244574
2025-07-10,0.00281628880829921,-0.874882025416078,0.00616371789735027,-0.610686104487435,0,0.00106065594233699,15.7799997329712,0.355396368848487
2025-07-11,-0.00352160205200214,-0.941004393061639,0.00622944658763525,-0.423645488429344,-0.00351540848405627,0.000855562507709773,16.3999996185303,0.371435611154405
2025-07-14,0.00190646461161403,-0.882341557699813,0.00613998339576049,-0.534607898970498,-0.00161383380785596,0.000867031495044013,17.2000007629395,0.37102467232856
2025-07-15,-0.0042824672226498,-0.949952000325402,0.00626788039318169,-0.361971811956269,-0.00588024793046966,0.000870896072982734,17.3799991607666,0.3596820429041
2025-07-16,0.00333769707137943,-0.847494208674096,0.00554332587970528,-0.276124141900176,-0.00255663382233175,0.000883133067729889,17.1599998474121,0.267689786941392
2025-07-17,0.00610089007644277,-0.914617660690355,0.00537043441868019,-0.316879903056861,0,0.000877904833590021,16.5200004577637,0.238027757125962
2025-07-18,-0.000732602889720546,-0.972584913104232,0.00483615955134403,-0.129762502693682,-0.000732334601743807,0.000879348180607603,16.4099998474121,0.163751423858449
2025-07-21,0.0018943480812732,-1.03031335350366,0.0048010588454694,-0.186685839715378,0,0.000852096889635519,16.6499996185303,0.166518447731816
2025-07-22,0.000143185187614137,-1.07997595761401,0.00470295462075285,-0.224487245234604,0,0.000800065804002622,16.5,0.211344208017439
2025-07-23,0.00847149172312101,-1.12232681432986,0.00460834404157542,-0.284693985408885,0,0.000806159291215936,15.3699998855591,0.168108810256514
2025-07-24,0.00033087760063566,-1.15172115534082,0.00421160849978113,-0.409470310274013,0,0.000794061195899052,15.3900003433228,0.192111277654146
2025-07-25,0.00421553795678076,-1.18563484113141,0.00421939819284735,-0.525237395969291,0,0.000775560402978859,14.9300003051758,0.19361118177029
2025-07-28,-0.000251197415217064,-1.21335631671231,0.00405733788832107,-0.43973505353083,-0.000251165867788728,0.000835227653428539,15.0299997329712,0.215888019110045
2025-07-29,-0.00264095241699103,-1.22063356459723,0.00411070200289857,-0.24198670326129,-0.00288797159588158,0.000881949949450666,15.9799995422363,0.254424887512307
2025-07-30,-0.00126026043752159,-1.15195515786834,0.00408509912200101,-0.0718742949052683,-0.00414380093482522,0.000916918937754522,15.4799995422363,0.240818647683137
2025-07-31,-0.00375831504628987,-1.08245127222819,0.00421839148166659,-0.0297246387357415,-0.00787951787389497,0.000932762087000473,16.7199993133545,0.136598418714919
2025-08-01,-0.0165261289052694,-1.01256878469365,0.00562915777368566,-1.04341484085047,-0.0241406916311785,0.000917399093378686,20.3799991607666,0.405909591481512
2025-08-04,0.0150854051091809,-0.214911354254723,0.00630788177193845,-0.317448321981357,-0.00930786029056007,0.000924070281396941,17.5200004577637,0.424700752185157
2025-08-05,-0.00508282202541377,-0.319812112970553,0.00617770954093566,-0.323361634247555,-0.0143305964680829,0.00090289353831317,17.8500003814697,0.406113260839037
2025-08-06,0.00763047418910556,-0.285737631527746,0.00635974037745896,-0.414085041138483,-0.00678070352596002,0.000902391378527995,16.7700004577637,0.304904984249261
2025-08-07,-0.000837987445079236,-0.389166471202745,0.00626322663068419,-0.301825791044103,-0.00761266019330957,0.000907476428214127,16.5699996948242,0.240854380673885
2025-08-08,0.00776731101707284,-0.451546362518476,0.00644067006849565,-0.322179638552559,0,0.000923255624947181,15.1499996185303,0.264211059256144
2025-08-11,-0.00197936214050021,-0.535066944814843,0.00639689485180357,-0.352170740129895,-0.00197740449510133,0.000932669962152754,16.25,0.271184599747268
2025-08-12,0.0105897113263138,-0.504404879988043,0.00673487225097389,-0.33973888873392,0,0.000968637596365942,14.7299995422363,0.293536723961242
2025-08-13,0.00341738249765733,-0.578210825158399,0.00662191575463567,-0.494824825271453,0,0.000989151942499281,14.4899997711182,0.276062046096427
2025-08-14,9.29135523319857e-05,-0.656758409625099,0.00661989811251102,-0.425020633357757,0,0.00102848119231699,14.8299999237061,0.27594039379292
2025-08-15,-0.00234394281525585,-0.727624668889112,0.00658640144600105,-0.271075494304001,-0.00234119792633475,0.00106217453774344,15.0900001525879,0.289258069035823
2025-08-18,-0.000217736259328305,-0.618109369891515,0.0065799843650327,-0.282580620475641,-0.00255840077465826,0.00108157398223394,14.9899997711182,0.294403847775375
2025-08-19,-0.00543987032959059,-0.69347397275305,0.00673292961380048,-0.152865700375012,-0.00796962222013844,0.00110015924663039,15.5699996948242,0.311596095484178
2025-08-20,-0.002660713819437,-0.493424896491824,0.00677487761232536,-0.0963996438579219,-0.0106056227789334,0.00110827304077719,15.6899995803833,0.334673119322514
2025-08-21,-0.00401968489337978,-0.500617701184789,0.00660421038411335,0.0713086273869672,-0.0145746938588048,0.00109532040477888,16.6000003814697,0.351342349815498
2025-08-22,0.0152400132582677,-0.409223057121456,0.00738538629100513,0.195867157216262,0,0.00108456482671987,14.2200002670288,0.354466064230353
2025-08-25,-0.0044107330324179,-0.489813736012638,0.00742630982979613,0.34012285090844,-0.00440102003520357,0.00105436300084354,14.789999961853,0.360627372178252
2025-08-26,0.00417822779510146,-0.462609837556662,0.00746967524312438,0.25407035222066,-0.000232478210068879,0.000984334070802882,14.6199998855591,0.356236879629659
2025-08-27,0.0022759564506929,-0.551816309180806,0.00743965856690536,0.165230015783686,0,0.00088322612084638,14.8500003814697,0.358160156241403
2025-08-28,0.0035351635079115,-0.632448833977923,0.00744540984630486,0.0741083305383231,0,0.000729815224436284,14.4300003051758,0.364478000402599
2025-08-29,-0.00598168367496932,-0.703448384968573,0.0075328433966292,0.0861988913791756,-0.00596382902320712,0.000521971536512741,15.3599996566772,0.510872497752247
2025-09-02,-0.00743774861575108,-0.518881462006953,0.0066916639496989,0.737671930079171,-0.0133297931261146,0.000456329952195406,17.1700000762939,0.427359187653444
2025-09-03,0.00540491274845323,-0.345508916948798,0.00599939213904146,0.667409557341008,-0.00798248890768884,0.00047712131895295,16.3500003814697,0.439162321133125
2025-09-04,0.00832268690687243,-0.445290329146857,0.00603966930809631,0.472359186437628,0,0.000486623930428754,15.3000001907349,0.408896419336599
2025-09-05,-0.00290058660626258,-0.52707244190836,0.00594846008262919,0.678381615743317,-0.00289638396928574,0.000511549727708178,15.1800003051758,0.443408362710803
2025-09-08,0.0024537557388582,-0.466787521261156,0.00593886767585361,0.602871909522197,-0.000446731053360261,0.000531467610290018,15.1099996566772,0.468360813340241
2025-09-09,0.00230912121475413,-0.552540834611569,0.00575517805955572,0.726726601753296,0,0.000570024931914685,15.039999961853,0.429662409376594
2025-09-10,0.00288663495329722,-0.630508242594692,0.00572827174589116,0.621518111300545,0,0.000605442943230055,15.3500003814697,0.360065463645406
2025-09-11,0.00827595011479243,-0.697887302565699,0.00555846234206323,0.60004993092096,0,0.000651730247590527,14.710000038147,0.323857775900678
2025-09-12,-0.000334780281161073,-0.752462512871982,0.00554032992833467,0.700479067560447,-0.000334724248496204,0.000692479163608603,14.7600002288818,0.378173825108819
2025-09-15,0.00530993448079986,-0.806419447234952,0.00561801694294911,0.560469663346927,0,0.000722153313401446,15.6899995803833,0.405506690531602
2025-09-16,-0.00137792710380147,-0.854649010190429,0.00559175061995318,0.550952216018995,-0.00137697819814088,0.000749282606444822,16.3600006103516,0.387361120916253
2025-09-17,-0.00124313604919823,-0.857332241403494,0.00560929123834828,0.569119390565551,-0.00261763116611388,0.000771556738273307,15.7200002670288,0.379450764801449
2025-09-18,0.0046617104785085,-0.845199778482711,0.00544565416932487,0.454562280811885,0,0.000796235475161512,15.6999998092651,0.35475187219829
2025-09-19,0.00494055016444772,-0.890868681907144,0.00539775420685559,0.297948502112967,0,0.0008167350934582,15.4499998092651,0.37422843998805
2025-09-22,0.00471980082518275,-0.930091309824445,0.00524483134617815,0.165054530642557,0,0.000844294092164021,16.1000003814697,0.315728413871294
2025-09-23,-0.00545824803539396,-0.967461242836797,0.00462327661280592,-0.439091494741463,-0.00544337886509385,0.000869882535727738,16.6399993896484,0.355271230868209
2025-09-24,-0.00318682957470795,-0.831874249639719,0.00455308549287583,-0.444227507183688,-0.00860781637938107,0.000876342689460964,16.1800003051758,0.340999545224585
2025-09-25,-0.00462404936227578,-0.712056656165459,0.00469643725131631,-0.25243945170473,-0.0131814802007395,0.000845985208347952,16.7399997711182,0.324695092083177
2025-09-26,0.0057126855778904,-0.611578287281731,0.00479917518078819,-0.295978446253001,-0.00752796326745962,0.000788842214604689,15.289999961853,0.309965857327941
2025-09-29,0.00280650486172007,-0.678013813467577,0.00478434380518762,-0.280312380822416,-0.00473867342430826,0.000704090266513593,16.1200008392334,0.297594838789128
2025-09-30,0.00375975799906847,-0.740697595443737,0.00451774763379528,-0.434385038330243,-0.000989688468698887,0.000581929791561709,16.2800006866455,0.283967849608337
2025-10-01,0.0034017796058663,-0.796515955828017,0.00401699746158381,-0.414572613024358,0,0.000585240382308267,16.2900009155273,0.262475421033662
2025-10-02,0.00115106989047842,-0.849059075216619,0.00395314262440846,-0.305976477019348,0,0.000632315782980883,16.6299991607666,0.248218606980383
2025-10-03,-1.48055159838734e-05,-0.897795321789464,0.00369453105722135,-0.310422508209739,-1.48054063826567e-05,0.000683076478800546,16.6499996185303,0.245641258802963
2025-10-06,0.00357985662668536,-0.891268324036577,0.00356982232385854,-0.500048017826511,0,0.000730235770270306,16.3700008392334,0.187047398446164
2025-10-07,-0.00371440375372067,-0.931783529874726,0.00376945310370107,-0.35341592894283,-0.00370751388931778,0.000741570629243858,17.2399997711182,0.219749198123795
2025-10-08,0.00594534661906643,-0.810753982782832,0.0038854764027109,-0.388339537522182,0,0.000743404271672842,16.2999992370605,0.216286736878822
2025-10-09,-0.00290117907811194,-0.856868563099897,0.00400581765794134,-0.224940380847876,-0.00289697472493323,0.00072964360488457,16.4300003051758,0.298422561757674
2025-10-10,-0.0273998325389631,-0.801640569914135,0.00724328462590676,-2.59793552892477,-0.0298465378701778,0.000900433731253472,21.6599998474121,0.527631510549402
2025-10-13,0.0152275876806565,0.633460967874216,0.00798705552542346,-1.85427321958244,-0.0149603885380152,0.00113127487277222,19.0300006866455,0.523573632564775
2025-10-14,-0.00122239310576155,0.444464924707969,0.00791882453887739,-1.79357342976501,-0.0161637585225374,0.00130226521859676,20.8099994659424,0.512894558116336
2025-10-15,0.00442970426678624,0.26360401648392,0.00796127563623434,-1.86390833917963,-0.0117959881023444,0.00144913877976846,20.6399993896484,0.526880762085624
2025-10-16,-0.00683342934937059,0.103999104411089,0.00811458178911475,-1.69672239589907,-0.0185257903984021,0.00158732119995674,25.3099994659424,0.534574788384926
2025-10-17,0.00566015621450067,0.197060379229302,0.00814467139831842,-1.68902230700964,-0.0129547414212803,0.00170884547030066,20.7800006866455,0.552264235846897
2025-10-20,0.0103467871677614,0.0483356968488182,0.00838119872518085,-1.5646046392406,-0.00268897694991514,0.00183049234180837,18.2299995422363,0.54430816152725
2025-10-21,-1.49429904290344e-05,-0.0816769914730367,0.00832670474043973,-1.51875141530565,-0.00270387964764171,0.00192846790529589,17.8700008392334,0.625031383658227
2025-10-22,-0.00521247745343967,-0.205190625636134,0.00831835058452588,-1.52555995567398,-0.00788873847018048,0.0019961343793239,18.6000003814697,0.590982736836394
2025-10-23,0.00591244967741655,-0.0126933766189568,0.00836295630788905,-1.64164537647333,-0.00200555568914143,0.0020458286250292,17.2999992370605,0.589224047059973
2025-10-24,0.00813934021143758,-0.138571936465374,0.00841559899622963,-1.78549998403665,0,0.00208596999138382,16.3700008392334,0.64253393319467
2025-10-27,0.0117286146034017,-0.253490548315143,0.00866940219316746,-1.65388111534917,0,0.00212671659134519,15.789999961853,0.691108948238199
2025-10-28,0.00265249504166931,-0.347170961665082,0.00866844533851187,-1.6518700328235,0,0.00214951491584521,16.4200000762939,0.661393878558327
2025-10-29,0.000480255297647503,-0.44489740449839,0.00865804556172024,-1.60324420355858,0,0.00214193608277774,16.9200000762939,0.663292967702766
2025-10-30,-0.0110591143403855,-0.53527309919152,0.00906414375865735,-1.29977491126113,-0.0109981871425081,0.00210094037366091,16.9099998474121,0.612001917001844
2025-10-31,0.00327485389515036,-0.19403873965565,0.00908004545375367,-1.32616868032853,-0.00775404155131325,0.00202503723525995,17.4400005340576,0.603937034818431
2025-11-03,0.0018749809994727,-0.309339881675849,0.0090798383569518,-1.35661185690549,-0.00589185399482652,0.00188873939024345,17.1700000762939,0.602543476019782
2025-11-04,-0.0119243608024746,-0.412057752420188,0.00948063943086639,-1.08251673893668,-0.0176755619844796,0.00170424910048703,19,0.629694785444145
2025-11-05,0.00345948541413232,-0.0386989342503677,0.00945961978424893,-1.1950347737073,-0.0142713398860252,0.0014696885732331,18.0100002288818,0.61040545920055
2025-11-06,-0.0107874293787704,-0.167321851165636,0.00968865171763767,-0.950622154596054,-0.0248476699243907,0.00115846221402096,19.5,0.611834887149768
2025-11-07,0.000984080712362889,0.0644401937712391,0.00967154234054407,-1.01327788158411,-0.0238875689938251,0.000646520803137751,19.0799999237061,0.612555919694528
2025-11-10,0.0154838740552954,-0.0389761757663389,0.00797921904894102,-0.162306129328168,-0.0086559491207386,0.000586175532151824,17.6000003814697,0.481996525272358
2025-11-11,0.00228656085395063,-0.15203380142609,0.00738659978977202,-0.23981786534608,-0.00638658709276622,0.000632416647051817,17.2800006866455,0.482991458958578
2025-11-12,0.000556235638634384,-0.26839334399106,0.00736504420200323,-0.275017577817091,-0.00583375016193422,0.000672966486493438,17.5100002288818,0.469614899561302
2025-11-13,-0.0167332190959311,-0.339367802286946,0.00832854369633683,-0.355875982014244,-0.0223309413474485,0.00066061664910216,20,0.483237639158146
2025-11-14,-0.00016356304453069,0.168462379536847,0.00816081582555788,-0.460988167270279,-0.0224908387982122,0.000658985743357143,19.8299999237061,0.452994186084643
2025-11-17,-0.00936029173962982,0.110664549850204,0.00836974523651978,-0.265773831295732,-0.0315979207601593,0.000652939283643899,22.3799991607666,0.464246225459385
2025-11-18,-0.008432918992475,0.251623629577021,0.00822118884773631,-0.101234615393243,-0.0397300401023881,0.000656726786965815,24.6900005340576,0.432312657314426
2025-11-19,0.00385573373906478,0.424134179257647,0.00828289000610567,-0.158337979823279,-0.0360203476220715,0.000657731931189619,23.6599998474121,0.415853625665546
2025-11-20,-0.0153595841098708,0.243808172330252,0.00884143987174362,-0.192284768498966,-0.0507135446122393,0.000656224694020251,26.4200000762939,0.481642897465355
2025-11-21,0.00991185305247644,0.570691972513412,0.0090409014100884,-0.175909543052722,-0.0412575710681947,0.000659089270789464,23.4300003051758,0.447123146479618
2025-11-24,0.014611339452439,0.376705028702054,0.00946519522008382,-0.0722474579119999,-0.0271462181611811,0.000678928830065038,20.5200004577637,0.453699936557402
2025-11-25,0.00936187659870491,0.217257473955289,0.00932406127118102,-0.094401469470923,-0.0179957149989986,0.000691760877850118,18.5599994659424,0.385367833089843
2025-11-26,0.00687986180181444,0.0646823419098062,0.00944525824407166,-0.13202146245197,-0.0112163674826599,0.000708114679121073,17.1900005340576,0.400873265640419
2025-11-28,0.00544359096669655,-0.0737091416371576,0.00953307905817299,-0.192188853903941,-0.00581915705752521,0.000726057948838642,16.3500003814697,0.41010132720009
2025-12-01,-0.00457592388986683,-0.199138163618316,0.00926776401840783,-0.236067307730661,-0.0103580601699658,0.000730793240032563,17.2399997711182,0.399948182507731
2025-12-02,0.0018505635218018,-0.123107022345792,0.00924802704230005,-0.216857860043281,-0.00852496929404917,0.00073455367794885,16.5900001525879,0.416372464614031
2025-12-03,0.00345676756910063,-0.248607484449379,0.00927079208349936,-0.237948336173455,-0.00509174004327258,0.000738840442082345,16.0799999237061,0.411130635329564
2025-12-04,0.000730872635502422,-0.361663161639327,0.00885635200034899,-0.356165905657728,-0.00436432302901995,0.000724580942661897,15.7799997329712,0.39580222199817
2025-12-05,0.00189759318350902,-0.464152000460202,0.00883803776544769,-0.334028770943413,-0.00247321784845894,0.000709661148982272,15.4099998474121,0.390629979177323
2025-12-08,-0.00300873080032993,-0.558727724406271,0.00849472317296353,-0.391803757233197,-0.00546999689068395,0.000681306153269118,16.6599998474121,0.347531943012592
2025-12-09,-0.00086349079512793,-0.568663287655093,0.00850377375736817,-0.359234870010185,-0.00632839373162601,0.000647692410773375,16.9300003051758,0.347627153588801
2025-12-10,0.00661033874241834,-0.572661205271272,0.0079421261076247,-0.578260646987709,0,0.00064973871034105,15.7700004577637,0.275411244944706
2025-12-11,0.0023242428851189,-0.650208385295895,0.00794257162373516,-0.578817029330077,0,0.000604332828521638,14.8500003814697,0.259276248228712
2025-12-12,-0.0108102968489865,-0.724676454662607,0.00831211475845014,-0.431161973023925,-0.0107520755752827,0.000530385788244999,15.7399997711182,0.266344315537752
2025-12-15,-0.00151195097225454,-0.349340400303723,0.00740445224204076,-0.332808428807852,-0.0122466397977887,0.000600543826621717,16.5,0.261573059646936
2025-12-16,-0.00273602464943501,-0.372825312830629,0.00743911923753858,-0.282163997520302,-0.0149454636310204,0.000651607443596235,16.4799995422363,0.26566246276909
2025-12-17,-0.0110645813229544,-0.366055070710397,0.00756025569032849,-0.305390247726549,-0.0257846038007312,0.00069281985181935,17.6200008392334,0.241411911984139
2025-12-18,0.00752289464579281,-0.0606823654133977,0.00742792434886646,-0.506187502252705,-0.0184280474081451,0.000736484643611724,16.8700008392334,0.227445852865945
2025-12-19,0.00902267915654331,-0.192427174821394,0.00760487505622947,-0.516972939769865,-0.00953156390693036,0.000765040542670057,14.9099998474121,0.24888657827086
2025-12-22,0.00621047884157377,-0.304403972840591,0.00661883751627195,-0.41185843717197,-0.00336113983002491,0.000870632235215434,14.0799999237061,0.155705478629777
2025-12-23,0.0045600793634355,-0.404982670511557,0.00641675415920447,-0.408861409617207,0,0.00096539046977368,14,0.204783807935714
2025-12-24,0.00351150185076676,-0.49637162939331,0.00576629055545631,-0.792774495646038,0,0.00107858925546615,13.4700002670288,0.15274534614344
2025-12-26,-0.000101414807759603,-0.580076441124692,0.00549762854152679,-0.804877666767698,-0.000101409665452091,0.0011885078269725,13.6000003814697,0.134875218622429
2025-12-29,-0.00357001844677995,-0.630693139740261,0.00543101729536181,-0.645622021570569,-0.00366470178403687,0.00126019164046293,14.1999998092651,0.0963061756197951
2025-12-30,-0.00122195990235774,-0.584106474115092,0.00533442590457703,-0.536435096680242,-0.0048814400136943,0.00130054510489608,14.3299999237061,0.0566542558195011
