Date,Prob_State0,Prob_State1,Prob_State2
2016-01-04,1.0,0.0,2.996008052846659e-197
2016-01-05,0.9999980259546122,2.4448793638717757e-12,1.9740421931406605e-06
2016-01-06,0.9999988226870864,1.627703615002806e-15,1.1773125385654412e-06
2016-01-07,0.9999954622210865,4.940091235577641e-28,4.537779030554706e-06
2016-01-08,0.9999990444453051,9.706300638724574e-38,9.555548555607676e-07
2016-01-11,0.9999997694467576,2.5827525735214616e-43,2.3055312764907073e-07
2016-01-12,0.999999761965256,6.689925513895759e-43,2.3803436024962821e-07
2016-01-13,0.9999996538409195,2.365577303632443e-52,3.4615958042450124e-07
2016-01-14,0.9999996002680636,2.1977436808385146e-58,3.9973209230680884e-07
2016-01-15,0.9999995271992911,2.4200211004695147e-58,4.7280158923535625e-07
2016-01-19,0.999999909718103,1.3388300100232493e-69,9.028127373319934e-08
2016-01-20,0.9999999509655039,8.950894058308637e-78,4.903444394241933e-08
2016-01-21,0.999999971916623,8.623094261766353e-86,2.80834002792977e-08
2016-01-22,0.9999999049541702,7.718878963830003e-80,9.504538597834571e-08
2016-01-25,0.9999999599258452,3.441548623384256e-69,4.00747601032663e-08
2016-01-26,0.9999999637711887,1.7303113234556194e-77,3.6228188630563115e-08
2016-01-27,0.9999999885549187,1.3615703303805913e-72,1.1444872181720961e-08
2016-01-28,0.9999999927040335,9.790686518734711e-83,7.295237044973561e-09
2016-01-29,0.9999997332015839,2.8250795164641944e-75,2.6679917547896553e-07
2016-02-01,0.9999998460625766,3.2510988094520256e-53,1.5393724642873346e-07
2016-02-02,0.999999882738855,3.3028132851686864e-65,1.1726066652982083e-07
2016-02-03,0.9999999398551171,3.311954520597108e-67,6.01452890662581e-08
2016-02-04,0.9999999138781314,4.5939150454286475e-64,8.612117345222276e-08
2016-02-05,0.9999999352621692,1.1400380723558991e-75,6.47379340465158e-08
2016-02-08,0.9999999920128175,2.004976954799497e-91,7.987252797765828e-09
2016-02-09,0.9999999942083377,2.409647995387181e-98,5.791497127500948e-09
2016-02-10,0.9999999962110451,8.594315909596724e-104,3.789789060995724e-09
2016-02-11,0.9999999973661033,2.5810571515933906e-114,2.63367375636281e-09
2016-02-12,0.9999999947576725,5.525725739758607e-119,5.2429666374712845e-09
2016-02-16,0.999999970885256,6.962776763467636e-90,2.9115355620216113e-08
2016-02-17,0.9999998986240877,2.5955349403168945e-68,1.0137569655779408e-07
2016-02-18,0.9999999581759775,2.020364609748904e-57,4.182469712922516e-08
2016-02-19,0.9999999769024728,1.1639747625557943e-61,2.3097645054626583e-08
2016-02-22,0.9999998286966876,8.262979737109558e-61,1.7130260807994884e-07
2016-02-23,0.9999999435767692,4.093111584524349e-54,5.642321909586322e-08
2016-02-24,0.9999999678530008,3.022333909538183e-59,3.214709495448152e-08
2016-02-25,0.9999998977527919,3.10434294221661e-54,1.0224800317088753e-07
2016-02-26,0.9999998517887544,1.0656363303903219e-45,1.4821087398040847e-07
2016-02-29,0.9999999231185969,1.614078068672295e-51,7.688213428484591e-08
2016-03-01,0.9999991516764527,9.756517399475052e-50,8.48322721159236e-07
2016-03-02,0.9999993718795094,7.663382693151562e-31,6.281204046794945e-07
2016-03-03,0.9999995694543958,1.86766764106831e-27,4.3054526675486743e-07
2016-03-04,0.9999991730586553,2.0506164295682097e-25,8.269411826399443e-07
2016-03-07,0.9999988166444108,2.6973964919155205e-24,1.1833547575391368e-06
2016-03-08,0.9999997716495533,3.0903588843137732e-27,2.2835085018453408e-07
2016-03-09,0.9999998064722792,2.5097513454492092e-26,1.9352811948766955e-07
2016-03-10,0.999999804502314,1.2016788359231666e-24,1.9549803434139905e-07
2016-03-11,0.9999979592305768,7.125222633309248e-23,2.040770039710743e-06
2016-03-14,0.9999988219285687,1.743332945005992e-14,1.178071126853767e-06
2016-03-15,0.9999990972996311,2.6422492174441727e-15,9.027009498653943e-07
2016-03-16,0.9999993873900224,2.048396136774234e-15,6.126107242182053e-07
2016-03-17,0.9999992039596222,2.9852291152409693e-12,7.960365816372753e-07
2016-03-18,0.9999990840719521,6.838393678786486e-10,9.152447055986939e-07
2016-03-21,0.99999900226662,5.121291809023666e-09,9.92611357581068e-07
2016-03-22,0.9999989137146701,1.3450580028102102e-08,1.072835181621422e-06
2016-03-23,0.9999997896993812,3.45569249573664e-09,2.0684555381038982e-07
2016-03-24,0.9999998532948774,5.362935416729585e-10,1.4616802464533992e-07
2016-03-28,0.9999996260304005,1.935056424630443e-09,3.720343922956397e-07
2016-03-29,0.9999991538083065,2.9415173929424297e-08,8.16776137800525e-07
2016-03-30,0.9988876274271593,0.0011106375163800906,1.7350572149654722e-06
2016-03-31,0.9777753469172662,0.02222464974238351,3.340683788463077e-09
2016-04-01,0.9708055851119707,0.02919440914257572,5.74460421430209e-09
2016-04-04,0.9684264107609056,0.03157358148401091,7.755717868491927e-09
2016-04-05,0.9936701432629784,0.006328499338165389,1.3573988779071197e-06
2016-04-06,0.9957449801810058,0.004254861499252706,1.5831896599644017e-07
2016-04-07,0.9952249552407877,0.0047713443343726895,3.700425165098222e-06
2016-04-08,0.9913105995164424,0.008682692082327954,6.70840193557414e-06
2016-04-11,0.9555551770463894,0.04440059581572368,4.4227137577608406e-05
2016-04-12,0.7403463892133072,0.2593473440652466,0.00030626672085960527
2016-04-13,0.03645184185411581,0.9635189124277238,2.9245717654500837e-05
2016-04-14,0.0001998088098300472,0.9997998581242256,3.330666410060252e-07
2016-04-15,3.409355980429388e-06,0.9999965403408898,5.030370367609792e-08
2016-04-18,9.586176119715231e-07,0.9999990364854151,4.896448954162243e-09
2016-04-19,9.425878331325018e-07,0.9999990308647433,2.6547755308224535e-08
2016-04-20,9.445559198722194e-07,0.9999990424935313,1.2950708069102371e-08
2016-04-21,1.6681695045150804e-06,0.9999983151952261,1.6634625659231822e-08
2016-04-22,1.8309140656652809e-07,0.9999998169005434,7.4926352526204e-12
2016-04-25,1.6530254265515684e-07,0.9999998346884377,8.587595855229398e-12
2016-04-26,1.6892859354498854e-07,0.9999998310613735,9.70593769796746e-12
2016-04-27,5.4887251494929495e-09,0.999999994512109,8.97531688846312e-16
2016-04-28,4.306068849186377e-08,0.9999999569390647,3.9027067410847276e-14
2016-04-29,7.585479060502254e-08,0.9999999241445068,1.7928614599914398e-14
2016-05-02,8.131316293798408e-08,0.999999918687539,1.6022278774443116e-14
2016-05-03,2.1410516643903584e-08,0.999999978588676,9.423745269279882e-16
2016-05-04,9.718374347512537e-08,0.9999999028168579,5.037897284095621e-16
2016-05-05,8.882589641296312e-08,0.9999999111732945,1.963231759840499e-17
2016-05-06,6.550886187909989e-08,0.9999999344909177,2.460373449985254e-18
2016-05-09,1.616295837112916e-08,0.9999999838364603,5.204311810937703e-19
2016-05-10,9.951950187235616e-08,0.9999999004812757,4.640439159082759e-16
2016-05-11,1.6207730413228875e-09,0.9999999983792804,5.484925249352845e-19
2016-05-12,1.0416698124774752e-10,0.9999999998963176,7.949259868268145e-23
2016-05-13,4.0833564633040576e-10,0.9999999995925464,6.861396144720467e-23
2016-05-16,6.353592404615693e-08,0.9999999364645211,2.0408372102670137e-17
2016-05-17,4.2104470775173056e-08,0.9999999578958532,5.3060095181438576e-17
2016-05-18,1.468065361205359e-07,0.999999853193014,1.5240699768514442e-16
2016-05-19,6.325404814329532e-07,0.9999993674593679,9.261280490704955e-16
2016-05-20,3.0084399257372373e-06,0.999996991559761,1.5883239994778998e-14
2016-05-23,1.3802443287028096e-05,0.999986197492703,6.38625761364593e-11
2016-05-24,3.446135764860013e-05,0.9999655341717392,4.471314538489571e-09
2016-05-25,1.1199899523875625e-06,0.999998879532259,4.775065189707743e-10
2016-05-26,1.1857232368407595e-06,0.9999988111055946,3.171468246936305e-09
2016-05-27,5.766553306659203e-07,0.9999994231440569,2.0081664491701148e-10
2016-05-31,3.0921172299308843e-07,0.9999996907209175,6.699688035073225e-11
2016-06-01,2.5428332400695135e-07,0.9999997456380111,7.855524389330834e-11
2016-06-02,6.86440202921396e-07,0.9999993124713545,1.088781747368702e-09
2016-06-03,9.138988141139387e-07,0.9999990851997246,9.010972043033642e-10
2016-06-06,8.190955137827165e-07,0.9999991793741813,1.5296967189437349e-09
2016-06-07,6.514453219548907e-07,0.999999346413674,2.1408385056596886e-09
2016-06-08,8.127936741936245e-07,0.9999991838125117,3.3929843185860156e-09
2016-06-09,4.7374497266354305e-07,0.9999995245872235,1.6669811217867564e-09
2016-06-10,8.318097165382566e-07,0.9999991549706397,1.3220450291439198e-08
2016-06-13,5.391979965676398e-07,0.9999977165269834,1.744274287950567e-06
2016-06-14,2.5629700365096483e-06,0.9999944849666655,2.9520632972533156e-06
2016-06-15,7.262368211280837e-06,0.9999902895322871,2.448099177315507e-06
2016-06-16,8.084873323202638e-06,0.9999901971867341,1.717939477884106e-06
2016-06-17,1.0806762815054108e-05,0.9999878282391801,1.3649974350902742e-06
2016-06-20,1.2665895455921022e-05,0.9999864084507475,9.256529312693824e-07
2016-06-21,7.882516782740286e-07,0.9999991419557817,6.97934311555674e-08
2016-06-22,1.068956028737231e-07,0.9999962084874852,3.684616144876789e-06
2016-06-23,3.386696202429035e-05,0.9994058383182739,0.0005602947196299556
2016-06-24,8.39830305959548e-14,2.279099670899332e-10,0.9999999997726263
2016-06-27,4.204792773047312e-06,5.073243397586693e-13,0.9999957952074691
2016-06-28,0.00013858830384893338,2.993722921817243e-14,0.9998614116957293
2016-06-29,0.00014165550074897454,1.0220880721489624e-08,0.9998583342787138
2016-06-30,8.446466715796032e-05,1.7840898571459835e-06,0.9999137512420796
2016-07-01,3.946696005122595e-05,1.7348789167883072e-06,0.9999587981613208
2016-07-05,1.5689763248717068e-05,5.584758738134602e-07,0.9999837517617743
2016-07-06,8.189827706068214e-06,1.3024216404912388e-06,0.9999905077507126
2016-07-07,3.874437049167226e-06,6.741266123841914e-07,0.9999954514363473
2016-07-08,7.373931301310567e-07,2.924695990714438e-08,0.9999992333599249
2016-07-11,6.418500244278794e-07,1.5570020205019492e-07,0.9999992024498622
2016-07-12,7.945577807614859e-08,2.4717000705835494e-07,0.99999967337504
2016-07-13,3.485364776988935e-08,1.4325847776772325e-07,0.9999998218882115
2016-07-14,8.790528612585718e-09,8.022424580110883e-08,0.9999999109859385
2016-07-15,1.3055435127537383e-08,7.376581241946871e-08,0.9999999131796395
2016-07-18,1.918825041092913e-08,1.4404914687661745e-07,0.9999998367620853
2016-07-19,2.8774169451631404e-08,1.8272375064220437e-07,0.9999997885024864
2016-07-20,5.1890380660956364e-08,1.6569662703684284e-07,0.9999997824125112
2016-07-21,2.59661777025927e-07,1.0298408019464542e-06,0.9999987104974154
2016-07-22,1.2152756593812442e-06,0.00016044886637634831,0.9998383358575476
2016-07-25,6.338165666038703e-05,0.021664350181739067,0.9782722681614417
2016-07-26,0.0004859243563213023,0.999312541770526,0.00020153387365357537
2016-07-27,8.25303477770114e-09,0.9999999917472451,1.9451441109300873e-17
2016-07-28,4.52110187418739e-10,0.9999999995470716,5.653269967247646e-19
2016-07-29,8.058781622704604e-10,0.9999999991941877,7.5690956976786955e-19
2016-08-01,5.294633862136453e-10,0.9999999994706741,1.1728323438990377e-18
2016-08-02,4.945402047332274e-09,0.9999999950541678,5.9527890878687e-16
2016-08-03,3.748267760247333e-09,0.9999999962510628,3.611544062148746e-16
2016-08-04,5.520928070617885e-09,0.9999999944793672,4.4134909620559274e-15
2016-08-05,5.105702797897676e-08,0.9999999489427878,9.747298215331746e-14
2016-08-08,9.880020583297026e-08,0.9999999011979575,1.0261831246125747e-12
2016-08-09,9.605537816716869e-08,0.9999999039409933,3.420441372283156e-12
2016-08-10,2.4899713262860045e-07,0.9999997508748804,1.274602699867151e-10
2016-08-11,1.8222032634655555e-07,0.9999998177463734,3.377634523080625e-11
2016-08-12,1.9001087206012783e-07,0.9999998099720141,1.768327179848594e-11
2016-08-15,8.23720264514805e-08,0.9999999176234303,4.7293249570980844e-12
2016-08-16,7.923551283190551e-08,0.9999999207611867,3.3915697070754837e-12
2016-08-17,4.135771731722113e-08,0.9999999586416388,6.903660274993178e-14
2016-08-18,4.2977498058734557e-08,0.9999999570227383,1.450959808436627e-14
2016-08-19,1.3962152059914316e-08,0.9999999860374373,1.3405340409591872e-16
2016-08-22,7.370564044833427e-09,0.9999999926294549,4.7606135139548814e-17
2016-08-23,3.6123106978666674e-09,0.999999996387487,2.0690246113354358e-18
2016-08-24,2.5993364717457457e-09,0.9999999974006641,1.3038251253903964e-18
2016-08-25,9.456693792526682e-07,0.9999990529090548,1.421411749376735e-09
2016-08-26,1.2545870163264911e-06,0.9999987413747211,4.037464886896787e-09
2016-08-29,1.4023778952443526e-06,0.9999985938203163,3.801402667560262e-09
2016-08-30,9.030461070107212e-07,0.9999990594046597,3.754986987368263e-08
2016-08-31,8.950885443556101e-07,0.9999990853470626,1.956496540161324e-08
2016-09-01,7.256677944036076e-07,0.9999992675896419,6.741681200080614e-09
2016-09-02,1.0465070677825015e-06,0.9999989460962848,7.3965674780354954e-09
2016-09-06,9.066814868535684e-07,0.9999990932869441,3.153431304321569e-11
2016-09-07,1.2881887381593439e-06,0.9999987117652493,4.656372398377769e-11
2016-09-08,3.454222403932699e-05,0.999964976419846,4.813566271692179e-07
2016-09-09,3.7747782895310025e-08,0.1396198858086724,0.8603800764433426
2016-09-12,0.0013628615652140485,0.47605159863714686,0.5225855397979083
2016-09-13,0.022872745150903376,0.9347443058309992,0.04238294901729849
2016-09-14,0.018383820945377247,0.9813322682740133,0.00028391078073051237
2016-09-15,0.008856312618611051,0.9911079063497945,3.5781031560116745e-05
2016-09-16,0.0023897945605490644,0.9976056185447048,4.586895276073576e-06
2016-09-19,0.0006677207210835528,0.9993262343899544,6.044888227057688e-06
2016-09-20,0.00017928662476710455,0.9998130989847209,7.61439038697504e-06
2016-09-21,8.995356931342005e-05,0.999901761051643,8.285379587308805e-06
2016-09-22,8.292971772122425e-06,0.9999904519191835,1.255108543965968e-06
2016-09-23,1.399804873650105e-05,0.9999812404889526,4.761462502750605e-06
2016-09-26,5.532693779473652e-05,0.9999347227518929,9.95031038621943e-06
2016-09-27,4.3250263687416026e-05,0.9999536089464368,3.1407905920121306e-06
2016-09-28,1.959537420537977e-05,0.9999786041095586,1.8005168302234075e-06
2016-09-29,7.167907305299199e-05,0.9999161398394686,1.2181087507477853e-05
2016-09-30,2.8905405552796168e-05,0.9999673206722202,3.7739223871269135e-06
2016-10-03,1.5558569898600898e-05,0.9999829574077724,1.4840216029748253e-06
2016-10-04,4.276638255876566e-05,0.9999551414223808,2.0921956453737425e-06
2016-10-05,2.4113297613229306e-05,0.9999753346623632,5.520402297630409e-07
2016-10-06,7.55792218992386e-06,0.9999922802951571,1.6178258386073197e-07
2016-10-07,7.373103809871607e-06,0.9999924365142303,1.90382282805347e-07
2016-10-10,1.4009654937237686e-06,0.9999985987352188,2.999437253931821e-10
2016-10-11,9.30848955462497e-06,0.9999906910794742,4.3025012599242646e-10
2016-10-12,5.477258924014324e-05,0.999945208627177,1.878326415116229e-08
2016-10-13,0.00020790027689988435,0.9997915293367609,5.703859647287725e-07
2016-10-14,0.0005424706522221716,0.9994574544910152,7.48565655783298e-08
2016-10-17,0.0010514574938267857,0.998948246875601,2.956299578239023e-07
2016-10-18,0.0009092687906474306,0.9990904739467138,2.572632030665982e-07
2016-10-19,0.00018033882782589035,0.9998196385293797,2.2642426805726302e-08
2016-10-20,6.595387199338243e-05,0.999933925210164,1.209186814114e-07
2016-10-21,1.5255042699116077e-05,0.9999847449107067,4.668214325362618e-11
2016-10-24,6.298262689270263e-06,0.9999937016635234,7.359972173232596e-11
2016-10-25,1.772764987140645e-05,0.9999822723118762,3.873848551258814e-11
2016-10-26,0.0006012953799198875,0.9993987044466994,1.737428446404412e-10
2016-10-27,0.01104449819009831,0.9889554956605963,6.1485746431672485e-09
2016-10-28,0.06535460892775563,0.9346453883264048,2.74576771453208e-09
2016-10-31,0.27938603588548705,0.7206139259827656,3.8132302590222256e-08
2016-11-01,0.9011503535086892,0.09884887361519125,7.728761158759749e-07
2016-11-02,0.9999077094351922,9.221590004820881e-05,7.466546517349529e-08
2016-11-03,0.9999999505562313,6.840228014780375e-09,4.260434408566873e-08
2016-11-04,0.9999999401079567,4.059996798031488e-10,5.948683786372492e-08
2016-11-07,0.9997544927421621,0.00010524291249014565,0.00014026434555631666
2016-11-08,0.0009689762333103063,0.9990309295681904,9.419825285851009e-08
2016-11-09,2.9869849267212877e-07,0.9999997008617804,4.398213195950346e-10
2016-11-10,5.6012722783358196e-09,0.999999994333848,6.44047615327525e-11
2016-11-11,6.355524605707093e-09,0.9999999936062522,3.880369049801251e-11
2016-11-14,4.485521484734959e-09,0.9999999954925443,2.2799441296878578e-11
2016-11-15,4.664651162239553e-08,0.9999999530264188,3.268143466263332e-10
2016-11-16,1.0677429268037839e-08,0.9999999892843334,3.8653373534553385e-11
2016-11-17,1.3237336086824595e-08,0.9999999867304723,3.306023469713133e-11
2016-11-18,2.2460030470461548e-08,0.9999999774900064,5.081785106897942e-11
2016-11-21,1.7830690623656607e-07,0.999999818455779,3.2379944097029312e-09
2016-11-22,1.1567239124060984e-07,0.9999998814346397,2.893418647508931e-09
2016-11-23,1.4063873494347208e-07,0.9999998552539286,4.107754299082564e-09
2016-11-25,2.1763432937059005e-07,0.99999977865448,3.711574442951791e-09
2016-11-28,3.3114877097776283e-07,0.9999996654406109,3.4106239961618286e-09
2016-11-29,1.697693652783044e-07,0.9999998292187374,1.0123001195859411e-09
2016-11-30,2.1448168896744552e-07,0.9999997838495125,1.668457001203244e-09
2016-12-01,1.1653683665511428e-07,0.9999998816165386,1.8457943539025728e-09
2016-12-02,3.1081585194584124e-08,0.9999999678711907,1.046693608462799e-09
2016-12-05,3.8764175180344745e-08,0.9999999609080995,3.278106024749324e-10
2016-12-06,2.3561316026357776e-08,0.9999999763222153,1.1695016110044602e-10
2016-12-07,4.973443175875976e-06,0.9999950259731136,5.831305176459064e-10
2016-12-08,2.0642414321731105e-07,0.9999997935610949,1.4014509059537663e-11
2016-12-09,9.133218616574082e-07,0.9999990860437349,6.339115531702625e-10
2016-12-12,4.4905608653257087e-07,0.9999995501640216,7.800834045064545e-10
2016-12-13,1.1577277151911326e-06,0.9999988334682239,8.803219423632664e-09
2016-12-14,3.211477576684547e-06,0.9999967785349375,9.98668638410935e-09
2016-12-15,8.877275910190909e-07,0.9999991116005129,6.715827616710093e-10
2016-12-16,1.2197716467152224e-06,0.9999987710460394,9.181918995682302e-09
2016-12-19,1.0670473170988014e-06,0.9999989236390656,9.313498599434274e-09
2016-12-20,1.2510990579854642e-06,0.9999987369509445,1.195074565722883e-08
2016-12-21,1.3672947494068968e-06,0.9999986268913167,5.813557736887821e-09
2016-12-22,1.076673576286351e-06,0.9999989192225641,4.103358373466211e-09
2016-12-23,8.773133851538602e-07,0.9999991197168365,2.9704050130634938e-09
2016-12-27,8.077075052918682e-07,0.999999189203992,3.0889154472505736e-09
2016-12-28,2.8350743294134018e-06,0.9999971519032074,1.3022274893517386e-08
2016-12-29,1.1322092357832495e-06,0.9999988621099981,5.680007441949803e-09
2016-12-30,1.7465874520301037e-06,0.9999982439437147,9.468679980097231e-09
2017-01-03,1.9038639158789303e-06,0.9999980929569569,3.1795596709477985e-09
2017-01-04,1.0515408954909395e-06,0.9999989473623001,1.0972814916470417e-09
2017-01-05,1.4292917275018306e-06,0.9999985568039347,1.3905197165272876e-08
2017-01-06,1.060858633676308e-06,0.9999989198428388,1.9298970428494314e-08
2017-01-09,1.3103101459373642e-06,0.9999986853335487,4.356002395921119e-09
2017-01-10,1.0845934513264417e-06,0.9999989074773623,7.928577091655384e-09
2017-01-11,1.0443889216663763e-06,0.9999989538851893,1.726127596269082e-09
2017-01-12,1.3295664852336155e-06,0.9999986634511352,6.9823792253602915e-09
2017-01-13,7.95217470305807e-07,0.9999992045307844,2.52021570547357e-10
2017-01-17,6.746466939175725e-07,0.9999993253279629,2.5977743893291675e-11
2017-01-18,5.661515405279917e-07,0.9999994338215186,2.7527017000326424e-11
2017-01-19,6.850773904562665e-07,0.9999993148778759,4.4140013352279146e-11
2017-01-20,8.634984635126491e-07,0.9999991363496611,1.5193661517498438e-10
2017-01-23,6.993961633036824e-07,0.9999993005442492,6.03786968219176e-11
2017-01-24,8.204338965374019e-07,0.9999991795269763,3.872570464485384e-11
2017-01-25,2.165937823538262e-06,0.9999978335532254,5.087409972046341e-10
2017-01-26,6.514357957657248e-07,0.9999993485200623,4.412139259883711e-11
2017-01-27,1.0750802232334798e-07,0.999999892492275,4.7192791702686265e-14
2017-01-30,1.1367351256233817e-07,0.9999998863259016,6.074261238653457e-14
2017-01-31,8.430669448818309e-08,0.9999999156934827,4.6355524472565303e-14
2017-02-01,8.804741779239682e-13,1.0,3.301562476207846e-28
2017-02-02,1.2563111368363249e-12,0.999999999998181,6.197133265446443e-28
2017-02-03,9.764152703778455e-12,0.999999999990905,1.056938990331879e-25
2017-02-06,4.141928800494441e-12,0.999999999996362,5.337701014239105e-26
2017-02-07,8.66839009472577e-13,1.0,1.8493571358843034e-27
2017-02-08,1.5064484425231298e-12,0.999999999998181,4.3406674199525306e-27
2017-02-09,1.010656544254144e-11,0.9999999999890861,1.4250612050062324e-25
2017-02-10,4.089762957124233e-12,0.999999999996362,2.141004099579297e-26
2017-02-13,4.90560428095617e-12,0.999999999994543,1.501817165071831e-26
2017-02-14,8.54866789395918e-12,0.999999999990905,5.931411916226228e-26
2017-02-15,8.355914182238845e-12,0.999999999990905,1.1232299897819347e-25
2017-02-16,5.776974596376541e-12,0.999999999994543,1.0392665654435774e-25
2017-02-17,2.3864642566420825e-12,0.999999999998181,5.497254461105394e-27
2017-02-21,4.538525115557962e-12,0.999999999996362,6.916646314686813e-27
2017-02-22,2.786539948363549e-12,0.999999999996362,1.0709352117917049e-26
2017-02-23,4.043186390878768e-12,0.999999999996362,1.6325382994459503e-26
2017-02-24,3.259259956759682e-12,0.999999999996362,3.144903583380356e-27
2017-02-27,9.066237409073877e-12,0.999999999990905,8.753695587604472e-26
2017-02-28,3.363358982848733e-10,0.999999999663487,2.7567465298362693e-21
2017-03-01,3.729738412839405e-09,0.9999999962710717,3.040024723881397e-18
2017-03-02,7.494768590378875e-09,0.9999999925057637,3.44808803499969e-17
2017-03-03,2.238953149222136e-07,0.9999997533050495,2.2800439092832832e-08
2017-03-06,4.218589498276785e-07,0.9999995522958763,2.5845683373986732e-08
2017-03-07,2.4482182504895834e-07,0.9999997316645381,2.3513708520532995e-08
2017-03-08,4.098880506462331e-07,0.9999995753788418,1.473232972533748e-08
2017-03-09,2.9636973376291547e-07,0.9999996714942057,3.213542008839708e-08
2017-03-10,2.937359219492573e-07,0.9999996791612435,2.710230427028762e-08
2017-03-13,1.201952491197519e-07,0.999999867612141,1.2192535916851202e-08
2017-03-14,1.647259354779192e-07,0.9999998041567061,3.111723194447656e-08
2017-03-15,1.6250894286898483e-07,0.9999997902778197,4.7214144351448185e-08
2017-03-16,5.368399872626014e-08,0.9999999162846542,3.00307012528293e-08
2017-03-17,2.037362003727855e-08,0.9999999617302827,1.7895818262549957e-08
2017-03-20,2.6023507295602045e-08,0.9999999645569921,9.418864124465405e-09
2017-03-21,1.871553586485588e-05,0.9999798823523633,1.4021120187133e-06
2017-03-22,8.547879764028488e-06,0.9999862692890453,5.18283057369131e-06
2017-03-23,5.3658568376953e-06,0.9999926131185913,2.021024857135138e-06
2017-03-24,4.360357821835421e-06,0.9999939617410241,1.677902019097873e-06
2017-03-27,4.386046013926087e-06,0.9999936562290933,1.957725035821267e-06
2017-03-28,3.0766705172663756e-06,0.9999958927540085,1.0305759590413545e-06
2017-03-29,6.640695997179201e-07,0.999999164673121,1.7125746242045897e-07
2017-03-30,1.921289733053786e-06,0.9999979993865057,7.93242661836772e-08
2017-03-31,2.2485064712557176e-06,0.9999977159048905,3.558839261594466e-08
2017-04-03,3.3459283547089485e-06,0.9999966189591619,3.511252720565489e-08
2017-04-04,3.7197614280762027e-06,0.9999962320178432,4.822128500576272e-08
2017-04-05,6.343960875691451e-06,0.9999935324713041,1.2356822028742717e-07
2017-04-06,5.178306161431699e-06,0.9999942332435989,5.884510202175571e-07
2017-04-07,3.771034525355342e-06,0.9999957602029848,4.687616137283517e-07
2017-04-10,4.65822848849576e-06,0.9999946486693655,6.93103043414381e-07
2017-04-11,8.806645115593026e-06,0.9999903424243488,8.509308749056285e-07
2017-04-12,9.825893982517571e-05,0.9998988608694157,2.8801907867167307e-06
2017-04-13,0.0006155355893577967,0.9993257696351128,5.8694775440059004e-05
2017-04-17,0.0005746026610295979,0.9994082596155258,1.713772386292898e-05
2017-04-18,0.00011044890973749497,0.9998879900903125,1.5610005998401723e-06
2017-04-19,6.06021141051759e-05,0.9999345074467388,4.890439925733065e-06
2017-04-20,6.3323382857607425e-06,0.9999923673804253,1.3002811453484003e-06
2017-04-21,1.0714157401562604e-06,0.9999989246031289,3.9812808631774375e-09
2017-04-24,7.11522945244114e-07,0.9999992537707896,3.470544540667733e-08
2017-04-25,4.541110456135778e-07,0.9999995271065226,1.8782917703677958e-08
2017-04-26,6.331771692001172e-07,0.9999993370968164,2.972543835204058e-08
2017-04-27,2.253827000237494e-07,0.9999997155828573,5.903507251987441e-08
2017-04-28,1.7339012207509422e-07,0.9999997918021325,3.480744181332273e-08
2017-05-01,1.0775971134292901e-07,0.9999998709008734,2.133971117990515e-08
2017-05-02,1.9869329321763722e-07,0.9999997849590958,1.634694172809606e-08
2017-05-03,1.8863258245739656e-07,0.9999997960985846,1.5268353572536027e-08
2017-05-04,1.7661828369996325e-07,0.9999998059629622,1.7418992254662023e-08
2017-05-05,2.8292861573882455e-07,0.9999997116138236,5.4569863730750406e-09
2017-05-08,1.6858897500081102e-07,0.9999998312359963,1.7536114596596698e-10
2017-05-09,1.627560599765348e-07,0.9999998371458919,9.850511350744728e-11
2017-05-10,1.624310773974787e-07,0.9999998375133278,5.506153158716586e-11
2017-05-11,1.0728645802080658e-07,0.9999998927087348,4.386058332653874e-12
2017-05-12,4.280634696957808e-08,0.9999999571937233,4.097718179572957e-13
2017-05-15,1.0829007981791331e-08,0.9999999891715561,6.3532685513464525e-15
2017-05-16,1.0898739074461319e-09,0.9999999989104253,2.5933056925785652e-17
2017-05-17,2.4732835515744627e-05,0.9999622017944223,1.306536937807126e-05
2017-05-18,0.00010564584402991712,0.999874466955659,1.9887200279467003e-05
2017-05-19,1.1588095954985389e-05,0.9999861632961748,2.2486083985440104e-06
2017-05-22,1.7722407874717501e-06,0.9999904109286495,7.81683097585081e-06
2017-05-23,1.2161499178088085e-07,0.9999642265880172,3.565179749620357e-05
2017-05-24,1.9821475144064795e-08,0.999979074437515,2.090574026874571e-05
2017-05-25,5.541774504381149e-09,0.9999941814154341,5.813043393580673e-06
2017-05-26,6.444848251881605e-09,0.9999952747969244,4.718758955465188e-06
2017-05-30,2.636140092441032e-09,0.9999967149414558,3.282422831424833e-06
2017-05-31,3.791934757674779e-09,0.9999980558787482,1.9403289260187236e-06
2017-06-01,1.323042075658824e-08,0.9999991996340688,7.871358294198936e-07
2017-06-02,3.986407977515443e-09,0.9999993660096342,6.300040269962095e-07
2017-06-05,5.566942498084766e-09,0.9999997041741591,2.902589415301394e-07
2017-06-06,1.5331079958697114e-08,0.999999878526076,1.0614369576273612e-07
2017-06-07,1.1925528080660478e-08,0.9999992931245967,6.949497126898454e-07
2017-06-08,8.794648920935831e-09,0.9999989625890445,1.02861553322453e-06
2017-06-09,1.5259242419243307e-08,0.9999992757860021,7.089541950416347e-07
2017-06-12,8.679463990451947e-09,0.9999982837249439,1.7075963980920113e-06
2017-06-13,5.454465948258902e-09,0.9999912505719162,8.743974145803495e-06
2017-06-14,6.45535635823749e-09,0.9999928942813839,7.099262561748475e-06
2017-06-15,6.241424109521144e-09,0.9999910012197856,8.992538661816477e-06
2017-06-16,6.668507263614067e-07,0.9999993200692681,1.307983244912675e-08
2017-06-19,6.400397930081519e-07,0.999999307183556,5.2777190431123436e-08
2017-06-20,1.5498633231329556e-06,0.9999983047487876,1.4538764858333017e-07
2017-06-21,9.268243137584593e-07,0.9999989701760414,1.0300024258859797e-07
2017-06-22,6.714162067349988e-07,0.9999992382602786,9.032353991804858e-08
2017-06-23,4.616110894286465e-07,0.9999994773499112,6.103980681208987e-08
2017-06-26,3.3983904474342195e-07,0.9999996305396736,2.9620434070332804e-08
2017-06-27,2.9807849043798254e-06,0.999996833810211,1.8540488903439603e-07
2017-06-28,1.9024551331413173e-06,0.9999975825896515,5.149550833488246e-07
2017-06-29,5.542075298506829e-06,0.9999932365455136,1.2213785254624743e-06
2017-06-30,4.8268038163342345e-06,0.9999911706243966,4.002571811199047e-06
2017-07-03,3.425862744828067e-06,0.9999953947059654,1.179430710256075e-06
2017-07-05,1.708451407731106e-06,0.9999976819808162,6.095668930838556e-07
2017-07-06,1.0487315222865835e-05,0.9999872611108137,2.2515741583650282e-06
2017-07-07,5.210649782228923e-05,0.9998014083598649,0.00014648514209537872
2017-07-10,2.593403433289026e-05,0.9999170553532414,5.7010612115138244e-05
2017-07-11,3.8741894963317406e-06,0.9999844429285574,1.1682881758980524e-05
2017-07-12,9.693910805669194e-07,0.9999964497136984,2.5808961017949416e-06
2017-07-13,1.1762860967152484e-06,0.999996578732348,2.2449816048401985e-06
2017-07-14,3.942257836569501e-07,0.9999988808892235,7.24885454460054e-07
2017-07-17,5.620579774090529e-07,0.9999987642139236,6.737287451307882e-07
2017-07-18,2.42260801375862e-07,0.9999994247556805,3.3298423212793724e-07
2017-07-19,1.3417116279928842e-07,0.9999995621948122,3.036341375123881e-07
2017-07-20,1.757267991822787e-07,0.9999994426345172,3.816379994198397e-07
2017-07-21,1.9634027006436966e-07,0.9999994266947221,3.7696573686104733e-07
2017-07-24,2.7349585700567513e-07,0.9999993916682829,3.34836575174697e-07
2017-07-25,2.9053213127307156e-07,0.9999993028543642,4.0661440732295726e-07
2017-07-26,3.6060320550224476e-07,0.999999196281674,4.431145476000045e-07
2017-07-27,9.408507950975077e-07,0.9999986918018665,3.673476446725287e-07
2017-07-28,5.96880314015513e-07,0.9999989541089247,4.490107209262321e-07
2017-07-31,1.2448817750665617e-06,0.9999986771535642,7.796422311122221e-08
2017-08-01,1.3652719672679842e-06,0.9999985721962009,6.253135957577215e-08
2017-08-02,6.52063257073835e-07,0.9999993479034254,3.387155257075262e-11
2017-08-03,1.0751471355569653e-06,0.9999989247595619,9.296688981649746e-11
2017-08-04,4.8080486760175754e-08,0.9999999519186542,1.6020933148003957e-12
2017-08-07,1.645620411110605e-08,0.999999983543603,1.3124709685240267e-13
2017-08-08,1.885990354601468e-08,0.9999999811407181,2.3821561633936556e-14
2017-08-09,1.7481188161943405e-08,0.9999999825195119,9.793457891201297e-14
2017-08-10,1.439790011888529e-07,0.9990703802175058,0.0009294758043235827
2017-08-11,0.0013132315826422233,0.9959062131385951,0.0027805552793805244
2017-08-14,0.006452156008479074,0.9934145013692518,0.00013334262148112985
2017-08-15,0.010357427013034909,0.9896257713939817,1.6801593144076577e-05
2017-08-16,0.018511697081986193,0.9814646148333366,2.3688083955525953e-05
2017-08-17,0.15857408530746717,0.8353756307609018,0.0060502839312686135
2017-08-18,0.9642945638801972,0.0006864297422762862,0.03501900637717194
2017-08-21,0.976857810789441,2.129603332610996e-06,0.023140059607309527
2017-08-22,0.9867105850985753,0.00013047255382128998,0.013158942348136755
2017-08-23,0.990803146887335,0.0016935376756150328,0.007503315437187739
2017-08-24,0.9729538776601943,0.02110930761588468,0.005936814723718811
2017-08-25,0.7367279769590273,0.25908623238141926,0.004185790659243312
2017-08-28,0.2179604432105637,0.7813065676795922,0.0007329891103980397
2017-08-29,0.01861442206382505,0.9813488658118333,3.671212371957922e-05
2017-08-30,0.0009124611696902345,0.999084575125567,2.9637044455609497e-06
2017-08-31,9.438980789256089e-06,0.9999833789805747,7.182037753813489e-06
2017-09-01,1.2656227562837202e-06,0.9999913386884527,7.395688030260484e-06
2017-09-05,2.540784032730143e-06,0.9999934964737371,3.962742182842188e-06
2017-09-06,8.563435369997345e-06,0.9999661417352803,2.5294829750523324e-05
2017-09-07,3.752511065798059e-06,0.9999884240384467,7.823450066790129e-06
2017-09-08,1.027617211887643e-06,0.9999976323170648,1.3400651226670528e-06
2017-09-11,2.14071696800905e-06,0.9999958450384755,2.014244072951007e-06
2017-09-12,1.08305372539188e-06,0.9999979760998503,9.4084604381275e-07
2017-09-13,1.2242191273129845e-06,0.9999983136527256,4.6212858254303395e-07
2017-09-14,7.174421120636858e-07,0.9999988708193095,4.1173813732374893e-07
2017-09-15,4.761715192088148e-07,0.9999991969765274,3.268523392650713e-07
2017-09-18,5.113654855727203e-07,0.9999994823430346,6.291114835075137e-09
2017-09-19,6.47950909966791e-07,0.999999345493266,6.556357415943088e-09
2017-09-20,7.460592047269128e-07,0.999999246098298,7.842218386535445e-09
2017-09-21,1.130821464584543e-06,0.9999988650294728,4.149307332059499e-09
2017-09-22,8.427207772942767e-07,0.9999991504140752,6.865682929975827e-09
2017-09-25,1.0259966726044868e-06,0.9999989602334557,1.3770489543948173e-08
2017-09-26,8.641725053433041e-07,0.9999991323988195,3.428035192870529e-09
2017-09-27,1.3369958059419932e-06,0.9999986446719139,1.8332336510127217e-08
2017-09-28,1.4450865856486588e-06,0.9999985300866573,2.482723290065392e-08
2017-09-29,2.065448819600716e-06,0.9999979009684669,3.35831659551051e-08
2017-10-02,3.6347155170350934e-06,0.9999963394433203,2.5841599381678435e-08
2017-10-03,3.5469034722038717e-06,0.9999964139033818,3.919320528122346e-08
2017-10-04,8.40729062518327e-08,0.99999990364086,1.2286300609647894e-08
2017-10-05,6.664984127561109e-07,0.9999990844030079,2.4909801726188764e-07
2017-10-06,2.3073407115994507e-07,0.9999996026527577,1.6661340512826903e-07
2017-10-09,2.676929975785349e-07,0.9999996897004648,4.2607034883603896e-08
2017-10-10,3.040487465111127e-06,0.9999969152952246,4.421808442230426e-08
2017-10-11,2.996771381377318e-06,0.9999969399661021,6.326205141248365e-08
2017-10-12,4.030177284536279e-06,0.9999959445022267,2.5320108458558844e-08
2017-10-13,2.6911359656525396e-06,0.9999972994082869,9.45573024819656e-09
2017-10-16,3.3887885759743164e-06,0.9999966079233905,3.2872371079118926e-09
2017-10-17,3.6189229511635457e-06,0.9999963759230199,5.153633909462549e-09
2017-10-18,5.961377057044523e-06,0.9999940311023117,7.519902371094075e-09
2017-10-19,6.82959468856054e-06,0.9999931697344869,6.709510492396773e-10
2017-10-20,1.3299882569502919e-05,0.9999867000872162,2.952506718991849e-11
2017-10-23,5.7179120309668624e-06,0.999994282077727,9.952322958364313e-12
2017-10-24,1.6664204989292277e-07,0.9999998333587566,2.1460979789665073e-15
2017-10-25,1.443978042039884e-06,0.9999985560199514,2.026545711218333e-12
2017-10-26,2.9281302550441495e-07,0.9999997071864046,5.00468012362959e-14
2017-10-27,2.5370290935240872e-06,0.9999974183553277,4.4615660647021924e-08
2017-10-30,1.2071879821941383e-06,0.9999987921772135,6.34419323455963e-10
2017-10-31,7.043726928970595e-07,0.9999992952437179,3.8333633150711876e-10
2017-11-01,7.265709261623671e-07,0.9999992730338731,3.9555500157500745e-10
2017-11-02,7.326795211074751e-07,0.9999992668747796,4.4602721014077905e-10
2017-11-03,7.316832973923813e-07,0.9999992681990029,1.171530139275853e-10
2017-11-06,1.0372109259121202e-06,0.999998962667261,1.2133512114783588e-10
2017-11-07,1.4127860361671336e-06,0.9999985870118486,2.0255735458091466e-10
2017-11-08,1.1779263131811107e-06,0.9999988218103346,2.6274589211016436e-10
2017-11-09,1.5257136208183388e-06,0.9999984737726487,5.13022292821386e-10
2017-11-10,1.0521352002851234e-06,0.9999989468820875,9.821383889094663e-10
2017-11-13,9.838579328400192e-07,0.999999015321494,8.209429218166215e-10
2017-11-14,8.172036747263674e-07,0.9999991819353162,8.604445760095338e-10
2017-11-15,1.5579312155270171e-06,0.9999984373310713,4.738197426880996e-09
2017-11-16,5.930739613114848e-06,0.9999940518604951,1.7400637024234726e-08
2017-11-17,4.706221229547291e-06,0.9999951930137316,1.0076485839130945e-07
2017-11-20,3.204459847537184e-06,0.9999965721585429,2.2338122340516587e-07
2017-11-21,1.1191837274459905e-06,0.9999987970029867,8.381318587076645e-08
2017-11-22,1.2359746293471606e-06,0.9999986974152605,6.660942002283206e-08
2017-11-24,5.548392381796644e-07,0.9999994283681914,1.6793352253636882e-08
2017-11-27,4.742079810755222e-07,0.9999995173840289,8.40768906821316e-09
2017-11-28,8.20752325570197e-08,0.9999999179253825,9.21661918578671e-14
2017-11-29,1.2845917500696944e-07,0.9999998715138727,2.7028796794474914e-11
2017-11-30,9.301480423615409e-07,0.9999990676228462,2.228856316846442e-09
2017-12-01,3.4711528077884127e-07,0.9999996518764116,1.008628534753684e-09
2017-12-04,1.841269120647105e-07,0.9999998157545803,1.1774072451008364e-10
2017-12-05,1.3752024480336571e-07,0.999999862404375,7.54985982546222e-11
2017-12-06,8.900020117865201e-08,0.9999999109331879,6.735942343997636e-11
2017-12-07,9.035112417589282e-08,0.9999999096071447,4.100804733979539e-11
2017-12-08,1.7136201430478283e-07,0.9999998285693583,6.903483840293893e-11
2017-12-11,2.1501807786762928e-07,0.9999997848772413,1.0456326809371195e-10
2017-12-12,2.9204875626330465e-07,0.9999997078739824,7.761091750952503e-11
2017-12-13,3.2166398152289564e-07,0.999999678271758,6.486802450385763e-11
2017-12-14,3.7750343942853125e-07,0.9999996224233458,7.249738909851962e-11
2017-12-15,3.810309001724256e-07,0.9999996187235228,2.458524184041997e-10
2017-12-18,2.7909915496480743e-07,0.9999997208415542,5.854427170438541e-11
2017-12-19,3.6108143412935905e-07,0.9999996388360811,8.229544409515361e-11
2017-12-20,2.2288818251099515e-07,0.999999776986467,1.2487887525980005e-10
2017-12-21,1.6261730527672204e-07,0.9999998373532567,3.004120549308462e-11
2017-12-22,2.175616247172528e-07,0.9999997823415706,9.640256642608341e-11
2017-12-26,1.482225897705422e-07,0.9999998517396417,3.807311717629238e-11
2017-12-27,1.4702670898875152e-07,0.9999998529328985,4.066652081901455e-11
2017-12-28,2.6965904503068517e-07,0.9999997299219469,4.194493095900417e-10
2017-12-29,3.3524084916240463e-07,0.9999996645911432,1.6797802356528988e-10
2018-01-02,6.211090947262605e-07,0.9999993784933507,3.971104988521065e-10
2018-01-03,4.161833858324504e-07,0.9999995837043527,1.1168250552625814e-10
2018-01-04,5.324881938869786e-07,0.9999994673363799,1.745226706411259e-10
2018-01-05,1.0198212151173737e-06,0.9999989782159664,1.9624680829570477e-09
2018-01-08,1.0158206801437766e-06,0.9999989778903676,6.288618602371053e-09
2018-01-09,1.1814871182725486e-06,0.9999988109491617,7.563826669861359e-09
2018-01-10,1.0403291512597964e-06,0.9999989481517407,1.1519621828188534e-08
2018-01-11,2.0142331669763736e-06,0.9999979728511418,1.2914785005729352e-08
2018-01-12,2.4438504680109847e-06,0.999997513544621,4.2605598234263295e-08
2018-01-16,1.5211115751337455e-06,0.9999984364670527,4.2421759386078246e-08
2018-01-17,1.5309996000557158e-06,0.9999981741110175,2.9488879298379444e-07
2018-01-18,9.174930102742349e-07,0.9999989950015836,8.750582783857435e-08
2018-01-19,4.642107011408498e-07,0.9999994249339413,1.1085551009259361e-07
2018-01-22,2.660866450306846e-06,0.9999972889709539,5.016266122830974e-08
2018-01-23,1.3458202573520574e-06,0.9999986303692197,2.381124076297951e-08
2018-01-24,1.4112353752962384e-06,0.9999985555033591,3.3262078476510463e-08
2018-01-25,4.296043394830419e-06,0.9999956822432515,2.171246974600748e-08
2018-01-26,0.00026429824732335873,0.9997354433783678,2.583749594781699e-07
2018-01-29,0.0014338519325679503,0.9985654129365903,7.351304351558276e-07
2018-01-30,0.059479905556322564,0.9404836796513524,3.641479153765951e-05
2018-01-31,0.9792220339183905,0.006587400078939567,0.014190566002607465
2018-02-01,0.9765915456854306,0.004845677273612062,0.018562777041447726
2018-02-02,0.358851002615969,1.245696552116575e-06,0.6411477516876981
2018-02-05,6.171907288774369e-08,2.947610127828206e-33,0.9999999382816914
2018-02-06,5.5945528492234105e-08,4.4574173185736006e-30,0.9999999440551635
2018-02-07,3.862331406310766e-06,4.410283955120206e-24,0.9999961376690417
2018-02-08,9.213002430374425e-09,5.126323951346494e-49,0.9999999907868187
2018-02-09,1.5278038162174055e-08,4.1105951739656343e-60,0.9999999847223081
2018-02-12,1.660560330415245e-08,9.614290083037914e-48,0.9999999833944458
2018-02-13,7.35451270661196e-09,3.8601001519766444e-40,0.9999999926458258
2018-02-14,5.034402936106224e-10,2.841657064555088e-40,0.9999999994961399
2018-02-15,2.753135891935156e-10,9.386469609922574e-33,0.9999999997253326
2018-02-16,2.0612674757238027e-10,4.22735571863567e-30,0.9999999997944542
2018-02-20,1.2611287454745675e-10,3.7731685966435053e-31,0.9999999998744897
2018-02-21,1.3914159747205844e-10,5.7966454855983746e-34,0.9999999998617568
2018-02-22,2.1580375752255278e-10,8.167866532901701e-35,0.9999999997835403
2018-02-23,1.6368067590572878e-10,4.3618105706613627e-32,0.999999999836291
2018-02-26,6.295115064369849e-10,3.401599194962017e-24,0.9999999993706297
2018-02-27,9.573921589452906e-09,7.478614998892435e-23,0.9999999904266588
2018-02-28,2.707754623599834e-07,7.88101736413304e-25,0.999999729225274
2018-03-01,4.762508042279581e-06,2.2250645089584073e-29,0.9999952374914477
2018-03-02,4.441239300872585e-05,2.2981303728908483e-30,0.999955587607841
2018-03-05,0.00016676104377870104,9.575127859510277e-25,0.999833238956848
2018-03-06,0.0005344695492845974,2.2070242238379257e-18,0.9994655304507972
2018-03-07,0.004366959288378754,2.234612991292908e-14,0.9956330407123457
2018-03-08,0.006925514043583498,1.3691845712327627e-13,0.9930744859557492
2018-03-09,0.010581133670104347,1.4854627667637846e-11,0.9894188663145386
2018-03-12,0.06022242853819264,1.151371901491955e-05,0.9397660577432353
2018-03-13,0.05964876648939124,1.3013296958249388e-07,0.9403511033772866
2018-03-14,0.04059866827126637,6.571170863555567e-10,0.9594013310714725
2018-03-15,0.013377377891981432,7.337910474004692e-12,0.9866226221014737
2018-03-16,0.0014591739115172788,3.88485677888088e-13,0.9985408260887934
2018-03-19,4.564561038418188e-05,1.5961884314310078e-17,0.9999543543903774
2018-03-20,3.627135730201348e-06,2.876094195513593e-20,0.9999963728634909
2018-03-21,1.8993015914957774e-06,5.812520061151987e-21,0.999998100698561
2018-03-22,9.268728469549898e-07,3.9554261804370303e-32,0.999999073127103
2018-03-23,4.802331599527265e-05,8.023288709229885e-48,0.9999519766842321
2018-03-26,0.0009461854341930716,1.203273694442603e-50,0.9990538145656064
2018-03-27,0.014360844122017272,3.198807889625139e-40,0.9856391558782772
2018-03-28,0.18548774582509475,1.891445720780778e-46,0.8145122541743848
2018-03-29,0.5010858095520924,1.4797397236115905e-44,0.4989141904475471
2018-04-02,0.8788268024033317,7.742478202152963e-48,0.12117319759705844
2018-04-03,0.9896210371342865,6.912874226127844e-54,0.010378962866039482
2018-04-04,0.999505507499799,3.6838846516566005e-43,0.0004944925006358089
2018-04-05,0.9999764291382609,1.9001802376777756e-35,2.3570860910766846e-05
2018-04-06,0.9999918070251647,1.2478865110528378e-43,8.19297529040072e-06
2018-04-09,0.9999981524814543,9.628068845656595e-50,1.8475177639679766e-06
2018-04-10,0.9999966563174406,1.1202931133608633e-43,3.343682405136546e-06
2018-04-11,0.9999965662723134,6.046628722061131e-37,3.4337280579765873e-06
2018-04-12,0.9999954312856746,3.869125688413387e-39,4.568715132052148e-06
2018-04-13,0.9999926267554542,3.998513405882223e-37,7.373244513398786e-06
2018-04-16,0.9999916396467831,2.43814691779543e-38,8.360354078214509e-06
2018-04-17,0.9999772571139687,4.8877932455783674e-32,2.2742885182406412e-05
2018-04-18,0.9999794224684492,9.350636158470332e-26,2.0577532032084993e-05
2018-04-19,0.9999875494952186,3.3548513785924356e-28,1.2450505461654746e-05
2018-04-20,0.9999932802700862,8.885070810177906e-33,6.7197293572606675e-06
2018-04-23,0.9999970140314887,2.488150824605765e-34,2.985969101274541e-06
2018-04-24,0.9999989306421673,2.848488545234813e-39,1.0693583017991516e-06
2018-04-25,0.9999995433755563,1.8221925281275173e-42,4.5662371818947207e-07
2018-04-26,0.9999985398527971,6.26555630744177e-39,1.460147724598754e-06
2018-04-27,0.9999982558253327,4.796116721134063e-33,1.7441755410918184e-06
2018-04-30,0.9999998569546835,9.199807644822583e-37,1.4304447992993263e-07
2018-05-01,0.9999998017792874,9.982607870752413e-39,1.982208401797344e-07
2018-05-02,0.999999996744009,2.41441424956249e-41,3.256406779710068e-09
2018-05-03,0.9999999988795025,1.1348082556512068e-45,1.1210880547012834e-09
2018-05-04,0.999999987476258,5.106544389395565e-45,1.2522905490441002e-08
2018-05-07,0.9999999961964932,1.0290276049502027e-33,3.803230834156622e-09
2018-05-08,0.9999999930259946,1.0062501616536471e-32,6.974160475086008e-09
2018-05-09,0.9999999893079803,1.1165506903284041e-30,1.0691428719165572e-08
2018-05-10,0.9999999619049057,3.2122382765794135e-23,3.809440705949048e-08
2018-05-11,0.999999955376553,2.8578312489148545e-18,4.462364690365722e-08
2018-05-14,0.9999999400315591,3.664403872614916e-17,5.996922916989395e-08
2018-05-15,0.9999999370975294,7.021437989187999e-19,6.290219371359215e-08
2018-05-16,0.999999985086106,1.4450895494269128e-19,1.4913266082679698e-08
2018-05-17,0.9999999893407221,3.355744157894901e-18,1.0658376325931354e-08
2018-05-18,0.99999999794818,3.608366040582989e-19,2.051612783780807e-09
2018-05-21,0.9999999999618012,1.3694589664944935e-17,3.7659043831408707e-11
2018-05-22,0.9999999999763531,6.205415659640622e-15,2.4302165371171827e-11
2018-05-23,1.0,7.50301156296883e-14,2.3628813567763548e-14
2018-05-24,1.0,1.2737321652814833e-13,5.0970094226729995e-14
2018-05-25,1.0,9.377783205919456e-15,5.363535163279855e-14
2018-05-29,0.999999999998181,6.396875797198339e-19,1.1629561281764861e-12
2018-05-30,0.999999999998181,2.573196493472681e-19,2.1676172275975632e-12
2018-05-31,0.999999999998181,1.9999914097993106e-14,1.8402401530372973e-12
2018-06-01,0.9999993436961057,5.197097747766669e-16,6.563030146189235e-07
2018-06-04,0.9999987887284139,2.448753059557583e-11,1.2112475466649582e-06
2018-06-05,0.9999974667912537,1.5082461644501718e-09,2.53170048135003e-06
2018-06-06,0.9999974848883336,9.793064971972591e-09,2.5053193835182568e-06
2018-06-07,0.9999968439110272,1.6929648572665139e-06,1.4631232160219622e-06
2018-06-08,0.9999972200714624,2.508751059746127e-06,2.7117806394232663e-07
2018-06-11,0.999983651475247,1.624414863442039e-05,1.0437599511757184e-07
2018-06-12,0.9999704800639677,2.9398822047048395e-05,1.2111477416203995e-07
2018-06-13,0.9999834860426982,1.6359121628828537e-05,1.5483536382433992e-07
2018-06-14,0.9999877936915355,1.213683525549775e-05,6.947246181233604e-08
2018-06-15,0.9999804092940364,1.9484621099976675e-05,1.0608442596806655e-07
2018-06-18,0.9999924850299499,7.460574056355742e-06,5.439660412794737e-08
2018-06-19,0.9999992879295667,6.855554535380261e-07,2.6514092850095883e-08
2018-06-20,0.9999992276664924,7.584053208172993e-07,1.3928389275271114e-08
2018-06-21,0.999999893516366,8.768884122048518e-08,1.8794790464362834e-08
2018-06-22,0.9999999542196757,3.5873949489223156e-08,9.907159629285428e-09
2018-06-25,0.9999998546263774,1.1027199646883496e-11,1.4536197389760204e-07
2018-06-26,0.9999998687053535,3.899067480287487e-13,1.3129419298300648e-07
2018-06-27,0.9999998589337438,9.391694141420607e-15,1.4106626670443518e-07
2018-06-28,0.9999979329826136,8.546722040536837e-16,2.0670177699831594e-06
2018-06-29,0.9999964899168603,1.277258588222766e-13,3.5100831888841026e-06
2018-07-02,0.9999973841802436,3.4293835051848e-13,2.615819144740853e-06
2018-07-03,0.9999990560304376,1.2031872366792143e-13,9.439699374369255e-07
2018-07-05,0.9999979076259541,3.0816502611850333e-13,2.092374199111048e-06
2018-07-06,0.999915248311514,1.4339883289936937e-06,8.331769983249361e-05
2018-07-09,0.9509740016965537,0.04798894074165982,0.0010370575613067084
2018-07-10,0.12687352669937374,0.8729375992340535,0.0001888740669258075
2018-07-11,0.04935944397083132,0.9505861332169986,5.442281175441117e-05
2018-07-12,0.012191563395137075,0.9877608223453959,4.7614260011443937e-05
2018-07-13,0.00018600016221139866,0.9998126206909465,1.3791476425598167e-06
2018-07-16,5.863607443422186e-06,0.9999934026890769,7.337038241455066e-07
2018-07-17,1.4305484038505503e-06,0.9999977937483673,7.757031358669771e-07
2018-07-18,5.564994162995307e-07,0.9999990821365492,3.6136441506290043e-07
2018-07-19,1.05680660183024e-06,0.9999984947746685,4.484193617810357e-07
2018-07-20,2.3802558911628744e-06,0.9999971946911741,4.250537983764828e-07
2018-07-23,2.240038646430526e-06,0.999997309956578,4.500048877761688e-07
2018-07-24,1.2522712025908663e-06,0.9999984424460615,3.0528303575066e-07
2018-07-25,1.9122431592740817e-06,0.9999979932456098,9.451147426063675e-08
2018-07-26,2.076492454073534e-06,0.9999978163001484,1.0720807774746157e-07
2018-07-27,1.996630995720383e-06,0.9999977333562351,2.700121664143274e-07
2018-07-30,2.9062849132766154e-06,0.9999967453384884,3.48376527290309e-07
2018-07-31,1.904294029981034e-06,0.9999977947833699,3.009226602264279e-07
2018-08-01,1.172690839468321e-06,0.9999988271617951,1.4678127262091012e-10
2018-08-02,9.06054498060809e-07,0.9999990938490113,9.64568814908245e-11
2018-08-03,1.0382930168294222e-06,0.9999989615522217,1.547448318378014e-10
2018-08-06,1.1184260792724308e-06,0.9999988814785754,9.535670277449258e-11
2018-08-07,8.603632704344472e-07,0.9999991395965544,4.055189415994661e-11
2018-08-08,1.179544286163807e-06,0.9999988203988005,5.7656585457376256e-11
2018-08-09,8.662284213117768e-07,0.9999991337576034,1.3890468953050824e-11
2018-08-10,9.78639771377884e-07,0.9999990213550759,4.757519195857e-12
2018-08-13,8.828298284854605e-07,0.9999991171666156,4.4316186647225435e-12
2018-08-14,8.47248954942121e-07,0.9999991527478366,2.8419164474221183e-12
2018-08-15,1.5481333549782669e-06,0.999998451857498,8.320571437797298e-12
2018-08-16,1.0075569963351836e-06,0.9999989924386301,4.23805577928404e-12
2018-08-17,1.1431833345938116e-06,0.9999988568094691,7.413453543153311e-12
2018-08-20,2.443857929829114e-06,0.9999975560542985,8.756806529296014e-11
2018-08-21,1.9061430156120702e-06,0.999998093710017,1.467554924047796e-10
2018-08-22,1.687789544332634e-06,0.999998312135691,7.478797633814485e-11
2018-08-23,1.0983036193911313e-06,0.9999989016693355,2.623159909542153e-11
2018-08-24,5.466894498471584e-07,0.9999994533028842,8.213440712828021e-12
2018-08-27,1.331058229366491e-07,0.9999998668936403,7.512110546063688e-14
2018-08-28,4.192077259632401e-08,0.9999999580795711,1.2887395013126906e-15
2018-08-29,4.532629620203286e-08,0.999999954674423,5.631494227377201e-15
2018-08-30,6.64574253110217e-07,0.9999993353942435,3.1733685852890036e-11
2018-08-31,1.227164183619961e-07,0.9999998772837064,1.254221692860664e-13
2018-09-04,1.4589956515283252e-07,0.9999998541006896,1.80273777244576e-13
2018-09-05,3.150490917956744e-07,0.999999684947447,2.7281787666574525e-12
2018-09-06,4.755632651696558e-07,0.9999995244235146,1.2374351736064737e-11
2018-09-07,7.783894543677339e-07,0.9999992215747017,3.576535442889373e-11
2018-09-10,3.362153832455938e-07,0.9999996637835121,1.2099225093027975e-12
2018-09-11,4.963639359605072e-07,0.9999995036288378,7.513818480704199e-12
2018-09-12,4.296465674183507e-07,0.9999995703475192,5.730599475377315e-12
2018-09-13,8.396450428931779e-07,0.9999991602929983,6.113464239432636e-11
2018-09-14,6.874907502518815e-07,0.9999993124768115,3.230978874591558e-11
2018-09-17,2.408896330402051e-06,0.9999975866423501,4.4607595960995106e-09
2018-09-18,2.2621133675774306e-06,0.9999977312553071,6.631479622756076e-09
2018-09-19,2.381069311910272e-06,0.999997614119938,4.810592534919202e-09
2018-09-20,1.4815950215321717e-06,0.9999985118476775,6.55664406280192e-09
2018-09-21,1.8600503636198738e-06,0.9999981311665761,8.782891946314284e-09
2018-09-24,1.3256880569450577e-06,0.9999986725769929,1.735680070736025e-09
2018-09-25,7.074896698095515e-07,0.9999992914638606,1.0468657662707823e-09
2018-09-26,7.151200927519338e-07,0.9999992830746874,1.8043472456805168e-09
2018-09-27,6.5343138266344e-07,0.9999993451531152,1.415239874027587e-09
2018-09-28,3.828002235243061e-07,0.9999996168918012,3.083913714117705e-10
2018-10-01,7.465871205182937e-07,0.9999992510714113,2.3411173208270924e-09
2018-10-02,8.734830418308372e-07,0.9999991243152376,2.2021399410276856e-09
2018-10-03,8.004597211228912e-07,0.999999197935134,1.6054476886666135e-09
2018-10-04,3.821741899166118e-06,0.9999960708869249,1.0737123441701782e-07
2018-10-05,6.879712266261982e-06,0.9999928670185649,2.532682877804085e-07
2018-10-08,3.337912371202693e-05,0.9999638103509164,2.810524718456789e-06
2018-10-09,0.0003153945687851409,0.9977612334325283,0.0019233719980856843
2018-10-10,1.494573004172677e-10,5.703665440765616e-10,0.9999999992796802
2018-10-11,3.537125181234182e-06,2.2664807873808508e-20,0.9999964628740401
2018-10-12,5.435162948186837e-05,8.053524183899684e-23,0.9999456483711513
2018-10-15,7.951383744731064e-05,2.1226103126369122e-19,0.999920486163308
2018-10-16,0.00010569699196939101,1.2563294929347935e-19,0.9998943030079541
2018-10-17,0.0001033747727213621,1.554630558229542e-12,0.9998966252253783
2018-10-18,5.0178733903673774e-05,3.4345655736100735e-17,0.9999498212657995
2018-10-19,2.967094305531551e-05,2.226712505416628e-20,0.9999703290577556
2018-10-22,1.257459056568259e-05,8.482546415705036e-23,0.9999874254089521
2018-10-23,6.285587073750258e-06,1.5767047529844042e-26,0.99999371441274
2018-10-24,6.198160090881525e-07,3.7333384022178945e-45,0.9999993801831908
2018-10-25,3.2640860671776827e-06,6.427577246078079e-50,0.999996735914335
2018-10-26,4.511540423728318e-06,4.5706090904176475e-49,0.99999548845989
2018-10-29,1.629483953199746e-05,2.5333284505537e-60,0.9999837051600241
2018-10-30,0.0001003149315950137,2.589188632941063e-60,0.9998996850687124
2018-10-31,0.001501717198563845,5.594304641853607e-48,0.9984982828017789
2018-11-01,0.017687075731967587,2.3138776683850063e-39,0.982312924267461
2018-11-02,0.16174702922489803,1.774518044826186e-35,0.8382529707749174
2018-11-05,0.4221358371321297,1.0018670466547283e-36,0.5778641628679737
2018-11-06,0.6227094454781744,3.667931274896601e-32,0.3772905545212694
2018-11-07,0.7278331972863903,4.051108032609222e-28,0.2721668027143655
2018-11-08,0.9706048150619339,3.384468172988137e-15,0.029395184937452773
2018-11-09,0.9984161577079961,3.298459624113846e-19,0.001583842292198567
2018-11-12,0.9999621947679319,1.9837130881626188e-28,3.780523169000988e-05
2018-11-13,0.9999994840892635,6.435489027555054e-33,5.159105826326791e-07
2018-11-14,0.9999998544153746,2.1840930442366625e-36,1.455852119127273e-07
2018-11-15,0.9999997136438151,4.715871674490768e-37,2.863561085438563e-07
2018-11-16,0.9999996328479702,3.900126264457549e-31,3.671517015022996e-07
2018-11-19,0.9999995833842108,1.600155913442027e-38,4.1661514174477366e-07
2018-11-20,0.9999998547537067,1.6368023608736775e-54,1.4524654252274772e-07
2018-11-21,0.9999998870189365,5.0011347905345654e-61,1.1298028121167742e-07
2018-11-23,0.9999999780357032,6.631570575327307e-62,2.1963392552465787e-08
2018-11-26,0.999999938174371,4.0177178873946554e-63,6.182584225366566e-08
2018-11-27,0.999999914103686,8.743003292550126e-49,8.58968579508014e-08
2018-11-28,0.9999985079877877,4.221185409426474e-43,1.492012324356616e-06
2018-11-29,0.9999993688799977,8.714860670749258e-28,6.311204591683335e-07
2018-11-30,0.999999315623661,1.9648670543620462e-28,6.843765343743704e-07
2018-12-03,0.999997400032695,1.2501895274278795e-23,2.599967322259041e-06
2018-12-04,0.9999743907397304,9.221358530320223e-34,2.5609259428178055e-05
2018-12-06,0.9999987014388598,1.0789950709905896e-38,1.2985618236118384e-06
2018-12-07,0.9999986521897869,1.871774519741522e-52,1.3478110437355166e-06
2018-12-10,0.999999753225014,4.2105789585899355e-62,2.467751788271125e-07
2018-12-11,0.9999998061848788,2.809625734267196e-63,1.938156046187438e-07
2018-12-12,0.9999997795439656,2.425556794473283e-64,2.204559398317383e-07
2018-12-13,0.9999997741579392,2.1156299349465278e-62,2.2584148726401033e-07
2018-12-14,0.9999999106512445,3.0901249828384465e-75,8.934904596398061e-08
2018-12-17,0.9999999849860616,1.4159308732943672e-99,1.501323633326366e-08
2018-12-18,0.9999999936098902,2.3574921182605978e-110,6.3898168145838485e-09
2018-12-19,0.9999999989358912,9.59390162002975e-127,1.0632670270574729e-09
2018-12-20,0.9999999995852704,2.325281670383028e-149,4.14880617910261e-10
2018-12-21,0.9999999999163265,4.177809011661203e-182,8.416173040176537e-11
2018-12-24,0.9999999997453415,1.4322375333988216e-221,2.5525680583097855e-10
2018-12-26,0.9999998047642484,1.0017183357443202e-256,1.9523579756249798e-07
2018-12-27,0.9999999842602848,5.939944457765866e-163,1.5739202148402526e-08
2018-12-28,0.9999999902338459,1.0099804936515303e-161,9.765760805727542e-09
2018-12-31,0.9999999930605554,3.137276067904463e-165,6.939509764383997e-09
2019-01-02,0.9999999935371306,2.519338844720335e-160,6.462698315320306e-09
2019-01-03,0.9999999956435204,6.493178868149545e-181,4.356097075140585e-09
2019-01-04,0.9999997410250552,2.3575594916803986e-194,2.589745477544061e-07
2019-01-07,0.9999997435807346,8.923456186157541e-139,2.5641960684552164e-07
2019-01-08,0.9999994904066105,3.1420773781426996e-130,5.095932900926317e-07
2019-01-09,0.9999995228992021,6.52455293372509e-119,4.771007735045652e-07
2019-01-10,0.9999994735209405,6.18104369189095e-116,5.26478812545085e-07
2019-01-11,0.9999993615858549,1.6523537301676067e-116,6.384141761354885e-07
2019-01-14,0.9999996753759278,1.8523924716371317e-120,3.2462334855767805e-07
2019-01-15,0.9999996967599605,2.6874815301908693e-124,3.0324076050193554e-07
2019-01-16,0.999999769552259,3.5599244914258426e-109,2.3044729153632238e-07
2019-01-17,0.9999998057646924,1.5520442250676146e-104,1.9423554000926566e-07
2019-01-18,0.9999990246838233,2.7604054685475608e-92,9.753157842829434e-07
2019-01-22,0.9999993710609646,1.0285194380020407e-83,6.289390664849821e-07
2019-01-23,0.9999998895928063,1.4486523877520822e-90,1.1040737069082407e-07
2019-01-24,0.9999999543688328,1.3704988581276453e-87,4.563191602708103e-08
2019-01-25,0.999999967822078,2.4696562737462337e-82,3.2177875524807514e-08
2019-01-28,0.9999999517094705,5.13317843217158e-72,4.8290362472310694e-08
2019-01-29,0.9999964395746875,7.131679738209647e-79,3.560425176382146e-06
2019-01-30,0.9978118880857094,1.8575531183668142e-75,0.0021881119148134632
2019-01-31,0.9547003923458139,3.0890278421975345e-57,0.04529960765479319
2019-02-01,0.7006985930838509,1.1756387840238576e-50,0.29930140691647983
2019-02-04,0.06915443775044104,3.807969608351396e-46,0.9308455622488443
2019-02-05,5.703940482661546e-06,1.999346770061502e-41,0.9999942960602187
2019-02-06,1.2044438021267666e-09,3.4522871413769685e-42,0.999999998795829
2019-02-07,5.888102160495251e-10,1.9863752268737575e-48,0.9999999994106474
2019-02-08,3.3730040094742185e-10,2.4001699891652285e-52,0.999999999663487
2019-02-11,1.3303926283987534e-10,1.905502228310191e-52,0.9999999998672138
2019-02-12,4.963418125205682e-11,1.9703183721984764e-49,0.9999999999508873
2019-02-13,7.372650925775896e-11,2.806619216939683e-38,0.9999999999254214
2019-02-14,3.8191681934753814e-10,2.6752191470265435e-36,0.9999999996180122
2019-02-15,2.0281567570044355e-09,2.666543843012828e-34,0.9999999979718268
2019-02-19,4.5433576407584656e-08,3.417648039472294e-26,0.9999999545671027
2019-02-20,0.0001187841480631583,1.3518390300635924e-23,0.9998812158514644
2019-02-21,0.0787995323014212,2.4205627108315885e-20,0.921200467697955
2019-02-22,0.65320614200366,2.8772359433055483e-19,0.3467938579960721
2019-02-25,0.9746132277430496,3.639799045632971e-15,0.025386772257099652
2019-02-26,0.9997353287177968,1.824177610446158e-15,0.00026467128196284247
2019-02-27,0.9999985214264615,2.7703647485890927e-16,1.4785739405437475e-06
2019-02-28,0.9999997743743988,8.151249597150125e-17,2.2562639831490512e-07
2019-03-01,0.9999999980827852,3.461742010879302e-16,1.9177861705127853e-09
2019-03-04,0.9999999741812647,5.1706737862734613e-14,2.5819223486248835e-08
2019-03-05,0.9999999785522962,2.034447175927035e-15,2.1447936161065066e-08
2019-03-06,0.9999999989977368,1.6552078702954316e-16,1.001354612089208e-09
2019-03-07,0.9999999980209395,9.683365513658098e-21,1.978916601322061e-09
2019-03-08,0.9999999985047907,1.1793927797937793e-23,1.494716864219444e-09
2019-03-11,0.9999999372375916,6.911459426423249e-22,6.276211026148981e-08
2019-03-12,0.9999999349001903,8.165334825874846e-14,6.509911283352144e-08
2019-03-13,0.9999999305437111,8.035210265053718e-12,6.944824298807361e-08
2019-03-14,0.9999999557458078,2.4837174949323957e-09,4.177053646964798e-08
2019-03-15,0.9999998989405918,4.758077870921062e-09,9.630088389891932e-08
2019-03-18,0.9999995693161526,2.9431272409768326e-07,1.363719866270225e-07
2019-03-19,0.9999941628363845,5.054929060990193e-06,7.822350053358291e-07
2019-03-20,0.9999978092533988,1.6723071568741666e-06,5.184396140243488e-07
2019-03-21,0.9999845777917996,7.266127224589637e-06,8.156081601850073e-06
2019-03-22,0.9999455336901094,1.8314561301193963e-07,5.428316383109795e-05
2019-03-25,0.9999708174329438,5.5101694305528286e-08,2.9127465822565356e-05
2019-03-26,0.9999788737471769,7.872307223461037e-08,2.1047530089169544e-05
2019-03-27,0.9999889671261546,3.095174516364024e-07,1.0723356368441667e-05
2019-03-28,0.9999369555545422,4.503301168118869e-06,5.85411451327897e-05
2019-03-29,0.9924011715076811,0.006882475463653767,0.000716353028511021
2019-04-01,0.5368457279828911,0.46212762518268213,0.0010266468346441895
2019-04-02,0.008147108498984493,0.9918382955753834,1.4595925667866043e-05
2019-04-03,8.118283754273301e-05,0.9999180154385324,8.017232505344392e-07
2019-04-04,7.758574446660043e-07,0.9999986159137308,6.082285886823926e-07
2019-04-05,1.6647691012804315e-07,0.9999990328674486,8.006563516777489e-07
2019-04-08,9.024278365837611e-08,0.9999993196854615,5.900721991406502e-07
2019-04-09,7.430178383400507e-08,0.9999992520882256,6.736091191396003e-07
2019-04-10,7.395792872737448e-08,0.9999994171395763,5.089032355217427e-07
2019-04-11,9.981277784868037e-08,0.999999536572539,3.6361446253477033e-07
2019-04-12,1.7172064866975377e-07,0.99999847958613,1.3486929192496534e-06
2019-04-15,1.5393413967640984e-07,0.9999993794683284,4.665981190453251e-07
2019-04-16,1.9279134223920673e-07,0.999999314243049,4.92966340459611e-07
2019-04-17,3.062303534976116e-07,0.9999993847088336,3.0906171677044885e-07
2019-04-18,1.9302505501404122e-07,0.9999994401352272,3.668392999820675e-07
2019-04-22,6.223667600515795e-08,0.9999998742368995,6.352620880293197e-08
2019-04-23,3.297632509689104e-08,0.9999999670235417,8.171285430985229e-16
2019-04-24,3.115424604521036e-08,0.9999999688461689,7.082599989110575e-15
2019-04-25,1.4160061888613637e-10,0.9999999998581188,2.9479959369494856e-21
2019-04-26,1.563075156343949e-10,0.9999999998435669,1.9472491934441282e-21
2019-04-29,1.6833998751277036e-10,0.999999999830834,6.782471935179989e-21
2019-04-30,7.366468223168937e-11,0.9999999999272404,1.957557774724283e-21
2019-05-01,9.20796816409372e-15,1.0,1.0698522294899313e-31
2019-05-02,2.0507876297378187e-13,1.0,2.1186381952212037e-29
2019-05-03,1.6742549304999428e-11,0.9999999999836291,4.175131618958123e-25
2019-05-06,7.522864992681132e-11,0.9999999999254214,8.615797333094084e-22
2019-05-07,5.069644579452618e-08,0.9999999492974907,5.399857375143554e-12
2019-05-08,3.381943718866584e-07,0.9999996618044523,7.81359661860267e-13
2019-05-09,3.1648645031777515e-05,0.999968351353043,2.4294497447677944e-12
2019-05-10,0.0053150870814719356,0.9946849129121095,7.16009664096136e-12
2019-05-13,0.987163308967083,0.00017688790039444672,0.012659803132940474
2019-05-14,0.9998649449847749,3.6840554394602623e-09,0.00013505133030896512
2019-05-15,0.9999927247109541,1.2461609261450183e-06,6.029127232625776e-06
2019-05-16,0.9999264848259285,6.92949131984282e-05,4.2202607479511215e-06
2019-05-17,0.9998926822227518,0.00010354893582283449,3.768841653289969e-06
2019-05-20,0.999996760705261,9.126388879515971e-07,2.326656632165963e-06
2019-05-21,0.9999957764446724,2.3199926689999384e-07,3.9915561899302915e-06
2019-05-22,0.9999944444889184,3.582485510017198e-06,1.9730256025031133e-06
2019-05-23,0.9999981063428744,1.1637113953117445e-09,1.8924942597155136e-06
2019-05-24,0.9999970966406492,3.6348924292329676e-11,2.90332317726695e-06
2019-05-28,0.9999986207867967,3.3560948138770096e-13,1.3792129701290606e-06
2019-05-29,0.9999995857070593,2.6184037736867987e-17,4.1429315493130525e-07
2019-05-30,0.9999994965784383,6.746583759629646e-19,5.034221004699338e-07
2019-05-31,0.9999900617333872,6.502450488786141e-23,9.93826727516714e-06
2019-06-03,0.9999978045222178,6.591420165715638e-28,2.195477449337646e-06
2019-06-04,0.9999948559257494,2.1857147300576733e-26,5.144074538415159e-06
2019-06-05,0.9999958017849071,5.217447295851339e-14,4.1982142832235965e-06
2019-06-06,0.9999850578885738,4.1695070935155446e-09,1.4937942674614273e-05
2019-06-07,0.9990508652325514,0.0006932554631060171,0.0002558793048354126
2019-06-10,0.7543640639535736,0.24515393916318357,0.0004819968826848704
2019-06-11,0.3496095438753887,0.6501220634568864,0.00026839266765835823
2019-06-12,0.0980973971821089,0.9018771130349608,2.548978281932049e-05
2019-06-13,0.017170225068181864,0.9828235410786228,6.233853861466564e-06
2019-06-14,0.0023758286781336703,0.9976226348090905,1.536512494825383e-06
2019-06-17,0.0002407711712278271,0.9997581151951119,1.1136331892153169e-06
2019-06-18,1.89378838437567e-05,0.9999797464929683,1.3156233081583535e-06
2019-06-19,1.5364178709709584e-06,0.999998271255793,1.9232558523304558e-07
2019-06-20,1.8420787080111168e-06,0.9999976310874309,5.268346356525469e-07
2019-06-21,7.298136774366418e-07,0.9999990753044313,1.9488241099485342e-07
2019-06-24,4.11287956035145e-07,0.9999994720602928,1.1665143103304013e-07
2019-06-25,2.803607465156282e-06,0.9999964524148881,7.439775940163808e-07
2019-06-26,9.775541523595995e-07,0.9999988030474811,2.193978908788627e-07
2019-06-27,6.172195075153023e-07,0.9999991961598018,1.8661996334014518e-07
2019-06-28,5.445449267580937e-07,0.9999993000294757,1.554262021726238e-07
2019-07-01,4.246410664491708e-07,0.9999993259991695,2.493589192008941e-07
2019-07-02,4.170735187645273e-07,0.9999993687581256,2.1416904574055058e-07
2019-07-03,4.001161693025544e-07,0.9999984178297165,1.1820539681482881e-06
2019-07-05,4.2787304423983326e-07,0.9999988131210324,7.59006766222444e-07
2019-07-08,7.608257507094173e-07,0.9999985072529171,7.319210182654021e-07
2019-07-09,7.407730912035152e-07,0.9999989427657188,3.164610911461686e-07
2019-07-10,8.689913848389239e-07,0.9999988248644142,3.061441986170756e-07
2019-07-11,7.390061498940414e-07,0.9999989722460493,2.8874810590181665e-07
2019-07-12,6.846589549791878e-07,0.9999989578032884,3.5753729553085126e-07
2019-07-15,8.122930742739057e-07,0.9999988909336719,2.9677239903221467e-07
2019-07-16,9.633524434336516e-07,0.9999987232339628,3.134133265359806e-07
2019-07-17,1.605151805353461e-06,0.9999979495444781,4.453030259533225e-07
2019-07-18,1.2488439342288036e-06,0.9999986119756242,1.391799350591077e-07
2019-07-19,2.2116018982499315e-06,0.999997670226534,1.1817142520610514e-07
2019-07-22,2.0098739337991915e-06,0.9999978785840304,1.1154130132355265e-07
2019-07-23,1.478217086631367e-06,0.9999984078798603,1.1390292215517276e-07
2019-07-24,1.0216808324452198e-06,0.9999988900132643,8.830625818099356e-08
2019-07-25,2.2435148752433734e-06,0.9999977305149801,2.596941995212751e-08
2019-07-26,1.5124586723897897e-06,0.9999984042109645,8.333098224717895e-08
2019-07-29,2.059498935135211e-06,0.9999978994005012,4.110091164571907e-08
2019-07-30,1.3857276082980085e-06,0.9999985430542138,7.121760246998167e-08
2019-07-31,1.3684351063088527e-06,0.9999986315588372,6.518104028403147e-12
2019-08-01,0.00020358087461663557,0.9997964191241568,5.47935784694048e-13
2019-08-02,0.06802829032372536,0.9319716834779693,2.61977835351606e-08
2019-08-05,0.2558076998880097,7.764595855837517e-11,0.7441923000349441
2019-08-06,0.8895927786613004,1.4327346505391587e-15,0.11040722133861373
2019-08-07,0.9841508730683844,2.6415012177795303e-11,0.015849126904979704
2019-08-08,0.9959208681317026,1.5892112537318577e-11,0.004079131852041332
2019-08-09,0.9969001160938296,1.4034386079391741e-07,0.0030997435620484944
2019-08-12,0.9918044267342191,1.96490557880166e-10,0.008195573068720595
2019-08-13,0.936251976725715,5.386207512414638e-11,0.0637480232202717
2019-08-14,0.5326637795413603,1.7800063995224738e-18,0.46733622045914075
2019-08-15,0.4192869563360395,1.779157363262219e-21,0.5807130436638305
2019-08-16,0.1464251925666331,1.375854111742484e-19,0.8535748074336093
2019-08-19,0.014432143923635538,4.069083509483053e-14,0.9855678560757222
2019-08-20,0.001138800674832917,2.1391553698057148e-14,0.9988611993248044
2019-08-21,6.028140324491413e-05,1.6707946871854496e-15,0.9999397185964055
2019-08-22,8.542273169522581e-06,1.4604333938591561e-13,0.9999914577275523
2019-08-23,1.6022458876888544e-06,2.3402421284967313e-24,0.9999983977535625
2019-08-26,1.8008929901969555e-05,6.98749669426043e-24,0.999981991070217
2019-08-27,2.7456072290896633e-05,1.2607002063327893e-20,0.9999725439269543
2019-08-28,2.099684935379056e-05,2.4814182498912543e-21,0.9999790031509955
2019-08-29,1.5247335856039963e-05,3.300891474941511e-17,0.9999847526649402
2019-08-30,5.461024050648618e-05,8.460967663714285e-12,0.9999453897504146
2019-09-03,0.0001589801711574223,4.932972026441033e-13,0.9998410198280757
2019-09-04,0.00034440860203321954,8.356747015828373e-11,0.9996555913144679
2019-09-05,0.0007040654801843614,1.3535459181589733e-05,0.9992823990604598
2019-09-06,0.0018264510567618942,0.00712512234091691,0.991048426602866
2019-09-09,0.001993005755432812,0.06820971137933227,0.9297972828653379
2019-09-10,0.0014065785595431682,0.16552405636831952,0.8330693650716409
2019-09-11,0.0002621738226265202,0.3436830061176635,0.6560548200605377
2019-09-12,6.605549346598374e-05,0.7687885990726089,0.2311453454341892
2019-09-13,3.484632900916967e-06,0.9976677843457348,0.0023287310221311902
2019-09-16,2.400565110052201e-07,0.9999620944326368,3.76655110109024e-05
2019-09-17,5.7230838825409e-08,0.9999951155506243,4.827218950297126e-06
2019-09-18,6.309651238960489e-08,0.9999730645839592,2.6872319879473352e-05
2019-09-19,3.291399628482369e-08,0.999367499464283,0.0006324676212874409
2019-09-20,1.276699816650259e-07,0.9917390698385973,0.008260802491299367
2019-09-23,5.849454106472854e-07,0.949084235922109,0.05091517913252362
2019-09-24,6.274193282592131e-05,0.7816281040285724,0.21830915403917758
2019-09-25,8.544300070819124e-05,0.48146237670792613,0.5184521802920483
2019-09-26,3.703105554891311e-05,0.17677247842768098,0.8231904905176354
2019-09-27,4.029730687479207e-06,0.00984539598602584,0.9901505742833319
2019-09-30,1.472484861589147e-06,0.0006152892273084086,0.9993832382882776
2019-10-01,3.769555352356648e-05,1.5125083991990461e-05,0.9999471793615918
2019-10-02,0.0020710714209542388,6.060808768693518e-10,0.997928927972821
2019-10-03,0.09194227167046425,2.2435572555116227e-09,0.9080577260851601
2019-10-04,0.37834370291945246,1.0437898804633885e-05,0.6216458591811475
2019-10-07,0.7916698815944501,0.0012946057380324697,0.2070355126675293
2019-10-08,0.9257233588219187,3.186349511025777e-07,0.07427632254370804
2019-10-09,0.9748386906084489,3.125504832767017e-06,0.025158183886223862
2019-10-10,0.9600741613895093,0.025125083632824032,0.014800754977591073
2019-10-11,0.47164307119317167,0.527431901385289,0.0009250274221500771
2019-10-14,0.04584417453900407,0.9541287428614009,2.7082600429949107e-05
2019-10-15,0.0040302655886978326,0.9959647894941578,4.9449165556982456e-06
2019-10-16,0.00018381394605670524,0.9998154438012823,7.422526946434441e-07
2019-10-17,8.149658302283019e-06,0.9999913909039116,4.594377679054148e-07
2019-10-18,5.072291882930166e-06,0.9999940349494513,8.927590070335311e-07
2019-10-21,2.150527190157361e-06,0.9999970426313741,8.068420478254664e-07
2019-10-22,3.2055240024485638e-06,0.9999958861110864,9.08365312668555e-07
2019-10-23,1.2673977095319955e-06,0.9999981419877239,5.906141343775706e-07
2019-10-24,2.0007525877304834e-06,0.9999974284707017,5.707761962695369e-07
2019-10-25,2.0585442072653227e-06,0.9999969768987506,9.64557292823458e-07
2019-10-28,1.2370540197287985e-06,0.9999976160171395,1.1469280658860744e-06
2019-10-29,1.594056827105462e-06,0.999997635585781,7.703579734846921e-07
2019-10-30,8.503190671335026e-07,0.9999980999018452,1.0497792564479182e-06
2019-10-31,6.085195986517537e-07,0.9999993791099877,1.2370289757203676e-08
2019-11-01,2.4192739336113876e-06,0.999997536914939,4.381126694248205e-08
2019-11-04,2.558460945982485e-07,0.9999997398754542,4.278532473165007e-09
2019-11-05,1.550689555683117e-07,0.9999998413986885,3.5331507274482252e-09
2019-11-06,5.296157596311403e-07,0.9999994702049246,1.7939164445199564e-10
2019-11-07,4.4744783700860844e-07,0.9999995524031966,1.494031994618139e-10
2019-11-08,4.829564712029982e-07,0.9999995169511097,9.302515996759108e-11
2019-11-11,3.40999077962315e-07,0.9999996589522779,4.851267614426079e-11
2019-11-12,2.744414564653858e-07,0.9999997255145366,4.4888718551166736e-11
2019-11-13,5.438251072234677e-07,0.9999994540268415,2.1487583799156443e-09
2019-11-14,3.558190546462428e-07,0.9999996436254786,5.547420914906565e-10
2019-11-15,1.805870832370989e-06,0.9999981880735549,6.055035877171508e-09
2019-11-18,5.948295894496547e-07,0.9999994032879802,1.8831950456384983e-09
2019-11-19,3.764553154265159e-07,0.9999996219704177,1.574174052471269e-09
2019-11-20,6.308118677851642e-07,0.9999993680905568,1.0983153810955547e-09
2019-11-21,4.939818024698046e-07,0.9999995049767083,1.042002476141953e-09
2019-11-22,8.296582257720294e-07,0.9999991674852763,2.85591061474029e-09
2019-11-25,1.5007436682102407e-06,0.9999984895832805,9.672971149076216e-09
2019-11-26,5.357094620674989e-07,0.999999463691127,5.987725248528116e-10
2019-11-27,2.8381399807475277e-07,0.9999997161794857,5.96195609715638e-12
2019-11-29,4.312489853161739e-07,0.9999995686740497,7.651839310425724e-11
2019-12-02,1.9496248833821797e-06,0.9999975473704644,5.030041577112702e-07
2019-12-03,5.124407018097408e-06,0.9999913755463165,3.5000469753763607e-06
2019-12-04,6.335660854746843e-06,0.9999914650489221,2.19928972933453e-06
2019-12-05,1.9189880313927947e-06,0.9999977450723193,3.3593905258884844e-07
2019-12-06,1.1632822475393705e-06,0.9999982456699327,5.910470944871232e-07
2019-12-09,6.980558451143192e-07,0.9999987361633231,5.657799370674666e-07
2019-12-10,4.3960437358528926e-07,0.9999992434916881,3.1690434613095905e-07
2019-12-11,3.024964677914442e-07,0.9999993728162884,3.246875584076285e-07
2019-12-12,4.943342085689574e-07,0.9999991304725114,3.7519365995210897e-07
2019-12-13,5.382109593875557e-07,0.9999992697651516,1.9202310742290784e-07
2019-12-16,3.7009178452409175e-07,0.9999994110659742,2.1884254600976242e-07
2019-12-17,4.46260151077743e-07,0.9999994003685039,1.533717764233093e-07
2019-12-18,4.0947076142179137e-07,0.9999994431147302,1.4741464460255307e-07
2019-12-19,4.197058190550366e-07,0.9999994271330983,1.5316066510919616e-07
2019-12-20,6.173825659143586e-07,0.9999991990629066,1.8355369946218784e-07
2019-12-23,6.607994777706506e-07,0.9999992056149012,1.3358534070036218e-07
2019-12-24,7.537028143343178e-07,0.9999991122298827,1.3406766249910387e-07
2019-12-26,1.2486460976610576e-06,0.9999984811650103,2.7018820630750733e-07
2019-12-27,6.513148454196491e-07,0.9999991223088941,2.2637694166952572e-07
2019-12-30,1.063645330802404e-06,0.9999987250729587,2.1128166950724247e-07
2019-12-31,8.388395715779833e-07,0.9999990607070549,1.0045295150241533e-07
2020-01-02,3.496180691165264e-06,0.999996245905775,2.579139258702104e-07
2020-01-03,1.8052110020552778e-06,0.9999979120697359,2.827196904508191e-07
2020-01-06,8.107652399057364e-07,0.9999990256315159,1.6360250423966796e-07
2020-01-07,6.663552520996947e-07,0.9999991784173936,1.5522663912185626e-07
2020-01-08,8.136980577857226e-07,0.9999989175545526,2.687482122954966e-07
2020-01-09,7.877782784336361e-07,0.9999987583222242,4.538991421894492e-07
2020-01-10,7.252413371768671e-07,0.9999989852590861,2.89500129453935e-07
2020-01-13,6.112755193732358e-07,0.9999989192789527,4.694447909815816e-07
2020-01-14,2.943951804031406e-07,0.9999994053543508,3.0025081820261765e-07
2020-01-15,2.8889964405026614e-07,0.9999993920684602,3.1903258208385045e-07
2020-01-16,7.811859113878865e-07,0.9999982926852704,9.261282023826935e-07
2020-01-17,3.381949386309284e-07,0.9999992852411023,3.7656307278316466e-07
2020-01-21,3.29664134825958e-07,0.9999993373114571,3.3302529643340383e-07
2020-01-22,2.268126169850257e-07,0.9999995473918831,2.257962286323115e-07
2020-01-23,1.3738965375614073e-07,0.999999668663859,1.9394558657609709e-07
2020-01-24,4.932697792595831e-07,0.9999987238287716,7.829021212129917e-07
2020-01-27,1.0026105341769906e-05,0.9999074910020259,8.248289341368979e-05
2020-01-28,1.3841871471738038e-05,0.9999418434485484,4.4314679376330654e-05
2020-01-29,2.3625360057151068e-05,0.9999681669406558,8.207698820406228e-06
2020-01-30,0.0007734828254632829,0.9990091296588549,0.00021738751586396478
2020-01-31,0.0696659886577422,0.902182565753711,0.028151445588204795
2020-02-03,0.08788835878531166,0.8827708421478061,0.02934079906641956
2020-02-04,0.07760658630753817,0.9060681416377215,0.016325272053885096
2020-02-05,0.06005011375082856,0.9350238294099743,0.004926056838873144
2020-02-06,0.0387239088667513,0.959909807417022,0.0013662837158033806
2020-02-07,0.021629066787792566,0.9779995005240747,0.0003714326873913968
2020-02-10,0.0027893986598230953,0.9971795087769588,3.109256348724207e-05
2020-02-11,0.00031897386790097576,0.9996698730334855,1.115309893645077e-05
2020-02-12,1.3502669636298921e-05,0.9999839994750329,2.4978548144757767e-06
2020-02-13,5.0444647990444926e-06,0.9999918568959898,3.0986394609943704e-06
2020-02-14,2.144860655274636e-06,0.9999962873876734,1.5677518737493201e-06
2020-02-18,1.8230182440477871e-06,0.9999973667252672,8.102573770806697e-07
2020-02-19,1.2860263209807435e-06,0.9999982093465977,5.046275202303989e-07
2020-02-20,7.579543616998579e-06,0.9999699915943596,2.242886161856633e-05
2020-02-21,0.0004191656058323426,0.9895224262822401,0.010058408112523981
2020-02-24,0.0006033022672110334,1.8624756932440777e-09,0.9993966958703536
2020-02-25,0.003897051213407725,4.194768040755567e-27,0.9961029487867517
2020-02-26,0.005002064503839999,4.947161656205773e-31,0.9949979354968917
2020-02-27,8.779818789426794e-08,9.403452390569616e-64,0.9999999122010234
2020-02-28,2.46778809916335e-10,4.847818835133089e-89,0.9999999997526174
2020-03-02,2.7829684076678744e-09,1.6126316468255807e-89,0.9999999972169462
2020-03-03,4.011524983896259e-08,2.3618370736494503e-65,0.9999999598840085
2020-03-04,6.586431652122797e-11,1.9864578893151263e-80,0.9999999999345164
2020-03-05,1.9803667197366543e-13,3.126059976067455e-66,1.0
2020-03-06,3.1660630560939545e-16,3.909987003430391e-92,1.0
2020-03-09,3.1111333691128845e-35,1.2033655445172554e-200,1.0
2020-03-10,1.1008394118715303e-39,1.326604725479617e-287,1.0
2020-03-11,2.250739682671043e-42,1.723672589750652e-241,1.0
2020-03-12,6.960849445357213e-93,0.0,1.0
2020-03-13,1.1426412885635399e-92,0.0,1.0
2020-03-16,2.0657180635844715e-145,0.0,1.0
2020-03-17,5.564706143405335e-167,0.0,1.0
2020-03-18,1.2028344861859462e-154,0.0,1.0
2020-03-19,1.2107694019161098e-155,0.0,1.0
2020-03-20,1.2080821605003422e-135,0.0,1.0
2020-03-23,1.3751552512394398e-124,0.0,1.0
2020-03-24,2.000963097128693e-164,0.0,1.0
2020-03-25,1.632109330620483e-156,0.0,1.0
2020-03-26,8.886088297976932e-170,0.0,1.0
2020-03-27,6.462914496977443e-165,0.0,1.0
2020-03-30,3.0666593840056987e-156,0.0,1.0
2020-03-31,2.160059883517566e-136,0.0,1.0
2020-04-01,4.952330221062286e-132,0.0,1.0
2020-04-02,1.460069007582129e-112,0.0,1.0
2020-04-03,6.2062469198075135e-96,0.0,1.0
2020-04-06,4.3707022986218756e-107,0.0,1.0
2020-04-07,7.507053899128273e-89,0.0,1.0
2020-04-08,8.670179126881233e-85,0.0,1.0
2020-04-09,7.271575378340197e-78,0.0,1.0
2020-04-13,2.838416128561462e-59,0.0,1.0
2020-04-14,2.0351001374690304e-53,0.0,1.0
2020-04-15,7.989286800778641e-34,0.0,1.0
2020-04-16,4.7479005777580733e-35,0.0,1.0
2020-04-17,5.066014712874196e-40,0.0,1.0
2020-04-20,4.271998888650316e-49,1.3819945837316555e-302,1.0
2020-04-21,1.7395690918334566e-51,0.0,1.0
2020-04-22,3.6704701532536674e-55,0.0,1.0
2020-04-23,1.6069814589272133e-60,0.0,1.0
2020-04-24,5.255761072502473e-63,0.0,1.0
2020-04-27,6.369390715460018e-68,0.0,1.0
2020-04-28,8.538234656355699e-73,1.1449477607333416e-307,1.0
2020-04-29,8.909781280171563e-78,6.0839465523583e-310,1.0
2020-04-30,1.540519595121993e-79,5.359631827879639e-269,1.0
2020-05-01,2.626907100502005e-82,4.203974178308082e-298,1.0
2020-05-04,9.931578083836146e-78,1e-323,1.0
2020-05-05,7.99585701701411e-73,1.6224592231e-313,1.0
2020-05-06,7.310866224983792e-70,1.8572529876493246e-283,1.0
2020-05-07,1.5626138617300854e-61,1.7052852914964028e-282,1.0
2020-05-08,4.029542094422536e-51,1.0205809985611467e-244,1.0
2020-05-11,8.602149745053361e-39,9.093585175839203e-205,1.0
2020-05-12,2.2429125303109983e-34,1.8783600387191363e-205,1.0
2020-05-13,3.1824543427907678e-27,8.600337069385322e-228,1.0
2020-05-14,1.9268175937981086e-24,2.768501331978231e-246,1.0
2020-05-15,1.1326087798096852e-21,1.863219722505999e-222,1.0
2020-05-18,7.201174304432756e-22,4.7462989471274545e-205,1.0
2020-05-19,5.107514274190599e-17,5.605736935781514e-156,1.0
2020-05-20,8.383734664732038e-15,2.405335806700308e-157,1.0
2020-05-21,1.4448120017956388e-11,1.2981762026860532e-131,0.9999999999854481
2020-05-22,9.130610887201278e-10,2.011726293107587e-139,0.9999999990868673
2020-05-26,1.0438874821629387e-09,1.2839236763617757e-130,0.9999999989559001
2020-05-27,5.840853191855261e-10,9.519670541898732e-108,0.9999999994161044
2020-05-28,3.479080394451734e-09,3.93898882418682e-89,0.9999999965202733
2020-05-29,9.071565397288641e-08,4.322337114042581e-86,0.9999999092851836
2020-06-01,2.6478391457087966e-08,7.130371046933003e-79,0.9999999735209716
2020-06-02,4.897344813780174e-07,7.406911544664227e-69,0.9999995102663268
2020-06-03,4.611809063473228e-07,4.037210475640822e-57,0.99999953881899
2020-06-04,1.7085979319506264e-05,3.115607213904956e-45,0.9999829140201586
2020-06-05,2.2088177139832056e-08,1.650011399147251e-44,0.9999999779120119
2020-06-08,4.90543209687616e-09,3.62638931965233e-21,0.9999999950941856
2020-06-09,1.1058299842564319e-08,3.310901178574393e-16,0.9999999889423634
2020-06-10,1.0980943865204582e-07,2.237747880373489e-19,0.9999998901912537
2020-06-11,2.0383007822992532e-25,2.4963024474099635e-70,1.0
2020-06-12,1.8335980153869314e-16,3.387321779355208e-78,1.0
2020-06-15,4.858166219713052e-16,8.575282793202923e-66,1.0
2020-06-16,1.658091882854861e-18,3.369896120275602e-55,1.0
2020-06-17,2.7300548465242954e-17,2.2884358373815464e-40,1.0
2020-06-18,2.675565510147623e-18,3.6049455851928816e-44,1.0
2020-06-19,2.68687257702559e-20,6.304418170295136e-47,1.0
2020-06-22,1.5201541253897187e-18,6.147110405282617e-50,1.0
2020-06-23,5.186135747643554e-19,8.0063608994296e-45,1.0
2020-06-24,7.668380329525734e-17,2.9734622926403543e-56,1.0
2020-06-25,6.171350775063525e-17,5.00167718755073e-69,1.0
2020-06-26,1.4694784479775902e-15,8.092139258149849e-74,1.0
2020-06-29,4.939674666324767e-15,1.6682234918120527e-89,1.0
2020-06-30,3.9705358645710616e-15,1.6328536459105592e-71,1.0
2020-07-01,8.97721991788145e-14,1.2403998960367222e-58,1.0
2020-07-02,2.4629051350178625e-13,6.805563816129763e-52,1.0
2020-07-06,9.398043545533915e-16,3.8315144211351984e-45,1.0
2020-07-07,1.0703156786088385e-14,7.546614462134747e-36,1.0
2020-07-08,3.7333760480239304e-14,2.842941294744738e-38,1.0
2020-07-09,4.381537558732419e-14,2.175602910325829e-35,1.0
2020-07-10,3.022192288566107e-14,2.1785243242236004e-37,1.0
2020-07-13,1.6006501394827014e-12,2.2516368733193512e-23,0.999999999998181
2020-07-14,3.1131156562449704e-12,5.705083989461005e-25,0.999999999996362
2020-07-15,2.495787863881399e-11,1.354955932374378e-16,0.9999999999745341
2020-07-16,2.4543082511381943e-11,1.550208675922504e-13,0.9999999999745341
2020-07-17,1.0946760520559595e-10,4.690397403558624e-15,0.9999999998908606
2020-07-20,3.2641969152504965e-11,1.215162937172224e-13,0.9999999999672582
2020-07-21,3.692881240808024e-12,1.0167383169568259e-10,0.9999999998944986
2020-07-22,9.781980616277842e-13,5.634165048420858e-10,0.9999999994361133
2020-07-23,1.7706843659679293e-12,1.505751769314884e-11,0.9999999999836291
2020-07-24,3.3016524296065215e-12,9.953521521137769e-15,0.999999999996362
2020-07-27,1.3757291148893655e-12,9.618707025557942e-16,0.999999999998181
2020-07-28,1.6094556310382914e-12,9.040730248292763e-15,0.999999999998181
2020-07-29,2.1801045970862585e-13,2.46492277278715e-15,1.0
2020-07-30,1.0468688464902081e-12,9.869596978576525e-12,0.9999999999890861
2020-07-31,1.7676878494399027e-12,1.0351238406289644e-10,0.9999999998944986
2020-08-03,1.9252406767497035e-11,2.0651742083614426e-05,0.9999793482388408
2020-08-04,1.4713216836571062e-09,0.03611400948831243,0.9638859890401077
2020-08-05,3.892446770210896e-09,0.4390536308940334,0.5609463652130328
2020-08-06,2.7946610055658546e-09,0.9302096041007373,0.06979039310495858
2020-08-07,2.1169744893467857e-09,0.9967019843705393,0.003298013512389418
2020-08-10,5.633489112317282e-10,0.9999661271092819,3.387232759900764e-05
2020-08-11,4.6270325407843367e-10,0.9999643102585399,3.568927829939214e-05
2020-08-12,9.671054636716486e-10,0.9999462542565054,5.3744776386286315e-05
2020-08-13,5.29546445530328e-09,0.9999896665583068,1.0328147027588275e-05
2020-08-14,2.2876846744391318e-09,0.9999954220561645,4.575655423600725e-06
2020-08-17,2.693564220922536e-09,0.9999976454028437,2.3519040438130197e-06
2020-08-18,3.2214506946220593e-09,0.999997626920136,2.3698588146020167e-06
2020-08-19,4.484234273491952e-09,0.9999964706447354,3.5248711726891955e-06
2020-08-20,1.889505768755827e-09,0.9999975177210103,2.480389046836265e-06
2020-08-21,3.860068814644173e-09,0.9999997831037271,2.130356233247148e-07
2020-08-24,2.456953532099611e-09,0.9999997976992949,1.9984448290578252e-07
2020-08-25,5.20266001158873e-09,0.999999961513823,3.3283092266109076e-08
2020-08-26,7.916200352818412e-10,0.9999998774346825,1.2177457932084626e-07
2020-08-27,4.945229904968899e-10,0.9999997870090964,2.1249644289236876e-07
2020-08-28,8.229404831342961e-10,0.999999944473531,5.4704200058289336e-08
2020-08-31,1.275248292985202e-10,0.9999981059608873,1.8939113982978674e-06
2020-09-01,3.757347581945351e-11,0.9999939924180956,6.0075449202941084e-06
2020-09-02,1.6424263107382858e-10,0.9995843806762629,0.0004156191599865861
2020-09-03,1.1404633230115913e-20,3.1491179348418447e-11,0.9999999999690772
2020-09-04,5.434878943203106e-14,2.2187591829269905e-10,0.9999999997780833
2020-09-08,1.2813730157381285e-11,5.424262611876445e-23,0.9999999999872671
2020-09-09,1.3940459115199172e-11,2.587006584562623e-28,0.9999999999854481
2020-09-10,4.590968772970605e-10,2.1005775555984716e-24,0.9999999995416147
2020-09-11,6.692643104752113e-09,3.844821238244631e-32,0.999999993307938
2020-09-14,1.4676981660524668e-10,4.721371119293799e-31,0.9999999998526619
2020-09-15,5.598385445424968e-11,4.490977969990979e-23,0.9999999999436113
2020-09-16,3.3337438489738814e-11,7.835136020871115e-23,0.9999999999672582
2020-09-17,7.562403379854104e-11,5.580867470996746e-28,0.9999999999236024
2020-09-18,4.3604465526526657e-10,1.0465100496391752e-38,0.9999999995634425
2020-09-21,2.2152313039804475e-10,5.207725616143384e-49,0.9999999997780833
2020-09-22,2.7970139977268833e-11,1.7197078356622568e-54,0.9999999999727152
2020-09-23,3.654035669751592e-10,5.184120603081683e-60,0.9999999996343831
2020-09-24,4.979584092613083e-10,1.5365747706234047e-73,0.9999999995015969
2020-09-25,5.479673998878113e-10,2.328556492348323e-68,0.9999999994524842
2020-09-28,1.852742500028545e-10,2.41114822149556e-49,0.9999999998144631
2020-09-29,2.4524372149523548e-08,5.003001771619741e-38,0.9999999754763852
2020-09-30,1.537144238996459e-08,4.797254695722275e-38,0.9999999846277207
2020-10-01,2.5781652722036603e-08,1.3998746630305524e-30,0.9999999742176445
2020-10-02,7.899211632051109e-07,5.627217093714274e-29,0.9999992100786976
2020-10-05,4.239381048616842e-09,8.668039212640653e-29,0.9999999957599357
2020-10-06,7.857193978212647e-08,5.74436137431152e-23,0.9999999214287558
2020-10-07,4.887108558650103e-09,3.4803389420357954e-25,0.9999999951123755
2020-10-08,1.0971883947971762e-07,1.2837088183132512e-13,0.9999998902803842
2020-10-09,1.5102077226627548e-07,5.5214553339680286e-09,0.9999998434577841
2020-10-12,3.6747255424543154e-09,2.9806646344401966e-06,0.9999970156612983
2020-10-13,4.2939302905346105e-08,0.00044451105792104803,0.9995554460033356
2020-10-14,5.109917665954855e-08,7.676505892940916e-05,0.9999231838411311
2020-10-15,2.5374162312347318e-08,1.4598952759160839e-05,0.9999853756722387
2020-10-16,4.2823372405309424e-09,4.340330775029211e-06,0.9999956553859893
2020-10-19,2.0104962272270896e-09,5.090256087845699e-10,0.9999999974806997
2020-10-20,1.9370564914350543e-10,2.058395507669868e-11,0.9999999997853593
2020-10-21,2.442356157228426e-09,1.7350040523057863e-10,0.9999999973842932
2020-10-22,6.426289236736102e-10,7.290422094422537e-10,0.999999998628482
2020-10-23,1.0879061594029963e-09,8.467723080717891e-08,0.9999999142346533
2020-10-26,5.583570871774286e-13,2.378727886108082e-13,1.0
2020-10-27,8.158034450714396e-14,8.61773756047274e-18,1.0
2020-10-28,3.850941167261198e-20,3.6082756164879075e-38,1.0
2020-10-29,1.7778319655540727e-17,2.333301097027111e-47,1.0
2020-10-30,1.6452397660049784e-15,3.1190206630127925e-44,1.0
2020-11-02,2.4366430782106248e-17,1.6626696201455024e-49,1.0
2020-11-03,1.0179884009922438e-17,8.933501807381883e-38,1.0
2020-11-04,7.891193756793695e-13,2.2638172223205552e-23,1.0
2020-11-05,9.655946412176569e-12,3.870872052476671e-11,0.9999999999508873
2020-11-06,4.907049415286419e-08,2.2675373686458685e-05,0.999977275556283
2020-11-09,1.7798915499090027e-10,8.552355558376557e-06,0.9999914474667208
2020-11-10,9.35732231708605e-09,0.00021374954314523246,0.9997862410996275
2020-11-11,5.1589218698750466e-09,0.00013542556654631813,0.9998645692742198
2020-11-12,2.394048962914384e-09,2.0703459270886568e-05,0.9999792941468526
2020-11-13,1.894152990671847e-09,4.424420321394241e-06,0.9999955736846196
2020-11-16,2.2743366892742915e-09,3.3119572827699467e-06,0.9999966857686
2020-11-17,1.2589166639987864e-08,3.867221657173359e-05,0.9999613151946856
2020-11-18,1.9702579470115302e-08,1.7738734808324875e-06,0.9999982064234869
2020-11-19,3.869087179230589e-08,1.0468267086017057e-05,0.9999894930412587
2020-11-20,1.029353710239713e-07,2.411974447924202e-06,0.9999974850902409
2020-11-23,1.1223884990565267e-07,2.269880288996844e-06,0.9999976178815992
2020-11-24,2.150883320124807e-08,7.571312753814649e-05,0.9999242653642914
2020-11-25,3.6725875436873114e-06,0.020358299125657307,0.9796380282860178
2020-11-27,2.453047274465231e-05,0.9925387659208978,0.007436703606830058
2020-11-30,1.422616747037897e-06,0.9999528564620759,4.5720921790986324e-05
2020-12-01,6.047296397834029e-08,0.999998352853701,1.5866734716964614e-06
2020-12-02,3.795625429447707e-08,0.9999992369305983,7.251137336308638e-07
2020-12-03,3.813080801039577e-08,0.9999991703574582,7.915117968927436e-07
2020-12-04,3.2435729177370448e-09,0.9999999458486869,5.090693215141263e-08
2020-12-07,4.2276342122824707e-10,0.9999999991086952,4.6825429386716e-10
2020-12-08,2.363020626645158e-10,0.9999999992305675,5.333565545023147e-10
2020-12-09,4.750292764029905e-09,0.9999984952348722,1.5000146478448973e-06
2020-12-10,7.86726351708039e-10,0.999998120410912,1.8788014612851045e-06
2020-12-11,2.0249674315079726e-10,0.9999995417548375,4.580429211256701e-07
2020-12-14,6.972115462841932e-11,0.9999981020537055,1.8978756748942505e-06
2020-12-15,2.0561692606670905e-10,0.9999946253609603,5.374433557905971e-06
2020-12-16,2.0226352590839462e-10,0.9999998432085827,1.5658932126064691e-07
2020-12-17,9.009682717999944e-11,0.9999999676165322,3.229364742896624e-08
2020-12-18,7.488736290519183e-10,0.9999999863466655,1.2904235041122321e-08
2020-12-21,1.5191697522835162e-12,0.9999999952142389,4.784233781191769e-09
2020-12-22,1.8191436556236572e-12,0.9999999999745341,2.3670710639632198e-11
2020-12-23,1.661929554464516e-11,0.9999999998635758,1.1980708085820285e-10
2020-12-24,9.801781208338414e-11,0.9999999998890416,1.3091421072649189e-11
2020-12-28,2.206035011163641e-10,0.9999999995761755,2.026417145811269e-10
2020-12-29,2.2672045005331335e-10,0.9999999984665919,1.306967144485914e-09
2020-12-30,4.23267243011371e-10,0.9999999948904588,4.685689910191316e-09
2020-12-31,9.338571389238824e-11,0.9999999996289262,2.768575714753747e-10
2021-01-04,2.1872758081679074e-10,0.9999827399440432,1.7259836912705782e-05
2021-01-05,6.364319272885769e-11,0.9999995258987142,4.740369466842067e-07
2021-01-06,4.6537726219319166e-11,0.9999998542935025,1.4565949551506556e-07
2021-01-07,6.0072048917834665e-09,0.9999981351774403,1.8588157717635013e-06
2021-01-08,3.5856734977167317e-09,0.9999999189240076,7.748944527792571e-08
2021-01-11,2.1289134625543775e-09,0.999999537383808,4.604878580156474e-07
2021-01-12,1.2477551436250732e-09,0.9999999071151294,9.16363296864658e-08
2021-01-13,3.835114195041238e-09,0.9999998785078861,1.176572160665201e-07
2021-01-14,4.243487680416754e-09,0.9999992740179457,7.217384287243748e-07
2021-01-15,1.0101242795182246e-08,0.9999949231206936,5.066778257197711e-06
2021-01-19,7.721007968956239e-09,0.9999904148739996,9.577405300565953e-06
2021-01-20,4.595848968811856e-08,0.9999795537931524,2.0400248728426904e-05
2021-01-21,3.923992839928702e-08,0.9999978841446693,2.0766162674359077e-06
2021-01-22,3.448080700991703e-08,0.999976336923133,2.3628596755126998e-05
2021-01-25,7.633866822403124e-09,0.998042640280217,0.0019573520853896323
2021-01-26,3.059384225762818e-07,0.9604796098905974,0.0395200841712282
2021-01-27,7.302846826685809e-22,4.002984449281938e-09,0.9999999959964043
2021-01-28,3.6221569433411405e-13,8.743451583051264e-05,0.9999125654840239
2021-01-29,1.7599440651812364e-14,1.0492360931575664e-08,0.9999999895080691
2021-02-01,1.0614005640650586e-11,1.4431397533287858e-05,0.999985568591452
2021-02-02,3.7997461492851385e-08,0.8164823738040179,0.18351758819823816
2021-02-03,9.976498229797432e-09,0.9998835126410845,0.00011647738322440383
2021-02-04,6.432488716808727e-10,0.9999992331325515,7.662239574219665e-07
2021-02-05,2.1118837906987642e-09,0.9999996082934416,3.8959501379942685e-07
2021-02-08,2.0750322837797399e-10,0.9999998947423647,1.0505061979400682e-07
2021-02-09,3.36978921966002e-10,0.999999883408243,1.1625566655325923e-07
2021-02-10,4.7654519254918857e-11,0.9999999470055642,5.294719574474749e-08
2021-02-11,9.72774154169358e-11,0.9999999508872873,4.901456566950721e-08
2021-02-12,3.0041554990706906e-10,0.9999999560077423,4.3691943274672466e-08
2021-02-16,4.446026297510653e-11,0.9999999530027719,4.695220161394976e-08
2021-02-17,1.2261537751195936e-11,0.9999999759456845,2.404152365862451e-08
2021-02-18,1.7069410088443664e-11,0.9999999685751395,3.140808473011134e-08
2021-02-19,4.0431279543248855e-12,0.999999999836291,1.6045812996584677e-10
2021-02-22,8.764266318913414e-11,0.9999999632655097,3.664669671905188e-08
2021-02-23,1.3572064340449255e-10,0.9999998767853033,1.23078450702668e-07
2021-02-24,1.681996209426208e-08,0.9996461528916779,0.000353830288198965
2021-02-25,4.0702681854463205e-10,0.0005375416154046562,0.9994624579773481
2021-02-26,3.480156816920785e-09,1.3108119984624863e-05,0.9999868883992454
2021-03-01,7.017800651788526e-08,3.844911922543446e-07,0.999999545330969
2021-03-02,4.357285182744734e-06,0.0036146327609739336,0.9963810099540942
2021-03-03,4.88841921266929e-07,0.0003543104511974306,0.9996452007062827
2021-03-04,2.2214149577770613e-07,4.469529794626611e-08,0.9999997331633851
2021-03-05,4.912370165555644e-06,1.3642557133635542e-07,0.9999949512039289
2021-03-08,6.717394431524208e-05,0.022253017519386614,0.9776798085362642
2021-03-09,0.00015140022636566156,0.09210148327663648,0.9077471164969566
2021-03-10,5.574813959046091e-05,0.9613908493322012,0.038553402528898176
2021-03-11,3.667412503100827e-06,0.9961518634776276,0.0038444691102758983
2021-03-12,4.661616742913712e-06,0.9996889056458151,0.0003064327379373072
2021-03-15,2.1599353993851743e-06,0.999966288846535,3.155121780348758e-05
2021-03-16,6.999439801121333e-06,0.9999628076516092,3.0192907692526683e-05
2021-03-17,1.1746980750993297e-05,0.9999056506586596,8.260235975309399e-05
2021-03-18,0.0001929595225106955,0.9984619921495212,0.0013450483280335814
2021-03-19,0.00012074392655140246,0.9996237322889311,0.0002555237843244952
2021-03-22,0.00024959743006978735,0.99950850307652,0.0002418994938271169
2021-03-23,0.0005479498606228327,0.998920974148625,0.0005310759903126953
2021-03-24,0.0010065652999542026,0.997933678787159,0.0010597559126792342
2021-03-25,0.0009500773962739284,0.9982684973299956,0.0007814252743033455
2021-03-26,0.0002102097197141939,0.9995478861908502,0.00024190408924944473
2021-03-29,7.140864792925614e-06,0.9999687715754962,2.408755983809871e-05
2021-03-30,9.38607808004276e-07,0.9999973328612312,1.728531247656777e-06
2021-03-31,2.543438984595036e-07,0.9999988647930045,8.808625887840261e-07
2021-04-01,1.081550752777287e-06,0.9999973231751385,1.595273225131386e-06
2021-04-05,1.1203561298554396e-06,0.9999884698891829,1.0409754053450009e-05
2021-04-06,7.59570443517918e-08,0.9999995422277745,3.8181564278226127e-07
2021-04-07,7.54032433817312e-08,0.9999995533981834,3.7119850075842885e-07
2021-04-08,5.9152772036581355e-08,0.9999993910298179,5.498177468416942e-07
2021-04-09,8.686025653803389e-08,0.9999978925210978,2.0206181370010624e-06
2021-04-12,4.8084098468584166e-08,0.9999991245953618,8.273206453612321e-07
2021-04-13,5.516142063774633e-08,0.9999983926931421,1.5521458559859183e-06
2021-04-14,7.513672271978184e-08,0.9999975991806138,2.32568272607021e-06
2021-04-15,2.1610159379641425e-07,0.9999775316605658,2.2252237675908878e-05
2021-04-16,6.440063448387636e-08,0.9999974317375984,2.5038616804468304e-06
2021-04-19,9.259656751665923e-08,0.9999985382611837,1.3691413524185042e-06
2021-04-20,1.6240984325088957e-07,0.9999965575921258,3.279997347892163e-06
2021-04-21,2.009069497968583e-07,0.999998821033627,9.780593421871825e-07
2021-04-22,3.2120938095322814e-07,0.9999980381309033,1.6406605879577136e-06
2021-04-23,3.094028013898286e-07,0.9999989235335643,7.670643795208834e-07
2021-04-26,1.415564684725459e-07,0.9999995949293318,2.635142337509488e-07
2021-04-27,9.307300678799824e-08,0.9999996033185076,3.0360918172448866e-07
2021-04-28,1.2751078918115865e-07,0.9999996655406553,2.0694867899770214e-07
2021-04-29,8.734475473051884e-08,0.9999996232782705,2.893774171922504e-07
2021-04-30,1.9175402805026667e-07,0.9999994075516888,4.0069470281871916e-07
2021-05-03,1.245367561490502e-07,0.999999702722606,1.72740248487911e-07
2021-05-04,2.00236709278695e-07,0.9999993132316916,4.865315312551329e-07
2021-05-05,2.084708380883129e-07,0.9999995084109585,2.8311809332923385e-07
2021-05-06,1.5988230333722826e-07,0.9999991844327867,6.55684419833012e-07
2021-05-07,2.9128393150589743e-07,0.9999992763917251,4.3232470301376763e-07
2021-05-10,7.479075399024416e-07,0.999861473940197,0.00013777815220990678
2021-05-11,2.6660227331630516e-05,0.9810334228781024,0.018939916895003614
2021-05-12,0.0001931362599944368,0.000320794842003909,0.9994860688985872
2021-05-13,0.012557494242250557,0.0015201678979256004,0.9859223378593721
2021-05-14,0.025127190478473806,0.6886189453190845,0.28625386420153887
2021-05-17,0.0029284429901256905,0.993596042604857,0.0034755144049981373
2021-05-18,0.0007759673835642035,0.9988995420729456,0.0003244905440776748
2021-05-19,0.0003436747735939764,0.9995078289815248,0.00014849624573975818
2021-05-20,4.8433483007396945e-05,0.9999060647344394,4.550178214186365e-05
2021-05-21,1.693355809918629e-06,0.9999963832589777,1.9233860257674365e-06
2021-05-24,6.345096285874269e-07,0.9999978430137687,1.5224766894795448e-06
2021-05-25,3.3522234129341727e-07,0.9999991758071459,4.889703324821869e-07
2021-05-26,3.285010979400535e-07,0.9999993316707747,3.3982892769129256e-07
2021-05-27,2.275859332102342e-07,0.9999995318686347,2.40544863011229e-07
2021-05-28,1.2009951629313903e-07,0.9999997112882245,1.686125690392422e-07
2021-06-01,3.490264787338616e-08,0.9999997989907772,1.6610585645287175e-07
2021-06-02,3.8989466997254157e-08,0.9999998152634533,1.4574734517190867e-07
2021-06-03,3.289475915557255e-08,0.9999998153980584,1.5170778985892802e-07
2021-06-04,7.487959563335992e-08,0.9999996475581322,2.7756246956828813e-07
2021-06-07,1.1490237189985378e-07,0.9999997229479434,1.6214960777702958e-07
2021-06-08,8.855476291098179e-08,0.9999997239502062,1.8749442042764516e-07
2021-06-09,4.957230321528166e-08,0.9999996048682859,3.4556019745601734e-07
2021-06-10,1.179645367267916e-07,0.9999990389046687,8.431305007313628e-07
2021-06-11,9.105066175018389e-08,0.9999998310304506,7.79194149817198e-08
2021-06-14,4.691244385438408e-08,0.99999986491458,8.817251978629238e-08
2021-06-15,4.028641832024832e-08,0.9999997019604496,2.577532526253604e-07
2021-06-16,4.764263490732795e-08,0.9999994983883319,4.539681541558482e-07
2021-06-17,2.8016750030444308e-08,0.9999996705483315,3.0143582753746605e-07
2021-06-18,7.290629037731533e-07,0.9999560472625245,4.322367374907766e-05
2021-06-21,5.371174158668752e-06,0.9999886117541787,6.017072149203861e-06
2021-06-22,7.280773763670739e-07,0.999999023705208,2.4821675769141507e-07
2021-06-23,1.0834507799843534e-06,0.999998773938229,1.4261180628525374e-07
2021-06-24,4.4017775326858024e-07,0.9999994885021295,7.13208927969584e-08
2021-06-25,3.3011249606633495e-07,0.9999996400620795,2.9826289894405476e-08
2021-06-28,2.21680702084037e-07,0.9999997489412951,2.937825591113113e-08
2021-06-29,1.662597601748421e-07,0.9999998026542211,3.1085147348622304e-08
2021-06-30,1.295822683405474e-07,0.9999998485254878,2.189277327646803e-08
2021-07-01,1.5696550471988875e-07,0.999999819290695,2.3743526750349826e-08
2021-07-02,2.981851106584456e-07,0.9999996240677116,7.774786086379546e-08
2021-07-06,4.312118539523914e-08,0.9999999553183453,1.5606727614838084e-09
2021-07-07,5.669195208549553e-08,0.9999999372084878,6.099870631317705e-09
2021-07-08,5.4507592212253046e-08,0.9999997400791809,2.0541246304562895e-07
2021-07-09,4.692778657177152e-07,0.9999994763549246,5.436740476746012e-08
2021-07-12,2.6245350569118257e-07,0.9999996673614631,7.018569738554515e-08
2021-07-13,2.293978518056083e-07,0.9999997344730571,3.6128700917362195e-08
2021-07-14,2.2379072718379703e-07,0.9999997616196481,1.458887163585484e-08
2021-07-15,2.4565986468019967e-07,0.9999997318973688,2.244290414395265e-08
2021-07-16,6.604990870622938e-07,0.9999991036460794,2.358550488350195e-07
2021-07-19,3.189165101065306e-05,0.9997105938693344,0.00025751447975551594
2021-07-20,8.954771489748572e-05,0.9998078793598993,0.00010257292452382386
2021-07-21,4.3347606133730305e-06,0.9999949817118656,6.835272994403794e-07
2021-07-22,1.9330503127839107e-06,0.9999978588407615,2.081087957988315e-07
2021-07-23,8.045901793385339e-07,0.9999988809892678,3.144212252572707e-07
2021-07-26,5.555762514209035e-07,0.9999992109736398,2.3344989859276318e-07
2021-07-27,3.642932928902902e-07,0.9999989095964826,7.261097186860256e-07
2021-07-28,6.532344041652887e-07,0.9999990924447527,2.5432144153029377e-07
2021-07-29,3.3090146001052834e-07,0.9999994322735595,2.368252699106933e-07
2021-07-30,5.290302798004131e-07,0.999999167527113,3.0344305682232504e-07
2021-08-02,1.9587367516939792e-07,0.9999995763047069,2.2782217334856799e-07
2021-08-03,4.0433274995275715e-07,0.9999992636842745,3.31983346165456e-07
2021-08-04,9.809268129384999e-07,0.9999985878085648,4.312655300672181e-07
2021-08-05,5.817534366267277e-07,0.9999991593143828,2.589317445663049e-07
2021-08-06,8.34925161013179e-07,0.9999989976391156,1.6743554537725639e-07
2021-08-09,6.547862946489316e-07,0.9999991258413684,2.1937164453271587e-07
2021-08-10,5.037977529934593e-07,0.9999992985415433,1.9766061233992883e-07
2021-08-11,3.3496714423516605e-07,0.9999993996427275,2.6538963387450817e-07
2021-08-12,3.404087138610142e-07,0.999999348267223,3.1132347572336975e-07
2021-08-13,3.750264157625424e-07,0.9999992230990136,4.0187482845207745e-07
2021-08-16,1.9306893629992378e-07,0.9999991013486978,7.055816277925083e-07
2021-08-17,2.198416333929076e-07,0.9999995931139811,1.8704467900342727e-07
2021-08-18,2.4258062554085503e-07,0.9999806519388607,1.91054811750135e-05
2021-08-19,6.086278474710481e-07,0.9999836705888754,1.5720783930627998e-05
2021-08-20,5.473592639788373e-07,0.9999975663988661,1.8862422091921712e-06
2021-08-23,4.6519732538172296e-07,0.9999989461526735,5.886508799198044e-07
2021-08-24,3.8490733857025255e-07,0.9999992726391528,3.4245438228719633e-07
2021-08-25,1.9726561799567503e-07,0.9999996680726877,1.3466181431281163e-07
2021-08-26,1.0962944060072221e-07,0.9999994183000909,4.72069592597614e-07
2021-08-27,3.880013343698012e-07,0.9999994765168145,1.354821600173771e-07
2021-08-30,1.9101460128054997e-07,0.9999997126524662,9.633340707126166e-08
2021-08-31,1.909163506184344e-07,0.9999996803381292,1.2874467231259611e-07
2021-09-01,1.9245644404177372e-07,0.9999997278373856,7.970542832974207e-08
2021-09-02,9.464423558161491e-08,0.9999997563809598,1.4897564974193672e-07
2021-09-03,1.3203484356793945e-07,0.999999708927177,1.590374759571777e-07
2021-09-07,7.486797514212398e-08,0.9999998429120874,8.222067727805359e-08
2021-09-08,7.929946453866004e-08,0.9999998784642304,4.223560476883073e-08
2021-09-09,1.2588830788625782e-07,0.999999774338019,9.97735866384895e-08
2021-09-10,3.0951633743353246e-07,0.9999986337725442,1.0567119001006404e-06
2021-09-13,1.333115733937087e-06,0.9999984106738236,2.562102870745468e-07
2021-09-14,2.7639449626179425e-06,0.9999971396596246,9.639541927659226e-08
2021-09-15,6.963357322447169e-06,0.9999929044621954,1.3217978468092449e-07
2021-09-16,0.00010756925154127697,0.9998918974824794,5.332651037584963e-07
2021-09-17,0.017225590396460176,0.9784138121821562,0.004360597420920169
2021-09-20,0.3557492942109455,0.007514981625906894,0.6367357241631582
2021-09-21,0.8081009330048935,1.3994927844771357e-07,0.19189892704631098
2021-09-22,0.968403789184525,1.8954116445673348e-06,0.03159431540461507
2021-09-23,0.9955658270629436,0.002081109765064502,0.0023530631723136805
2021-09-24,0.9911379514292047,0.008790106981965947,7.194158943839281e-05
2021-09-27,0.9908873535755743,0.009072008635319503,4.0637789260433076e-05
2021-09-28,0.9987675795899452,2.0316752794199037e-05,0.0012121036567987957
2021-09-29,0.9998526933054266,3.0816147470733714e-10,0.00014730638607153508
2021-09-30,0.9999775979958021,3.3558258893408318e-12,2.240200107555069e-05
2021-10-01,0.9999926789491527,6.422975160262494e-13,7.3210509009090445e-06
2021-10-04,0.9999905802003756,4.843371132836358e-13,9.41979981087547e-06
2021-10-05,0.9999917037983671,9.356112947080303e-14,8.296200828994724e-06
2021-10-06,0.9999884118440829,5.380118474281185e-10,1.1587617997690036e-05
2021-10-07,0.999985174784188,7.269020594976314e-08,1.4752525049129849e-05
2021-10-08,0.9999863525212231,1.1216086483262307e-06,1.2525871036618814e-05
2021-10-11,0.9999810235439989,6.108429378565453e-08,1.8915371343439408e-05
2021-10-12,0.9999730945873817,1.9262012683096038e-09,2.6903487262873425e-05
2021-10-13,0.9998396318006685,2.53271972895461e-08,0.00016034287231994848
2021-10-14,0.9977541753337794,0.0007974959233018022,0.0014483287422342814
2021-10-15,0.20413760474554127,0.7956141936780953,0.0002482015771607796
2021-10-18,0.0049873791717140945,0.9950031745017531,9.446326074446379e-06
2021-10-19,2.6647356040731966e-05,0.9999724943717689,8.58272064868083e-07
2021-10-20,4.5956794572579573e-07,0.9999989331032573,6.073279677712197e-07
2021-10-21,3.753087218838331e-07,0.9999990783585117,5.463334889650099e-07
2021-10-22,2.5790207953664373e-07,0.9999993588355446,3.8326252655597364e-07
2021-10-25,2.0963622928476157e-07,0.999999082922352,7.074418243897102e-07
2021-10-26,1.11325473358303e-07,0.9999991125973183,7.76076681578856e-07
2021-10-27,3.2551928208966226e-07,0.9999995503986712,1.240826439300676e-07
2021-10-28,4.257304219669689e-07,0.9999994597548361,1.1451512069029672e-07
2021-10-29,8.438507174558027e-08,0.9999999146057271,1.008850021212075e-09
2021-11-01,4.8792058360940905e-08,0.9999999505489553,6.588468063276418e-10
2021-11-02,2.8519051097437496e-09,0.9999999971478246,3.614250046351517e-14
2021-11-03,2.1845773185697377e-09,0.9999999978153937,2.2505045190424224e-15
2021-11-04,9.56777021998967e-10,0.9999999990432116,1.9121982222356307e-15
2021-11-05,2.386807264752618e-10,0.9999999997617124,3.347074712529776e-15
2021-11-08,6.795008755405648e-11,0.9999999999326974,4.099778868392563e-15
2021-11-09,3.4722724374315835e-11,0.9999999999654392,4.103964336861847e-15
2021-11-10,2.4742688562886766e-09,0.9999999974970706,2.9302801746847894e-11
2021-11-11,1.816274544682006e-08,0.999999981831934,4.710918125474711e-12
2021-11-12,3.943496012924245e-09,0.999999996056431,3.9292137525495777e-13
2021-11-15,2.0205987733188103e-09,0.9999999979791028,2.186963672161054e-13
2021-11-16,1.2438049760512257e-09,0.9999999987558112,3.630291058495569e-13
2021-11-17,2.4168850607630795e-10,0.9999999997580744,7.211149404669095e-15
2021-11-18,1.295163269160409e-10,0.9999999998708518,8.195026139809602e-15
2021-11-19,5.184029782094696e-11,0.9999999999490683,5.702023432587394e-16
2021-11-22,1.8079208281358292e-11,0.9999999999818101,3.8912794215122137e-16
2021-11-23,4.333720549887055e-11,0.9999999999563443,1.200953899817415e-15
2021-11-24,2.3594846288563756e-09,0.9999999976371328,2.82004991767084e-12
2021-11-26,1.4612495317078028e-16,1.0467926903977402e-05,0.999989532072724
2021-11-29,1.3168074526003715e-05,6.535902622391487e-08,0.999986766566759
2021-11-30,0.0016840225157618448,5.7492220223345125e-08,0.9983159199920922
2021-12-01,0.09654495678016906,1.7078551851273439e-12,0.9034550432182
2021-12-02,0.9859684055463679,5.907764948268061e-13,0.014031594453775716
2021-12-03,0.9946378601707658,1.108086637619817e-12,0.005362139827833543
2021-12-06,0.9991501784887633,2.5868327330304067e-10,0.0008498212521623049
2021-12-07,0.999944337715866,5.393566773246625e-10,5.566174508455606e-05
2021-12-08,0.9999964921887701,3.342655117324537e-11,3.507777207617205e-06
2021-12-09,0.9999777457926671,2.538336437126058e-09,2.225166970637315e-05
2021-12-10,0.9999852778011309,1.6036133927718234e-08,1.4706162637984451e-05
2021-12-13,0.9999437058506908,5.868976852871735e-09,5.6288279913321695e-05
2021-12-14,0.999955055709992,5.1894298622870706e-09,4.493910093270034e-05
2021-12-15,0.9999675436730582,1.9270393217251644e-09,3.245440006131301e-05
2021-12-16,0.999952889848053,1.253695867505817e-10,4.7110026412563246e-05
2021-12-17,0.9999496309817898,1.4581135244603535e-09,5.036755981955553e-05
2021-12-20,0.9999854789838742,5.648927289443156e-13,1.452101518905891e-05
2021-12-21,0.9999943375856918,2.7782385053154392e-12,5.6624106587586795e-06
2021-12-22,0.9999967796681642,1.4535074629376322e-11,3.22031819979755e-06
2021-12-23,0.9999962217878854,1.8593596692812786e-10,3.778025951716426e-06
2021-12-27,0.9999888783822826,1.0523184404316822e-07,1.1016385833889363e-05
2021-12-28,0.9999957406853114,7.425627635506113e-08,4.18505787365604e-06
2021-12-29,0.9999900631849263,5.490655812395959e-06,4.446159312528518e-06
2021-12-30,0.9998310957267308,0.0001612998271575461,7.6044453843958395e-06
2021-12-31,0.9979581326179778,0.0020331711081357307,8.696273841387516e-06
2022-01-03,0.9969574166847317,0.0030331747877156714,9.408528191742482e-06
2022-01-04,0.9974318474137913,0.0025544538795931565,1.3698706719144543e-05
2022-01-05,0.999852037287357,9.19390490061981e-05,5.602366387016312e-05
2022-01-06,0.9999898304512098,1.815013554711694e-06,8.3545359255207e-06
2022-01-07,0.9999898803819625,3.204178536863561e-06,6.91543881554296e-06
2022-01-10,0.9999795052507758,1.3723924167617596e-05,6.770825819584312e-06
2022-01-11,0.999747265648129,0.0002439918331955608,8.742518946946523e-06
2022-01-12,0.99928303651884,0.0007083833024349026,8.580177858677504e-06
2022-01-13,0.9998828727426152,9.538045834251536e-05,2.1746798500955452e-05
2022-01-14,0.9999895905708125,1.6445470040717254e-06,8.76488181083003e-06
2022-01-18,0.9999753833355013,5.541249855103451e-10,2.4616110630940087e-05
2022-01-19,0.9999902240074703,2.5634025404635182e-15,9.775991947250509e-06
2022-01-20,0.9999882711559878,7.811063573790927e-21,1.172884420235745e-05
2022-01-21,0.9999686853508191,2.448187713741582e-31,3.1314648312347355e-05
2022-01-24,0.9999565673907316,7.047541614202681e-36,4.343260919463629e-05
2022-01-25,0.9999502745807884,1.1255049577969506e-38,4.9725418744345563e-05
2022-01-26,0.999967768614745,5.569802611459308e-45,3.223138511597542e-05
2022-01-27,0.9999961756130149,5.3667104755429486e-49,3.824387747239849e-06
2022-01-28,0.9999838072291375,2.7748285758719917e-46,1.6192771676788292e-05
2022-01-31,0.9999961373907374,3.3743076265663216e-27,3.8626096508900725e-06
2022-02-01,0.9999991505268524,2.7535257540898337e-18,8.494740336944769e-07
2022-02-02,0.9999976426689091,1.3902383963632213e-14,2.357331608138792e-06
2022-02-03,0.9999925262042855,4.2073272641393014e-21,7.473795077252763e-06
2022-02-04,0.9999994922510648,2.0457625568085687e-23,5.077484948959087e-07
2022-02-07,0.9999995267991135,1.927785870928073e-23,4.732013665615808e-07
2022-02-08,0.9999993060012137,2.021051222492221e-24,6.939996186469056e-07
2022-02-09,0.999996896308672,1.577648830937905e-19,3.1036910250639616e-06
2022-02-10,0.9999870719019642,1.4600088554308297e-19,1.2928098458964025e-05
2022-02-11,0.9999875567892753,2.3703168108055938e-30,1.2443211502131124e-05
2022-02-14,0.9999982466685561,7.262192673555097e-36,1.7533309378478468e-06
2022-02-15,0.9999964410407878,4.5124324076628024e-35,3.558959548852353e-06
2022-02-16,0.9999979650822538,4.280821497531531e-27,2.034917453080432e-06
2022-02-17,0.9999743452752556,9.51943388162251e-37,2.5654724415197627e-05
2022-02-18,0.9999985890673037,1.1088306237118852e-45,1.4109325123236705e-06
2022-02-22,0.9999988963524353,3.8687699332354297e-54,1.1036479944755706e-06
2022-02-23,0.9999985081278497,1.9594710789080127e-70,1.4918725088839465e-06
2022-02-24,0.999998391472602,9.176247551678681e-76,1.6085281772744433e-06
2022-02-25,0.9999944119528362,2.0423508173159893e-58,5.5880477550652895e-06
2022-02-28,0.9999439007007991,2.274933508375807e-42,5.6099299563630696e-05
2022-03-01,0.9994665320587922,7.153935767347137e-51,0.0005334679416922263
2022-03-02,0.9995729147367659,5.738519854241343e-53,0.00042708526283263484
2022-03-03,0.9997105780796204,3.990197518971112e-43,0.0002894219210795926
2022-03-04,0.999013494013725,4.067717731904915e-50,0.000986505986584836
2022-03-07,0.9973782198681376,1.321467637554123e-71,0.0026217801326153542
2022-03-08,0.9999198322215302,1.777217395604387e-91,8.016777865990665e-05
2022-03-09,0.9999545896477555,1.093397744798238e-91,4.541035247764056e-05
2022-03-10,0.9999989611083887,3.2691855409444414e-70,1.0388917986768609e-06
2022-03-11,0.9999995739745825,3.1932722022735263e-84,4.260262251472104e-07
2022-03-14,0.9999997604282103,1.776098256514662e-95,2.395716123107375e-07
2022-03-15,0.9999981784183767,6.362308185270052e-98,1.8215812530421756e-06
2022-03-16,0.99999519608599,2.448840437525078e-72,4.803913539165463e-06
2022-03-17,0.9999936543282615,5.303724472748662e-50,6.345672280810715e-06
2022-03-18,0.9999881615558918,1.8182565468215097e-40,1.183844411990298e-05
2022-03-21,0.9999906403428764,2.8394625152112333e-34,9.359656539219645e-06
2022-03-22,0.9999388784580197,4.758919052265334e-33,6.112154169178764e-05
2022-03-23,0.9999471809058322,1.0627052951509137e-32,5.281909441688409e-05
2022-03-24,0.9999246961539392,2.9435015049777134e-33,7.530384677740696e-05
2022-03-25,0.9999420760674202,3.284127728425877e-24,5.792393213219735e-05
2022-03-28,0.9999093484639179,5.2168072407948835e-21,9.065153699040437e-05
2022-03-29,0.9997019230754012,9.002736281906859e-17,0.0002980769251685791
2022-03-30,0.9998164127768048,1.2761455368519762e-13,0.00018358722363348006
2022-03-31,0.9999398039073262,1.2652684567404641e-20,6.019609315346492e-05
2022-04-01,0.9999859576659271,3.1946225765518895e-20,1.4042334542444127e-05
2022-04-04,0.9999743136256525,1.9005865314429504e-18,2.568637505048732e-05
2022-04-05,0.9999954931856031,1.3183983884256436e-17,4.506813958723334e-06
2022-04-06,0.9999980131344003,7.499438529916442e-24,1.9868658431912146e-06
2022-04-07,0.9999981407835552,5.1239860216557686e-24,1.8592158567039513e-06
2022-04-08,0.9999981923263443,6.458725195706713e-24,1.8076742401738508e-06
2022-04-11,0.9999941241849051,2.1253677416455404e-32,5.87581511116505e-06
2022-04-12,0.9999982069291651,9.140580400639558e-39,1.7930711646672867e-06
2022-04-13,0.9999963564817318,1.0605724749522439e-38,3.6435174469229647e-06
2022-04-14,0.999996751217443,2.096868350992792e-37,3.2487820583103538e-06
2022-04-18,0.9999968911245682,2.8214416455158262e-43,3.108875691880063e-06
2022-04-19,0.9999887801652279,9.81378004929371e-40,1.1219834592536786e-05
2022-04-20,0.9999966139296732,8.360410665655994e-31,3.3860706665428958e-06
2022-04-21,0.9999966095713894,1.0427804580347715e-38,3.3904282210281905e-06
2022-04-22,0.9999808494336524,2.2387593521071837e-57,1.9150566836570992e-05
2022-04-25,0.9999970102298122,1.790669283228326e-65,2.9897702162230357e-06
2022-04-26,0.9999122078274668,3.973876676999164e-79,8.779217238003428e-05
2022-04-27,0.9999988550104906,6.027059986419222e-96,1.1449899611658058e-06
2022-04-28,0.9999871954916091,5.558603471448031e-89,1.2804508802080054e-05
2022-04-29,0.9999750486770302,9.517407759357693e-92,2.4951323307089124e-05
2022-05-02,0.9999996494535185,6.621667956457037e-112,3.5054685153194954e-07
2022-05-03,0.9999999320934899,1.9336292757798125e-108,6.790688542283604e-08
2022-05-04,0.9999947831811021,1.0935475319979054e-102,5.21681898597532e-06
2022-05-05,0.9999029236270293,2.0046627164929608e-95,9.707637295022472e-05
2022-05-06,0.9999991828066115,2.8684667234709807e-120,8.171940820204195e-07
2022-05-09,0.9999864096330746,4.2344578917264094e-152,1.3590367824142006e-05
2022-05-10,0.999999520227108,5.818205456019256e-191,4.797723842198469e-07
2022-05-11,0.9999997431077975,5.382506274853988e-200,2.568917809726377e-07
2022-05-12,0.999999910050978,4.24148946904968e-227,8.994885976207753e-08
2022-05-13,0.999997870207602,1.830652083482332e-228,2.1297922591434542e-06
2022-05-16,0.9999989361027677,1.5645325587300447e-199,1.0638976661525105e-06
2022-05-17,0.9999445129512039,1.0232455860458721e-206,5.5487049301330826e-05
2022-05-18,0.9996973760203193,1.6103638200654625e-210,0.0003026239798285227
2022-05-19,0.9999998502171478,2.1855066607289225e-256,1.4978257866701369e-07
2022-05-20,0.9999999844148989,2.149944978814404e-266,1.55855049078831e-08
2022-05-23,0.9999997435516308,1.9587142634623792e-266,2.5644910406246733e-07
2022-05-24,0.9999999521787697,8.21246375975392e-242,4.782072111086141e-08
2022-05-25,0.9999999763276722,5.203247466362432e-248,2.3673197189609135e-08
2022-05-26,0.9999990761830024,3.4447069874955523e-230,9.238170891996396e-07
2022-05-27,0.9999787826377456,4.7536918264208456e-189,2.1217362431071473e-05
2022-05-31,0.9999993032418086,2.6186535328936258e-151,6.96757612350422e-07
2022-06-01,0.9999999495903479,1.514038976656481e-162,5.040963428275779e-08
2022-06-02,0.999998600774303,8.246151527086032e-169,1.3992261969934837e-06
2022-06-03,0.9999999522260634,3.3641296633925077e-152,4.777409048382056e-08
2022-06-06,0.9999999952906364,3.3781477060080745e-164,4.709057689584204e-09
2022-06-07,0.9999999698047763,4.711919941935456e-160,3.019590072832456e-08
2022-06-08,0.9999999976116669,2.1292277149474717e-153,2.3884205891727952e-09
2022-06-09,0.9999999994106474,5.299923692282286e-185,5.887816104638349e-10
2022-06-10,0.9999999999181455,5.881712490420722e-225,8.190289067842446e-11
2022-06-13,0.9999999999436113,3.811384277031702e-288,5.673827920298947e-11
2022-06-14,1.0,0.0,6.698679783134685e-14
2022-06-15,1.0,0.0,1.8296084754229857e-13
2022-06-16,1.0,0.0,8.331254930608469e-14
2022-06-17,1.0,0.0,3.654157661702696e-16
2022-06-21,1.0,0.0,1.629575636328249e-14
2022-06-22,1.0,0.0,3.5372168728795294e-15
2022-06-23,1.0,0.0,5.2267005993671476e-15
2022-06-24,0.9999999999890861,0.0,1.1368018122317664e-11
2022-06-27,0.999999999998181,9.020677261647463e-284,1.3727678937216238e-12
2022-06-28,1.0,2.4780715246764966e-308,7.76250549062524e-14
2022-06-29,1.0,0.0,2.872576936874256e-15
2022-06-30,1.0,0.0,7.177444749753261e-16
2022-07-01,1.0,0.0,1.069893812919345e-15
2022-07-05,1.0,0.0,1.3179760157185958e-15
2022-07-06,1.0,0.0,1.5765346137008429e-15
2022-07-07,1.0,0.0,5.43109540217284e-14
2022-07-08,1.0,3.044585958e-314,1.0104891631194751e-14
2022-07-11,1.0,0.0,2.6169753479967952e-15
2022-07-12,1.0,0.0,4.37456084213159e-16
2022-07-13,1.0,0.0,2.6720640328838204e-17
2022-07-14,1.0,0.0,1.577047155076304e-18
2022-07-15,1.0,0.0,5.564202257960719e-17
2022-07-18,1.0,0.0,3.114175518880877e-17
2022-07-19,1.0,0.0,1.0708252251184183e-14
2022-07-20,1.0,4.0089045493558646e-276,3.332590399731761e-14
2022-07-21,1.0,5.280629796000309e-260,4.365110711536386e-13
2022-07-22,1.0,8.819689940905567e-251,2.2331893665058166e-13
2022-07-25,1.0,1.8247938471309748e-260,5.1575523319787e-13
2022-07-26,0.999999999998181,6.804759633411749e-265,1.2164458031336925e-12
2022-07-27,0.9999999998817657,2.2039527543843877e-269,1.179367980047286e-10
2022-07-28,0.9999999998508429,1.1886398300648875e-211,1.48779742716647e-10
2022-07-29,0.9999999984374881,1.6055527775909525e-186,1.5625164642818147e-09
2022-08-01,0.9999999968786142,4.236952165162205e-164,3.1214937592118565e-09
2022-08-02,0.9999999982665031,9.000525407206044e-171,1.734150598662434e-09
2022-08-03,0.9999999955125531,6.751271535595634e-176,4.486863124312664e-09
2022-08-04,0.9999999992360245,5.677248009500586e-154,7.646022771857313e-10
2022-08-05,0.9999999998453859,3.1198441711748944e-158,1.538374587442938e-10
2022-08-08,0.9999999999545253,2.4232965571725918e-160,4.4727189802812954e-11
2022-08-09,0.999999999992724,4.91915379970446e-165,6.943753252597234e-12
2022-08-10,0.9999999999108695,4.435332271897408e-163,8.915311771084932e-11
2022-08-11,0.9999999999654392,2.457709463431052e-130,3.460685576323132e-11
2022-08-12,0.999999998799467,1.6596321352137676e-125,1.1998335582980183e-09
2022-08-15,0.9999999984938768,1.1026797684227187e-99,1.506047937493586e-09
2022-08-16,0.9999999986393959,1.8826041293100595e-94,1.3611312347863041e-09
2022-08-17,0.9999999995125108,1.0959605473449573e-95,4.881426552411807e-10
2022-08-18,0.9999999994452082,3.720675710690678e-99,5.549624213540451e-10
2022-08-19,0.999999999823558,2.0404836916899564e-105,1.7595844134499196e-10
2022-08-22,0.999999999832653,3.3740258202476246e-125,1.6651994297080576e-10
2022-08-23,0.9999999999454303,3.869462474102256e-141,5.4254515436693586e-11
2022-08-24,0.9999999999618012,3.563181514077141e-143,3.7715673036322835e-11
2022-08-25,0.9999999995252438,7.323469478332593e-135,4.756100592853273e-10
2022-08-26,0.99999999794818,2.4358010806881706e-144,2.0512126535912774e-09
2022-08-29,0.9999999999181455,6.48108964110235e-170,8.176697657451566e-11
2022-08-30,0.9999999999872671,1.2875049184946108e-186,1.2319369250908883e-11
2022-08-31,0.999999999998181,1.2348025845206213e-209,1.852555762302987e-12
2022-09-01,0.999999999998181,5.5305177520488326e-222,1.938971369325035e-12
2022-09-02,1.0,6.019647732858898e-231,1.6351697954370178e-13
2022-09-06,1.0,8.202929517177028e-253,1.0247901840772445e-13
2022-09-07,1.0,1.710414056118158e-254,6.811422197230498e-13
2022-09-08,0.999999999998181,7.680475666838095e-223,9.375746517697861e-13
2022-09-09,0.9999999999781721,2.591293079625404e-208,2.123957410268166e-11
2022-09-12,0.9999999995616236,2.2440239731426194e-178,4.3773524322536666e-10
2022-09-13,0.9999999968604243,8.068790734608732e-204,3.139565590395716e-09
2022-09-14,0.9999999999618012,7.601282160360187e-228,3.835277366525925e-11
2022-09-15,0.999999999994543,9.470420043822446e-238,5.198965348211722e-12
2022-09-16,1.0,2.771763707983089e-265,8.195728930556826e-13
2022-09-19,0.999999999998181,9.121886593023701e-279,1.2980557587005953e-12
2022-09-20,1.0,5.358497121055777e-278,4.48685280176967e-13
2022-09-21,1.0,5.0984759425e-314,3.2572460059723825e-14
2022-09-22,1.0,0.0,1.6976831522382727e-15
2022-09-23,1.0,0.0,1.5703854531149127e-16
2022-09-26,1.0,0.0,4.351835962245514e-17
2022-09-27,1.0,0.0,2.9109822056304544e-17
2022-09-28,1.0,0.0,2.330016655898414e-17
2022-09-29,1.0,0.0,1.5083066219262493e-18
2022-09-30,1.0,0.0,9.561364676048105e-21
2022-10-03,1.0,0.0,8.369925771488299e-19
2022-10-04,1.0,0.0,3.016149819611075e-15
2022-10-05,1.0,0.0,5.341441366875049e-16
2022-10-06,1.0,0.0,2.1077476303040076e-16
2022-10-07,1.0,0.0,6.3121125768067754e-18
2022-10-10,1.0,0.0,1.2541562769620534e-19
2022-10-11,1.0,0.0,3.103445927263228e-20
2022-10-12,1.0,0.0,2.1567254549514348e-21
2022-10-13,1.0,0.0,3.796635388391749e-19
2022-10-14,1.0,0.0,8.10065943787867e-21
2022-10-17,1.0,0.0,1.0063301782954773e-18
2022-10-18,1.0,0.0,6.476714561183225e-18
2022-10-19,1.0,0.0,2.9137628817019636e-18
2022-10-20,1.0,0.0,9.662918914668622e-20
2022-10-21,1.0,0.0,1.0890609144916898e-16
2022-10-24,1.0,0.0,3.3472465735263833e-15
2022-10-25,1.0,0.0,9.005622191750152e-14
2022-10-26,1.0,0.0,1.5598447720405458e-15
2022-10-27,1.0,0.0,1.3640940735368306e-16
2022-10-28,1.0,0.0,1.5377463775907228e-14
2022-10-31,1.0,7.393328365164e-312,1.6340173744717138e-15
2022-11-01,1.0,0.0,9.749950265266077e-17
2022-11-02,1.0,0.0,1.8191415216948693e-18
2022-11-03,1.0,0.0,5.603335345676552e-20
2022-11-04,1.0,0.0,3.3802160133580934e-19
2022-11-07,1.0,0.0,7.402500924019221e-19
2022-11-08,1.0,0.0,9.344781679905725e-18
2022-11-09,1.0,0.0,8.488541239199437e-19
2022-11-10,0.9999999999872671,0.0,1.3293118685840426e-11
2022-11-11,1.0,6.489541802854647e-261,8.255066186092485e-13
2022-11-14,1.0,1.4343790138328792e-249,1.9285403932503843e-13
2022-11-15,1.0,1.065057989928484e-251,4.740719405249924e-13
2022-11-16,1.0,4.620592282765471e-248,1.2938982331865553e-13
2022-11-17,1.0,4.913974644328897e-268,2.3349696403816428e-14
2022-11-18,1.0,4.200191644908757e-268,2.510754418579098e-14
2022-11-21,1.0,6.507146818440618e-267,5.126136870878921e-15
2022-11-22,1.0,1.209283806786142e-265,3.185972571304117e-14
2022-11-23,1.0,7.463359125384951e-241,7.367084322403161e-14
2022-11-25,1.0,2.562540008376306e-234,7.968834585940386e-14
2022-11-28,1.0,1.5478983569369986e-251,2.071921708806371e-14
2022-11-29,1.0,5.0909956974372376e-263,7.858398308730614e-15
2022-11-30,0.999999999992724,4.737181973905496e-260,6.647314975912317e-12
2022-12-01,0.999999999996362,3.645080214072243e-203,3.1846055314309015e-12
2022-12-02,1.0,1.1299837897006576e-206,6.67734173147706e-13
2022-12-05,1.0,2.810407620209727e-223,1.6687201873864977e-13
2022-12-06,1.0,9.37124056966456e-246,6.338097639217664e-14
2022-12-07,1.0,7.218482734708836e-261,4.203716663759453e-14
2022-12-08,1.0,2.906585236569918e-264,4.646374062788551e-14
2022-12-09,1.0,1.3459969800532346e-257,2.360803019870252e-14
2022-12-12,0.999999999998181,3.8427689329890046e-246,1.2418654874631629e-12
2022-12-13,0.999999999998181,6.780909266259407e-223,1.1510633386855702e-12
2022-12-14,1.0,5.515924769500939e-221,3.746669594722594e-13
2022-12-15,1.0,4.336641029613651e-253,8.945585808630312e-14
2022-12-16,1.0,4.301564149860859e-279,3.507621744903917e-14
2022-12-19,1.0,1.0416278374985848e-304,1.1695895078011528e-14
2022-12-20,1.0,7.36e-322,7.326616335373802e-15
2022-12-21,1.0,0.0,1.0286809020721973e-14
2022-12-22,1.0,2.1999700859162147e-307,3.136627070927602e-15
2022-12-23,1.0,0.0,2.019805379439924e-15
2022-12-27,1.0,0.0,7.135005851170448e-16
2022-12-28,1.0,0.0,5.042445893417773e-17
2022-12-29,1.0,0.0,6.200436026803536e-16
2022-12-30,1.0,1.7e-322,7.3273828063826e-16
2023-01-03,1.0,0.0,9.371439932353191e-17
2023-01-04,1.0,0.0,4.689920579763187e-18
2023-01-05,1.0,0.0,6.186263757116082e-19
2023-01-06,1.0,0.0,1.4244423073972045e-17
2023-01-09,1.0,5.858318244359011e-299,7.221251751926567e-18
2023-01-10,1.0,9.95086247667303e-305,1.6028626487611627e-18
2023-01-11,1.0,9.914348841386693e-288,6.779025082182529e-17
2023-01-12,1.0,4.3091463197554767e-265,1.0457689667943327e-17
2023-01-13,1.0,2.3044207948194746e-260,1.1951226756147238e-17
2023-01-17,1.0,1.995967081730946e-256,2.066598253048654e-17
2023-01-18,1.0,1.1267102385204463e-270,1.7706468651394371e-19
2023-01-19,1.0,3.498985114559396e-282,4.099167429566664e-20
2023-01-20,1.0,8.13301003983122e-287,3.676403664053662e-18
2023-01-23,1.0,6.86776248150921e-246,1.179563464149204e-16
2023-01-24,1.0,9.131231789745886e-227,2.812990227857978e-17
2023-01-25,1.0,1.3706880631121907e-229,6.94476086919997e-18
2023-01-26,1.0,2.263150760483589e-227,1.1212804124175778e-16
2023-01-27,1.0,4.206807560366396e-208,1.516178748363354e-16
2023-01-30,1.0,6.927927040056189e-214,8.927667405098189e-17
2023-01-31,1.0,3.544752402267478e-216,4.587357417161902e-16
2023-02-01,1.0,1.5293636029262663e-188,2.677389675094279e-15
2023-02-02,0.999999999992724,7.161187067893924e-165,6.607371392791708e-12
2023-02-03,1.0,8.799918386038863e-152,3.254725071510817e-13
2023-02-06,1.0,2.524499911362752e-162,8.431928122528195e-14
2023-02-07,0.999999999998181,5.970070450731241e-161,2.360573737791732e-12
2023-02-08,1.0,6.992707369206891e-150,6.041592075918367e-13
2023-02-09,1.0,1.1987826796999249e-166,1.467423583949965e-13
2023-02-10,1.0,6.5124951228873364e-170,9.601430118742355e-14
2023-02-13,0.999999999998181,1.8885198126456846e-165,1.7158877081195178e-12
2023-02-14,1.0,7.054782212653491e-152,3.209131148918848e-13
2023-02-15,1.0,2.6272262306725453e-155,2.6090819211445846e-13
2023-02-16,1.0,8.2256649844758e-160,1.20057962085522e-13
2023-02-17,1.0,1.11679976431067e-170,5.5973211050352496e-14
2023-02-21,1.0,2.7098004489095483e-188,3.929081897613098e-14
2023-02-22,1.0,9.528167718248889e-203,8.901141893592674e-15
2023-02-23,1.0,1.4265538060349933e-208,8.25386892950004e-15
2023-02-24,1.0,8.652818637504773e-212,1.6016248866131536e-15
2023-02-27,1.0,3.9319290414494525e-226,7.948103284679395e-16
2023-02-28,1.0,1.6335957499265826e-227,2.293724675595311e-16
2023-03-01,1.0,3.714166271998076e-241,3.902765663117e-17
2023-03-02,1.0,1.6424092818876606e-242,1.314955885929597e-16
2023-03-03,1.0,1.3857903324940564e-225,2.097714285360082e-15
2023-03-06,1.0,1.2168070720606345e-196,8.602855031011349e-16
2023-03-07,1.0,1.3002258793958647e-209,1.0074334147596014e-15
2023-03-08,1.0,5.361528849102324e-223,1.489074069876852e-15
2023-03-09,1.0,6.901179243288646e-233,3.918833012258505e-16
2023-03-10,1.0,7.284176683885114e-261,2.079461948353626e-16
2023-03-13,1.0,2.870531760262279e-274,8.542396100788202e-16
2023-03-14,1.0,3.124377131641473e-280,1.1918735237475452e-15
2023-03-15,1.0,1.2322496128454906e-251,1.0046801391760207e-15
2023-03-16,1.0,4.2473848847603135e-261,2.8238686277975403e-15
2023-03-17,1.0,7.333572607236275e-236,2.5283499227083293e-15
2023-03-20,1.0,1.0630879601848278e-247,5.350646905407725e-16
2023-03-21,1.0,2.1809254050168684e-232,1.094596901535567e-15
2023-03-22,1.0,1.976475447827854e-222,5.059840240884709e-17
2023-03-23,1.0,8.041332733329198e-242,4.557410961019433e-17
2023-03-24,1.0,2.4277694669452928e-237,1.0302001189980709e-16
2023-03-27,1.0,5.053938175823777e-230,2.1606557198849482e-17
2023-03-28,1.0,3.1501192531045203e-233,6.899948982921324e-18
2023-03-29,1.0,7.2836675134636866e-236,2.303646407513654e-16
2023-03-30,1.0,2.377316754567429e-208,1.3102011595859431e-15
2023-03-31,1.0,6.091142725758338e-195,6.373452844167376e-14
2023-04-03,1.0,1.2319930553504827e-169,7.496915664099637e-14
2023-04-04,1.0,2.2891632155931798e-169,4.4541884822588874e-14
2023-04-05,1.0,3.161866411592708e-177,8.942701255764483e-15
2023-04-06,1.0,4.36201964933577e-177,1.1520965618799597e-14
2023-04-10,1.0,1.960050631494083e-169,5.7160775525573364e-15
2023-04-11,1.0,3.994498561583256e-167,1.7079778717517516e-15
2023-04-12,1.0,5.49356105098661e-172,1.3696729419831106e-15
2023-04-13,1.0,8.10953580156515e-170,1.04290827736368e-14
2023-04-14,1.0,9.427437758700745e-152,1.4308251645123232e-14
2023-04-17,1.0,6.518401219955976e-153,6.507610266682593e-15
2023-04-18,1.0,5.936359647835861e-148,7.868826036899046e-14
2023-04-19,0.999999999998181,4.980398311385909e-149,1.849606388587089e-12
2023-04-20,0.999999999998181,3.578626041682933e-152,2.33901189559002e-12
2023-04-21,0.9999999999836291,2.2810033189766984e-151,1.5827505510397563e-11
2023-04-24,0.9999999999472493,2.6969846920100153e-151,5.3522932914809463e-11
2023-04-25,0.9999999999854481,1.1636853761058269e-163,1.3980584850102022e-11
2023-04-26,1.0,3.209682597349404e-176,2.1077135486001634e-15
2023-04-27,1.0,6.57667662181291e-174,1.846309819123292e-13
2023-04-28,1.0,5.414806400560395e-139,1.2719612652305265e-13
2023-05-01,1.0,1.97796449482857e-128,8.024941788543271e-14
2023-05-02,1.0,9.08569865345115e-136,1.1443163472268226e-14
2023-05-03,1.0,1.0346293279990606e-147,3.70618815264954e-15
2023-05-04,1.0,7.11299950778963e-157,1.5441620243488143e-15
2023-05-05,1.0,4.4707784633441815e-161,3.782288824722883e-15
2023-05-08,1.0,4.747855241495894e-134,2.8457061806004976e-15
2023-05-09,1.0,7.043440935042768e-139,2.2887561034863925e-15
2023-05-10,1.0,8.0916243027883695e-143,3.1409069372574053e-15
2023-05-11,1.0,6.051245693794871e-140,2.26178923732531e-15
2023-05-12,1.0,2.540682698327332e-144,4.195401757362585e-16
2023-05-15,1.0,3.146549570386422e-144,4.527394175253818e-16
2023-05-16,1.0,1.292634136086507e-144,2.538613313717847e-16
2023-05-17,1.0,3.399230255826637e-146,8.17137970938903e-16
2023-05-18,1.0,7.447398102277821e-127,8.05444088426041e-15
2023-05-19,1.0,4.4702212925804645e-115,1.0062512664279699e-14
2023-05-22,1.0,2.051791728628359e-117,8.853344557402982e-15
2023-05-23,1.0,8.381661944708624e-125,1.4113481210978298e-14
2023-05-24,1.0,7.364377612324162e-133,2.2779877456856935e-15
2023-05-25,0.999999999998181,1.019663481136231e-135,2.243030988864882e-12
2023-05-26,0.999999999994543,5.1722802266981744e-120,5.509281802672315e-12
2023-05-30,0.999999999998181,5.705880793376167e-104,2.452357179717466e-12
2023-05-31,0.999999999998181,9.904128469163354e-109,1.1101746787273784e-12
2023-06-01,0.999999999998181,1.1859621318770667e-110,2.5676773204787963e-12
2023-06-02,0.9999999999890861,1.6307050310928117e-95,1.1446509466216791e-11
2023-06-05,0.9999999999872671,1.409897099007817e-79,1.2492207822415267e-11
2023-06-06,0.9999999999854481,1.5116011935064653e-80,1.4885498473403066e-11
2023-06-07,0.999999999990905,1.3459148582080384e-81,8.754433119902134e-12
2023-06-08,0.9999999999854481,2.4246945237283065e-82,1.4675112762478478e-11
2023-06-09,0.9999999999818101,8.470377414753012e-76,1.7915052650459677e-11
2023-06-12,0.999999999648935,6.722651360449008e-71,3.501882611880347e-10
2023-06-13,0.9999999992123776,5.78433360982796e-60,7.88487772233478e-10
2023-06-14,0.9999999994161044,1.739680189081259e-54,5.843643284133432e-10
2023-06-15,0.9999999529100034,6.177553057724782e-50,4.709081554902506e-08
2023-06-16,0.9999999888223101,1.813258338494047e-41,1.1178217533642732e-08
2023-06-20,0.9999999967785698,7.695791222823932e-46,3.22149032800003e-09
2023-06-21,0.9999999981992005,3.069185144665712e-49,1.800111087857639e-09
2023-06-22,0.9999999967130861,1.444528055680218e-50,3.286039569251425e-09
2023-06-23,0.999999999305146,4.2592358383624195e-51,6.951916807527389e-10
2023-06-26,0.9999999988467607,1.707231603498297e-54,1.1536612499432011e-09
2023-06-27,0.9999999905812729,2.084420489519785e-53,9.419006902675705e-09
2023-06-28,0.999999993817255,4.428697639011844e-44,6.182517058220513e-09
2023-06-29,0.9999999886604201,1.157379650472531e-43,1.1340094007580592e-08
2023-06-30,0.9999999110223183,2.7982931726282727e-38,8.897698946504428e-08
2023-07-03,0.9999999423889693,2.555840751043923e-29,5.761016678201636e-08
2023-07-05,0.9999998878320248,8.678759137589627e-29,1.121671953505224e-07
2023-07-06,0.9999999619485614,2.2485243498961732e-32,3.805059307159506e-08
2023-07-07,0.9999999730316634,2.5634360428282957e-35,2.696838484378912e-08
2023-07-10,0.9999999697192838,1.8246842621579253e-35,3.028032979418711e-08
2023-07-11,0.999999954012311,5.5809470844450695e-33,4.598816126963479e-08
2023-07-12,0.9999999060946765,4.570321529020822e-28,9.39059524428431e-08
2023-07-13,0.9999998074072395,1.3402328076787878e-21,1.9259292395090345e-07
2023-07-14,0.999999852685516,8.831213394838127e-18,1.473147217478083e-07
2023-07-17,0.9999998370240197,1.332679559931232e-17,1.6297602725999037e-07
2023-07-18,0.9999999422361742,6.953312443367524e-15,5.776340756190543e-08
2023-07-19,0.9999999563842731,3.14325947766805e-11,4.358347583687589e-08
2023-07-20,0.9999999332267202,2.8021861075189126e-12,6.67696886871707e-08
2023-07-21,0.9999999652172852,1.3337242803011218e-12,3.478123220412979e-08
2023-07-24,0.9999999277843042,5.243308881659479e-12,7.220995752403148e-08
2023-07-25,0.9999999027677452,5.62347112200143e-10,9.666965627272924e-08
2023-07-26,0.999999992267476,2.8090911478422065e-09,4.92262932595965e-09
2023-07-27,0.9999999956289685,2.394733227845532e-10,4.131982696736215e-09
2023-07-28,0.9999999585288615,2.347915747849192e-10,4.123705248933431e-08
2023-07-31,0.9999991093213213,8.459993615616395e-07,4.467974321218519e-08
2023-08-01,0.9999986770880807,1.3164510709193685e-06,6.46085574484703e-09
2023-08-02,0.999999712685208,3.240648075720398e-10,2.869898801017677e-07
2023-08-03,0.9999999396222865,1.780220055339951e-11,6.036021159001331e-08
2023-08-04,0.999999994497557,7.33016499281003e-13,5.5012040244304225e-09
2023-08-07,0.9999999985011527,9.923761379627175e-13,1.4979866245098885e-09
2023-08-08,0.9999999995015969,1.5102105927164444e-10,3.473473625626727e-10
2023-08-09,0.9999999998581188,1.299118447948884e-13,1.4152296832281165e-10
2023-08-10,0.9999999999672582,2.825909191360533e-15,3.290866559215084e-11
2023-08-11,0.999999999992724,8.695066867256835e-16,6.962252609821178e-12
2023-08-14,0.9999999999545253,4.249827855629728e-16,4.5645511290058745e-11
2023-08-15,0.9999999999836291,3.5387997325737825e-17,1.641742402084958e-11
2023-08-16,0.999999999998181,4.796866362155049e-22,9.507820935198775e-13
2023-08-17,0.999999999998181,1.4946098668076218e-26,1.3696844873669803e-12
2023-08-18,1.0,4.185063243384994e-30,5.054645848296631e-13
2023-08-21,0.999999999992724,4.641328289228053e-30,7.86927049255368e-12
2023-08-22,0.999999999998181,9.357628205181836e-28,2.599950746537543e-12
2023-08-23,0.9999999999454303,1.78912529055709e-28,5.4401570588104855e-11
2023-08-24,0.9999999951342033,4.293318422048591e-28,4.865423909148644e-09
2023-08-25,0.9999999907613528,1.5352824294892604e-31,9.238994334038888e-09
2023-08-28,0.9999999921565177,1.7161322879879213e-26,7.842991012891042e-09
2023-08-29,0.9999998756284263,1.5427050203404675e-21,1.243719428447307e-07
2023-08-30,0.9999998487564995,5.921410183249445e-14,1.5124259401949466e-07
2023-08-31,0.9999999170340778,5.950699418187688e-13,8.29660500011156e-08
2023-09-01,0.9999999098581652,4.577654981188422e-14,9.014246194316465e-08
2023-09-05,0.999999690147936,2.795214563972042e-14,3.09851591388557e-07
2023-09-06,0.9999997579580233,1.0224027182700822e-17,2.4204202427333483e-07
2023-09-07,0.9999997229424864,8.237694031479917e-19,2.7705680186704824e-07
2023-09-08,0.9999997725026591,1.7105355664709697e-20,2.2749726984362296e-07
2023-09-11,0.9999995455365147,3.521046400723769e-19,4.544641745065018e-07
2023-09-12,0.9999997030136442,5.3472901934406165e-18,2.969863320820619e-07
2023-09-13,0.9999998606235846,1.777133879920342e-19,1.393759355687254e-07
2023-09-14,0.9999996466613708,8.427024609236814e-18,3.533389525474249e-07
2023-09-15,0.9999998367729992,6.6666317383610406e-18,1.6322772801299569e-07
2023-09-18,0.9999999091778632,6.758431185560499e-19,9.082287545698116e-08
2023-09-19,0.9999999432657221,6.113058244904139e-20,5.6734932565057866e-08
2023-09-20,0.9999999582341852,3.626404082053891e-24,4.176586278107957e-08
2023-09-21,0.9999999822284736,2.5119574465652914e-33,1.77707863066878e-08
2023-09-22,0.9999999952979124,2.7472661563266938e-37,4.701680416568248e-09
2023-09-25,0.9999999989067874,3.4857728422193945e-38,1.0924362705896904e-09
2023-09-26,0.9999999988085619,3.151491898100543e-43,1.1922174901219298e-09
2023-09-27,0.9999999995052349,2.6083353852324955e-49,4.950517665451712e-10
2023-09-28,0.9999999997689883,2.5157002819910592e-48,2.3088030413050602e-10
2023-09-29,0.9999999998890416,1.864852429887424e-46,1.1053287676344682e-10
2023-10-02,0.9999999998672138,1.396629415899864e-49,1.3354039637602884e-10
2023-10-03,0.9999999999508873,3.928221584141623e-57,4.8472092164994894e-11
2023-10-04,0.9999999997889972,1.7501400942769824e-61,2.1064803472935444e-10
2023-10-05,0.9999999992687663,1.5178576216426126e-57,7.308183936533843e-10
2023-10-06,0.9999999901319825,1.9544836804316958e-57,9.867993019852549e-09
2023-10-09,0.9999999732117434,3.416080349992215e-46,2.6788623432078043e-08
2023-10-10,0.999999976364052,3.0438311523721063e-41,2.3636421305383656e-08
2023-10-11,0.9999999588344517,4.603177466900809e-38,4.116480319715011e-08
2023-10-12,0.999999963720257,7.756251665391252e-39,3.627977408427707e-08
2023-10-13,0.9999999323590624,1.9079735414142886e-42,6.764109848875755e-08
2023-10-16,0.9999999224201049,5.642969818741686e-41,7.757998904152118e-08
2023-10-17,0.99999985535943,5.264946978922798e-34,1.4463985568225016e-07
2023-10-18,0.99999993970596,5.167861190515612e-41,6.029334072319326e-08
2023-10-19,0.999999969351848,3.709563642529816e-46,3.06476591189069e-08
2023-10-20,0.9999999813644538,2.0700983350025335e-54,1.8635489524688082e-08
2023-10-23,0.9999999850060705,5.6371239854758574e-61,1.499363875366235e-08
2023-10-24,0.9999999850351743,7.72911024618071e-62,1.496459647931029e-08
2023-10-25,0.999999999994543,3.7866962080459765e-64,4.570369446634216e-12
2023-10-26,0.9999999999436113,1.689998816126243e-77,5.658165730317401e-11
2023-10-27,0.9999999999472493,8.77259821668698e-85,5.300844356854677e-11
2023-10-30,0.9999999998453859,9.164609407265989e-88,1.5538224708298464e-10
2023-10-31,0.9999999998126441,5.881315138276363e-77,1.871286541628043e-10
2023-11-01,0.9999999995379767,6.987015164898099e-71,4.6115590567455974e-10
2023-11-02,0.9999999985720933,1.647330022168545e-58,1.4275588447162707e-09
2023-11-03,0.9999999969568307,7.699999708503518e-41,3.0433828022707245e-09
2023-11-06,0.9999999989322532,7.423845944578828e-35,1.0672011207814547e-09
2023-11-07,0.9999999991305231,1.4865696832844183e-34,8.696652556692484e-10
2023-11-08,0.9999999989995558,1.4575406272272898e-34,1.0003707717122685e-09
2023-11-09,0.9999999995125108,1.2151134588682327e-38,4.872430336963014e-10
2023-11-10,0.9999999870688043,1.1684691699565613e-37,1.2931696225801554e-08
2023-11-13,0.9999999887095328,8.400316125638063e-28,1.1291106181618406e-08
2023-11-14,0.9999998176026732,3.732491477253263e-27,1.823975441622416e-07
2023-11-15,0.9999998209459751,3.653310538673158e-16,1.7905468523734054e-07
2023-11-16,0.9999998712737662,2.491054907096784e-15,1.2872566775716748e-07
2023-11-17,0.9999998833554923,1.754603223071187e-15,1.1664418089551975e-07
2023-11-20,0.9999998816438235,1.7621924711390146e-13,1.1835538253794336e-07
2023-11-21,0.9999998650382713,1.1552780321289211e-11,1.3495008102833625e-07
2023-11-22,0.9999998688708814,1.2310974486938958e-10,1.3100664415462855e-07
2023-11-24,0.9999991472435793,2.4728460150236838e-09,8.502842550024569e-07
2023-11-27,0.9999998677576601,1.116476179329628e-08,1.2107801554491122e-07
2023-11-28,0.9999998098555988,3.205614629129812e-09,1.8693840828245875e-07
2023-11-29,0.9999997057730503,6.781763159950715e-09,2.8744601512613045e-07
2023-11-30,0.9999994470492021,5.140447134605622e-09,5.478097501541983e-07
2023-12-01,0.9999994162319011,2.3079485550550834e-07,3.5297375363708257e-07
2023-12-04,0.9999960787813079,2.490820559634725e-06,1.4303987899785842e-06
2023-12-05,0.999984075800429,1.2780310538834218e-05,3.1438889964972507e-06
2023-12-06,0.9998792314753284,0.00010410290022478294,1.6665623900563205e-05
2023-12-07,0.9903276155624592,0.009410285460828102,0.000262098976109551
2023-12-08,0.5781106523651052,0.4215454394791985,0.0003439081562275731
2023-12-11,0.02857052502576503,0.9713923458180025,3.712915615457287e-05
2023-12-12,0.0002800071642478981,0.9997198522418485,1.4059477741288992e-07
2023-12-13,0.0002514056016980781,0.9997452388715744,3.3555270798478423e-06
2023-12-14,3.743401939723908e-06,0.9999962515682678,5.029610203528432e-09
2023-12-15,9.272167373815847e-07,0.9999990721939623,5.897292453038031e-10
2023-12-18,1.3738562015717635e-06,0.9999986257217082,4.212233254500895e-10
2023-12-19,3.7502853507116927e-06,0.9999962486560766,1.0579333524557341e-09
2023-12-20,3.2568683935745715e-05,0.9999673947772484,3.6538866898775024e-08
2023-12-21,3.6201512800148746e-07,0.9999996379647855,2.0841088526247065e-11
2023-12-22,6.501989598281311e-08,0.9999999349784069,1.8518705376844364e-12
2023-12-26,4.7940598794166593e-08,0.9999999520568974,2.763153593219013e-12
2023-12-27,5.299888284375355e-08,0.9999999469946502,5.995022476199219e-12
2023-12-28,6.554713583491647e-08,0.999999934441805,1.1243250255744175e-11
2023-12-29,7.268550843478132e-08,0.9999999273113671,3.605223950394432e-12
2024-01-02,4.000221315151863e-07,0.9999995999097228,6.88397075819057e-11
2024-01-03,3.161234899318764e-06,0.9999968383158334,4.4934677810977834e-10
2024-01-04,4.055597174572566e-06,0.9999959442366554,1.6616536370876283e-10
2024-01-05,9.35158728550293e-06,0.9999906476733351,7.393084095999605e-10
2024-01-08,2.093153350096318e-05,0.9999789352313596,1.3323534376434113e-07
2024-01-09,1.3634963699094498e-06,0.999998634214558,2.288207997408117e-09
2024-01-10,1.1665761115247458e-06,0.9999988296647216,3.758628982369737e-09
2024-01-11,1.5019661331761255e-06,0.9999984929720527,5.061621273386563e-09
2024-01-12,1.2616277641863977e-06,0.9999987351064916,3.2650074270146485e-09
2024-01-16,1.0275580058541382e-06,0.9999989663798146,6.0620274062807365e-09
2024-01-17,1.3702989320464557e-06,0.9999985458718242,8.382856563638968e-08
2024-01-18,1.1704177196643257e-06,0.9999986378488939,1.917327434230316e-07
2024-01-19,5.389242026839597e-06,0.9999933517286073,1.2590286524419497e-06
2024-01-22,1.2973986405430277e-06,0.9999985874011118,1.1519951749123302e-07
2024-01-23,6.302598364449394e-07,0.9999993120202455,5.7719802917240424e-08
2024-01-24,3.7841654030163226e-07,0.9999995669478295,5.463523102905996e-08
2024-01-25,8.547361849816374e-07,0.9999990097080983,1.3555558857511863e-07
2024-01-26,5.752949552668614e-07,0.9999993355179347,8.918794337317931e-08
2024-01-29,3.1599655639642377e-06,0.9999963106670137,5.29367495971025e-07
2024-01-30,1.3276367819071497e-05,0.9999864597310011,2.639019149529614e-07
2024-01-31,0.0011274697570985521,0.998676726079905,0.0001958041628597726
2024-02-01,7.888004964791438e-05,0.9999178085818494,3.311368939937181e-06
2024-02-02,4.75657318364596e-06,0.9999945698275138,6.735995643918821e-07
2024-02-05,4.347828282821448e-06,0.9999954307036006,2.2146806100801253e-07
2024-02-06,2.778133649126627e-06,0.9999970949726408,1.268935588021049e-07
2024-02-07,1.302240047718271e-06,0.9999986618413317,3.5919360308094154e-08
2024-02-08,1.0383490145695924e-06,0.9999989263711847,3.52790231891561e-08
2024-02-09,7.899280549230559e-07,0.9999991728712995,3.720029624643396e-08
2024-02-12,5.997482817265697e-07,0.9999993532512508,4.699996563927784e-08
2024-02-13,1.0579155784806977e-05,0.999987037499863,2.383343510347384e-06
2024-02-14,2.2848355029072273e-06,0.9999975143358795,2.008289123660856e-07
2024-02-15,6.630671064376619e-07,0.9999991686803513,1.6825212142755301e-07
2024-02-16,1.905642634131294e-06,0.9999978925465636,2.018101608932098e-07
2024-02-20,2.4015490008001345e-06,0.9999975416461189,5.680447610061355e-08
2024-02-21,9.017725979375328e-06,0.999990882666406,9.960813298048208e-08
2024-02-22,0.00026747603600579725,0.999703641336734,2.888262794369181e-05
2024-02-23,4.183440185890072e-05,0.9999575473401033,6.182583586665814e-07
2024-02-26,1.608247238414544e-05,0.9999834613430492,4.561847665276431e-07
2024-02-27,9.385938392341231e-06,0.9999903653543081,2.487074646377658e-07
2024-02-28,7.484437037815412e-06,0.9999922970915758,2.1847088032623062e-07
2024-02-29,5.074373604191215e-06,0.9999947021837488,2.2344181243585288e-07
2024-03-01,3.376252147977921e-06,0.9999966118196526,1.1928367542745464e-08
2024-03-04,8.794153749264794e-07,0.9999991201915923,3.923604921497798e-10
2024-03-05,8.85766668595048e-06,0.999991058304618,8.402838964052213e-08
2024-03-06,2.710118260364059e-06,0.9999972171392596,7.274316859660892e-08
2024-03-07,3.348086913095646e-06,0.9999964298704136,2.2204342055831138e-07
2024-03-08,5.7313923546812134e-06,0.999994194137372,7.446982611919278e-08
2024-03-11,2.4761292011869222e-06,0.9999975120148548,1.1855807618944205e-08
2024-03-12,4.538597497139417e-06,0.9999954318495586,2.9553544886829687e-08
2024-03-13,4.893559319431319e-06,0.9999950748363841,3.160497726919123e-08
2024-03-14,7.870608573381524e-07,0.9999992117776324,1.1622503154527063e-09
2024-03-15,8.328557266088316e-07,0.9999991659336797,1.2112048182098419e-09
2024-03-18,8.027950869191649e-07,0.9999991949592698,2.2463535180862926e-09
2024-03-19,1.2181350467718851e-06,0.9999987787985627,3.0660073766292756e-09
2024-03-20,1.428219575305232e-06,0.99999856790703,3.87275354784507e-09
2024-03-21,4.2321162543423886e-07,0.9999995767067035,8.188361750407784e-11
2024-03-22,2.7501915478180287e-07,0.999999724972478,7.552154925178167e-12
2024-03-25,2.483674214663655e-07,0.9999997516261228,6.9532068302829205e-12
2024-03-26,2.5198584702891235e-07,0.9999997480099727,4.574653971063972e-12
2024-03-27,4.027165549681073e-07,0.9999995972685511,1.4729881021872788e-11
2024-03-28,2.860914982368647e-07,0.9999997138948357,1.4487235976489805e-11
2024-04-01,1.8074231071772273e-07,0.9999998192488583,8.541869752519114e-12
2024-04-02,3.3356864548474377e-07,0.999999666406494,2.5244528872546572e-11
2024-04-03,2.881234664801482e-07,0.999999711864844,1.0820547008666583e-11
2024-04-04,1.4343466867855873e-07,0.9999998565654199,4.467163005052506e-14
2024-04-05,1.7881312816858965e-06,0.9999982118677124,7.290113466284685e-13
2024-04-08,5.440792071160635e-07,0.9999994559204085,2.072202483313122e-13
2024-04-09,1.6682020914024432e-06,0.9999983317971145,4.732089543937884e-13
2024-04-10,0.0006027028604370172,0.9993972970219682,1.169120572069211e-10
2024-04-11,0.05746391643146211,0.9425360616456815,2.1923181320847837e-08
2024-04-12,0.34403175702828503,0.6559681784291195,6.45428030060743e-08
2024-04-15,0.9999794822501266,1.730032936933783e-05,3.217420874632231e-06
2024-04-16,0.9999999788506104,2.4654793056936303e-11,2.1124360150410784e-08
2024-04-17,0.9999999724896046,1.0230985916186078e-11,2.7499697465540565e-08
2024-04-18,0.9999999974861566,1.3271557009857668e-11,2.4998645664303802e-09
2024-04-19,0.9999999990250217,1.1904158663345876e-13,9.750085221869005e-10
2024-04-22,0.9999995651597637,4.4480627546428346e-14,4.3484053372623945e-07
2024-04-23,0.9999995350282178,5.660410362466829e-10,4.644057575408105e-07
2024-04-24,0.9999995472245361,1.6860501497293038e-07,2.841704914434284e-07
2024-04-25,0.9999998802341069,8.181804562672892e-08,3.79471608348849e-08
2024-04-26,0.9999996528222858,3.280496236840458e-07,1.912879024746616e-08
2024-04-29,0.9999593866476209,4.0606452621554986e-05,6.899561896453944e-09
2024-04-30,0.9999998868297617,1.4607632002892223e-08,9.856317193518424e-08
2024-05-01,0.9999999353185579,3.785412018466523e-10,6.430236672232034e-08
2024-05-02,0.9999997738941857,1.2137546429603712e-08,2.13969062875355e-07
2024-05-03,0.9987711019700746,0.0011977377000201652,3.1160330202025295e-05
2024-05-06,0.7255119752001034,0.27446676991557156,2.1254885070026946e-05
2024-05-07,0.19587346466039066,0.8041192555314797,7.279808332767011e-06
2024-05-08,0.02244366052286735,0.9775554833921534,8.560845573039662e-07
2024-05-09,0.0012017321666543703,0.9987981433140172,1.2451891166455404e-07
2024-05-10,4.213511707174203e-05,0.9999578410344399,2.384907137471679e-08
2024-05-13,2.6652286770151264e-06,0.9999973121375404,2.2633114851026355e-08
2024-05-14,1.0089900349952996e-06,0.9999989838184481,7.1918013430773655e-09
2024-05-15,1.0285118281841511e-05,0.9999894788314628,2.3604936093753445e-07
2024-05-16,1.5517556181287177e-06,0.999998426537205,2.1707262173002745e-08
2024-05-17,1.0881357146814932e-06,0.999998895530253,1.633356414283949e-08
2024-05-20,5.733546909150695e-07,0.9999994214869584,5.1588819001206555e-09
2024-05-21,1.156965316648394e-06,0.9999988326605936,1.0373562675781049e-08
2024-05-22,1.7208312454279745e-06,0.9999982669266058,1.2242397540250927e-08
2024-05-23,5.953628579174859e-06,0.9999939992592737,4.711264788407173e-08
2024-05-24,1.4985594844484945e-06,0.9999984656490545,3.5790624250078654e-08
2024-05-28,7.297720407351788e-07,0.9999992323485676,3.788028688572275e-08
2024-05-29,2.3220325829099266e-06,0.999997496960936,1.8100582458774306e-07
2024-05-30,5.23188661844005e-06,0.9999947647912153,3.3221053862191884e-09
2024-05-31,1.015734606201224e-05,0.9999898269260442,1.5728737733939193e-08
2024-06-03,3.747721421403747e-06,0.9999962487033702,3.5745394253497077e-09
2024-06-04,2.9826419276138234e-07,0.999999701734895,7.138413514545789e-13
2024-06-05,2.2697627507230413e-06,0.9999977294999863,7.365480404269169e-10
2024-06-06,1.2042474388741608e-06,0.9999987953604411,3.92482129897142e-10
2024-06-07,6.431904567958912e-07,0.9999993567182424,9.09500332262497e-11
2024-06-10,1.589728342144912e-07,0.9999998410257958,1.4389872027602146e-12
2024-06-11,1.1404691207442062e-07,0.9999998859530089,8.885813465269801e-13
2024-06-12,9.378681949288918e-07,0.9999990620749337,5.7705926912550894e-11
2024-06-13,4.3547699769389976e-07,0.9999995644976518,2.5068315298080586e-11
2024-06-14,3.170341596294196e-07,0.9999996829465593,1.8831029153178324e-11
2024-06-17,1.9008476285812597e-06,0.9999980987886258,3.6393637123144027e-10
2024-06-18,8.999589195734615e-07,0.9999990999335253,1.0797306838159405e-10
2024-06-20,9.131526210313911e-07,0.9999990865348616,3.131081933848943e-10
2024-06-21,5.46225690320918e-07,0.9999994537157946,5.910427201132877e-11
2024-06-24,7.351302473241557e-07,0.9999992648065901,6.265078199843125e-11
2024-06-25,2.872207072429192e-07,0.9999997127743385,4.2697259176584145e-12
2024-06-26,1.6833964349230713e-07,0.9999998316598209,1.4257292411088509e-12
2024-06-27,2.1754304606381084e-07,0.999999782454348,1.9228640555095016e-12
2024-06-28,5.026900766418707e-07,0.9999994972823869,2.7165662467060616e-11
2024-07-01,1.8221427280253018e-07,0.9999998177354594,4.986651958105574e-11
2024-07-02,5.081512164501577e-07,0.9999994911414818,7.07996671832219e-10
2024-07-03,6.059243685512094e-07,0.9999993932598976,8.166294378479207e-10
2024-07-05,1.3723872111751582e-06,0.9999986237662972,3.847320693053498e-09
2024-07-08,1.378009635457717e-06,0.9999986128723847,9.117696232592721e-09
2024-07-09,1.618410896502532e-06,0.9999983773554482,4.232828883701968e-09
2024-07-10,1.832139300590737e-05,0.9999815051251535,1.7348113025039746e-07
2024-07-11,1.1523145774534113e-05,0.9999873912542181,1.0855998659459332e-06
2024-07-12,6.965491238611992e-07,0.9999989049598836,3.984906093151691e-07
2024-07-15,6.396685321776935e-07,0.9999991316603105,2.286713667752162e-07
2024-07-16,3.983429431052931e-05,0.9999593716088274,7.940975313981684e-07
2024-07-17,0.00461020515869833,0.9951724668163879,0.00021732802505571182
2024-07-18,0.10817732280262218,0.8913638310537733,0.0004588461436986039
2024-07-19,0.8287238317701304,0.16972358348362734,0.0015525847457054825
2024-07-22,0.9579950489527383,0.04143674550334183,0.0005682055446999974
2024-07-23,0.9722853657390308,0.02723612675102176,0.0004785075106020136
2024-07-24,0.9952821000935304,2.2037539291819952e-06,0.004715696152692618
2024-07-25,0.9963881529709453,2.656376908096848e-13,0.003611847028279549
2024-07-26,0.997151226155962,4.561662690362085e-13,0.002848773844073013
2024-07-29,0.9985164767905781,2.46996757337968e-10,0.0014835229615403572
2024-07-30,0.9993492316992204,2.790624243439227e-10,0.0006507680219814733
2024-07-31,0.9995126064025756,6.686868901028443e-10,0.0004873929288127403
2024-08-01,0.9985982227948592,1.2908751425780108e-09,0.001401775913360649
2024-08-02,0.98052717857113,4.679791195989615e-15,0.019472821429736095
2024-08-05,0.1672335880378223,1.2734147346050164e-31,0.8327664119620533
2024-08-06,0.9617004950677343,1.488735404299549e-35,0.03829950493242639
2024-08-07,0.9988945507784621,3.2504897680053504e-35,0.0011054492223692449
2024-08-08,0.9999630420742719,9.16983109947931e-35,3.695792621135441e-05
2024-08-09,0.999993573052696,3.2384238624394436e-24,6.426947186853202e-06
2024-08-12,0.999993937333972,3.0019419022987997e-22,6.062666730406761e-06
2024-08-13,0.9999624518396563,6.537190035794061e-20,3.754815987370606e-05
2024-08-14,0.9998471119231203,8.619338718267592e-15,0.00015288807728664885
2024-08-15,0.9995156987912079,1.2883530612550605e-12,0.0004843012066788329
2024-08-16,0.9991966763549645,2.8318120459969754e-09,0.0008033208132697196
2024-08-19,0.9989065647641086,5.332790686669639e-08,0.0010933819079952953
2024-08-20,0.9990582899186637,3.1114348558693847e-07,0.0009413989385148339
2024-08-21,0.9992120858865237,3.3134124991039085e-06,0.0007846007000737826
2024-08-22,0.9995929186858342,1.0718029663367374e-05,0.00039636328377988344
2024-08-23,0.9998195526758381,1.6107977936446168e-05,0.00016433934631389268
2024-08-26,0.9999173677115248,1.7115907320028217e-05,6.551638141455443e-05
2024-08-27,0.999923946594222,3.067765179443924e-05,4.5375754517450335e-05
2024-08-28,0.9998616979341047,6.9605842327211e-05,6.869622286920328e-05
2024-08-29,0.9997839938828788,0.0001297127212759574,8.629339515188492e-05
2024-08-30,0.9992925346310716,0.0003061826817014443,0.0004012826875969809
2024-09-03,0.9991371552599673,5.3419761799787135e-06,0.0008575027641074509
2024-09-04,0.999985071799997,1.9879835167099286e-06,1.2940217182092255e-05
2024-09-05,0.9999973563752448,4.076321548214618e-07,2.235993237281038e-06
2024-09-06,0.9999914304411257,3.123667067411668e-10,8.569245706589913e-06
2024-09-09,0.9999943834694407,8.010534603805078e-11,5.6164504309764e-06
2024-09-10,0.9999914349794654,3.1406358928314224e-06,5.4243837472870685e-06
2024-09-11,0.9925024006925317,0.007350201165993342,0.00014739814071846306
2024-09-12,0.6694100052246063,0.33033632912190025,0.00025366565375842064
2024-09-13,0.23173326262328955,0.768101545247721,0.00016519212920470438
2024-09-16,0.015211598723568462,0.9847775540791013,1.0847196942177432e-05
2024-09-17,0.00022968933915827556,0.9997689898269736,1.320833294159438e-06
2024-09-18,1.0418389889662493e-06,0.9999988946753289,6.34855795129673e-08
2024-09-19,1.1707550254984487e-05,0.9999823978435743,5.894606848211167e-06
2024-09-20,8.358573383096522e-06,0.999990780694795,8.607318934773857e-07
2024-09-23,1.511497401113829e-06,0.9999982145780018,2.7392455269620963e-07
2024-09-24,7.15876286608847e-07,0.9999991833741356,1.0074874954775597e-07
2024-09-25,7.802956853398582e-07,0.9999991095741606,1.1012956888553506e-07
2024-09-26,2.915978020988727e-07,0.9999996414663389,6.693544219550574e-08
2024-09-27,7.420107084036344e-08,0.9999998686034901,5.719590591132979e-08
2024-09-30,4.351857469783693e-08,0.9999998689127182,8.75692700669206e-08
2024-10-01,1.2972056903299296e-07,0.9999986653792614,1.2049005241083744e-06
2024-10-02,1.274499689044442e-07,0.9999998604435048,1.2106330241473005e-08
2024-10-03,4.3295701914897776e-08,0.9999999299925573,2.6711317205105556e-08
2024-10-04,5.302975319845001e-08,0.999999885589211,6.138037813416682e-08
2024-10-07,9.795668852175102e-08,0.9999977271007447,2.1749420214566943e-06
2024-10-08,7.756055380431186e-07,0.9999920950998358,7.12929550990328e-06
2024-10-09,3.519819145801473e-07,0.9999946337355425,5.014282537356383e-06
2024-10-10,7.848104715646391e-07,0.9999910998463274,8.115343010975813e-06
2024-10-11,5.596138171792346e-08,0.9999986504071797,1.2936316765466642e-06
2024-10-14,3.3962306797851384e-08,0.9999991962525702,7.697857027490242e-07
2024-10-15,1.0416297066082338e-07,0.9999982724854277,1.6233511176897046e-06
2024-10-16,4.109733989731591e-07,0.9999984397794272,1.1492467457312552e-06
2024-10-17,3.094312447538525e-07,0.9999986156736246,1.0748947498984379e-06
2024-10-18,2.527602370975029e-07,0.9999982620444466,1.4851955746872868e-06
2024-10-21,2.6580662244869087e-07,0.9999982518835896,1.4823097302132254e-06
2024-10-22,2.3893165787051086e-07,0.9999996128118095,1.4825566299941017e-07
2024-10-23,4.870991261743057e-07,0.9999989415033415,5.713975350038149e-07
2024-10-24,8.949764816808233e-07,0.9999984963280831,6.086956121265644e-07
2024-10-25,2.9158664223812423e-07,0.9999990370129215,6.71401120464614e-07
2024-10-28,1.4491307032709936e-07,0.9999994290212082,4.260649546306867e-07
2024-10-29,1.4500773932305564e-07,0.9999996243860346,2.3060617861950987e-07
2024-10-30,1.5281160858130788e-06,0.9999969880545789,1.4838299267929361e-06
2024-10-31,0.0019728769062622702,0.9830578321201143,0.014969290973148615
2024-11-01,0.03969024141269185,0.952535730970545,0.0077740276160200746
2024-11-04,0.040529612461952365,0.9559216528147088,0.003548734723368999
2024-11-05,0.03564131537070074,0.9639383903399397,0.0004202942898201534
2024-11-06,0.034571447928837054,0.9654248136913862,3.7383801880511474e-06
2024-11-07,0.006657738653381219,0.9933422365468452,2.4799199857828637e-08
2024-11-08,0.0007368982090781518,0.99926309450755,7.282795510563624e-09
2024-11-11,9.01104977273101e-05,0.9999098794662368,1.0035867619600265e-08
2024-11-12,1.1386912671924277e-05,0.9999886108192289,2.2676332253376503e-09
2024-11-13,1.7184274280159234e-05,0.9999828081767983,7.549026407305405e-09
2024-11-14,0.00011120045841359627,0.9998887963692328,3.171609017669937e-09
2024-11-15,0.0017590349985683554,0.9982405293361408,4.356647123560336e-07
2024-11-18,0.002064395771716713,0.9979353610972745,2.431315230459257e-07
2024-11-19,0.0009168764099395108,0.9990830643323534,5.925711883330213e-08
2024-11-20,0.00016906652667200887,0.9998308933037885,4.0169093078422036e-08
2024-11-21,1.0388719970634825e-05,0.9999896021085423,9.170604067881021e-09
2024-11-22,4.430624843454655e-06,0.9999955613682969,8.006188733072416e-09
2024-11-25,3.7782254413234657e-06,0.999996211728912,1.004564775126414e-08
2024-11-26,3.8175461354597225e-06,0.9999961647482327,1.770608884645614e-08
2024-11-27,6.6795346138363996e-06,0.9999932874059336,3.3060177056079556e-08
2024-11-29,4.2255939641509594e-06,0.9999957371855908,3.7220242103300707e-08
2024-12-02,1.492359954485079e-07,0.9999998507573875,7.204868559992892e-12
2024-12-03,2.2620629968905326e-07,0.9999997737504857,4.2566384980929127e-11
2024-12-04,1.4535353588336926e-07,0.9999998546372914,9.06311310176975e-12
2024-12-05,6.039728853224156e-08,0.9999999396004586,2.94955026384468e-12
2024-12-06,9.86183185247884e-08,0.9999998778712399,2.3511188049901065e-08
2024-12-09,4.312741140700703e-08,0.9999999564461187,4.273454021730644e-10
2024-12-10,1.3680226795518905e-07,0.9999998624425738,7.558101509990873e-10
2024-12-11,1.2560787016461688e-07,0.999999874320573,7.070285743255502e-11
2024-12-12,1.7892353127940423e-07,0.999999820958708,1.1762459024980863e-10
2024-12-13,1.800567125637495e-07,0.9999998198473057,9.670559116590848e-11
2024-12-16,1.2514826464818557e-07,0.9999998618059276,1.3046065042080763e-08
2024-12-17,2.2344179201449114e-08,0.9999999776555344,2.9737164869608857e-15
2024-12-18,1.1126801742042247e-15,1.0962975153688093e-07,0.9999998903695146
2024-12-19,1.6063050142231162e-07,9.57170977164733e-13,0.9999998393686966
2024-12-20,1.0572479446779464e-05,7.4023082451727995e-09,0.9999894201187424
2024-12-23,2.4520638361010935e-05,3.2293077795779434e-06,0.9999722500536814
2024-12-24,0.0003818790019261159,0.00010702837021669227,0.9995110926276621
2024-12-26,0.006653550288568646,0.0007661214275416576,0.992580328283627
2024-12-27,0.08641725897922467,0.0017577682121138903,0.9118249728092666
2024-12-30,0.4546952545337874,1.5669518150459434e-05,0.5452890759485789
2024-12-31,0.8061800477024341,5.924073544922217e-07,0.19381935989070373
2025-01-02,0.9727415913980599,1.2767244850250398e-07,0.027258280929140066
2025-01-03,0.9967126376367165,3.470326272529005e-07,0.0032870153309581675
2025-01-06,0.9993233104393104,2.376569468124155e-05,0.000652923866746396
2025-01-07,0.9998115776565296,1.6837186824246082e-06,0.00018673862425635262
2025-01-08,0.999955008443859,5.384695381469954e-07,4.445308740254222e-05
2025-01-10,0.9999562241369333,5.93114856599236e-10,4.3775270345414546e-05
2025-01-13,0.9999798972313975,3.536874839033132e-11,2.0102732375418234e-05
2025-01-14,0.9999550697719671,3.190709622944721e-10,4.4929909808169005e-05
2025-01-15,0.9998095444934642,4.001125091476896e-07,0.00019005539355770808
2025-01-16,0.9887666348956432,0.010936336975473313,0.0002970281284326489
2025-01-17,0.8095690117537809,0.18944662229056042,0.000984365956393306
2025-01-21,0.17697819931489495,0.8226219356636897,0.00039986502173395617
2025-01-22,0.026869062685436255,0.9731293334965504,1.6038182770468413e-06
2025-01-23,0.0016326810130841618,0.9983670610980656,2.5788947692083275e-07
2025-01-24,0.00018287248547292642,0.9998168938258389,2.3368821001462422e-07
2025-01-27,1.935984686992537e-05,0.9999806339021109,6.251828936349927e-09
2025-01-28,4.375978103085657e-05,0.9999562278566038,1.2362983383730123e-08
2025-01-29,3.0004528351717157e-05,0.9999699874217232,8.050298512543857e-09
2025-01-30,4.543355647501608e-07,0.999999545663844,9.000879963570121e-13
2025-01-31,2.1120704386289157e-07,0.9999997887935247,3.0632930583120843e-13
2025-02-03,4.910707294289191e-07,0.9999995089275513,2.0915070381944566e-12
2025-02-04,5.488551848659478e-07,0.999999451143745,1.4711584996870898e-12
2025-02-05,2.0417973185855722e-07,0.9999997958202793,5.625508438827443e-13
2025-02-06,9.52422551870582e-08,0.9999999047577194,3.3186541306063535e-13
2025-02-07,3.5792825586352404e-07,0.9999996420684242,3.1794591240269506e-12
2025-02-10,2.538122724945044e-07,0.9999997461855268,1.4378536788146646e-12
2025-02-11,7.213792283960664e-08,0.9999999278625208,6.015963933872129e-14
2025-02-12,2.6834871928655812e-08,0.9999999731644497,1.0826523500146281e-14
2025-02-13,5.8517589586486195e-08,0.9999999414831126,8.930673880303264e-14
2025-02-14,1.1792720409804718e-08,0.9999999882074917,1.5324620001761886e-15
2025-02-18,1.2753158548398665e-09,0.9999999987248884,4.4056893422578205e-16
2025-02-19,5.488241570686247e-10,0.9999999994506652,1.3510880120486445e-16
2025-02-20,5.0133559553845124e-09,0.9999999949868652,1.1136259798076683e-14
2025-02-21,1.4230241566304577e-05,0.9999857697524263,5.3331659346594966e-12
2025-02-24,0.008788203378081661,0.9912117965803138,4.121540988449728e-11
2025-02-25,0.23822868796383226,0.7617713111675186,8.686974593787386e-10
2025-02-26,0.8739806051061138,0.12601937627007462,1.8623531551872476e-08
2025-02-27,0.9997253467518917,0.00027465285819324624,3.892139367974092e-10
2025-02-28,0.9999999808387658,1.9123099218610965e-08,3.743155636569964e-11
2025-03-03,0.9999995861327026,4.390160550273045e-11,4.13824154235385e-07
2025-03-04,0.9999999210940618,9.68893626398155e-17,7.890515681962107e-08
2025-03-05,0.9999999906776793,4.2438936575198096e-17,9.322837286689836e-09
2025-03-06,0.9999999872288754,6.527451867545718e-19,1.2770931928865247e-08
2025-03-07,0.9999999986666808,1.3651214306521488e-21,1.3326575083447765e-09
2025-03-10,0.9999989568101212,1.1636488035717102e-31,1.0431892653837476e-06
2025-03-11,0.9999999858009687,2.3336927342504213e-43,1.419863225697557e-08
2025-03-12,0.9999999973733793,1.62499427481968e-46,2.6258397732497553e-09
2025-03-13,0.9999999947594915,8.871589307299104e-51,5.240142914149502e-09
2025-03-14,0.9999999474875962,2.3411650542951851e-54,5.2511892818158507e-08
2025-03-17,0.9999999397659867,9.364654772934316e-39,6.023412973625364e-08
2025-03-18,0.9999999152169075,2.313024730670582e-40,8.478393069991036e-08
2025-03-19,0.9999998443963826,6.150090300856642e-42,1.5560296303375574e-07
2025-03-20,0.9999998514940781,5.756329274075312e-38,1.485063703251619e-07
2025-03-21,0.9999999002193413,3.932074625299315e-41,9.977986503985093e-08
2025-03-24,0.9999994581104705,4.8274756609373784e-39,5.418890612450823e-07
2025-03-25,0.9999991461503676,3.257680847607846e-28,8.538496272959005e-07
2025-03-26,0.9999991806365589,3.396014330437724e-33,8.193640928507097e-07
2025-03-27,0.9999996427760108,2.8936504337375183e-37,3.572248293817242e-07
2025-03-28,0.9999996735387491,2.4062280912424435e-48,3.264608116577624e-07
2025-03-31,0.9999999488882181,4.4097862436671794e-51,5.111139852221447e-08
2025-04-01,0.9999997299710595,5.169510712266879e-47,2.700298351974073e-07
2025-04-02,0.9992685314794238,1.490628772780019e-42,0.0007314685197270273
2025-04-03,0.008759816819412423,4.291474205311896e-76,0.9912401831803953
2025-04-04,5.948343053067405e-11,2.824926409339052e-143,0.9999999999399733
2025-04-07,2.809187061872068e-14,5.634287544687996e-206,1.0
2025-04-08,3.027760907528576e-21,1.9045390396062603e-217,1.0
2025-04-09,3.6486505924821316e-25,1.489654851156783e-293,1.0
2025-04-10,2.1798657671552503e-21,6.55599866788293e-148,1.0
2025-04-11,8.345285483251693e-23,1.7983978834091476e-184,1.0
2025-04-14,1.3543867188497169e-22,4.899789928761362e-170,1.0
2025-04-15,8.182094844141229e-25,8.839232456034526e-167,1.0
2025-04-16,1.1329846032661118e-28,1.2611610808938339e-194,1.0
2025-04-17,4.348208002077093e-28,4.157920265886731e-219,1.0
2025-04-21,4.8197472112403015e-31,1.0403270280927244e-238,1.0
2025-04-22,4.487468526934583e-31,2.469041242027875e-259,1.0
2025-04-23,6.886053119784249e-31,2.0933895532082023e-215,1.0
2025-04-24,3.0888494663080517e-32,8.844155913545016e-196,1.0
2025-04-25,6.906671618182566e-32,1.3549587773477856e-173,1.0
2025-04-28,3.045906853079769e-31,3.137323167469823e-168,1.0
2025-04-29,1.0536020287234264e-29,9.809358934413647e-166,1.0
2025-04-30,1.6678352037207183e-27,1.518401103864229e-157,1.0
2025-05-01,6.686007102575887e-26,8.856286713710615e-152,1.0
2025-05-02,7.878949111411151e-24,2.162228814002558e-138,1.0
2025-05-05,4.758040622121614e-19,7.136993702858231e-113,1.0
2025-05-06,4.7245164355986913e-14,7.10492615241822e-103,1.0
2025-05-07,1.6957201471996902e-12,2.9056564766257716e-103,0.999999999998181
2025-05-08,2.887254518493182e-12,4.735061995078435e-96,0.999999999996362
2025-05-09,1.1768638037361616e-08,4.157804191655381e-58,0.9999999882311386
2025-05-12,2.2524163970961524e-13,1.6523924369608907e-58,1.0
2025-05-13,4.974842028230923e-17,9.085110448433573e-38,1.0
2025-05-14,4.45790827022116e-22,2.8585752631595425e-41,1.0
2025-05-15,1.4381455459772172e-26,5.322245568129111e-46,1.0
2025-05-16,1.2460545923977092e-30,1.2684593990362282e-46,1.0
2025-05-19,4.2004132436226e-35,5.892231280036964e-49,1.0
2025-05-20,2.1863798891358503e-39,7.464006265513954e-55,1.0
2025-05-21,1.2519892900912229e-43,2.877647330248945e-64,1.0
2025-05-22,4.045545481244878e-43,3.7164388479185925e-68,1.0
2025-05-23,1.0496073576421812e-45,9.016227747890021e-71,1.0
2025-05-27,3.754145004286638e-43,7.691836785044363e-69,1.0
2025-05-28,1.296324243972526e-39,7.636752495795978e-59,1.0
2025-05-29,1.4871478165675935e-36,1.122472435491318e-54,1.0
2025-05-30,6.372223176606935e-32,6.538449141252677e-49,1.0
2025-06-02,1.9930837817717538e-28,1.0016447996681525e-42,1.0
2025-06-03,5.510685446526991e-23,2.860272343992575e-32,1.0
2025-06-04,3.714444716782414e-17,1.7443355859230906e-23,1.0
2025-06-05,2.1493464821426277e-13,3.542611451027414e-19,1.0
2025-06-06,8.473722864787605e-06,1.9708657831106913e-09,0.999991524305636
2025-06-09,0.04034385859355073,0.38954738048310167,0.5701087609233759
2025-06-10,0.026007774241572322,0.8912951106204615,0.08269711513730625
2025-06-11,0.0008261057554674916,0.9989555159357989,0.0002183783095165726
2025-06-12,8.117925349976633e-06,0.9999902642922356,1.617782205190953e-06
2025-06-13,5.379363914181824e-06,0.9999731775001482,2.144313574934543e-05
2025-06-16,7.535125623717214e-06,0.9999814360521297,1.1028822623411267e-05
2025-06-17,2.391491306089055e-06,0.9999896879785048,7.920530008835448e-06
2025-06-18,1.9077344555017283e-05,0.9999693852890004,1.153736608925505e-05
2025-06-20,4.001715000276576e-05,0.999945325167087,1.4657683721295487e-05
2025-06-23,8.013928042297828e-06,0.999989370835566,2.6152366412698776e-06
2025-06-24,1.0631735676147632e-06,0.9999988592723779,7.755354155935836e-08
2025-06-25,3.573311871285733e-07,0.999999640153029,2.5160257057344485e-09
2025-06-26,1.4563352375404477e-08,0.9999999854335329,2.9320437751093795e-12
2025-06-27,6.614295500931155e-09,0.9999999933843355,1.1180421420572092e-12
2025-06-30,3.167909350862769e-09,0.9999999968313205,1.0331119723020486e-12
2025-07-01,1.0762929192364569e-09,0.9999999989231583,5.736622450836208e-14
2025-07-02,3.78542995927182e-10,0.9999999996216502,8.864369487992942e-15
2025-07-03,1.106511539463416e-09,0.9999999988940544,7.041725927838022e-14
2025-07-07,2.4037552737078787e-09,0.999999997595296,9.582566020912257e-13
2025-07-08,6.307969089197395e-09,0.9999999936917447,1.1918941624133171e-12
2025-07-09,7.854817280437244e-09,0.9999999921437848,9.403849090243382e-13
2025-07-10,5.7032480304619215e-09,0.9999999942956492,6.571784537560862e-13
2025-07-11,1.18541118786606e-08,0.9999999881438271,1.3507392071391966e-12
2025-07-14,3.82705393006552e-09,0.9999999961710273,1.9707431502561787e-12
2025-07-15,5.130366371188108e-09,0.9999999948686309,7.089452228249237e-13
2025-07-16,6.024968362167191e-10,0.9999999993979145,1.0605940372098083e-15
2025-07-17,4.208529431735351e-10,0.9999999995798134,1.7906087524668515e-16
2025-07-18,7.157127848884691e-11,0.9999999999290594,2.2701551941201584e-19
2025-07-21,4.6576641275277535e-11,0.9999999999527063,3.896615240488102e-19
2025-07-22,2.8642254620152517e-10,0.9999999997144187,2.527205923010229e-17
2025-07-23,2.4671368155936473e-10,0.9999999997526174,1.0191694767121755e-18
2025-07-24,3.736464538817535e-10,0.9999999996271072,6.18672800835867e-18
2025-07-25,4.675932240720183e-10,0.9999999995325197,9.516776112248737e-18
2025-07-28,1.0200968148375636e-09,0.999999998979547,5.32349099668886e-17
2025-07-29,2.0807770775881077e-09,0.9999999979190761,9.820774192324743e-16
2025-07-30,1.8706426672474347e-09,0.9999999981300789,1.1664923812666915e-16
2025-07-31,3.672064656190811e-11,0.9999999999636202,1.38420722705309e-20
2025-08-01,2.5167938521685047e-07,0.9999997187860967,2.9535246370812636e-08
2025-08-04,4.193725573373032e-06,0.9999958046698122,1.604395261111319e-09
2025-08-05,1.3103054840778679e-07,0.9999998689600119,8.920147178073485e-12
2025-08-06,9.168716863837713e-09,0.9999999908304744,1.2450406314041015e-14
2025-08-07,9.193869887867144e-10,0.9999999990814104,3.305811291991145e-17
2025-08-08,3.157323630718173e-09,0.9999999968422344,4.1738921763247293e-16
2025-08-11,3.5053510842914336e-09,0.9999999964948074,1.4668163649297305e-15
2025-08-12,1.058466949958311e-08,0.9999999894153007,6.537100721358248e-15
2025-08-13,2.875402483181828e-09,0.9999999971241778,9.864788549383738e-16
2025-08-14,3.289889310284769e-09,0.9999999967094482,1.3982729187971372e-15
2025-08-15,4.700057826108765e-09,0.9999999952997314,2.7063870078814256e-15
2025-08-18,5.203262384247052e-09,0.9999999947958713,2.66440002609291e-15
2025-08-19,1.0126690429549918e-08,0.999999989873686,9.778895575383612e-15
2025-08-20,2.0785542177919814e-08,0.9999999792144083,2.445283022882447e-14
2025-08-21,4.5308978369621804e-08,0.999999954690794,1.0521649431884635e-13
2025-08-22,3.7063697991283384e-07,0.9999996293609689,1.1562180303442368e-12
2025-08-25,1.0196652368513906e-07,0.9999998980329162,3.205350770737474e-13
2025-08-26,4.000975774387464e-08,0.9999999599895099,1.1639183003739762e-13
2025-08-27,3.542263416300501e-08,0.999999964577001,1.5748941852733803e-13
2025-08-28,3.454009014759603e-08,0.9999999654592108,2.0219743237657473e-13
2025-08-29,8.855469899305144e-07,0.9999991135031742,9.489554219609018e-10
2025-09-02,9.612909672347423e-08,0.9999999038627767,7.290680404185274e-12
2025-09-03,9.366374649057609e-08,0.9999999063293261,6.715225359671218e-12
2025-09-04,1.1030105137968265e-07,0.9999998896964887,2.796498552829277e-12
2025-09-05,2.693445488683977e-07,0.9999997306313525,2.3640703109945103e-11
2025-09-08,3.054664517990652e-07,0.9999996944716725,6.209997022221134e-11
2025-09-09,1.175744505902439e-07,0.9999998824187128,7.188664866309037e-12
2025-09-10,2.3530897745499317e-08,0.9999999764695533,1.0175285892185768e-13
2025-09-11,1.1705540732173923e-08,0.9999999882948032,7.566693524456028e-15
2025-09-12,4.1506575866917856e-08,0.9999999584924817,3.3085319771313735e-13
2025-09-15,3.318197822672174e-08,0.9999999668161769,1.6900614543728996e-12
2025-09-16,2.673053689864306e-08,0.9999999732681321,1.0372503514155068e-12
2025-09-17,2.2186443726397324e-08,0.9999999778137865,3.231183381959545e-13
2025-09-18,1.3198988918128524e-08,0.9999999868014129,9.415581372503976e-14
2025-09-19,2.525050780116066e-08,0.9999999747487894,3.9547114326894665e-13
2025-09-22,5.140566670544041e-09,0.999999994859536,1.5900693471594613e-14
2025-09-23,2.692961248684854e-08,0.9999999730680432,1.6285829328841385e-12
2025-09-24,2.5429706701665516e-08,0.9999999745705285,2.462953564379125e-13
2025-09-25,3.345042121767762e-08,0.9999999665487854,6.392410064803776e-14
2025-09-26,3.5515380804911745e-08,0.9999999644842326,1.6503981528131854e-14
2025-09-29,8.588743351651913e-09,0.999999991410732,6.367312487928821e-15
2025-09-30,7.46253860694188e-09,0.9999999925366865,9.597960633382357e-15
2025-10-01,7.803785230998848e-09,0.9999999921965355,4.284379587747292e-15
2025-10-02,5.277904897750343e-09,0.9999999947212928,1.6921594228253526e-15
2025-10-03,6.7362129293117595e-09,0.9999999932642822,2.3489544605426006e-15
2025-10-06,8.929323337708284e-10,0.9999999991068762,2.0471384488287526e-17
2025-10-07,1.9052822825707773e-09,0.9999999980955181,2.7917876502639115e-16
2025-10-08,2.040152903994857e-09,0.9999999979590939,1.283077590074459e-16
2025-10-09,1.4016278693100118e-07,0.9999998598141345,2.237293758194139e-11
2025-10-10,2.7583044602981808e-08,0.8612806726183945,0.1387192997987922
2025-10-13,2.849477051938258e-05,0.9930817087861035,0.00688979644375401
2025-10-14,2.175473630510103e-08,0.9999969917543923,2.9864916998474884e-06
2025-10-15,1.0024437476285266e-09,0.9999998278745045,1.711229023602329e-07
2025-10-16,7.007057970205223e-11,0.9999957394993354,4.260429985617498e-06
2025-10-17,2.1783496295764693e-09,0.9999994638475601,5.339743183493079e-07
2025-10-20,6.367039363165863e-09,0.9999997623308727,2.3130272805407944e-07
2025-10-21,1.9253801341176898e-08,0.9999985490204903,1.4317264937754198e-06
2025-10-22,8.107579359415365e-09,0.9999992055767024,7.86314864145994e-07
2025-10-23,7.2773703104172464e-09,0.999999256744835,7.359782029176838e-07
2025-10-24,4.017822387879376e-09,0.9999954510088868,4.544973307904155e-06
2025-10-27,1.5318445418945207e-08,0.9999772730552294,2.2711626917709067e-05
2025-10-28,4.448587214795367e-09,0.9999958800957133,4.115456487673985e-06
2025-10-29,3.4798117685465494e-09,0.9999958438524993,4.152668388215129e-06
2025-10-30,2.60665287052858e-07,0.9999924320049897,7.307330022560698e-06
2025-10-31,2.220843498808706e-08,0.9999994974533718,4.803389934564857e-07
2025-11-03,1.3253491340066567e-08,0.9999996867882637,2.999576780394821e-07
2025-11-04,6.106407501021767e-07,0.9999934162750191,5.973083892971352e-06
2025-11-05,2.9418158754613677e-07,0.9999991154986038,5.903195978229875e-07
2025-11-06,1.1996127725617992e-05,0.9999814638912462,6.539980722940335e-06
2025-11-07,3.0004555878921967e-05,0.9999593672216033,1.0628223012312985e-05
2025-11-10,1.0386988729357936e-05,0.9999896003877962,1.262401321808287e-08
2025-11-11,2.7985116011023375e-07,0.9999997199284217,2.2054371610431406e-10
2025-11-12,3.2776787958073845e-07,0.999999672092653,1.389210297458858e-10
2025-11-13,0.00014149982309737363,0.9998584417566704,5.8420150397406105e-08
2025-11-14,0.0023382441124475454,0.9976617381583462,1.772853385427444e-08
2025-11-17,0.15826373905268562,0.8417299034138591,6.357533441337367e-06
2025-11-18,0.9288825333762106,0.07108137828345196,3.6088339608073506e-05
2025-11-19,0.9991637682120916,0.0008355578081121664,6.73979711369724e-07
2025-11-20,0.9999953827116046,7.497382168461691e-09,4.609791195528947e-06
2025-11-21,0.9999999563769971,4.915565903030961e-11,4.35745663365741e-08
2025-11-24,0.9993319645433073,0.0006662679116893647,1.7675445849166313e-06
2025-11-25,0.021740748309027832,0.9782592497483761,1.942682482907139e-09
2025-11-26,3.858194294655876e-05,0.999961418040011,1.658385492277316e-11
2025-11-28,1.3817027537531386e-07,0.9999998618186605,1.1625115620401648e-11
2025-12-01,7.519968180832037e-08,0.9999999247920669,8.274334358915586e-12
2025-12-02,8.998991289726936e-08,0.9999999100000463,1.0070518390312246e-11
2025-12-03,6.966153861626571e-08,0.9999999303290703,9.874771016128276e-12
2025-12-04,3.902750113303583e-08,0.9999999609681262,3.887049666934015e-12
2025-12-05,3.604944329548002e-08,0.9999999639476307,3.4968029525319456e-12
2025-12-08,6.401515132177123e-09,0.9999999935989763,2.7687298223047026e-13
2025-12-09,4.2160523155529655e-09,0.9999999957835826,1.9607398684021276e-13
2025-12-10,6.822765011471664e-10,0.999999999317879,2.3364815298296386e-15
2025-12-11,5.616715542089806e-10,0.9999999994379323,5.326943646229068e-16
2025-12-12,3.6710840144570323e-09,0.9999999963292794,3.63744885332459e-15
2025-12-15,1.1963331092823004e-09,0.999999998803105,1.1196170897882112e-16
2025-12-16,2.537215985122124e-09,0.9999999974625098,1.9037172185918406e-16
2025-12-17,3.504046757319632e-08,0.9999999649589888,7.684509376564559e-16
2025-12-18,3.0666685502745886e-08,0.9999999693336581,2.7625036453150383e-16
2025-12-19,5.511305475292443e-09,0.9999999944884621,1.9331785071793883e-16
2025-12-22,8.946920861152744e-11,0.9999999999108695,1.2286997736151456e-20
2025-12-23,7.248445235489405e-10,0.9999999992760422,2.2778641286075326e-18
2025-12-24,1.0905925171480691e-10,0.9999999998908606,5.2689233952553363e-20
2025-12-26,8.702842094962833e-11,0.9999999999126885,2.0598977062048068e-20
2025-12-29,1.90811825036802e-11,0.9999999999818101,3.079627022419734e-22
2025-12-30,1.8765523033879286e-10,0.9999999998126441,7.98345163102941e-23
